model,minimum_area_px,SubjectID,CaseID,ClassName,ImageName,pred_component_id,best_gt_component_id,category,area_px,intersection_px,gt_coverage,prediction_purity,quality_min,iou,intersecting_gt_count,is_merge
HYBRID_TALON,1,patient012,patient012_case01,IBC,IBC_patient015_0138.jpg,1,,off_target_fp,11,0,0.0,0.0,0.0,0.0,0,False
HYBRID_TALON,1,patient012,patient012_case01,IBC,IBC_patient015_0138.jpg,2,1.0,low_25_to_50,50,44,0.4782608695652174,0.88,0.4782608695652174,0.4489795918367347,1,False
HYBRID_TALON,1,patient012,patient012_case01,IBC,IBC_patient015_0138.jpg,3,,off_target_fp,16,0,0.0,0.0,0.0,0.0,0,False
HYBRID_TALON,1,patient012,patient012_case01,IBC,IBC_patient015_0139.jpg,1,,off_target_fp,18,0,0.0,0.0,0.0,0.0,0,False
HYBRID_TALON,1,patient012,patient012_case01,IBC,IBC_patient015_0139.jpg,2,1.0,strong_75_plus,117,112,0.8,0.9572649572649573,0.8,0.7724137931034483,1,False
HYBRID_TALON,1,patient012,patient012_case01,IBC,IBC_patient015_0139.jpg,3,,off_target_fp,1,0,0.0,0.0,0.0,0.0,0,False
HYBRID_TALON,1,patient012,patient012_case01,IBC,IBC_patient015_0139.jpg,4,,off_target_fp,38,0,0.0,0.0,0.0,0.0,0,False
HYBRID_TALON,1,patient012,patient012_case01,IBC,IBC_patient015_0140.jpg,1,,off_target_fp,10,0,0.0,0.0,0.0,0.0,0,False
HYBRID_TALON,1,patient012,patient012_case01,IBC,IBC_patient015_0140.jpg,2,,off_target_fp,2,0,0.0,0.0,0.0,0.0,0,False
HYBRID_TALON,1,patient012,patient012_case01,IBC,IBC_patient015_0140.jpg,3,1.0,strong_75_plus,190,164,0.8723404255319149,0.8631578947368421,0.8631578947368421,0.7663551401869159,1,False
HYBRID_TALON,1,patient012,patient012_case01,IBC,IBC_patient015_0140.jpg,4,,off_target_fp,1,0,0.0,0.0,0.0,0.0,0,False
HYBRID_TALON,1,patient012,patient012_case01,IBC,IBC_patient015_0140.jpg,5,,off_target_fp,52,0,0.0,0.0,0.0,0.0,0,False
HYBRID_TALON,1,patient012,patient012_case01,IBC,IBC_patient015_0141.jpg,1,,off_target_fp,7,0,0.0,0.0,0.0,0.0,0,False
HYBRID_TALON,1,patient012,patient012_case01,IBC,IBC_patient015_0141.jpg,2,,off_target_fp,10,0,0.0,0.0,0.0,0.0,0,False
HYBRID_TALON,1,patient012,patient012_case01,IBC,IBC_patient015_0141.jpg,3,1.0,moderate_50_to_75,297,222,0.9568965517241379,0.7474747474747475,0.7474747474747475,0.7231270358306189,1,False
HYBRID_TALON,1,patient012,patient012_case01,IBC,IBC_patient015_0142.jpg,1,,off_target_fp,22,0,0.0,0.0,0.0,0.0,0,False
HYBRID_TALON,1,patient012,patient012_case01,IBC,IBC_patient015_0142.jpg,2,,off_target_fp,52,0,0.0,0.0,0.0,0.0,0,False
HYBRID_TALON,1,patient012,patient012_case01,IBC,IBC_patient015_0142.jpg,3,1.0,strong_75_plus,348,269,0.9746376811594203,0.7729885057471264,0.7729885057471264,0.7577464788732394,1,False
HYBRID_TALON,1,patient012,patient012_case01,IBC,IBC_patient015_0143.jpg,1,,off_target_fp,135,0,0.0,0.0,0.0,0.0,0,False
HYBRID_TALON,1,patient012,patient012_case01,IBC,IBC_patient015_0143.jpg,2,1.0,strong_75_plus,411,337,0.9683908045977011,0.8199513381995134,0.8199513381995134,0.7985781990521327,1,False
HYBRID_TALON,1,patient012,patient012_case01,IBC,IBC_patient015_0143.jpg,3,,off_target_fp,3,0,0.0,0.0,0.0,0.0,0,False
HYBRID_TALON,1,patient012,patient012_case01,IBC,IBC_patient015_0144.jpg,1,,off_target_fp,149,0,0.0,0.0,0.0,0.0,0,False
HYBRID_TALON,1,patient012,patient012_case01,IBC,IBC_patient015_0144.jpg,2,1.0,strong_75_plus,413,371,0.9661458333333334,0.8983050847457628,0.8983050847457628,0.8708920187793427,1,False
HYBRID_TALON,1,patient012,patient012_case01,IBC,IBC_patient015_0145.jpg,1,,off_target_fp,176,0,0.0,0.0,0.0,0.0,0,False
HYBRID_TALON,1,patient012,patient012_case01,IBC,IBC_patient015_0145.jpg,2,1.0,strong_75_plus,416,379,0.928921568627451,0.9110576923076923,0.9110576923076923,0.851685393258427,1,False
HYBRID_TALON,1,patient012,patient012_case01,IBC,IBC_patient015_0146.jpg,1,,off_target_fp,196,0,0.0,0.0,0.0,0.0,0,False
HYBRID_TALON,1,patient012,patient012_case01,IBC,IBC_patient015_0146.jpg,2,1.0,strong_75_plus,380,299,0.9462025316455697,0.7868421052631579,0.7868421052631579,0.7531486146095718,1,False
HYBRID_TALON,1,patient012,patient012_case01,IBC,IBC_patient015_0147.jpg,1,,off_target_fp,177,0,0.0,0.0,0.0,0.0,0,False
HYBRID_TALON,1,patient012,patient012_case01,IBC,IBC_patient015_0147.jpg,2,1.0,strong_75_plus,327,259,0.7708333333333334,0.7920489296636085,0.7708333333333334,0.6410891089108911,1,False
HYBRID_TALON,1,patient012,patient012_case01,IBC,IBC_patient015_0148.jpg,1,,off_target_fp,167,0,0.0,0.0,0.0,0.0,0,False
HYBRID_TALON,1,patient012,patient012_case01,IBC,IBC_patient015_0148.jpg,2,1.0,strong_75_plus,276,239,0.8298611111111112,0.8659420289855072,0.8298611111111112,0.7353846153846154,1,False
HYBRID_TALON,1,patient012,patient012_case01,IBC,IBC_patient015_0149.jpg,1,,off_target_fp,168,0,0.0,0.0,0.0,0.0,0,False
HYBRID_TALON,1,patient012,patient012_case01,IBC,IBC_patient015_0149.jpg,2,1.0,low_25_to_50,238,102,0.9444444444444444,0.42857142857142855,0.42857142857142855,0.4180327868852459,1,False
HYBRID_TALON,1,patient012,patient012_case01,IBC,IBC_patient015_0150.jpg,1,,off_target_fp,156,0,0.0,0.0,0.0,0.0,0,False
HYBRID_TALON,1,patient012,patient012_case01,IBC,IBC_patient015_0150.jpg,2,1.0,low_25_to_50,260,68,0.68,0.26153846153846155,0.26153846153846155,0.2328767123287671,1,False
HYBRID_TALON,1,patient017,patient017_case01,IGM,IGM_patient017_0054.jpg,1,,off_target_fp,37,0,0.0,0.0,0.0,0.0,0,False
HYBRID_TALON,1,patient017,patient017_case01,IGM,IGM_patient017_0055.jpg,1,,off_target_fp,32,0,0.0,0.0,0.0,0.0,0,False
HYBRID_TALON,1,patient017,patient017_case01,IGM,IGM_patient017_0056.jpg,1,1.0,moderate_50_to_75,138,96,0.8275862068965517,0.6956521739130435,0.6956521739130435,0.6075949367088608,1,False
HYBRID_TALON,1,patient017,patient017_case01,IGM,IGM_patient017_0056.jpg,2,,off_target_fp,12,0,0.0,0.0,0.0,0.0,0,False
HYBRID_TALON,1,patient017,patient017_case01,IGM,IGM_patient017_0057.jpg,1,,off_target_fp,30,0,0.0,0.0,0.0,0.0,0,False
HYBRID_TALON,1,patient017,patient017_case01,IGM,IGM_patient017_0057.jpg,2,,off_target_fp,87,0,0.0,0.0,0.0,0.0,0,False
HYBRID_TALON,1,patient017,patient017_case01,IGM,IGM_patient017_0057.jpg,3,,off_target_fp,32,0,0.0,0.0,0.0,0.0,0,False
HYBRID_TALON,1,patient017,patient017_case01,IGM,IGM_patient017_0057.jpg,4,,off_target_fp,1,0,0.0,0.0,0.0,0.0,0,False
HYBRID_TALON,1,patient017,patient017_case01,IGM,IGM_patient017_0057.jpg,5,1.0,moderate_50_to_75,176,125,0.946969696969697,0.7102272727272727,0.7102272727272727,0.6830601092896175,1,False
HYBRID_TALON,1,patient017,patient017_case01,IGM,IGM_patient017_0058.jpg,1,,off_target_fp,9,0,0.0,0.0,0.0,0.0,0,False
HYBRID_TALON,1,patient017,patient017_case01,IGM,IGM_patient017_0058.jpg,2,,off_target_fp,37,0,0.0,0.0,0.0,0.0,0,False
HYBRID_TALON,1,patient017,patient017_case01,IGM,IGM_patient017_0058.jpg,3,,off_target_fp,47,0,0.0,0.0,0.0,0.0,0,False
HYBRID_TALON,1,patient017,patient017_case01,IGM,IGM_patient017_0058.jpg,4,,off_target_fp,3,0,0.0,0.0,0.0,0.0,0,False
HYBRID_TALON,1,patient017,patient017_case01,IGM,IGM_patient017_0058.jpg,5,1.0,moderate_50_to_75,223,145,0.9539473684210527,0.6502242152466368,0.6502242152466368,0.6304347826086957,1,False
HYBRID_TALON,1,patient017,patient017_case01,IGM,IGM_patient017_0059.jpg,1,,off_target_fp,7,0,0.0,0.0,0.0,0.0,0,False
HYBRID_TALON,1,patient017,patient017_case01,IGM,IGM_patient017_0059.jpg,2,,off_target_fp,1,0,0.0,0.0,0.0,0.0,0,False
HYBRID_TALON,1,patient017,patient017_case01,IGM,IGM_patient017_0059.jpg,3,,off_target_fp,11,0,0.0,0.0,0.0,0.0,0,False
HYBRID_TALON,1,patient017,patient017_case01,IGM,IGM_patient017_0059.jpg,4,1.0,moderate_50_to_75,237,134,0.9571428571428572,0.5654008438818565,0.5654008438818565,0.551440329218107,1,False
HYBRID_TALON,1,patient017,patient017_case01,IGM,IGM_patient017_0060.jpg,1,,off_target_fp,4,0,0.0,0.0,0.0,0.0,0,False
HYBRID_TALON,1,patient017,patient017_case01,IGM,IGM_patient017_0060.jpg,2,,off_target_fp,1,0,0.0,0.0,0.0,0.0,0,False
HYBRID_TALON,1,patient017,patient017_case01,IGM,IGM_patient017_0060.jpg,3,,off_target_fp,1,0,0.0,0.0,0.0,0.0,0,False
HYBRID_TALON,1,patient017,patient017_case01,IGM,IGM_patient017_0060.jpg,4,1.0,low_25_to_50,201,157,0.4845679012345679,0.7810945273631841,0.4845679012345679,0.4266304347826087,1,False
HYBRID_TALON,1,patient017,patient017_case01,IGM,IGM_patient017_0060.jpg,5,1.0,partial_below_25,8,7,0.021604938271604937,0.875,0.021604938271604937,0.021538461538461538,1,False
HYBRID_TALON,1,patient017,patient017_case01,IGM,IGM_patient017_0061.jpg,1,,off_target_fp,82,0,0.0,0.0,0.0,0.0,0,False
HYBRID_TALON,1,patient017,patient017_case01,IGM,IGM_patient017_0061.jpg,2,,off_target_fp,46,0,0.0,0.0,0.0,0.0,0,False
HYBRID_TALON,1,patient017,patient017_case01,IGM,IGM_patient017_0061.jpg,3,,off_target_fp,5,0,0.0,0.0,0.0,0.0,0,False
HYBRID_TALON,1,patient017,patient017_case01,IGM,IGM_patient017_0061.jpg,4,1.0,moderate_50_to_75,218,143,0.9407894736842105,0.6559633027522935,0.6559633027522935,0.6299559471365639,2,True
HYBRID_TALON,1,patient017,patient017_case01,IGM,IGM_patient017_0062.jpg,1,1.0,moderate_50_to_75,195,181,0.5801282051282052,0.9282051282051282,0.5801282051282052,0.5552147239263804,1,False
HYBRID_TALON,1,patient017,patient017_case01,IGM,IGM_patient017_0063.jpg,1,,off_target_fp,18,0,0.0,0.0,0.0,0.0,0,False
HYBRID_TALON,1,patient017,patient017_case01,IGM,IGM_patient017_0063.jpg,2,1.0,low_25_to_50,92,81,0.2977941176470588,0.8804347826086957,0.2977941176470588,0.2862190812720848,1,False
HYBRID_TALON,1,patient017,patient017_case01,IGM,IGM_patient017_0063.jpg,3,1.0,partial_below_25,60,23,0.08455882352941177,0.38333333333333336,0.08455882352941177,0.0744336569579288,1,False
HYBRID_TALON,1,patient017,patient017_case01,IGM,IGM_patient017_0064.jpg,1,,off_target_fp,27,0,0.0,0.0,0.0,0.0,0,False
HYBRID_TALON,1,patient017,patient017_case01,IGM,IGM_patient017_0064.jpg,2,,off_target_fp,14,0,0.0,0.0,0.0,0.0,0,False
HYBRID_TALON,1,patient017,patient017_case01,IGM,IGM_patient017_0064.jpg,3,,off_target_fp,10,0,0.0,0.0,0.0,0.0,0,False
HYBRID_TALON,1,patient017,patient017_case01,IGM,IGM_patient017_0065.jpg,1,,off_target_fp,143,0,0.0,0.0,0.0,0.0,0,False
HYBRID_TALON,1,patient017,patient017_case01,IGM,IGM_patient017_0065.jpg,2,,off_target_fp,2,0,0.0,0.0,0.0,0.0,0,False
HYBRID_TALON,1,patient017,patient017_case01,IGM,IGM_patient017_0066.jpg,1,,off_target_fp,7,0,0.0,0.0,0.0,0.0,0,False
HYBRID_TALON,1,patient017,patient017_case01,IGM,IGM_patient017_0067.jpg,1,,off_target_fp,14,0,0.0,0.0,0.0,0.0,0,False
HYBRID_TALON,1,patient025,patient025_case01,IBC,IBC_patient021_0061.jpg,1,,off_target_fp,5,0,0.0,0.0,0.0,0.0,0,False
HYBRID_TALON,1,patient025,patient025_case01,IBC,IBC_patient021_0061.jpg,2,1.0,strong_75_plus,104,90,0.9782608695652174,0.8653846153846154,0.8653846153846154,0.8490566037735849,1,False
HYBRID_TALON,1,patient025,patient025_case01,IBC,IBC_patient021_0061.jpg,3,,off_target_fp,23,0,0.0,0.0,0.0,0.0,0,False
HYBRID_TALON,1,patient025,patient025_case01,IBC,IBC_patient021_0062.jpg,1,1.0,strong_75_plus,158,149,0.8869047619047619,0.9430379746835443,0.8869047619047619,0.8418079096045198,1,False
HYBRID_TALON,1,patient025,patient025_case01,IBC,IBC_patient021_0062.jpg,2,,off_target_fp,8,0,0.0,0.0,0.0,0.0,0,False
HYBRID_TALON,1,patient025,patient025_case01,IBC,IBC_patient021_0063.jpg,1,1.0,strong_75_plus,202,196,0.9245283018867925,0.9702970297029703,0.9245283018867925,0.8990825688073395,1,False
HYBRID_TALON,1,patient025,patient025_case01,IBC,IBC_patient021_0064.jpg,1,1.0,strong_75_plus,241,234,0.8863636363636364,0.970954356846473,0.8863636363636364,0.8634686346863468,1,False
HYBRID_TALON,1,patient025,patient025_case01,IBC,IBC_patient021_0065.jpg,1,1.0,strong_75_plus,276,233,0.9395161290322581,0.8442028985507246,0.8442028985507246,0.8006872852233677,1,False
HYBRID_TALON,1,patient025,patient025_case01,IBC,IBC_patient021_0065.jpg,2,,off_target_fp,65,0,0.0,0.0,0.0,0.0,0,False
HYBRID_TALON,1,patient025,patient025_case01,IBC,IBC_patient021_0066.jpg,1,,off_target_fp,176,0,0.0,0.0,0.0,0.0,0,False
HYBRID_TALON,1,patient025,patient025_case01,IBC,IBC_patient021_0066.jpg,2,,off_target_fp,11,0,0.0,0.0,0.0,0.0,0,False
HYBRID_TALON,1,patient025,patient025_case01,IBC,IBC_patient021_0066.jpg,3,1.0,strong_75_plus,170,161,0.8563829787234043,0.9470588235294117,0.8563829787234043,0.817258883248731,1,False
HYBRID_TALON,1,patient025,patient025_case01,IBC,IBC_patient021_0066.jpg,4,,off_target_fp,5,0,0.0,0.0,0.0,0.0,0,False
HYBRID_TALON,1,patient025,patient025_case01,IBC,IBC_patient021_0067.jpg,1,,off_target_fp,146,0,0.0,0.0,0.0,0.0,0,False
HYBRID_TALON,1,patient025,patient025_case01,IBC,IBC_patient021_0067.jpg,2,1.0,strong_75_plus,71,62,0.8611111111111112,0.8732394366197183,0.8611111111111112,0.7654320987654321,1,False
HYBRID_TALON,1,patient024,patient024_case01,IGM,IGM_patient021_0042.jpg,1,1.0,partial_below_25,11,11,0.16176470588235295,1.0,0.16176470588235295,0.16176470588235295,1,False
HYBRID_TALON,1,patient024,patient024_case01,IGM,IGM_patient021_0042.jpg,2,,off_target_fp,120,0,0.0,0.0,0.0,0.0,0,False
HYBRID_TALON,1,patient024,patient024_case01,IGM,IGM_patient021_0043.jpg,1,,off_target_fp,116,0,0.0,0.0,0.0,0.0,0,False
HYBRID_TALON,1,patient024,patient024_case01,IGM,IGM_patient021_0043.jpg,2,1.0,low_25_to_50,256,124,0.8857142857142857,0.484375,0.484375,0.45588235294117646,1,False
HYBRID_TALON,1,patient024,patient024_case01,IGM,IGM_patient021_0044.jpg,1,,off_target_fp,137,0,0.0,0.0,0.0,0.0,0,False
HYBRID_TALON,1,patient024,patient024_case01,IGM,IGM_patient021_0044.jpg,2,1.0,moderate_50_to_75,216,158,0.8586956521739131,0.7314814814814815,0.7314814814814815,0.6528925619834711,1,False
HYBRID_TALON,1,patient024,patient024_case01,IGM,IGM_patient021_0045.jpg,1,,off_target_fp,140,0,0.0,0.0,0.0,0.0,0,False
HYBRID_TALON,1,patient024,patient024_case01,IGM,IGM_patient021_0045.jpg,2,1.0,strong_75_plus,225,217,0.889344262295082,0.9644444444444444,0.889344262295082,0.8611111111111112,1,False
HYBRID_TALON,1,patient024,patient024_case01,IGM,IGM_patient021_0046.jpg,1,,off_target_fp,99,0,0.0,0.0,0.0,0.0,0,False
HYBRID_TALON,1,patient024,patient024_case01,IGM,IGM_patient021_0046.jpg,2,1.0,low_25_to_50,118,117,0.4717741935483871,0.9915254237288136,0.4717741935483871,0.46987951807228917,1,False
HYBRID_TALON,1,patient024,patient024_case01,IGM,IGM_patient021_0046.jpg,3,,off_target_fp,117,0,0.0,0.0,0.0,0.0,0,False
HYBRID_TALON,1,patient024,patient024_case01,IGM,IGM_patient021_0047.jpg,1,,off_target_fp,87,0,0.0,0.0,0.0,0.0,0,False
HYBRID_TALON,1,patient024,patient024_case01,IGM,IGM_patient021_0047.jpg,2,1.0,partial_below_25,55,55,0.2330508474576271,1.0,0.2330508474576271,0.2330508474576271,1,False
HYBRID_TALON,1,patient024,patient024_case01,IGM,IGM_patient021_0047.jpg,3,,off_target_fp,120,0,0.0,0.0,0.0,0.0,0,False
HYBRID_TALON,1,patient024,patient024_case01,IGM,IGM_patient021_0048.jpg,1,,off_target_fp,83,0,0.0,0.0,0.0,0.0,0,False
HYBRID_TALON,1,patient024,patient024_case01,IGM,IGM_patient021_0048.jpg,2,1.0,strong_75_plus,193,178,0.89,0.9222797927461139,0.89,0.827906976744186,1,False
HYBRID_TALON,1,patient024,patient024_case01,IGM,IGM_patient021_0048.jpg,3,,off_target_fp,41,0,0.0,0.0,0.0,0.0,0,False
HYBRID_TALON,1,patient024,patient024_case01,IGM,IGM_patient021_0049.jpg,1,,off_target_fp,78,0,0.0,0.0,0.0,0.0,0,False
HYBRID_TALON,1,patient024,patient024_case01,IGM,IGM_patient021_0049.jpg,2,1.0,strong_75_plus,181,148,0.9487179487179487,0.8176795580110497,0.8176795580110497,0.783068783068783,1,False
HYBRID_TALON,1,patient024,patient024_case01,IGM,IGM_patient021_0050.jpg,1,,off_target_fp,71,0,0.0,0.0,0.0,0.0,0,False
HYBRID_TALON,1,patient024,patient024_case01,IGM,IGM_patient021_0050.jpg,2,1.0,moderate_50_to_75,56,56,0.5833333333333334,1.0,0.5833333333333334,0.5833333333333334,1,False
HYBRID_TALON,1,patient027,patient027_case01,IBC,IBC_patient022_0068.jpg,1,,off_target_fp,113,0,0.0,0.0,0.0,0.0,0,False
HYBRID_TALON,1,patient027,patient027_case01,IBC,IBC_patient022_0068.jpg,2,,off_target_fp,27,0,0.0,0.0,0.0,0.0,0,False
HYBRID_TALON,1,patient027,patient027_case01,IBC,IBC_patient022_0068.jpg,3,,off_target_fp,107,0,0.0,0.0,0.0,0.0,0,False
HYBRID_TALON,1,patient027,patient027_case01,IBC,IBC_patient022_0068.jpg,4,,off_target_fp,20,0,0.0,0.0,0.0,0.0,0,False
HYBRID_TALON,1,patient027,patient027_case01,IBC,IBC_patient022_0069.jpg,1,,off_target_fp,2,0,0.0,0.0,0.0,0.0,0,False
HYBRID_TALON,1,patient027,patient027_case01,IBC,IBC_patient022_0069.jpg,2,1.0,partial_below_25,10,10,0.11363636363636363,1.0,0.11363636363636363,0.11363636363636363,1,False
HYBRID_TALON,1,patient027,patient027_case01,IBC,IBC_patient022_0069.jpg,3,,off_target_fp,7,0,0.0,0.0,0.0,0.0,0,False
HYBRID_TALON,1,patient027,patient027_case01,IBC,IBC_patient022_0069.jpg,4,,off_target_fp,95,0,0.0,0.0,0.0,0.0,0,False
HYBRID_TALON,1,patient027,patient027_case01,IBC,IBC_patient022_0069.jpg,5,,off_target_fp,67,0,0.0,0.0,0.0,0.0,0,False
HYBRID_TALON,1,patient027,patient027_case01,IBC,IBC_patient022_0069.jpg,6,,off_target_fp,108,0,0.0,0.0,0.0,0.0,0,False
HYBRID_TALON,1,patient027,patient027_case01,IBC,IBC_patient022_0069.jpg,7,,off_target_fp,102,0,0.0,0.0,0.0,0.0,0,False
HYBRID_TALON,1,patient027,patient027_case01,IBC,IBC_patient022_0070.jpg,1,1.0,moderate_50_to_75,104,77,0.5661764705882353,0.7403846153846154,0.5661764705882353,0.4723926380368098,1,False
HYBRID_TALON,1,patient027,patient027_case01,IBC,IBC_patient022_0070.jpg,2,,off_target_fp,12,0,0.0,0.0,0.0,0.0,0,False
HYBRID_TALON,1,patient027,patient027_case01,IBC,IBC_patient022_0070.jpg,3,,off_target_fp,82,0,0.0,0.0,0.0,0.0,0,False
HYBRID_TALON,1,patient027,patient027_case01,IBC,IBC_patient022_0070.jpg,4,,off_target_fp,72,0,0.0,0.0,0.0,0.0,0,False
HYBRID_TALON,1,patient027,patient027_case01,IBC,IBC_patient022_0070.jpg,5,,off_target_fp,148,0,0.0,0.0,0.0,0.0,0,False
HYBRID_TALON,1,patient027,patient027_case01,IBC,IBC_patient022_0071.jpg,1,1.0,moderate_50_to_75,169,118,0.7763157894736842,0.6982248520710059,0.6982248520710059,0.5812807881773399,1,False
HYBRID_TALON,1,patient027,patient027_case01,IBC,IBC_patient022_0071.jpg,2,,off_target_fp,44,0,0.0,0.0,0.0,0.0,0,False
HYBRID_TALON,1,patient027,patient027_case01,IBC,IBC_patient022_0071.jpg,3,,off_target_fp,71,0,0.0,0.0,0.0,0.0,0,False
HYBRID_TALON,1,patient027,patient027_case01,IBC,IBC_patient022_0071.jpg,4,,off_target_fp,97,0,0.0,0.0,0.0,0.0,0,False
HYBRID_TALON,1,patient027,patient027_case01,IBC,IBC_patient022_0072.jpg,1,1.0,moderate_50_to_75,180,131,0.9632352941176471,0.7277777777777777,0.7277777777777777,0.7081081081081081,1,False
HYBRID_TALON,1,patient027,patient027_case01,IBC,IBC_patient022_0072.jpg,2,,off_target_fp,3,0,0.0,0.0,0.0,0.0,0,False
HYBRID_TALON,1,patient027,patient027_case01,IBC,IBC_patient022_0072.jpg,3,,off_target_fp,26,0,0.0,0.0,0.0,0.0,0,False
HYBRID_TALON,1,patient027,patient027_case01,IBC,IBC_patient022_0072.jpg,4,,off_target_fp,2,0,0.0,0.0,0.0,0.0,0,False
HYBRID_TALON,1,patient027,patient027_case01,IBC,IBC_patient022_0072.jpg,5,,off_target_fp,1,0,0.0,0.0,0.0,0.0,0,False
HYBRID_TALON,1,patient027,patient027_case01,IBC,IBC_patient022_0073.jpg,1,1.0,moderate_50_to_75,113,74,0.8809523809523809,0.6548672566371682,0.6548672566371682,0.6016260162601627,1,False
HYBRID_TALON,1,patient027,patient027_case01,IBC,IBC_patient022_0073.jpg,2,,off_target_fp,13,0,0.0,0.0,0.0,0.0,0,False
HYBRID_TALON,1,patient027,patient027_case01,IBC,IBC_patient022_0073.jpg,3,,off_target_fp,75,0,0.0,0.0,0.0,0.0,0,False
HYBRID_TALON,1,patient027,patient027_case01,IBC,IBC_patient022_0074.jpg,1,,off_target_fp,11,0,0.0,0.0,0.0,0.0,0,False
HYBRID_TALON,1,patient027,patient027_case01,IBC,IBC_patient022_0074.jpg,2,,off_target_fp,174,0,0.0,0.0,0.0,0.0,0,False
HYBRID_TALON,1,patient026,patient026_case01,IGM,IGM_patient022_0054.jpg,1,1.0,strong_75_plus,100,94,0.8703703703703703,0.94,0.8703703703703703,0.8245614035087719,1,False
HYBRID_TALON,1,patient026,patient026_case01,IGM,IGM_patient022_0054.jpg,2,,off_target_fp,1,0,0.0,0.0,0.0,0.0,0,False
HYBRID_TALON,1,patient026,patient026_case01,IGM,IGM_patient022_0055.jpg,1,1.0,strong_75_plus,184,170,0.9239130434782609,0.9239130434782609,0.9239130434782609,0.8585858585858586,1,False
HYBRID_TALON,1,patient026,patient026_case01,IGM,IGM_patient022_0055.jpg,2,,off_target_fp,90,0,0.0,0.0,0.0,0.0,0,False
HYBRID_TALON,1,patient026,patient026_case01,IGM,IGM_patient022_0056.jpg,1,1.0,strong_75_plus,205,186,0.93,0.9073170731707317,0.9073170731707317,0.8493150684931506,1,False
HYBRID_TALON,1,patient026,patient026_case01,IGM,IGM_patient022_0056.jpg,2,,off_target_fp,129,0,0.0,0.0,0.0,0.0,0,False
HYBRID_TALON,1,patient026,patient026_case01,IGM,IGM_patient022_0056.jpg,3,,off_target_fp,1,0,0.0,0.0,0.0,0.0,0,False
HYBRID_TALON,1,patient026,patient026_case01,IGM,IGM_patient022_0057.jpg,1,1.0,strong_75_plus,184,167,0.9277777777777778,0.907608695652174,0.907608695652174,0.8477157360406091,1,False
HYBRID_TALON,1,patient026,patient026_case01,IGM,IGM_patient022_0057.jpg,2,,off_target_fp,145,0,0.0,0.0,0.0,0.0,0,False
HYBRID_TALON,1,patient026,patient026_case01,IGM,IGM_patient022_0057.jpg,3,,off_target_fp,13,0,0.0,0.0,0.0,0.0,0,False
HYBRID_TALON,1,patient026,patient026_case01,IGM,IGM_patient022_0058.jpg,1,1.0,moderate_50_to_75,71,68,0.6538461538461539,0.9577464788732394,0.6538461538461539,0.6355140186915887,1,False
HYBRID_TALON,1,patient026,patient026_case01,IGM,IGM_patient022_0058.jpg,2,,off_target_fp,113,0,0.0,0.0,0.0,0.0,0,False
HYBRID_TALON,1,patient026,patient026_case01,IGM,IGM_patient022_0059.jpg,1,,off_target_fp,1,0,0.0,0.0,0.0,0.0,0,False
HYBRID_TALON,1,patient026,patient026_case01,IGM,IGM_patient022_0059.jpg,2,,off_target_fp,25,0,0.0,0.0,0.0,0.0,0,False
HYBRID_TALON,1,patient026,patient026_case01,IGM,IGM_patient022_0059.jpg,3,,off_target_fp,73,0,0.0,0.0,0.0,0.0,0,False
HYBRID_TALON,1,patient031,patient031_case01,IGM,IGM_patient026_0052.jpg,1,1.0,partial_below_25,40,37,0.22560975609756098,0.925,0.22560975609756098,0.2215568862275449,1,False
HYBRID_TALON,1,patient031,patient031_case01,IGM,IGM_patient026_0053.jpg,1,1.0,strong_75_plus,87,68,0.9444444444444444,0.7816091954022989,0.7816091954022989,0.7472527472527473,1,False
HYBRID_TALON,1,patient031,patient031_case01,IGM,IGM_patient026_0053.jpg,2,,off_target_fp,10,0,0.0,0.0,0.0,0.0,0,False
HYBRID_TALON,1,patient031,patient031_case01,IGM,IGM_patient026_0053.jpg,3,,off_target_fp,51,0,0.0,0.0,0.0,0.0,0,False
HYBRID_TALON,1,patient031,patient031_case01,IGM,IGM_patient026_0053.jpg,4,,off_target_fp,31,0,0.0,0.0,0.0,0.0,0,False
HYBRID_TALON,1,patient031,patient031_case01,IGM,IGM_patient026_0054.jpg,1,1.0,strong_75_plus,106,99,0.825,0.9339622641509434,0.825,0.7795275590551181,1,False
HYBRID_TALON,1,patient031,patient031_case01,IGM,IGM_patient026_0054.jpg,2,,off_target_fp,11,0,0.0,0.0,0.0,0.0,0,False
HYBRID_TALON,1,patient031,patient031_case01,IGM,IGM_patient026_0054.jpg,3,,off_target_fp,12,0,0.0,0.0,0.0,0.0,0,False
HYBRID_TALON,1,patient031,patient031_case01,IGM,IGM_patient026_0055.jpg,1,1.0,moderate_50_to_75,58,47,0.6911764705882353,0.8103448275862069,0.6911764705882353,0.5949367088607594,1,False
HYBRID_TALON,1,patient031,patient031_case01,IGM,IGM_patient026_0055.jpg,2,,off_target_fp,1,0,0.0,0.0,0.0,0.0,0,False
HYBRID_TALON,1,patient031,patient031_case01,IGM,IGM_patient026_0055.jpg,3,,off_target_fp,22,0,0.0,0.0,0.0,0.0,0,False
HYBRID_TALON,1,patient031,patient031_case01,IGM,IGM_patient026_0056.jpg,1,1.0,moderate_50_to_75,37,36,0.5,0.972972972972973,0.5,0.4931506849315068,1,False
HYBRID_TALON,1,patient031,patient031_case01,IGM,IGM_patient026_0056.jpg,2,,off_target_fp,110,0,0.0,0.0,0.0,0.0,0,False
HYBRID_TALON,1,patient031,patient031_case01,IGM,IGM_patient026_0057.jpg,1,1.0,low_25_to_50,22,20,0.45454545454545453,0.9090909090909091,0.45454545454545453,0.43478260869565216,1,False
HYBRID_TALON,1,patient031,patient031_case01,IGM,IGM_patient026_0057.jpg,2,,off_target_fp,136,0,0.0,0.0,0.0,0.0,0,False
HYBRID_TALON,1,patient031,patient031_case01,IGM,IGM_patient026_0057.jpg,3,,off_target_fp,5,0,0.0,0.0,0.0,0.0,0,False
HYBRID_TALON,1,patient031,patient031_case01,IGM,IGM_patient026_0058.jpg,1,1.0,low_25_to_50,28,26,0.4642857142857143,0.9285714285714286,0.4642857142857143,0.4482758620689655,1,False
HYBRID_TALON,1,patient031,patient031_case01,IGM,IGM_patient026_0058.jpg,2,,off_target_fp,10,0,0.0,0.0,0.0,0.0,0,False
HYBRID_TALON,1,patient031,patient031_case01,IGM,IGM_patient026_0058.jpg,3,,off_target_fp,132,0,0.0,0.0,0.0,0.0,0,False
HYBRID_TALON,1,patient031,patient031_case01,IGM,IGM_patient026_0059.jpg,1,,off_target_fp,216,0,0.0,0.0,0.0,0.0,0,False
HYBRID_TALON,1,patient031,patient031_case01,IGM,IGM_patient026_0059.jpg,2,1.0,low_25_to_50,9,9,0.32142857142857145,1.0,0.32142857142857145,0.32142857142857145,1,False
HYBRID_TALON,1,patient031,patient031_case01,IGM,IGM_patient026_0059.jpg,3,,off_target_fp,178,0,0.0,0.0,0.0,0.0,0,False
HYBRID_TALON,1,patient037,patient037_case01,IBC,IBC_patient029_0158.jpg,1,1.0,low_25_to_50,27,22,0.25,0.8148148148148148,0.25,0.23655913978494625,1,False
HYBRID_TALON,1,patient037,patient037_case01,IBC,IBC_patient029_0158.jpg,2,,off_target_fp,47,0,0.0,0.0,0.0,0.0,0,False
HYBRID_TALON,1,patient037,patient037_case01,IBC,IBC_patient029_0159.jpg,1,1.0,low_25_to_50,196,81,0.7232142857142857,0.413265306122449,0.413265306122449,0.3568281938325991,1,False
HYBRID_TALON,1,patient037,patient037_case01,IBC,IBC_patient029_0160.jpg,1,1.0,low_25_to_50,246,118,0.7972972972972973,0.4796747967479675,0.4796747967479675,0.427536231884058,1,False
HYBRID_TALON,1,patient037,patient037_case01,IBC,IBC_patient029_0161.jpg,1,1.0,moderate_50_to_75,189,133,0.875,0.7037037037037037,0.7037037037037037,0.6394230769230769,1,False
HYBRID_TALON,1,patient037,patient037_case01,IBC,IBC_patient029_0161.jpg,2,,off_target_fp,64,0,0.0,0.0,0.0,0.0,0,False
HYBRID_TALON,1,patient037,patient037_case01,IBC,IBC_patient029_0161.jpg,3,,off_target_fp,6,0,0.0,0.0,0.0,0.0,0,False
HYBRID_TALON,1,patient037,patient037_case01,IBC,IBC_patient029_0162.jpg,1,1.0,strong_75_plus,192,160,0.851063829787234,0.8333333333333334,0.8333333333333334,0.7272727272727273,1,False
HYBRID_TALON,1,patient037,patient037_case01,IBC,IBC_patient029_0162.jpg,2,,off_target_fp,62,0,0.0,0.0,0.0,0.0,0,False
HYBRID_TALON,1,patient037,patient037_case01,IBC,IBC_patient029_0163.jpg,1,1.0,strong_75_plus,190,148,0.8604651162790697,0.7789473684210526,0.7789473684210526,0.6915887850467289,1,False
HYBRID_TALON,1,patient037,patient037_case01,IBC,IBC_patient029_0163.jpg,2,,off_target_fp,59,0,0.0,0.0,0.0,0.0,0,False
HYBRID_TALON,1,patient037,patient037_case01,IBC,IBC_patient029_0164.jpg,1,1.0,moderate_50_to_75,173,109,0.9083333333333333,0.630057803468208,0.630057803468208,0.592391304347826,1,False
HYBRID_TALON,1,patient037,patient037_case01,IBC,IBC_patient029_0164.jpg,2,,off_target_fp,25,0,0.0,0.0,0.0,0.0,0,False
HYBRID_TALON,1,patient037,patient037_case01,IBC,IBC_patient029_0165.jpg,1,,off_target_fp,105,0,0.0,0.0,0.0,0.0,0,False
HYBRID_TALON,1,patient037,patient037_case01,IBC,IBC_patient029_0165.jpg,2,1.0,moderate_50_to_75,130,71,0.8452380952380952,0.5461538461538461,0.5461538461538461,0.4965034965034965,1,False
HYBRID_TALON,1,patient037,patient037_case01,IBC,IBC_patient029_0165.jpg,3,,off_target_fp,3,0,0.0,0.0,0.0,0.0,0,False
HYBRID_TALON,1,patient037,patient037_case01,IBC,IBC_patient029_0166.jpg,1,,off_target_fp,252,0,0.0,0.0,0.0,0.0,0,False
HYBRID_TALON,1,patient037,patient037_case01,IBC,IBC_patient029_0166.jpg,2,1.0,low_25_to_50,83,27,0.75,0.3253012048192771,0.3253012048192771,0.29347826086956524,1,False
HYBRID_TALON,1,patient037,patient037_case01,IBC,IBC_patient029_0166.jpg,3,,off_target_fp,13,0,0.0,0.0,0.0,0.0,0,False
HYBRID_TALON,1,patient037,patient037_case01,IBC,IBC_patient029_0166.jpg,4,,off_target_fp,8,0,0.0,0.0,0.0,0.0,0,False
HYBRID_TALON,1,patient051,patient051_case01,IBC,IBC_patient037_0098.jpg,1,,off_target_fp,77,0,0.0,0.0,0.0,0.0,0,False
HYBRID_TALON,1,patient051,patient051_case01,IBC,IBC_patient037_0098.jpg,2,,off_target_fp,116,0,0.0,0.0,0.0,0.0,0,False
HYBRID_TALON,1,patient051,patient051_case01,IBC,IBC_patient037_0098.jpg,3,,off_target_fp,30,0,0.0,0.0,0.0,0.0,0,False
HYBRID_TALON,1,patient051,patient051_case01,IBC,IBC_patient037_0099.jpg,1,1.0,moderate_50_to_75,64,60,0.7142857142857143,0.9375,0.7142857142857143,0.6818181818181818,1,False
HYBRID_TALON,1,patient051,patient051_case01,IBC,IBC_patient037_0099.jpg,2,,off_target_fp,152,0,0.0,0.0,0.0,0.0,0,False
HYBRID_TALON,1,patient051,patient051_case01,IBC,IBC_patient037_0099.jpg,3,,off_target_fp,25,0,0.0,0.0,0.0,0.0,0,False
HYBRID_TALON,1,patient051,patient051_case01,IBC,IBC_patient037_0100.jpg,1,1.0,strong_75_plus,158,145,0.7880434782608695,0.9177215189873418,0.7880434782608695,0.7360406091370558,1,False
HYBRID_TALON,1,patient051,patient051_case01,IBC,IBC_patient037_0100.jpg,2,,off_target_fp,176,0,0.0,0.0,0.0,0.0,0,False
HYBRID_TALON,1,patient051,patient051_case01,IBC,IBC_patient037_0100.jpg,3,,off_target_fp,11,0,0.0,0.0,0.0,0.0,0,False
HYBRID_TALON,1,patient051,patient051_case01,IBC,IBC_patient037_0101.jpg,1,1.0,strong_75_plus,236,221,0.8911290322580645,0.9364406779661016,0.8911290322580645,0.8403041825095057,1,False
HYBRID_TALON,1,patient051,patient051_case01,IBC,IBC_patient037_0101.jpg,2,,off_target_fp,190,0,0.0,0.0,0.0,0.0,0,False
HYBRID_TALON,1,patient051,patient051_case01,IBC,IBC_patient037_0101.jpg,3,,off_target_fp,11,0,0.0,0.0,0.0,0.0,0,False
HYBRID_TALON,1,patient051,patient051_case01,IBC,IBC_patient037_0102.jpg,1,1.0,strong_75_plus,358,336,0.9032258064516129,0.9385474860335196,0.9032258064516129,0.8527918781725888,1,False
HYBRID_TALON,1,patient051,patient051_case01,IBC,IBC_patient037_0102.jpg,2,,off_target_fp,186,0,0.0,0.0,0.0,0.0,0,False
HYBRID_TALON,1,patient051,patient051_case01,IBC,IBC_patient037_0102.jpg,3,,off_target_fp,24,0,0.0,0.0,0.0,0.0,0,False
HYBRID_TALON,1,patient051,patient051_case01,IBC,IBC_patient037_0103.jpg,1,1.0,strong_75_plus,430,395,0.9228971962616822,0.9186046511627907,0.9186046511627907,0.8531317494600432,1,False
HYBRID_TALON,1,patient051,patient051_case01,IBC,IBC_patient037_0103.jpg,2,,off_target_fp,174,0,0.0,0.0,0.0,0.0,0,False
HYBRID_TALON,1,patient051,patient051_case01,IBC,IBC_patient037_0103.jpg,3,,off_target_fp,48,0,0.0,0.0,0.0,0.0,0,False
HYBRID_TALON,1,patient051,patient051_case01,IBC,IBC_patient037_0104.jpg,1,1.0,strong_75_plus,494,467,0.8912213740458015,0.9453441295546559,0.8912213740458015,0.8475499092558983,1,False
HYBRID_TALON,1,patient051,patient051_case01,IBC,IBC_patient037_0104.jpg,2,,off_target_fp,112,0,0.0,0.0,0.0,0.0,0,False
HYBRID_TALON,1,patient051,patient051_case01,IBC,IBC_patient037_0104.jpg,3,,off_target_fp,36,0,0.0,0.0,0.0,0.0,0,False
HYBRID_TALON,1,patient051,patient051_case01,IBC,IBC_patient037_0105.jpg,1,1.0,strong_75_plus,564,506,0.9301470588235294,0.8971631205673759,0.8971631205673759,0.840531561461794,1,False
HYBRID_TALON,1,patient051,patient051_case01,IBC,IBC_patient037_0105.jpg,2,,off_target_fp,65,0,0.0,0.0,0.0,0.0,0,False
HYBRID_TALON,1,patient051,patient051_case01,IBC,IBC_patient037_0105.jpg,3,,off_target_fp,35,0,0.0,0.0,0.0,0.0,0,False
HYBRID_TALON,1,patient051,patient051_case01,IBC,IBC_patient037_0106.jpg,1,1.0,strong_75_plus,608,551,0.9370748299319728,0.90625,0.90625,0.8542635658914729,1,False
HYBRID_TALON,1,patient051,patient051_case01,IBC,IBC_patient037_0106.jpg,2,,off_target_fp,46,0,0.0,0.0,0.0,0.0,0,False
HYBRID_TALON,1,patient051,patient051_case01,IBC,IBC_patient037_0106.jpg,3,,off_target_fp,66,0,0.0,0.0,0.0,0.0,0,False
HYBRID_TALON,1,patient051,patient051_case01,IBC,IBC_patient037_0107.jpg,1,1.0,strong_75_plus,641,589,0.9561688311688312,0.9188767550702028,0.9188767550702028,0.8817365269461078,1,False
HYBRID_TALON,1,patient051,patient051_case01,IBC,IBC_patient037_0107.jpg,2,,off_target_fp,48,0,0.0,0.0,0.0,0.0,0,False
HYBRID_TALON,1,patient051,patient051_case01,IBC,IBC_patient037_0107.jpg,3,,off_target_fp,90,0,0.0,0.0,0.0,0.0,0,False
HYBRID_TALON,1,patient051,patient051_case01,IBC,IBC_patient037_0108.jpg,1,1.0,strong_75_plus,695,628,0.9631901840490797,0.9035971223021583,0.9035971223021583,0.8734353268428373,1,False
HYBRID_TALON,1,patient051,patient051_case01,IBC,IBC_patient037_0108.jpg,2,,off_target_fp,1,0,0.0,0.0,0.0,0.0,0,False
HYBRID_TALON,1,patient051,patient051_case01,IBC,IBC_patient037_0108.jpg,3,,off_target_fp,5,0,0.0,0.0,0.0,0.0,0,False
HYBRID_TALON,1,patient051,patient051_case01,IBC,IBC_patient037_0108.jpg,4,,off_target_fp,100,0,0.0,0.0,0.0,0.0,0,False
HYBRID_TALON,1,patient051,patient051_case01,IBC,IBC_patient037_0109.jpg,1,1.0,strong_75_plus,723,616,0.9390243902439024,0.8520055325034578,0.8520055325034578,0.8073394495412844,1,False
HYBRID_TALON,1,patient051,patient051_case01,IBC,IBC_patient037_0109.jpg,2,,off_target_fp,99,0,0.0,0.0,0.0,0.0,0,False
HYBRID_TALON,1,patient051,patient051_case01,IBC,IBC_patient037_0110.jpg,1,1.0,strong_75_plus,685,620,0.9117647058823529,0.9051094890510949,0.9051094890510949,0.8322147651006712,1,False
HYBRID_TALON,1,patient051,patient051_case01,IBC,IBC_patient037_0110.jpg,2,,off_target_fp,62,0,0.0,0.0,0.0,0.0,0,False
HYBRID_TALON,1,patient051,patient051_case01,IBC,IBC_patient037_0110.jpg,3,,off_target_fp,15,0,0.0,0.0,0.0,0.0,0,False
HYBRID_TALON,1,patient051,patient051_case01,IBC,IBC_patient037_0111.jpg,1,1.0,strong_75_plus,663,614,0.9654088050314465,0.9260935143288085,0.9260935143288085,0.8963503649635036,1,False
HYBRID_TALON,1,patient051,patient051_case01,IBC,IBC_patient037_0111.jpg,2,,off_target_fp,63,0,0.0,0.0,0.0,0.0,0,False
HYBRID_TALON,1,patient051,patient051_case01,IBC,IBC_patient037_0111.jpg,3,,off_target_fp,8,0,0.0,0.0,0.0,0.0,0,False
HYBRID_TALON,1,patient051,patient051_case01,IBC,IBC_patient037_0112.jpg,1,1.0,strong_75_plus,644,543,0.9696428571428571,0.843167701863354,0.843167701863354,0.8214826021180031,1,False
HYBRID_TALON,1,patient051,patient051_case01,IBC,IBC_patient037_0112.jpg,2,,off_target_fp,58,0,0.0,0.0,0.0,0.0,0,False
HYBRID_TALON,1,patient051,patient051_case01,IBC,IBC_patient037_0113.jpg,1,1.0,strong_75_plus,644,507,0.990234375,0.7872670807453416,0.7872670807453416,0.7812018489984591,1,False
HYBRID_TALON,1,patient051,patient051_case01,IBC,IBC_patient037_0113.jpg,2,,off_target_fp,48,0,0.0,0.0,0.0,0.0,0,False
HYBRID_TALON,1,patient051,patient051_case01,IBC,IBC_patient037_0114.jpg,1,1.0,moderate_50_to_75,650,420,1.0,0.6461538461538462,0.6461538461538462,0.6461538461538462,1,False
HYBRID_TALON,1,patient051,patient051_case01,IBC,IBC_patient037_0114.jpg,2,,off_target_fp,49,0,0.0,0.0,0.0,0.0,0,False
HYBRID_TALON,1,patient051,patient051_case01,IBC,IBC_patient037_0115.jpg,1,1.0,moderate_50_to_75,602,354,0.9725274725274725,0.5880398671096345,0.5880398671096345,0.5784313725490197,1,False
HYBRID_TALON,1,patient051,patient051_case01,IBC,IBC_patient037_0115.jpg,2,,off_target_fp,39,0,0.0,0.0,0.0,0.0,0,False
HYBRID_TALON,1,patient051,patient051_case01,IBC,IBC_patient037_0115.jpg,3,,off_target_fp,27,0,0.0,0.0,0.0,0.0,0,False
HYBRID_TALON,1,patient051,patient051_case01,IBC,IBC_patient037_0116.jpg,1,1.0,moderate_50_to_75,483,322,0.9817073170731707,0.6666666666666666,0.6666666666666666,0.6584867075664622,1,False
HYBRID_TALON,1,patient051,patient051_case01,IBC,IBC_patient037_0116.jpg,2,,off_target_fp,4,0,0.0,0.0,0.0,0.0,0,False
HYBRID_TALON,1,patient051,patient051_case01,IBC,IBC_patient037_0116.jpg,3,,off_target_fp,22,0,0.0,0.0,0.0,0.0,0,False
HYBRID_TALON,1,patient051,patient051_case01,IBC,IBC_patient037_0116.jpg,4,,off_target_fp,45,0,0.0,0.0,0.0,0.0,0,False
HYBRID_TALON,1,patient051,patient051_case01,IBC,IBC_patient037_0117.jpg,1,1.0,strong_75_plus,388,301,0.9647435897435898,0.7757731958762887,0.7757731958762887,0.7543859649122807,1,False
HYBRID_TALON,1,patient051,patient051_case01,IBC,IBC_patient037_0117.jpg,2,,off_target_fp,30,0,0.0,0.0,0.0,0.0,0,False
HYBRID_TALON,1,patient051,patient051_case01,IBC,IBC_patient037_0117.jpg,3,,off_target_fp,42,0,0.0,0.0,0.0,0.0,0,False
HYBRID_TALON,1,patient051,patient051_case01,IBC,IBC_patient037_0117.jpg,4,,off_target_fp,2,0,0.0,0.0,0.0,0.0,0,False
HYBRID_TALON,1,patient051,patient051_case01,IBC,IBC_patient037_0118.jpg,1,1.0,low_25_to_50,342,167,0.9940476190476191,0.48830409356725146,0.48830409356725146,0.4868804664723032,1,False
HYBRID_TALON,1,patient051,patient051_case01,IBC,IBC_patient037_0118.jpg,2,,off_target_fp,41,0,0.0,0.0,0.0,0.0,0,False
HYBRID_TALON,1,patient051,patient051_case01,IBC,IBC_patient037_0118.jpg,3,,off_target_fp,80,0,0.0,0.0,0.0,0.0,0,False
HYBRID_TALON,1,patient051,patient051_case01,IBC,IBC_patient037_0119.jpg,1,1.0,low_25_to_50,304,88,1.0,0.2894736842105263,0.2894736842105263,0.2894736842105263,1,False
HYBRID_TALON,1,patient051,patient051_case01,IBC,IBC_patient037_0119.jpg,2,,off_target_fp,28,0,0.0,0.0,0.0,0.0,0,False
HYBRID_TALON,1,patient051,patient051_case01,IBC,IBC_patient037_0119.jpg,3,,off_target_fp,80,0,0.0,0.0,0.0,0.0,0,False
HYBRID_TALON,1,patient051,patient051_case01,IBC,IBC_patient037_0120.jpg,1,1.0,low_25_to_50,96,32,0.7272727272727273,0.3333333333333333,0.3333333333333333,0.2962962962962963,1,False
HYBRID_TALON,1,patient051,patient051_case01,IBC,IBC_patient037_0120.jpg,2,,off_target_fp,19,0,0.0,0.0,0.0,0.0,0,False
HYBRID_TALON,1,patient051,patient051_case01,IBC,IBC_patient037_0120.jpg,3,,off_target_fp,10,0,0.0,0.0,0.0,0.0,0,False
HYBRID_TALON,1,patient060,patient060_case01,IBC,IBC_patient041_0070.jpg,1,1.0,low_25_to_50,37,37,0.25,1.0,0.25,0.25,1,False
HYBRID_TALON,1,patient060,patient060_case01,IBC,IBC_patient041_0076.jpg,1,,off_target_fp,31,0,0.0,0.0,0.0,0.0,0,False
HYBRID_TALON,1,patient060,patient060_case01,IBC,IBC_patient041_0077.jpg,1,1.0,moderate_50_to_75,118,116,0.7073170731707317,0.9830508474576272,0.7073170731707317,0.6987951807228916,1,False
HYBRID_TALON,1,patient060,patient060_case01,IBC,IBC_patient041_0078.jpg,1,,off_target_fp,74,0,0.0,0.0,0.0,0.0,0,False
HYBRID_TALON,1,patient060,patient060_case01,IBC,IBC_patient041_0078.jpg,2,1.0,strong_75_plus,148,147,0.8546511627906976,0.9932432432432432,0.8546511627906976,0.8497109826589595,1,False
HYBRID_TALON,1,patient060,patient060_case01,IBC,IBC_patient041_0079.jpg,1,,off_target_fp,85,0,0.0,0.0,0.0,0.0,0,False
HYBRID_TALON,1,patient060,patient060_case01,IBC,IBC_patient041_0079.jpg,2,,off_target_fp,24,0,0.0,0.0,0.0,0.0,0,False
HYBRID_TALON,1,patient060,patient060_case01,IBC,IBC_patient041_0083.jpg,1,,off_target_fp,25,0,0.0,0.0,0.0,0.0,0,False
HYBRID_TALON,1,patient060,patient060_case01,IBC,IBC_patient041_0084.jpg,1,,off_target_fp,15,0,0.0,0.0,0.0,0.0,0,False
HYBRID_TALON,1,patient060,patient060_case01,IBC,IBC_patient041_0084.jpg,2,,off_target_fp,27,0,0.0,0.0,0.0,0.0,0,False
HYBRID_TALON,1,patient061,patient061_case01,IGM,IGM_patient041_0063.jpg,1,,off_target_fp,7,0,0.0,0.0,0.0,0.0,0,False
HYBRID_TALON,1,patient061,patient061_case01,IGM,IGM_patient041_0063.jpg,2,,off_target_fp,363,0,0.0,0.0,0.0,0.0,0,False
HYBRID_TALON,1,patient061,patient061_case01,IGM,IGM_patient041_0064.jpg,1,,off_target_fp,261,0,0.0,0.0,0.0,0.0,0,False
HYBRID_TALON,1,patient061,patient061_case01,IGM,IGM_patient041_0065.jpg,1,1.0,moderate_50_to_75,213,209,0.653125,0.9812206572769953,0.653125,0.6450617283950617,1,False
HYBRID_TALON,1,patient061,patient061_case01,IGM,IGM_patient041_0066.jpg,1,1.0,moderate_50_to_75,323,311,0.713302752293578,0.9628482972136223,0.713302752293578,0.6941964285714286,1,False
HYBRID_TALON,1,patient061,patient061_case01,IGM,IGM_patient041_0067.jpg,1,,off_target_fp,21,0,0.0,0.0,0.0,0.0,0,False
HYBRID_TALON,1,patient061,patient061_case01,IGM,IGM_patient041_0067.jpg,2,1.0,strong_75_plus,418,371,0.8207964601769911,0.8875598086124402,0.8207964601769911,0.7434869739478958,1,False
HYBRID_TALON,1,patient061,patient061_case01,IGM,IGM_patient041_0068.jpg,1,,off_target_fp,4,0,0.0,0.0,0.0,0.0,0,False
HYBRID_TALON,1,patient061,patient061_case01,IGM,IGM_patient041_0068.jpg,2,1.0,strong_75_plus,424,373,0.8400900900900901,0.8797169811320755,0.8400900900900901,0.7535353535353535,1,False
HYBRID_TALON,1,patient061,patient061_case01,IGM,IGM_patient041_0069.jpg,1,,off_target_fp,1,0,0.0,0.0,0.0,0.0,0,False
HYBRID_TALON,1,patient061,patient061_case01,IGM,IGM_patient041_0069.jpg,2,1.0,moderate_50_to_75,287,250,0.6313131313131313,0.8710801393728222,0.6313131313131313,0.5773672055427251,1,False
HYBRID_TALON,1,patient061,patient061_case01,IGM,IGM_patient041_0070.jpg,1,1.0,moderate_50_to_75,149,146,0.5214285714285715,0.9798657718120806,0.5214285714285715,0.5159010600706714,1,False
HYBRID_TALON,1,patient061,patient061_case01,IGM,IGM_patient041_0071.jpg,1,,off_target_fp,49,0,0.0,0.0,0.0,0.0,0,False
HYBRID_TALON,1,patient061,patient061_case01,IGM,IGM_patient041_0071.jpg,2,1.0,low_25_to_50,92,86,0.43,0.9347826086956522,0.43,0.4174757281553398,1,False
HYBRID_TALON,1,patient066,patient066_case01,IBC,IBC_patient044_0049.jpg,1,1.0,partial_below_25,13,13,0.1625,1.0,0.1625,0.1625,1,False
HYBRID_TALON,1,patient066,patient066_case01,IBC,IBC_patient044_0050.jpg,1,1.0,moderate_50_to_75,166,165,0.7236842105263158,0.9939759036144579,0.7236842105263158,0.7205240174672489,1,False
HYBRID_TALON,1,patient066,patient066_case01,IBC,IBC_patient044_0051.jpg,1,1.0,strong_75_plus,253,228,0.8769230769230769,0.9011857707509882,0.8769230769230769,0.8,1,False
HYBRID_TALON,1,patient066,patient066_case01,IBC,IBC_patient044_0052.jpg,1,1.0,strong_75_plus,286,255,0.9107142857142857,0.8916083916083916,0.8916083916083916,0.819935691318328,1,False
HYBRID_TALON,1,patient066,patient066_case01,IBC,IBC_patient044_0052.jpg,2,,off_target_fp,28,0,0.0,0.0,0.0,0.0,0,False
HYBRID_TALON,1,patient066,patient066_case01,IBC,IBC_patient044_0053.jpg,1,1.0,strong_75_plus,213,181,0.9427083333333334,0.8497652582159625,0.8497652582159625,0.8080357142857143,1,False
HYBRID_TALON,1,patient066,patient066_case01,IBC,IBC_patient044_0053.jpg,2,,off_target_fp,36,0,0.0,0.0,0.0,0.0,0,False
HYBRID_TALON,1,patient066,patient066_case01,IBC,IBC_patient044_0054.jpg,1,,off_target_fp,21,0,0.0,0.0,0.0,0.0,0,False
HYBRID_TALON,1,patient066,patient066_case01,IBC,IBC_patient044_0054.jpg,2,1.0,partial_below_25,8,8,0.16666666666666666,1.0,0.16666666666666666,0.16666666666666666,1,False
HYBRID_TALON,1,patient070,patient070_case01,IBC,IBC_patient046_0056.jpg,1,1.0,partial_below_25,1,1,0.017857142857142856,1.0,0.017857142857142856,0.017857142857142856,1,False
HYBRID_TALON,1,patient070,patient070_case01,IBC,IBC_patient046_0057.jpg,1,1.0,strong_75_plus,125,107,0.9553571428571429,0.856,0.856,0.823076923076923,1,False
HYBRID_TALON,1,patient070,patient070_case01,IBC,IBC_patient046_0058.jpg,1,,off_target_fp,24,0,0.0,0.0,0.0,0.0,0,False
HYBRID_TALON,1,patient070,patient070_case01,IBC,IBC_patient046_0058.jpg,2,1.0,strong_75_plus,172,136,0.9714285714285714,0.7906976744186046,0.7906976744186046,0.7727272727272727,1,False
HYBRID_TALON,1,patient070,patient070_case01,IBC,IBC_patient046_0058.jpg,3,,off_target_fp,101,0,0.0,0.0,0.0,0.0,0,False
HYBRID_TALON,1,patient070,patient070_case01,IBC,IBC_patient046_0059.jpg,1,,off_target_fp,56,0,0.0,0.0,0.0,0.0,0,False
HYBRID_TALON,1,patient070,patient070_case01,IBC,IBC_patient046_0059.jpg,2,1.0,strong_75_plus,164,127,0.9921875,0.774390243902439,0.774390243902439,0.7696969696969697,1,False
HYBRID_TALON,1,patient070,patient070_case01,IBC,IBC_patient046_0059.jpg,3,,off_target_fp,103,0,0.0,0.0,0.0,0.0,0,False
HYBRID_TALON,1,patient070,patient070_case01,IBC,IBC_patient046_0060.jpg,1,1.0,strong_75_plus,105,101,0.8416666666666667,0.9619047619047619,0.8416666666666667,0.8145161290322581,1,False
HYBRID_TALON,1,patient070,patient070_case01,IBC,IBC_patient046_0061.jpg,1,,off_target_fp,45,0,0.0,0.0,0.0,0.0,0,False
HYBRID_TALON,1,patient070,patient070_case01,IBC,IBC_patient046_0061.jpg,2,1.0,partial_below_25,23,21,0.12804878048780488,0.9130434782608695,0.12804878048780488,0.12650602409638553,1,False
HYBRID_TALON,1,patient070,patient070_case01,IBC,IBC_patient046_0062.jpg,1,,off_target_fp,94,0,0.0,0.0,0.0,0.0,0,False
HYBRID_TALON,1,patient070,patient070_case01,IBC,IBC_patient046_0062.jpg,2,1.0,low_25_to_50,54,54,0.313953488372093,1.0,0.313953488372093,0.313953488372093,1,False
HYBRID_TALON,1,patient070,patient070_case01,IBC,IBC_patient046_0063.jpg,1,,off_target_fp,96,0,0.0,0.0,0.0,0.0,0,False
HYBRID_TALON,1,patient070,patient070_case01,IBC,IBC_patient046_0063.jpg,2,,off_target_fp,42,0,0.0,0.0,0.0,0.0,0,False
HYBRID_TALON,1,patient070,patient070_case01,IBC,IBC_patient046_0063.jpg,3,1.0,partial_below_25,22,22,0.21153846153846154,1.0,0.21153846153846154,0.21153846153846154,1,False
HYBRID_TALON,1,patient070,patient070_case01,IBC,IBC_patient046_0063.jpg,4,,off_target_fp,30,0,0.0,0.0,0.0,0.0,0,False
HYBRID_TALON,1,patient070,patient070_case01,IBC,IBC_patient046_0067.jpg,1,1.0,moderate_50_to_75,135,135,0.5443548387096774,1.0,0.5443548387096774,0.5443548387096774,1,False
HYBRID_TALON,1,patient070,patient070_case01,IBC,IBC_patient046_0067.jpg,2,,off_target_fp,82,0,0.0,0.0,0.0,0.0,0,False
HYBRID_TALON,1,patient070,patient070_case01,IBC,IBC_patient046_0068.jpg,1,1.0,strong_75_plus,291,244,0.9104477611940298,0.8384879725085911,0.8384879725085911,0.7746031746031746,1,False
HYBRID_TALON,1,patient070,patient070_case01,IBC,IBC_patient046_0068.jpg,2,,off_target_fp,57,0,0.0,0.0,0.0,0.0,0,False
HYBRID_TALON,1,patient070,patient070_case01,IBC,IBC_patient046_0069.jpg,1,,off_target_fp,33,0,0.0,0.0,0.0,0.0,0,False
HYBRID_TALON,1,patient070,patient070_case01,IBC,IBC_patient046_0069.jpg,2,1.0,strong_75_plus,303,253,0.9730769230769231,0.834983498349835,0.834983498349835,0.8161290322580645,1,False
HYBRID_TALON,1,patient070,patient070_case01,IBC,IBC_patient046_0069.jpg,3,,off_target_fp,24,0,0.0,0.0,0.0,0.0,0,False
HYBRID_TALON,1,patient070,patient070_case01,IBC,IBC_patient046_0070.jpg,1,,off_target_fp,61,0,0.0,0.0,0.0,0.0,0,False
HYBRID_TALON,1,patient070,patient070_case01,IBC,IBC_patient046_0070.jpg,2,,off_target_fp,1,0,0.0,0.0,0.0,0.0,0,False
HYBRID_TALON,1,patient070,patient070_case01,IBC,IBC_patient046_0070.jpg,3,1.0,strong_75_plus,185,176,0.8301886792452831,0.9513513513513514,0.8301886792452831,0.7963800904977375,1,False
HYBRID_TALON,1,patient070,patient070_case01,IBC,IBC_patient046_0071.jpg,1,,off_target_fp,79,0,0.0,0.0,0.0,0.0,0,False
HYBRID_TALON,1,patient070,patient070_case01,IBC,IBC_patient046_0071.jpg,2,1.0,partial_below_25,16,16,0.16,1.0,0.16,0.16,1,False
HYBRID_TALON,1,patient072,patient072_case01,IBC,IBC_patient047_0052.jpg,1,,off_target_fp,969,0,0.0,0.0,0.0,0.0,0,False
HYBRID_TALON,1,patient072,patient072_case01,IBC,IBC_patient047_0053.jpg,1,,off_target_fp,674,0,0.0,0.0,0.0,0.0,0,False
HYBRID_TALON,1,patient072,patient072_case01,IBC,IBC_patient047_0053.jpg,2,,off_target_fp,1,0,0.0,0.0,0.0,0.0,0,False
HYBRID_TALON,1,patient072,patient072_case01,IBC,IBC_patient047_0053.jpg,3,1.0,strong_75_plus,208,203,0.8055555555555556,0.9759615384615384,0.8055555555555556,0.7898832684824902,1,False
HYBRID_TALON,1,patient072,patient072_case01,IBC,IBC_patient047_0054.jpg,1,,off_target_fp,298,0,0.0,0.0,0.0,0.0,0,False
HYBRID_TALON,1,patient072,patient072_case01,IBC,IBC_patient047_0054.jpg,2,1.0,strong_75_plus,412,401,0.842436974789916,0.9733009708737864,0.842436974789916,0.8234086242299795,1,False
HYBRID_TALON,1,patient072,patient072_case01,IBC,IBC_patient047_0055.jpg,1,,off_target_fp,27,0,0.0,0.0,0.0,0.0,0,False
HYBRID_TALON,1,patient072,patient072_case01,IBC,IBC_patient047_0055.jpg,2,1.0,moderate_50_to_75,464,442,0.6993670886075949,0.9525862068965517,0.6993670886075949,0.6758409785932722,1,False
HYBRID_TALON,1,patient072,patient072_case01,IBC,IBC_patient047_0056.jpg,1,,off_target_fp,52,0,0.0,0.0,0.0,0.0,0,False
HYBRID_TALON,1,patient072,patient072_case01,IBC,IBC_patient047_0056.jpg,2,1.0,moderate_50_to_75,440,439,0.6097222222222223,0.9977272727272727,0.6097222222222223,0.608876560332871,1,False
HYBRID_TALON,1,patient072,patient072_case01,IBC,IBC_patient047_0056.jpg,3,1.0,partial_below_25,8,8,0.011111111111111112,1.0,0.011111111111111112,0.011111111111111112,1,False
HYBRID_TALON,1,patient072,patient072_case01,IBC,IBC_patient047_0057.jpg,1,1.0,moderate_50_to_75,502,336,0.7368421052631579,0.6693227091633466,0.6693227091633466,0.5401929260450161,1,False
HYBRID_TALON,1,patient072,patient072_case01,IBC,IBC_patient047_0058.jpg,1,1.0,low_25_to_50,267,133,0.25775193798449614,0.49812734082397003,0.25775193798449614,0.20461538461538462,1,False
HYBRID_TALON,1,patient072,patient072_case01,IBC,IBC_patient047_0058.jpg,2,1.0,low_25_to_50,242,227,0.43992248062015504,0.9380165289256198,0.43992248062015504,0.4274952919020716,1,False
HYBRID_TALON,1,patient072,patient072_case01,IBC,IBC_patient047_0059.jpg,1,,off_target_fp,133,0,0.0,0.0,0.0,0.0,0,False
HYBRID_TALON,1,patient072,patient072_case01,IBC,IBC_patient047_0059.jpg,2,,off_target_fp,116,0,0.0,0.0,0.0,0.0,0,False
HYBRID_TALON,1,patient072,patient072_case01,IBC,IBC_patient047_0059.jpg,3,1.0,moderate_50_to_75,131,130,0.7222222222222222,0.9923664122137404,0.7222222222222222,0.7182320441988951,1,False
HYBRID_TALON,1,patient074,patient074_case01,IGM,IGM_patient048_0034.jpg,1,,off_target_fp,312,0,0.0,0.0,0.0,0.0,0,False
HYBRID_TALON,1,patient074,patient074_case01,IGM,IGM_patient048_0035.jpg,1,,off_target_fp,219,0,0.0,0.0,0.0,0.0,0,False
HYBRID_TALON,1,patient074,patient074_case01,IGM,IGM_patient048_0035.jpg,2,,off_target_fp,34,0,0.0,0.0,0.0,0.0,0,False
HYBRID_TALON,1,patient074,patient074_case01,IGM,IGM_patient048_0036.jpg,1,1.0,moderate_50_to_75,101,93,0.7265625,0.9207920792079208,0.7265625,0.6838235294117647,1,False
HYBRID_TALON,1,patient074,patient074_case01,IGM,IGM_patient048_0036.jpg,2,,off_target_fp,214,0,0.0,0.0,0.0,0.0,0,False
HYBRID_TALON,1,patient074,patient074_case01,IGM,IGM_patient048_0037.jpg,1,1.0,moderate_50_to_75,204,185,0.7459677419354839,0.9068627450980392,0.7459677419354839,0.6928838951310862,1,False
HYBRID_TALON,1,patient074,patient074_case01,IGM,IGM_patient048_0037.jpg,2,,off_target_fp,116,0,0.0,0.0,0.0,0.0,0,False
HYBRID_TALON,1,patient074,patient074_case01,IGM,IGM_patient048_0040.jpg,1,1.0,strong_75_plus,161,122,0.8714285714285714,0.7577639751552795,0.7577639751552795,0.6815642458100558,1,False
HYBRID_TALON,1,patient074,patient074_case01,IGM,IGM_patient048_0040.jpg,2,,off_target_fp,180,0,0.0,0.0,0.0,0.0,0,False
HYBRID_TALON,1,patient074,patient074_case01,IGM,IGM_patient048_0041.jpg,1,,off_target_fp,109,0,0.0,0.0,0.0,0.0,0,False
HYBRID_TALON,1,patient074,patient074_case01,IGM,IGM_patient048_0041.jpg,2,1.0,strong_75_plus,127,102,0.75,0.8031496062992126,0.75,0.6335403726708074,1,False
HYBRID_TALON,1,patient074,patient074_case01,IGM,IGM_patient048_0041.jpg,3,,off_target_fp,193,0,0.0,0.0,0.0,0.0,0,False
HYBRID_TALON,1,patient074,patient074_case01,IGM,IGM_patient048_0042.jpg,1,1.0,low_25_to_50,395,164,1.0,0.4151898734177215,0.4151898734177215,0.4151898734177215,1,False
HYBRID_TALON,1,patient074,patient074_case01,IGM,IGM_patient048_0042.jpg,2,,off_target_fp,51,0,0.0,0.0,0.0,0.0,0,False
HYBRID_TALON,1,patient074,patient074_case01,IGM,IGM_patient048_0043.jpg,1,1.0,low_25_to_50,412,166,0.9431818181818182,0.4029126213592233,0.4029126213592233,0.3933649289099526,1,False
HYBRID_TALON,1,patient074,patient074_case01,IGM,IGM_patient048_0043.jpg,2,,off_target_fp,34,0,0.0,0.0,0.0,0.0,0,False
HYBRID_TALON,1,patient074,patient074_case01,IGM,IGM_patient048_0043.jpg,3,,off_target_fp,84,0,0.0,0.0,0.0,0.0,0,False
HYBRID_TALON,1,patient074,patient074_case01,IGM,IGM_patient048_0044.jpg,1,1.0,strong_75_plus,216,163,0.7688679245283019,0.7546296296296297,0.7546296296296297,0.6150943396226415,1,False
HYBRID_TALON,1,patient074,patient074_case01,IGM,IGM_patient048_0044.jpg,2,,off_target_fp,36,0,0.0,0.0,0.0,0.0,0,False
HYBRID_TALON,1,patient074,patient074_case01,IGM,IGM_patient048_0044.jpg,3,,off_target_fp,12,0,0.0,0.0,0.0,0.0,0,False
HYBRID_TALON,1,patient074,patient074_case01,IGM,IGM_patient048_0044.jpg,4,,off_target_fp,64,0,0.0,0.0,0.0,0.0,0,False
HYBRID_TALON,1,patient074,patient074_case01,IGM,IGM_patient048_0044.jpg,5,,off_target_fp,18,0,0.0,0.0,0.0,0.0,0,False
HYBRID_TALON,1,patient074,patient074_case01,IGM,IGM_patient048_0045.jpg,1,1.0,strong_75_plus,250,190,0.8962264150943396,0.76,0.76,0.6985294117647058,1,False
HYBRID_TALON,1,patient074,patient074_case01,IGM,IGM_patient048_0045.jpg,2,,off_target_fp,12,0,0.0,0.0,0.0,0.0,0,False
HYBRID_TALON,1,patient074,patient074_case01,IGM,IGM_patient048_0046.jpg,1,1.0,strong_75_plus,412,310,0.9935897435897436,0.7524271844660194,0.7524271844660194,0.748792270531401,1,False
HYBRID_TALON,1,patient074,patient074_case01,IGM,IGM_patient048_0046.jpg,2,,off_target_fp,41,0,0.0,0.0,0.0,0.0,0,False
HYBRID_TALON,1,patient074,patient074_case01,IGM,IGM_patient048_0047.jpg,1,1.0,strong_75_plus,523,408,0.9902912621359223,0.780114722753346,0.780114722753346,0.7741935483870968,1,False
HYBRID_TALON,1,patient074,patient074_case01,IGM,IGM_patient048_0047.jpg,2,,off_target_fp,15,0,0.0,0.0,0.0,0.0,0,False
HYBRID_TALON,1,patient074,patient074_case01,IGM,IGM_patient048_0048.jpg,1,,off_target_fp,75,0,0.0,0.0,0.0,0.0,0,False
HYBRID_TALON,1,patient074,patient074_case01,IGM,IGM_patient048_0048.jpg,2,,off_target_fp,1,0,0.0,0.0,0.0,0.0,0,False
HYBRID_TALON,1,patient074,patient074_case01,IGM,IGM_patient048_0048.jpg,3,1.0,strong_75_plus,623,468,0.9669421487603306,0.7512038523274478,0.7512038523274478,0.7323943661971831,1,False
HYBRID_TALON,1,patient074,patient074_case01,IGM,IGM_patient048_0049.jpg,1,,off_target_fp,132,0,0.0,0.0,0.0,0.0,0,False
HYBRID_TALON,1,patient074,patient074_case01,IGM,IGM_patient048_0049.jpg,2,1.0,strong_75_plus,673,550,0.9963768115942029,0.8172362555720654,0.8172362555720654,0.8148148148148148,1,False
HYBRID_TALON,1,patient074,patient074_case01,IGM,IGM_patient048_0050.jpg,1,1.0,strong_75_plus,646,534,0.9888888888888889,0.826625386996904,0.826625386996904,0.8190184049079755,1,False
HYBRID_TALON,1,patient074,patient074_case01,IGM,IGM_patient048_0051.jpg,1,1.0,strong_75_plus,451,381,0.9621212121212122,0.844789356984479,0.844789356984479,0.8175965665236051,1,False
HYBRID_TALON,1,patient074,patient074_case01,IGM,IGM_patient048_0051.jpg,2,,off_target_fp,61,0,0.0,0.0,0.0,0.0,0,False
HYBRID_TALON,1,patient083,patient083_case01,IGM,IGM_patient052_0059.jpg,1,1.0,strong_75_plus,102,87,0.87,0.8529411764705882,0.8529411764705882,0.7565217391304347,1,False
HYBRID_TALON,1,patient083,patient083_case01,IGM,IGM_patient052_0059.jpg,2,,off_target_fp,73,0,0.0,0.0,0.0,0.0,0,False
HYBRID_TALON,1,patient083,patient083_case01,IGM,IGM_patient052_0060.jpg,1,1.0,moderate_50_to_75,152,129,0.7329545454545454,0.8486842105263158,0.7329545454545454,0.6482412060301508,1,False
HYBRID_TALON,1,patient083,patient083_case01,IGM,IGM_patient052_0061.jpg,1,1.0,strong_75_plus,211,193,0.8616071428571429,0.9146919431279621,0.8616071428571429,0.7975206611570248,1,False
HYBRID_TALON,1,patient083,patient083_case01,IGM,IGM_patient052_0061.jpg,2,,off_target_fp,13,0,0.0,0.0,0.0,0.0,0,False
HYBRID_TALON,1,patient083,patient083_case01,IGM,IGM_patient052_0062.jpg,1,1.0,strong_75_plus,266,232,0.90625,0.8721804511278195,0.8721804511278195,0.8,1,False
HYBRID_TALON,1,patient083,patient083_case01,IGM,IGM_patient052_0062.jpg,2,,off_target_fp,35,0,0.0,0.0,0.0,0.0,0,False
HYBRID_TALON,1,patient083,patient083_case01,IGM,IGM_patient052_0063.jpg,1,1.0,strong_75_plus,295,255,0.9514925373134329,0.864406779661017,0.864406779661017,0.827922077922078,1,False
HYBRID_TALON,1,patient083,patient083_case01,IGM,IGM_patient052_0063.jpg,2,,off_target_fp,96,0,0.0,0.0,0.0,0.0,0,False
HYBRID_TALON,1,patient083,patient083_case01,IGM,IGM_patient052_0064.jpg,1,1.0,strong_75_plus,292,250,0.9765625,0.8561643835616438,0.8561643835616438,0.8389261744966443,1,False
HYBRID_TALON,1,patient083,patient083_case01,IGM,IGM_patient052_0064.jpg,2,,off_target_fp,16,0,0.0,0.0,0.0,0.0,0,False
HYBRID_TALON,1,patient083,patient083_case01,IGM,IGM_patient052_0064.jpg,3,,off_target_fp,192,0,0.0,0.0,0.0,0.0,0,False
HYBRID_TALON,1,patient083,patient083_case01,IGM,IGM_patient052_0065.jpg,1,1.0,strong_75_plus,247,232,0.8923076923076924,0.9392712550607287,0.8923076923076924,0.8436363636363636,1,False
HYBRID_TALON,1,patient083,patient083_case01,IGM,IGM_patient052_0065.jpg,2,,off_target_fp,223,0,0.0,0.0,0.0,0.0,0,False
HYBRID_TALON,1,patient083,patient083_case01,IGM,IGM_patient052_0065.jpg,3,,off_target_fp,11,0,0.0,0.0,0.0,0.0,0,False
HYBRID_TALON,1,patient083,patient083_case01,IGM,IGM_patient052_0066.jpg,1,,off_target_fp,20,0,0.0,0.0,0.0,0.0,0,False
HYBRID_TALON,1,patient083,patient083_case01,IGM,IGM_patient052_0066.jpg,2,1.0,strong_75_plus,162,138,0.9324324324324325,0.8518518518518519,0.8518518518518519,0.8023255813953488,1,False
HYBRID_TALON,1,patient083,patient083_case01,IGM,IGM_patient052_0066.jpg,3,,off_target_fp,11,0,0.0,0.0,0.0,0.0,0,False
HYBRID_TALON,1,patient083,patient083_case01,IGM,IGM_patient052_0066.jpg,4,,off_target_fp,12,0,0.0,0.0,0.0,0.0,0,False
HYBRID_TALON,1,patient083,patient083_case01,IGM,IGM_patient052_0066.jpg,5,,off_target_fp,13,0,0.0,0.0,0.0,0.0,0,False
HYBRID_TALON,1,patient083,patient083_case01,IGM,IGM_patient052_0066.jpg,6,,off_target_fp,4,0,0.0,0.0,0.0,0.0,0,False
HYBRID_TALON,1,patient083,patient083_case01,IGM,IGM_patient052_0067.jpg,1,1.0,strong_75_plus,197,164,0.8913043478260869,0.8324873096446701,0.8324873096446701,0.7557603686635944,1,False
HYBRID_TALON,1,patient083,patient083_case01,IGM,IGM_patient052_0067.jpg,2,,off_target_fp,1,0,0.0,0.0,0.0,0.0,0,False
HYBRID_TALON,1,patient083,patient083_case01,IGM,IGM_patient052_0068.jpg,1,1.0,strong_75_plus,145,116,0.8529411764705882,0.8,0.8,0.703030303030303,1,False
HYBRID_TALON,1,patient083,patient083_case01,IGM,IGM_patient052_0068.jpg,2,,off_target_fp,8,0,0.0,0.0,0.0,0.0,0,False
HYBRID_TALON,1,patient083,patient083_case01,IGM,IGM_patient052_0068.jpg,3,,off_target_fp,38,0,0.0,0.0,0.0,0.0,0,False
HYBRID_TALON,1,patient083,patient083_case01,IGM,IGM_patient052_0068.jpg,4,,off_target_fp,13,0,0.0,0.0,0.0,0.0,0,False
HYBRID_TALON,1,patient083,patient083_case01,IGM,IGM_patient052_0068.jpg,5,,off_target_fp,8,0,0.0,0.0,0.0,0.0,0,False
HYBRID_TALON,1,patient083,patient083_case01,IGM,IGM_patient052_0069.jpg,1,1.0,strong_75_plus,188,154,0.9625,0.8191489361702128,0.8191489361702128,0.7938144329896907,1,False
HYBRID_TALON,1,patient083,patient083_case01,IGM,IGM_patient052_0069.jpg,2,,off_target_fp,7,0,0.0,0.0,0.0,0.0,0,False
HYBRID_TALON,1,patient083,patient083_case01,IGM,IGM_patient052_0069.jpg,3,,off_target_fp,5,0,0.0,0.0,0.0,0.0,0,False
HYBRID_TALON,1,patient083,patient083_case01,IGM,IGM_patient052_0070.jpg,1,1.0,strong_75_plus,188,147,0.9671052631578947,0.7819148936170213,0.7819148936170213,0.7616580310880829,1,False
HYBRID_TALON,1,patient083,patient083_case01,IGM,IGM_patient052_0070.jpg,2,,off_target_fp,8,0,0.0,0.0,0.0,0.0,0,False
HYBRID_TALON,1,patient083,patient083_case01,IGM,IGM_patient052_0070.jpg,3,,off_target_fp,40,0,0.0,0.0,0.0,0.0,0,False
HYBRID_TALON,1,patient083,patient083_case01,IGM,IGM_patient052_0071.jpg,1,1.0,strong_75_plus,174,145,0.9294871794871795,0.8333333333333334,0.8333333333333334,0.7837837837837838,1,False
HYBRID_TALON,1,patient083,patient083_case01,IGM,IGM_patient052_0071.jpg,2,,off_target_fp,10,0,0.0,0.0,0.0,0.0,0,False
HYBRID_TALON,1,patient083,patient083_case01,IGM,IGM_patient052_0071.jpg,3,,off_target_fp,75,0,0.0,0.0,0.0,0.0,0,False
HYBRID_TALON,1,patient083,patient083_case01,IGM,IGM_patient052_0072.jpg,1,1.0,moderate_50_to_75,128,109,0.7171052631578947,0.8515625,0.7171052631578947,0.6374269005847953,1,False
HYBRID_TALON,1,patient083,patient083_case01,IGM,IGM_patient052_0072.jpg,2,,off_target_fp,2,0,0.0,0.0,0.0,0.0,0,False
HYBRID_TALON,1,patient083,patient083_case01,IGM,IGM_patient052_0072.jpg,3,,off_target_fp,2,0,0.0,0.0,0.0,0.0,0,False
HYBRID_TALON,1,patient083,patient083_case01,IGM,IGM_patient052_0072.jpg,4,,off_target_fp,5,0,0.0,0.0,0.0,0.0,0,False
HYBRID_TALON,1,patient083,patient083_case01,IGM,IGM_patient052_0072.jpg,5,,off_target_fp,2,0,0.0,0.0,0.0,0.0,0,False
HYBRID_TALON,1,patient086,patient086_case01,IGM,IGM_patient053_0060.jpg,1,,off_target_fp,25,0,0.0,0.0,0.0,0.0,0,False
HYBRID_TALON,1,patient086,patient086_case01,IGM,IGM_patient053_0062.jpg,1,,off_target_fp,88,0,0.0,0.0,0.0,0.0,0,False
HYBRID_TALON,1,patient086,patient086_case01,IGM,IGM_patient053_0063.jpg,1,,off_target_fp,167,0,0.0,0.0,0.0,0.0,0,False
HYBRID_TALON,1,patient086,patient086_case01,IGM,IGM_patient053_0063.jpg,2,1.0,partial_below_25,1,1,0.0038461538461538464,1.0,0.0038461538461538464,0.0038461538461538464,1,False
HYBRID_TALON,1,patient086,patient086_case01,IGM,IGM_patient053_0064.jpg,1,,off_target_fp,185,0,0.0,0.0,0.0,0.0,0,False
HYBRID_TALON,1,patient086,patient086_case01,IGM,IGM_patient053_0064.jpg,2,1.0,partial_below_25,4,4,0.022727272727272728,1.0,0.022727272727272728,0.022727272727272728,1,False
HYBRID_TALON,1,patient086,patient086_case01,IGM,IGM_patient053_0065.jpg,1,,off_target_fp,146,0,0.0,0.0,0.0,0.0,0,False
HYBRID_TALON,1,patient086,patient086_case01,IGM,IGM_patient053_0066.jpg,1,1.0,moderate_50_to_75,34,34,0.5,1.0,0.5,0.5,1,False
HYBRID_TALON,1,patient091,patient091_case01,IBC,IBC_patient056_0040.jpg,1,1.0,strong_75_plus,55,47,0.7833333333333333,0.8545454545454545,0.7833333333333333,0.6911764705882353,1,False
HYBRID_TALON,1,patient091,patient091_case01,IBC,IBC_patient056_0041.jpg,1,1.0,strong_75_plus,81,63,0.984375,0.7777777777777778,0.7777777777777778,0.7682926829268293,1,False
HYBRID_TALON,1,patient091,patient091_case01,IBC,IBC_patient056_0042.jpg,1,,off_target_fp,22,0,0.0,0.0,0.0,0.0,0,False
HYBRID_TALON,1,patient091,patient091_case01,IBC,IBC_patient056_0042.jpg,2,,off_target_fp,13,0,0.0,0.0,0.0,0.0,0,False
HYBRID_TALON,1,patient091,patient091_case01,IBC,IBC_patient056_0042.jpg,3,1.0,strong_75_plus,89,67,0.9852941176470589,0.7528089887640449,0.7528089887640449,0.7444444444444445,1,False
HYBRID_TALON,1,patient091,patient091_case01,IBC,IBC_patient056_0045.jpg,1,,off_target_fp,305,0,0.0,0.0,0.0,0.0,0,False
HYBRID_TALON,1,patient091,patient091_case01,IBC,IBC_patient056_0046.jpg,1,,off_target_fp,596,0,0.0,0.0,0.0,0.0,0,False
HYBRID_TALON,1,patient091,patient091_case01,IBC,IBC_patient056_0047.jpg,1,,off_target_fp,782,0,0.0,0.0,0.0,0.0,0,False
HYBRID_TALON,1,patient091,patient091_case01,IBC,IBC_patient056_0056.jpg,1,,off_target_fp,69,0,0.0,0.0,0.0,0.0,0,False
HYBRID_TALON,1,patient091,patient091_case01,IBC,IBC_patient056_0056.jpg,2,,off_target_fp,41,0,0.0,0.0,0.0,0.0,0,False
HYBRID_TALON,1,patient091,patient091_case01,IBC,IBC_patient056_0056.jpg,3,,off_target_fp,9,0,0.0,0.0,0.0,0.0,0,False
HYBRID_TALON,1,patient092,patient092_case01,IBC,IBC_patient057_0042.jpg,1,1.0,low_25_to_50,50,50,0.3472222222222222,1.0,0.3472222222222222,0.3472222222222222,1,False
HYBRID_TALON,1,patient092,patient092_case01,IBC,IBC_patient057_0043.jpg,1,,off_target_fp,41,0,0.0,0.0,0.0,0.0,0,False
HYBRID_TALON,1,patient092,patient092_case01,IBC,IBC_patient057_0043.jpg,2,1.0,strong_75_plus,249,226,0.773972602739726,0.9076305220883534,0.773972602739726,0.7174603174603175,1,False
HYBRID_TALON,1,patient092,patient092_case01,IBC,IBC_patient057_0044.jpg,1,,off_target_fp,46,0,0.0,0.0,0.0,0.0,0,False
HYBRID_TALON,1,patient092,patient092_case01,IBC,IBC_patient057_0044.jpg,2,,off_target_fp,34,0,0.0,0.0,0.0,0.0,0,False
HYBRID_TALON,1,patient092,patient092_case01,IBC,IBC_patient057_0044.jpg,3,1.0,strong_75_plus,285,235,0.762987012987013,0.8245614035087719,0.762987012987013,0.6564245810055865,1,False
HYBRID_TALON,1,patient092,patient092_case01,IBC,IBC_patient057_0045.jpg,1,,off_target_fp,17,0,0.0,0.0,0.0,0.0,0,False
HYBRID_TALON,1,patient092,patient092_case01,IBC,IBC_patient057_0045.jpg,2,1.0,strong_75_plus,402,356,0.8557692307692307,0.8855721393034826,0.8557692307692307,0.7705627705627706,1,False
HYBRID_TALON,1,patient092,patient092_case01,IBC,IBC_patient057_0046.jpg,1,1.0,strong_75_plus,427,399,0.9068181818181819,0.9344262295081968,0.9068181818181819,0.8525641025641025,1,False
HYBRID_TALON,1,patient092,patient092_case01,IBC,IBC_patient057_0047.jpg,1,1.0,strong_75_plus,347,330,0.9482758620689655,0.9510086455331412,0.9482758620689655,0.9041095890410958,1,False
HYBRID_TALON,1,patient092,patient092_case01,IBC,IBC_patient057_0048.jpg,1,1.0,strong_75_plus,211,211,0.8115384615384615,1.0,0.8115384615384615,0.8115384615384615,1,False
HYBRID_TALON,1,patient096,patient096_case01,IGM,IGM_patient006_0060.jpg,1,,off_target_fp,11,0,0.0,0.0,0.0,0.0,0,False
HYBRID_TALON,1,patient096,patient096_case01,IGM,IGM_patient006_0061.jpg,1,1.0,strong_75_plus,151,148,0.7708333333333334,0.9801324503311258,0.7708333333333334,0.7589743589743589,1,False
HYBRID_TALON,1,patient096,patient096_case01,IGM,IGM_patient006_0061.jpg,2,,off_target_fp,118,0,0.0,0.0,0.0,0.0,0,False
HYBRID_TALON,1,patient096,patient096_case01,IGM,IGM_patient006_0062.jpg,1,1.0,strong_75_plus,224,190,0.9313725490196079,0.8482142857142857,0.8482142857142857,0.7983193277310925,1,False
HYBRID_TALON,1,patient096,patient096_case01,IGM,IGM_patient006_0062.jpg,2,,off_target_fp,107,0,0.0,0.0,0.0,0.0,0,False
HYBRID_TALON,1,patient096,patient096_case01,IGM,IGM_patient006_0063.jpg,1,1.0,strong_75_plus,227,217,0.8346153846153846,0.9559471365638766,0.8346153846153846,0.8037037037037037,1,False
HYBRID_TALON,1,patient096,patient096_case01,IGM,IGM_patient006_0063.jpg,2,,off_target_fp,43,0,0.0,0.0,0.0,0.0,0,False
HYBRID_TALON,1,patient096,patient096_case01,IGM,IGM_patient006_0064.jpg,1,1.0,low_25_to_50,59,55,0.2925531914893617,0.9322033898305084,0.2925531914893617,0.2864583333333333,1,False
HYBRID_TALON,1,patient096,patient096_case01,IGM,IGM_patient006_0064.jpg,2,,off_target_fp,91,0,0.0,0.0,0.0,0.0,0,False
HYBRID_TALON,1,patient096,patient096_case01,IGM,IGM_patient006_0065.jpg,1,1.0,partial_below_25,6,6,0.039473684210526314,1.0,0.039473684210526314,0.039473684210526314,1,False
HYBRID_TALON,1,patient096,patient096_case01,IGM,IGM_patient006_0065.jpg,2,,off_target_fp,24,0,0.0,0.0,0.0,0.0,0,False
HYBRID_TALON,1,patient096,patient096_case01,IGM,IGM_patient006_0065.jpg,3,,off_target_fp,105,0,0.0,0.0,0.0,0.0,0,False
HYBRID_TALON,1,patient096,patient096_case01,IGM,IGM_patient006_0065.jpg,4,,off_target_fp,63,0,0.0,0.0,0.0,0.0,0,False
HYBRID_TALON,1,patient096,patient096_case01,IGM,IGM_patient006_0066.jpg,1,,off_target_fp,223,0,0.0,0.0,0.0,0.0,0,False
HYBRID_TALON,1,patient096,patient096_case01,IGM,IGM_patient006_0067.jpg,1,,off_target_fp,268,0,0.0,0.0,0.0,0.0,0,False
HYBRID_TALON,1,patient096,patient096_case01,IGM,IGM_patient006_0068.jpg,1,,off_target_fp,248,0,0.0,0.0,0.0,0.0,0,False
HYBRID_TALON,1,patient096,patient096_case01,IGM,IGM_patient006_0069.jpg,1,,off_target_fp,32,0,0.0,0.0,0.0,0.0,0,False
HYBRID_TALON,1,patient096,patient096_case01,IGM,IGM_patient006_0069.jpg,2,,off_target_fp,20,0,0.0,0.0,0.0,0.0,0,False
HYBRID_TALON,1,patient096,patient096_case01,IGM,IGM_patient006_0069.jpg,3,,off_target_fp,47,0,0.0,0.0,0.0,0.0,0,False
HYBRID_TALON,1,patient096,patient096_case01,IGM,IGM_patient006_0070.jpg,1,,off_target_fp,103,0,0.0,0.0,0.0,0.0,0,False
HYBRID_TALON,1,patient100,patient100_case01,IBC,IBC_patient008_0147.jpg,1,,off_target_fp,107,0,0.0,0.0,0.0,0.0,0,False
HYBRID_TALON,1,patient100,patient100_case01,IBC,IBC_patient008_0147.jpg,2,1.0,low_25_to_50,256,119,0.9916666666666667,0.46484375,0.46484375,0.46303501945525294,1,False
HYBRID_TALON,1,patient100,patient100_case01,IBC,IBC_patient008_0148.jpg,1,,off_target_fp,136,0,0.0,0.0,0.0,0.0,0,False
HYBRID_TALON,1,patient100,patient100_case01,IBC,IBC_patient008_0148.jpg,2,1.0,moderate_50_to_75,444,326,0.9702380952380952,0.7342342342342343,0.7342342342342343,0.7180616740088106,1,False
HYBRID_TALON,1,patient100,patient100_case01,IBC,IBC_patient008_0149.jpg,1,,off_target_fp,136,0,0.0,0.0,0.0,0.0,0,False
HYBRID_TALON,1,patient100,patient100_case01,IBC,IBC_patient008_0149.jpg,2,1.0,moderate_50_to_75,556,351,0.975,0.6312949640287769,0.6312949640287769,0.6212389380530974,1,False
HYBRID_TALON,1,patient100,patient100_case01,IBC,IBC_patient008_0150.jpg,1,,off_target_fp,126,0,0.0,0.0,0.0,0.0,0,False
HYBRID_TALON,1,patient100,patient100_case01,IBC,IBC_patient008_0150.jpg,2,,off_target_fp,4,0,0.0,0.0,0.0,0.0,0,False
HYBRID_TALON,1,patient100,patient100_case01,IBC,IBC_patient008_0150.jpg,3,1.0,moderate_50_to_75,679,449,0.9846491228070176,0.6612665684830633,0.6612665684830633,0.6545189504373178,1,False
HYBRID_TALON,1,patient100,patient100_case01,IBC,IBC_patient008_0151.jpg,1,,off_target_fp,121,0,0.0,0.0,0.0,0.0,0,False
HYBRID_TALON,1,patient100,patient100_case01,IBC,IBC_patient008_0151.jpg,2,1.0,moderate_50_to_75,711,476,0.9754098360655737,0.6694796061884669,0.6694796061884669,0.6583679114799447,1,False
HYBRID_TALON,1,patient100,patient100_case01,IBC,IBC_patient008_0151.jpg,3,,off_target_fp,3,0,0.0,0.0,0.0,0.0,0,False
HYBRID_TALON,1,patient100,patient100_case01,IBC,IBC_patient008_0152.jpg,1,,off_target_fp,118,0,0.0,0.0,0.0,0.0,0,False
HYBRID_TALON,1,patient100,patient100_case01,IBC,IBC_patient008_0152.jpg,2,1.0,moderate_50_to_75,608,454,0.908,0.7467105263157895,0.7467105263157895,0.6941896024464832,1,False
HYBRID_TALON,1,patient100,patient100_case01,IBC,IBC_patient008_0153.jpg,1,,off_target_fp,115,0,0.0,0.0,0.0,0.0,0,False
HYBRID_TALON,1,patient100,patient100_case01,IBC,IBC_patient008_0153.jpg,2,1.0,strong_75_plus,519,400,0.8264462809917356,0.7707129094412332,0.7707129094412332,0.6633499170812603,1,False
HYBRID_TALON,1,patient100,patient100_case01,IBC,IBC_patient008_0154.jpg,1,,off_target_fp,105,0,0.0,0.0,0.0,0.0,0,False
HYBRID_TALON,1,patient100,patient100_case01,IBC,IBC_patient008_0154.jpg,2,1.0,moderate_50_to_75,409,284,0.6120689655172413,0.6943765281173594,0.6120689655172413,0.48217317487266553,1,False
HYBRID_TALON,1,patient100,patient100_case01,IBC,IBC_patient008_0155.jpg,1,,off_target_fp,95,0,0.0,0.0,0.0,0.0,0,False
HYBRID_TALON,1,patient100,patient100_case01,IBC,IBC_patient008_0155.jpg,2,1.0,low_25_to_50,330,254,0.4601449275362319,0.7696969696969697,0.4601449275362319,0.40445859872611467,1,False
HYBRID_TALON,1,patient100,patient100_case01,IBC,IBC_patient008_0156.jpg,1,,off_target_fp,84,0,0.0,0.0,0.0,0.0,0,False
HYBRID_TALON,1,patient100,patient100_case01,IBC,IBC_patient008_0156.jpg,2,1.0,moderate_50_to_75,429,308,0.5923076923076923,0.717948717948718,0.5923076923076923,0.48049921996879874,1,False
HYBRID_TALON,1,patient100,patient100_case01,IBC,IBC_patient008_0157.jpg,1,,off_target_fp,73,0,0.0,0.0,0.0,0.0,0,False
HYBRID_TALON,1,patient100,patient100_case01,IBC,IBC_patient008_0157.jpg,2,,off_target_fp,11,0,0.0,0.0,0.0,0.0,0,False
HYBRID_TALON,1,patient100,patient100_case01,IBC,IBC_patient008_0157.jpg,3,1.0,strong_75_plus,570,480,0.8333333333333334,0.8421052631578947,0.8333333333333334,0.7207207207207207,1,False
HYBRID_TALON,1,patient100,patient100_case01,IBC,IBC_patient008_0158.jpg,1,,off_target_fp,53,0,0.0,0.0,0.0,0.0,0,False
HYBRID_TALON,1,patient100,patient100_case01,IBC,IBC_patient008_0158.jpg,2,,off_target_fp,213,0,0.0,0.0,0.0,0.0,0,False
HYBRID_TALON,1,patient100,patient100_case01,IBC,IBC_patient008_0158.jpg,3,1.0,strong_75_plus,567,482,0.9341085271317829,0.8500881834215167,0.8500881834215167,0.8019966722129783,1,False
HYBRID_TALON,1,patient100,patient100_case01,IBC,IBC_patient008_0158.jpg,4,,off_target_fp,6,0,0.0,0.0,0.0,0.0,0,False
HYBRID_TALON,1,patient100,patient100_case01,IBC,IBC_patient008_0159.jpg,1,,off_target_fp,34,0,0.0,0.0,0.0,0.0,0,False
HYBRID_TALON,1,patient100,patient100_case01,IBC,IBC_patient008_0159.jpg,2,,off_target_fp,391,0,0.0,0.0,0.0,0.0,0,False
HYBRID_TALON,1,patient100,patient100_case01,IBC,IBC_patient008_0159.jpg,3,1.0,strong_75_plus,476,446,0.7907801418439716,0.9369747899159664,0.7907801418439716,0.7508417508417509,1,False
HYBRID_TALON,1,patient100,patient100_case01,IBC,IBC_patient008_0160.jpg,1,,off_target_fp,444,0,0.0,0.0,0.0,0.0,0,False
HYBRID_TALON,1,patient100,patient100_case01,IBC,IBC_patient008_0160.jpg,2,1.0,low_25_to_50,170,158,0.29259259259259257,0.9294117647058824,0.29259259259259257,0.286231884057971,1,False
HYBRID_TALON,1,patient100,patient100_case01,IBC,IBC_patient008_0160.jpg,3,1.0,partial_below_25,57,57,0.10555555555555556,1.0,0.10555555555555556,0.10555555555555556,1,False
HYBRID_TALON,1,patient100,patient100_case01,IBC,IBC_patient008_0161.jpg,1,,off_target_fp,84,0,0.0,0.0,0.0,0.0,0,False
HYBRID_TALON,1,patient100,patient100_case01,IBC,IBC_patient008_0161.jpg,2,,off_target_fp,1,0,0.0,0.0,0.0,0.0,0,False
HYBRID_TALON,1,patient100,patient100_case01,IBC,IBC_patient008_0161.jpg,3,1.0,strong_75_plus,438,423,0.8886554621848739,0.9657534246575342,0.8886554621848739,0.8615071283095723,1,False
HYBRID_TALON,1,patient100,patient100_case01,IBC,IBC_patient008_0161.jpg,4,,off_target_fp,10,0,0.0,0.0,0.0,0.0,0,False
HYBRID_TALON,1,patient100,patient100_case01,IBC,IBC_patient008_0162.jpg,1,,off_target_fp,20,0,0.0,0.0,0.0,0.0,0,False
HYBRID_TALON,1,patient100,patient100_case01,IBC,IBC_patient008_0162.jpg,2,1.0,strong_75_plus,421,391,0.9490291262135923,0.9287410926365796,0.9287410926365796,0.8846153846153846,1,False
HYBRID_TALON,1,patient100,patient100_case01,IBC,IBC_patient008_0162.jpg,3,,off_target_fp,23,0,0.0,0.0,0.0,0.0,0,False
HYBRID_TALON,1,patient100,patient100_case01,IBC,IBC_patient008_0163.jpg,1,1.0,strong_75_plus,379,323,0.938953488372093,0.8522427440633246,0.8522427440633246,0.8075,1,False
HYBRID_TALON,1,patient100,patient100_case01,IBC,IBC_patient008_0163.jpg,2,,off_target_fp,18,0,0.0,0.0,0.0,0.0,0,False
HYBRID_TALON,1,patient100,patient100_case01,IBC,IBC_patient008_0163.jpg,3,,off_target_fp,2,0,0.0,0.0,0.0,0.0,0,False
HYBRID_TALON,1,patient100,patient100_case01,IBC,IBC_patient008_0164.jpg,1,,off_target_fp,17,0,0.0,0.0,0.0,0.0,0,False
HYBRID_TALON,1,patient100,patient100_case01,IBC,IBC_patient008_0164.jpg,2,,off_target_fp,12,0,0.0,0.0,0.0,0.0,0,False
HYBRID_TALON,1,patient100,patient100_case01,IBC,IBC_patient008_0164.jpg,3,1.0,strong_75_plus,339,300,0.9615384615384616,0.8849557522123894,0.8849557522123894,0.8547008547008547,1,False
HYBRID_TALON,1,patient100,patient100_case01,IBC,IBC_patient008_0164.jpg,4,,off_target_fp,5,0,0.0,0.0,0.0,0.0,0,False
HYBRID_TALON,1,patient100,patient100_case01,IBC,IBC_patient008_0165.jpg,1,,off_target_fp,72,0,0.0,0.0,0.0,0.0,0,False
HYBRID_TALON,1,patient100,patient100_case01,IBC,IBC_patient008_0165.jpg,2,1.0,strong_75_plus,296,255,0.9239130434782609,0.8614864864864865,0.8614864864864865,0.804416403785489,1,False
HYBRID_TALON,1,patient100,patient100_case01,IBC,IBC_patient008_0166.jpg,1,,off_target_fp,2,0,0.0,0.0,0.0,0.0,0,False
HYBRID_TALON,1,patient100,patient100_case01,IBC,IBC_patient008_0166.jpg,2,,off_target_fp,18,0,0.0,0.0,0.0,0.0,0,False
HYBRID_TALON,1,patient100,patient100_case01,IBC,IBC_patient008_0166.jpg,3,1.0,strong_75_plus,255,217,0.96875,0.8509803921568627,0.8509803921568627,0.8282442748091603,1,False
HYBRID_TALON,1,patient100,patient100_case01,IBC,IBC_patient008_0166.jpg,4,,off_target_fp,6,0,0.0,0.0,0.0,0.0,0,False
HYBRID_TALON,1,patient100,patient100_case01,IBC,IBC_patient008_0167.jpg,1,,off_target_fp,540,0,0.0,0.0,0.0,0.0,0,False
HYBRID_TALON,1,patient100,patient100_case01,IBC,IBC_patient008_0167.jpg,2,1.0,strong_75_plus,205,167,0.9488636363636364,0.8146341463414634,0.8146341463414634,0.780373831775701,1,False
HYBRID_TALON,1,patient100,patient100_case01,IBC,IBC_patient008_0167.jpg,3,,off_target_fp,7,0,0.0,0.0,0.0,0.0,0,False
HYBRID_TALON,1,patient100,patient100_case01,IBC,IBC_patient008_0168.jpg,1,,off_target_fp,542,0,0.0,0.0,0.0,0.0,0,False
HYBRID_TALON,1,patient100,patient100_case01,IBC,IBC_patient008_0168.jpg,2,,off_target_fp,8,0,0.0,0.0,0.0,0.0,0,False
HYBRID_TALON,1,patient100,patient100_case01,IBC,IBC_patient008_0168.jpg,3,1.0,moderate_50_to_75,167,121,0.9758064516129032,0.7245508982035929,0.7245508982035929,0.711764705882353,1,False
HYBRID_TALON,1,patient100,patient100_case01,IBC,IBC_patient008_0168.jpg,4,,off_target_fp,37,0,0.0,0.0,0.0,0.0,0,False
HYBRID_TALON,1,patient100,patient100_case01,IBC,IBC_patient008_0169.jpg,1,,off_target_fp,445,0,0.0,0.0,0.0,0.0,0,False
HYBRID_TALON,1,patient100,patient100_case01,IBC,IBC_patient008_0169.jpg,2,1.0,moderate_50_to_75,99,63,0.7159090909090909,0.6363636363636364,0.6363636363636364,0.5080645161290323,1,False
HYBRID_TALON,1,patient100,patient100_case01,IBC,IBC_patient008_0169.jpg,3,,off_target_fp,64,0,0.0,0.0,0.0,0.0,0,False
HYBRID_TALON,1,patient100,patient100_case01,IBC,IBC_patient008_0169.jpg,4,,off_target_fp,11,0,0.0,0.0,0.0,0.0,0,False
HYBRID_TALON,10,patient012,patient012_case01,IBC,IBC_patient015_0138.jpg,1,,off_target_fp,11,0,0.0,0.0,0.0,0.0,0,False
HYBRID_TALON,10,patient012,patient012_case01,IBC,IBC_patient015_0138.jpg,2,1.0,low_25_to_50,50,44,0.4782608695652174,0.88,0.4782608695652174,0.4489795918367347,1,False
HYBRID_TALON,10,patient012,patient012_case01,IBC,IBC_patient015_0138.jpg,3,,off_target_fp,16,0,0.0,0.0,0.0,0.0,0,False
HYBRID_TALON,10,patient012,patient012_case01,IBC,IBC_patient015_0139.jpg,1,,off_target_fp,18,0,0.0,0.0,0.0,0.0,0,False
HYBRID_TALON,10,patient012,patient012_case01,IBC,IBC_patient015_0139.jpg,2,1.0,strong_75_plus,117,112,0.8,0.9572649572649573,0.8,0.7724137931034483,1,False
HYBRID_TALON,10,patient012,patient012_case01,IBC,IBC_patient015_0139.jpg,3,,off_target_fp,38,0,0.0,0.0,0.0,0.0,0,False
HYBRID_TALON,10,patient012,patient012_case01,IBC,IBC_patient015_0140.jpg,1,,off_target_fp,10,0,0.0,0.0,0.0,0.0,0,False
HYBRID_TALON,10,patient012,patient012_case01,IBC,IBC_patient015_0140.jpg,2,1.0,strong_75_plus,190,164,0.8723404255319149,0.8631578947368421,0.8631578947368421,0.7663551401869159,1,False
HYBRID_TALON,10,patient012,patient012_case01,IBC,IBC_patient015_0140.jpg,3,,off_target_fp,52,0,0.0,0.0,0.0,0.0,0,False
HYBRID_TALON,10,patient012,patient012_case01,IBC,IBC_patient015_0141.jpg,1,,off_target_fp,10,0,0.0,0.0,0.0,0.0,0,False
HYBRID_TALON,10,patient012,patient012_case01,IBC,IBC_patient015_0141.jpg,2,1.0,moderate_50_to_75,297,222,0.9568965517241379,0.7474747474747475,0.7474747474747475,0.7231270358306189,1,False
HYBRID_TALON,10,patient012,patient012_case01,IBC,IBC_patient015_0142.jpg,1,,off_target_fp,22,0,0.0,0.0,0.0,0.0,0,False
HYBRID_TALON,10,patient012,patient012_case01,IBC,IBC_patient015_0142.jpg,2,,off_target_fp,52,0,0.0,0.0,0.0,0.0,0,False
HYBRID_TALON,10,patient012,patient012_case01,IBC,IBC_patient015_0142.jpg,3,1.0,strong_75_plus,348,269,0.9746376811594203,0.7729885057471264,0.7729885057471264,0.7577464788732394,1,False
HYBRID_TALON,10,patient012,patient012_case01,IBC,IBC_patient015_0143.jpg,1,,off_target_fp,135,0,0.0,0.0,0.0,0.0,0,False
HYBRID_TALON,10,patient012,patient012_case01,IBC,IBC_patient015_0143.jpg,2,1.0,strong_75_plus,411,337,0.9683908045977011,0.8199513381995134,0.8199513381995134,0.7985781990521327,1,False
HYBRID_TALON,10,patient012,patient012_case01,IBC,IBC_patient015_0144.jpg,1,,off_target_fp,149,0,0.0,0.0,0.0,0.0,0,False
HYBRID_TALON,10,patient012,patient012_case01,IBC,IBC_patient015_0144.jpg,2,1.0,strong_75_plus,413,371,0.9661458333333334,0.8983050847457628,0.8983050847457628,0.8708920187793427,1,False
HYBRID_TALON,10,patient012,patient012_case01,IBC,IBC_patient015_0145.jpg,1,,off_target_fp,176,0,0.0,0.0,0.0,0.0,0,False
HYBRID_TALON,10,patient012,patient012_case01,IBC,IBC_patient015_0145.jpg,2,1.0,strong_75_plus,416,379,0.928921568627451,0.9110576923076923,0.9110576923076923,0.851685393258427,1,False
HYBRID_TALON,10,patient012,patient012_case01,IBC,IBC_patient015_0146.jpg,1,,off_target_fp,196,0,0.0,0.0,0.0,0.0,0,False
HYBRID_TALON,10,patient012,patient012_case01,IBC,IBC_patient015_0146.jpg,2,1.0,strong_75_plus,380,299,0.9462025316455697,0.7868421052631579,0.7868421052631579,0.7531486146095718,1,False
HYBRID_TALON,10,patient012,patient012_case01,IBC,IBC_patient015_0147.jpg,1,,off_target_fp,177,0,0.0,0.0,0.0,0.0,0,False
HYBRID_TALON,10,patient012,patient012_case01,IBC,IBC_patient015_0147.jpg,2,1.0,strong_75_plus,327,259,0.7708333333333334,0.7920489296636085,0.7708333333333334,0.6410891089108911,1,False
HYBRID_TALON,10,patient012,patient012_case01,IBC,IBC_patient015_0148.jpg,1,,off_target_fp,167,0,0.0,0.0,0.0,0.0,0,False
HYBRID_TALON,10,patient012,patient012_case01,IBC,IBC_patient015_0148.jpg,2,1.0,strong_75_plus,276,239,0.8298611111111112,0.8659420289855072,0.8298611111111112,0.7353846153846154,1,False
HYBRID_TALON,10,patient012,patient012_case01,IBC,IBC_patient015_0149.jpg,1,,off_target_fp,168,0,0.0,0.0,0.0,0.0,0,False
HYBRID_TALON,10,patient012,patient012_case01,IBC,IBC_patient015_0149.jpg,2,1.0,low_25_to_50,238,102,0.9444444444444444,0.42857142857142855,0.42857142857142855,0.4180327868852459,1,False
HYBRID_TALON,10,patient012,patient012_case01,IBC,IBC_patient015_0150.jpg,1,,off_target_fp,156,0,0.0,0.0,0.0,0.0,0,False
HYBRID_TALON,10,patient012,patient012_case01,IBC,IBC_patient015_0150.jpg,2,1.0,low_25_to_50,260,68,0.68,0.26153846153846155,0.26153846153846155,0.2328767123287671,1,False
HYBRID_TALON,10,patient017,patient017_case01,IGM,IGM_patient017_0054.jpg,1,,off_target_fp,37,0,0.0,0.0,0.0,0.0,0,False
HYBRID_TALON,10,patient017,patient017_case01,IGM,IGM_patient017_0055.jpg,1,,off_target_fp,32,0,0.0,0.0,0.0,0.0,0,False
HYBRID_TALON,10,patient017,patient017_case01,IGM,IGM_patient017_0056.jpg,1,1.0,moderate_50_to_75,138,96,0.8275862068965517,0.6956521739130435,0.6956521739130435,0.6075949367088608,1,False
HYBRID_TALON,10,patient017,patient017_case01,IGM,IGM_patient017_0056.jpg,2,,off_target_fp,12,0,0.0,0.0,0.0,0.0,0,False
HYBRID_TALON,10,patient017,patient017_case01,IGM,IGM_patient017_0057.jpg,1,,off_target_fp,30,0,0.0,0.0,0.0,0.0,0,False
HYBRID_TALON,10,patient017,patient017_case01,IGM,IGM_patient017_0057.jpg,2,,off_target_fp,87,0,0.0,0.0,0.0,0.0,0,False
HYBRID_TALON,10,patient017,patient017_case01,IGM,IGM_patient017_0057.jpg,3,,off_target_fp,32,0,0.0,0.0,0.0,0.0,0,False
HYBRID_TALON,10,patient017,patient017_case01,IGM,IGM_patient017_0057.jpg,4,1.0,moderate_50_to_75,176,125,0.946969696969697,0.7102272727272727,0.7102272727272727,0.6830601092896175,1,False
HYBRID_TALON,10,patient017,patient017_case01,IGM,IGM_patient017_0058.jpg,1,,off_target_fp,37,0,0.0,0.0,0.0,0.0,0,False
HYBRID_TALON,10,patient017,patient017_case01,IGM,IGM_patient017_0058.jpg,2,,off_target_fp,47,0,0.0,0.0,0.0,0.0,0,False
HYBRID_TALON,10,patient017,patient017_case01,IGM,IGM_patient017_0058.jpg,3,1.0,moderate_50_to_75,223,145,0.9539473684210527,0.6502242152466368,0.6502242152466368,0.6304347826086957,1,False
HYBRID_TALON,10,patient017,patient017_case01,IGM,IGM_patient017_0059.jpg,1,,off_target_fp,11,0,0.0,0.0,0.0,0.0,0,False
HYBRID_TALON,10,patient017,patient017_case01,IGM,IGM_patient017_0059.jpg,2,1.0,moderate_50_to_75,237,134,0.9571428571428572,0.5654008438818565,0.5654008438818565,0.551440329218107,1,False
HYBRID_TALON,10,patient017,patient017_case01,IGM,IGM_patient017_0060.jpg,1,1.0,low_25_to_50,201,157,0.4845679012345679,0.7810945273631841,0.4845679012345679,0.4266304347826087,1,False
HYBRID_TALON,10,patient017,patient017_case01,IGM,IGM_patient017_0061.jpg,1,,off_target_fp,82,0,0.0,0.0,0.0,0.0,0,False
HYBRID_TALON,10,patient017,patient017_case01,IGM,IGM_patient017_0061.jpg,2,,off_target_fp,46,0,0.0,0.0,0.0,0.0,0,False
HYBRID_TALON,10,patient017,patient017_case01,IGM,IGM_patient017_0061.jpg,3,1.0,moderate_50_to_75,218,143,0.9407894736842105,0.6559633027522935,0.6559633027522935,0.6299559471365639,2,True
HYBRID_TALON,10,patient017,patient017_case01,IGM,IGM_patient017_0062.jpg,1,1.0,moderate_50_to_75,195,181,0.5801282051282052,0.9282051282051282,0.5801282051282052,0.5552147239263804,1,False
HYBRID_TALON,10,patient017,patient017_case01,IGM,IGM_patient017_0063.jpg,1,,off_target_fp,18,0,0.0,0.0,0.0,0.0,0,False
HYBRID_TALON,10,patient017,patient017_case01,IGM,IGM_patient017_0063.jpg,2,1.0,low_25_to_50,92,81,0.2977941176470588,0.8804347826086957,0.2977941176470588,0.2862190812720848,1,False
HYBRID_TALON,10,patient017,patient017_case01,IGM,IGM_patient017_0063.jpg,3,1.0,partial_below_25,60,23,0.08455882352941177,0.38333333333333336,0.08455882352941177,0.0744336569579288,1,False
HYBRID_TALON,10,patient017,patient017_case01,IGM,IGM_patient017_0064.jpg,1,,off_target_fp,27,0,0.0,0.0,0.0,0.0,0,False
HYBRID_TALON,10,patient017,patient017_case01,IGM,IGM_patient017_0064.jpg,2,,off_target_fp,14,0,0.0,0.0,0.0,0.0,0,False
HYBRID_TALON,10,patient017,patient017_case01,IGM,IGM_patient017_0064.jpg,3,,off_target_fp,10,0,0.0,0.0,0.0,0.0,0,False
HYBRID_TALON,10,patient017,patient017_case01,IGM,IGM_patient017_0065.jpg,1,,off_target_fp,143,0,0.0,0.0,0.0,0.0,0,False
HYBRID_TALON,10,patient017,patient017_case01,IGM,IGM_patient017_0067.jpg,1,,off_target_fp,14,0,0.0,0.0,0.0,0.0,0,False
HYBRID_TALON,10,patient025,patient025_case01,IBC,IBC_patient021_0061.jpg,1,1.0,strong_75_plus,104,90,0.9782608695652174,0.8653846153846154,0.8653846153846154,0.8490566037735849,1,False
HYBRID_TALON,10,patient025,patient025_case01,IBC,IBC_patient021_0061.jpg,2,,off_target_fp,23,0,0.0,0.0,0.0,0.0,0,False
HYBRID_TALON,10,patient025,patient025_case01,IBC,IBC_patient021_0062.jpg,1,1.0,strong_75_plus,158,149,0.8869047619047619,0.9430379746835443,0.8869047619047619,0.8418079096045198,1,False
HYBRID_TALON,10,patient025,patient025_case01,IBC,IBC_patient021_0063.jpg,1,1.0,strong_75_plus,202,196,0.9245283018867925,0.9702970297029703,0.9245283018867925,0.8990825688073395,1,False
HYBRID_TALON,10,patient025,patient025_case01,IBC,IBC_patient021_0064.jpg,1,1.0,strong_75_plus,241,234,0.8863636363636364,0.970954356846473,0.8863636363636364,0.8634686346863468,1,False
HYBRID_TALON,10,patient025,patient025_case01,IBC,IBC_patient021_0065.jpg,1,1.0,strong_75_plus,276,233,0.9395161290322581,0.8442028985507246,0.8442028985507246,0.8006872852233677,1,False
HYBRID_TALON,10,patient025,patient025_case01,IBC,IBC_patient021_0065.jpg,2,,off_target_fp,65,0,0.0,0.0,0.0,0.0,0,False
HYBRID_TALON,10,patient025,patient025_case01,IBC,IBC_patient021_0066.jpg,1,,off_target_fp,176,0,0.0,0.0,0.0,0.0,0,False
HYBRID_TALON,10,patient025,patient025_case01,IBC,IBC_patient021_0066.jpg,2,,off_target_fp,11,0,0.0,0.0,0.0,0.0,0,False
HYBRID_TALON,10,patient025,patient025_case01,IBC,IBC_patient021_0066.jpg,3,1.0,strong_75_plus,170,161,0.8563829787234043,0.9470588235294117,0.8563829787234043,0.817258883248731,1,False
HYBRID_TALON,10,patient025,patient025_case01,IBC,IBC_patient021_0067.jpg,1,,off_target_fp,146,0,0.0,0.0,0.0,0.0,0,False
HYBRID_TALON,10,patient025,patient025_case01,IBC,IBC_patient021_0067.jpg,2,1.0,strong_75_plus,71,62,0.8611111111111112,0.8732394366197183,0.8611111111111112,0.7654320987654321,1,False
HYBRID_TALON,10,patient024,patient024_case01,IGM,IGM_patient021_0042.jpg,1,1.0,partial_below_25,11,11,0.16176470588235295,1.0,0.16176470588235295,0.16176470588235295,1,False
HYBRID_TALON,10,patient024,patient024_case01,IGM,IGM_patient021_0042.jpg,2,,off_target_fp,120,0,0.0,0.0,0.0,0.0,0,False
HYBRID_TALON,10,patient024,patient024_case01,IGM,IGM_patient021_0043.jpg,1,,off_target_fp,116,0,0.0,0.0,0.0,0.0,0,False
HYBRID_TALON,10,patient024,patient024_case01,IGM,IGM_patient021_0043.jpg,2,1.0,low_25_to_50,256,124,0.8857142857142857,0.484375,0.484375,0.45588235294117646,1,False
HYBRID_TALON,10,patient024,patient024_case01,IGM,IGM_patient021_0044.jpg,1,,off_target_fp,137,0,0.0,0.0,0.0,0.0,0,False
HYBRID_TALON,10,patient024,patient024_case01,IGM,IGM_patient021_0044.jpg,2,1.0,moderate_50_to_75,216,158,0.8586956521739131,0.7314814814814815,0.7314814814814815,0.6528925619834711,1,False
HYBRID_TALON,10,patient024,patient024_case01,IGM,IGM_patient021_0045.jpg,1,,off_target_fp,140,0,0.0,0.0,0.0,0.0,0,False
HYBRID_TALON,10,patient024,patient024_case01,IGM,IGM_patient021_0045.jpg,2,1.0,strong_75_plus,225,217,0.889344262295082,0.9644444444444444,0.889344262295082,0.8611111111111112,1,False
HYBRID_TALON,10,patient024,patient024_case01,IGM,IGM_patient021_0046.jpg,1,,off_target_fp,99,0,0.0,0.0,0.0,0.0,0,False
HYBRID_TALON,10,patient024,patient024_case01,IGM,IGM_patient021_0046.jpg,2,1.0,low_25_to_50,118,117,0.4717741935483871,0.9915254237288136,0.4717741935483871,0.46987951807228917,1,False
HYBRID_TALON,10,patient024,patient024_case01,IGM,IGM_patient021_0046.jpg,3,,off_target_fp,117,0,0.0,0.0,0.0,0.0,0,False
HYBRID_TALON,10,patient024,patient024_case01,IGM,IGM_patient021_0047.jpg,1,,off_target_fp,87,0,0.0,0.0,0.0,0.0,0,False
HYBRID_TALON,10,patient024,patient024_case01,IGM,IGM_patient021_0047.jpg,2,1.0,partial_below_25,55,55,0.2330508474576271,1.0,0.2330508474576271,0.2330508474576271,1,False
HYBRID_TALON,10,patient024,patient024_case01,IGM,IGM_patient021_0047.jpg,3,,off_target_fp,120,0,0.0,0.0,0.0,0.0,0,False
HYBRID_TALON,10,patient024,patient024_case01,IGM,IGM_patient021_0048.jpg,1,,off_target_fp,83,0,0.0,0.0,0.0,0.0,0,False
HYBRID_TALON,10,patient024,patient024_case01,IGM,IGM_patient021_0048.jpg,2,1.0,strong_75_plus,193,178,0.89,0.9222797927461139,0.89,0.827906976744186,1,False
HYBRID_TALON,10,patient024,patient024_case01,IGM,IGM_patient021_0048.jpg,3,,off_target_fp,41,0,0.0,0.0,0.0,0.0,0,False
HYBRID_TALON,10,patient024,patient024_case01,IGM,IGM_patient021_0049.jpg,1,,off_target_fp,78,0,0.0,0.0,0.0,0.0,0,False
HYBRID_TALON,10,patient024,patient024_case01,IGM,IGM_patient021_0049.jpg,2,1.0,strong_75_plus,181,148,0.9487179487179487,0.8176795580110497,0.8176795580110497,0.783068783068783,1,False
HYBRID_TALON,10,patient024,patient024_case01,IGM,IGM_patient021_0050.jpg,1,,off_target_fp,71,0,0.0,0.0,0.0,0.0,0,False
HYBRID_TALON,10,patient024,patient024_case01,IGM,IGM_patient021_0050.jpg,2,1.0,moderate_50_to_75,56,56,0.5833333333333334,1.0,0.5833333333333334,0.5833333333333334,1,False
HYBRID_TALON,10,patient027,patient027_case01,IBC,IBC_patient022_0068.jpg,1,,off_target_fp,113,0,0.0,0.0,0.0,0.0,0,False
HYBRID_TALON,10,patient027,patient027_case01,IBC,IBC_patient022_0068.jpg,2,,off_target_fp,27,0,0.0,0.0,0.0,0.0,0,False
HYBRID_TALON,10,patient027,patient027_case01,IBC,IBC_patient022_0068.jpg,3,,off_target_fp,107,0,0.0,0.0,0.0,0.0,0,False
HYBRID_TALON,10,patient027,patient027_case01,IBC,IBC_patient022_0068.jpg,4,,off_target_fp,20,0,0.0,0.0,0.0,0.0,0,False
HYBRID_TALON,10,patient027,patient027_case01,IBC,IBC_patient022_0069.jpg,1,1.0,partial_below_25,10,10,0.11363636363636363,1.0,0.11363636363636363,0.11363636363636363,1,False
HYBRID_TALON,10,patient027,patient027_case01,IBC,IBC_patient022_0069.jpg,2,,off_target_fp,95,0,0.0,0.0,0.0,0.0,0,False
HYBRID_TALON,10,patient027,patient027_case01,IBC,IBC_patient022_0069.jpg,3,,off_target_fp,67,0,0.0,0.0,0.0,0.0,0,False
HYBRID_TALON,10,patient027,patient027_case01,IBC,IBC_patient022_0069.jpg,4,,off_target_fp,108,0,0.0,0.0,0.0,0.0,0,False
HYBRID_TALON,10,patient027,patient027_case01,IBC,IBC_patient022_0069.jpg,5,,off_target_fp,102,0,0.0,0.0,0.0,0.0,0,False
HYBRID_TALON,10,patient027,patient027_case01,IBC,IBC_patient022_0070.jpg,1,1.0,moderate_50_to_75,104,77,0.5661764705882353,0.7403846153846154,0.5661764705882353,0.4723926380368098,1,False
HYBRID_TALON,10,patient027,patient027_case01,IBC,IBC_patient022_0070.jpg,2,,off_target_fp,12,0,0.0,0.0,0.0,0.0,0,False
HYBRID_TALON,10,patient027,patient027_case01,IBC,IBC_patient022_0070.jpg,3,,off_target_fp,82,0,0.0,0.0,0.0,0.0,0,False
HYBRID_TALON,10,patient027,patient027_case01,IBC,IBC_patient022_0070.jpg,4,,off_target_fp,72,0,0.0,0.0,0.0,0.0,0,False
HYBRID_TALON,10,patient027,patient027_case01,IBC,IBC_patient022_0070.jpg,5,,off_target_fp,148,0,0.0,0.0,0.0,0.0,0,False
HYBRID_TALON,10,patient027,patient027_case01,IBC,IBC_patient022_0071.jpg,1,1.0,moderate_50_to_75,169,118,0.7763157894736842,0.6982248520710059,0.6982248520710059,0.5812807881773399,1,False
HYBRID_TALON,10,patient027,patient027_case01,IBC,IBC_patient022_0071.jpg,2,,off_target_fp,44,0,0.0,0.0,0.0,0.0,0,False
HYBRID_TALON,10,patient027,patient027_case01,IBC,IBC_patient022_0071.jpg,3,,off_target_fp,71,0,0.0,0.0,0.0,0.0,0,False
HYBRID_TALON,10,patient027,patient027_case01,IBC,IBC_patient022_0071.jpg,4,,off_target_fp,97,0,0.0,0.0,0.0,0.0,0,False
HYBRID_TALON,10,patient027,patient027_case01,IBC,IBC_patient022_0072.jpg,1,1.0,moderate_50_to_75,180,131,0.9632352941176471,0.7277777777777777,0.7277777777777777,0.7081081081081081,1,False
HYBRID_TALON,10,patient027,patient027_case01,IBC,IBC_patient022_0072.jpg,2,,off_target_fp,26,0,0.0,0.0,0.0,0.0,0,False
HYBRID_TALON,10,patient027,patient027_case01,IBC,IBC_patient022_0073.jpg,1,1.0,moderate_50_to_75,113,74,0.8809523809523809,0.6548672566371682,0.6548672566371682,0.6016260162601627,1,False
HYBRID_TALON,10,patient027,patient027_case01,IBC,IBC_patient022_0073.jpg,2,,off_target_fp,13,0,0.0,0.0,0.0,0.0,0,False
HYBRID_TALON,10,patient027,patient027_case01,IBC,IBC_patient022_0073.jpg,3,,off_target_fp,75,0,0.0,0.0,0.0,0.0,0,False
HYBRID_TALON,10,patient027,patient027_case01,IBC,IBC_patient022_0074.jpg,1,,off_target_fp,11,0,0.0,0.0,0.0,0.0,0,False
HYBRID_TALON,10,patient027,patient027_case01,IBC,IBC_patient022_0074.jpg,2,,off_target_fp,174,0,0.0,0.0,0.0,0.0,0,False
HYBRID_TALON,10,patient026,patient026_case01,IGM,IGM_patient022_0054.jpg,1,1.0,strong_75_plus,100,94,0.8703703703703703,0.94,0.8703703703703703,0.8245614035087719,1,False
HYBRID_TALON,10,patient026,patient026_case01,IGM,IGM_patient022_0055.jpg,1,1.0,strong_75_plus,184,170,0.9239130434782609,0.9239130434782609,0.9239130434782609,0.8585858585858586,1,False
HYBRID_TALON,10,patient026,patient026_case01,IGM,IGM_patient022_0055.jpg,2,,off_target_fp,90,0,0.0,0.0,0.0,0.0,0,False
HYBRID_TALON,10,patient026,patient026_case01,IGM,IGM_patient022_0056.jpg,1,1.0,strong_75_plus,205,186,0.93,0.9073170731707317,0.9073170731707317,0.8493150684931506,1,False
HYBRID_TALON,10,patient026,patient026_case01,IGM,IGM_patient022_0056.jpg,2,,off_target_fp,129,0,0.0,0.0,0.0,0.0,0,False
HYBRID_TALON,10,patient026,patient026_case01,IGM,IGM_patient022_0057.jpg,1,1.0,strong_75_plus,184,167,0.9277777777777778,0.907608695652174,0.907608695652174,0.8477157360406091,1,False
HYBRID_TALON,10,patient026,patient026_case01,IGM,IGM_patient022_0057.jpg,2,,off_target_fp,145,0,0.0,0.0,0.0,0.0,0,False
HYBRID_TALON,10,patient026,patient026_case01,IGM,IGM_patient022_0057.jpg,3,,off_target_fp,13,0,0.0,0.0,0.0,0.0,0,False
HYBRID_TALON,10,patient026,patient026_case01,IGM,IGM_patient022_0058.jpg,1,1.0,moderate_50_to_75,71,68,0.6538461538461539,0.9577464788732394,0.6538461538461539,0.6355140186915887,1,False
HYBRID_TALON,10,patient026,patient026_case01,IGM,IGM_patient022_0058.jpg,2,,off_target_fp,113,0,0.0,0.0,0.0,0.0,0,False
HYBRID_TALON,10,patient026,patient026_case01,IGM,IGM_patient022_0059.jpg,1,,off_target_fp,25,0,0.0,0.0,0.0,0.0,0,False
HYBRID_TALON,10,patient026,patient026_case01,IGM,IGM_patient022_0059.jpg,2,,off_target_fp,73,0,0.0,0.0,0.0,0.0,0,False
HYBRID_TALON,10,patient031,patient031_case01,IGM,IGM_patient026_0052.jpg,1,1.0,partial_below_25,40,37,0.22560975609756098,0.925,0.22560975609756098,0.2215568862275449,1,False
HYBRID_TALON,10,patient031,patient031_case01,IGM,IGM_patient026_0053.jpg,1,1.0,strong_75_plus,87,68,0.9444444444444444,0.7816091954022989,0.7816091954022989,0.7472527472527473,1,False
HYBRID_TALON,10,patient031,patient031_case01,IGM,IGM_patient026_0053.jpg,2,,off_target_fp,10,0,0.0,0.0,0.0,0.0,0,False
HYBRID_TALON,10,patient031,patient031_case01,IGM,IGM_patient026_0053.jpg,3,,off_target_fp,51,0,0.0,0.0,0.0,0.0,0,False
HYBRID_TALON,10,patient031,patient031_case01,IGM,IGM_patient026_0053.jpg,4,,off_target_fp,31,0,0.0,0.0,0.0,0.0,0,False
HYBRID_TALON,10,patient031,patient031_case01,IGM,IGM_patient026_0054.jpg,1,1.0,strong_75_plus,106,99,0.825,0.9339622641509434,0.825,0.7795275590551181,1,False
HYBRID_TALON,10,patient031,patient031_case01,IGM,IGM_patient026_0054.jpg,2,,off_target_fp,11,0,0.0,0.0,0.0,0.0,0,False
HYBRID_TALON,10,patient031,patient031_case01,IGM,IGM_patient026_0054.jpg,3,,off_target_fp,12,0,0.0,0.0,0.0,0.0,0,False
HYBRID_TALON,10,patient031,patient031_case01,IGM,IGM_patient026_0055.jpg,1,1.0,moderate_50_to_75,58,47,0.6911764705882353,0.8103448275862069,0.6911764705882353,0.5949367088607594,1,False
HYBRID_TALON,10,patient031,patient031_case01,IGM,IGM_patient026_0055.jpg,2,,off_target_fp,22,0,0.0,0.0,0.0,0.0,0,False
HYBRID_TALON,10,patient031,patient031_case01,IGM,IGM_patient026_0056.jpg,1,1.0,moderate_50_to_75,37,36,0.5,0.972972972972973,0.5,0.4931506849315068,1,False
HYBRID_TALON,10,patient031,patient031_case01,IGM,IGM_patient026_0056.jpg,2,,off_target_fp,110,0,0.0,0.0,0.0,0.0,0,False
HYBRID_TALON,10,patient031,patient031_case01,IGM,IGM_patient026_0057.jpg,1,1.0,low_25_to_50,22,20,0.45454545454545453,0.9090909090909091,0.45454545454545453,0.43478260869565216,1,False
HYBRID_TALON,10,patient031,patient031_case01,IGM,IGM_patient026_0057.jpg,2,,off_target_fp,136,0,0.0,0.0,0.0,0.0,0,False
HYBRID_TALON,10,patient031,patient031_case01,IGM,IGM_patient026_0058.jpg,1,1.0,low_25_to_50,28,26,0.4642857142857143,0.9285714285714286,0.4642857142857143,0.4482758620689655,1,False
HYBRID_TALON,10,patient031,patient031_case01,IGM,IGM_patient026_0058.jpg,2,,off_target_fp,10,0,0.0,0.0,0.0,0.0,0,False
HYBRID_TALON,10,patient031,patient031_case01,IGM,IGM_patient026_0058.jpg,3,,off_target_fp,132,0,0.0,0.0,0.0,0.0,0,False
HYBRID_TALON,10,patient031,patient031_case01,IGM,IGM_patient026_0059.jpg,1,,off_target_fp,216,0,0.0,0.0,0.0,0.0,0,False
HYBRID_TALON,10,patient031,patient031_case01,IGM,IGM_patient026_0059.jpg,2,,off_target_fp,178,0,0.0,0.0,0.0,0.0,0,False
HYBRID_TALON,10,patient037,patient037_case01,IBC,IBC_patient029_0158.jpg,1,1.0,low_25_to_50,27,22,0.25,0.8148148148148148,0.25,0.23655913978494625,1,False
HYBRID_TALON,10,patient037,patient037_case01,IBC,IBC_patient029_0158.jpg,2,,off_target_fp,47,0,0.0,0.0,0.0,0.0,0,False
HYBRID_TALON,10,patient037,patient037_case01,IBC,IBC_patient029_0159.jpg,1,1.0,low_25_to_50,196,81,0.7232142857142857,0.413265306122449,0.413265306122449,0.3568281938325991,1,False
HYBRID_TALON,10,patient037,patient037_case01,IBC,IBC_patient029_0160.jpg,1,1.0,low_25_to_50,246,118,0.7972972972972973,0.4796747967479675,0.4796747967479675,0.427536231884058,1,False
HYBRID_TALON,10,patient037,patient037_case01,IBC,IBC_patient029_0161.jpg,1,1.0,moderate_50_to_75,189,133,0.875,0.7037037037037037,0.7037037037037037,0.6394230769230769,1,False
HYBRID_TALON,10,patient037,patient037_case01,IBC,IBC_patient029_0161.jpg,2,,off_target_fp,64,0,0.0,0.0,0.0,0.0,0,False
HYBRID_TALON,10,patient037,patient037_case01,IBC,IBC_patient029_0162.jpg,1,1.0,strong_75_plus,192,160,0.851063829787234,0.8333333333333334,0.8333333333333334,0.7272727272727273,1,False
HYBRID_TALON,10,patient037,patient037_case01,IBC,IBC_patient029_0162.jpg,2,,off_target_fp,62,0,0.0,0.0,0.0,0.0,0,False
HYBRID_TALON,10,patient037,patient037_case01,IBC,IBC_patient029_0163.jpg,1,1.0,strong_75_plus,190,148,0.8604651162790697,0.7789473684210526,0.7789473684210526,0.6915887850467289,1,False
HYBRID_TALON,10,patient037,patient037_case01,IBC,IBC_patient029_0163.jpg,2,,off_target_fp,59,0,0.0,0.0,0.0,0.0,0,False
HYBRID_TALON,10,patient037,patient037_case01,IBC,IBC_patient029_0164.jpg,1,1.0,moderate_50_to_75,173,109,0.9083333333333333,0.630057803468208,0.630057803468208,0.592391304347826,1,False
HYBRID_TALON,10,patient037,patient037_case01,IBC,IBC_patient029_0164.jpg,2,,off_target_fp,25,0,0.0,0.0,0.0,0.0,0,False
HYBRID_TALON,10,patient037,patient037_case01,IBC,IBC_patient029_0165.jpg,1,,off_target_fp,105,0,0.0,0.0,0.0,0.0,0,False
HYBRID_TALON,10,patient037,patient037_case01,IBC,IBC_patient029_0165.jpg,2,1.0,moderate_50_to_75,130,71,0.8452380952380952,0.5461538461538461,0.5461538461538461,0.4965034965034965,1,False
HYBRID_TALON,10,patient037,patient037_case01,IBC,IBC_patient029_0166.jpg,1,,off_target_fp,252,0,0.0,0.0,0.0,0.0,0,False
HYBRID_TALON,10,patient037,patient037_case01,IBC,IBC_patient029_0166.jpg,2,1.0,low_25_to_50,83,27,0.75,0.3253012048192771,0.3253012048192771,0.29347826086956524,1,False
HYBRID_TALON,10,patient037,patient037_case01,IBC,IBC_patient029_0166.jpg,3,,off_target_fp,13,0,0.0,0.0,0.0,0.0,0,False
HYBRID_TALON,10,patient051,patient051_case01,IBC,IBC_patient037_0098.jpg,1,,off_target_fp,77,0,0.0,0.0,0.0,0.0,0,False
HYBRID_TALON,10,patient051,patient051_case01,IBC,IBC_patient037_0098.jpg,2,,off_target_fp,116,0,0.0,0.0,0.0,0.0,0,False
HYBRID_TALON,10,patient051,patient051_case01,IBC,IBC_patient037_0098.jpg,3,,off_target_fp,30,0,0.0,0.0,0.0,0.0,0,False
HYBRID_TALON,10,patient051,patient051_case01,IBC,IBC_patient037_0099.jpg,1,1.0,moderate_50_to_75,64,60,0.7142857142857143,0.9375,0.7142857142857143,0.6818181818181818,1,False
HYBRID_TALON,10,patient051,patient051_case01,IBC,IBC_patient037_0099.jpg,2,,off_target_fp,152,0,0.0,0.0,0.0,0.0,0,False
HYBRID_TALON,10,patient051,patient051_case01,IBC,IBC_patient037_0099.jpg,3,,off_target_fp,25,0,0.0,0.0,0.0,0.0,0,False
HYBRID_TALON,10,patient051,patient051_case01,IBC,IBC_patient037_0100.jpg,1,1.0,strong_75_plus,158,145,0.7880434782608695,0.9177215189873418,0.7880434782608695,0.7360406091370558,1,False
HYBRID_TALON,10,patient051,patient051_case01,IBC,IBC_patient037_0100.jpg,2,,off_target_fp,176,0,0.0,0.0,0.0,0.0,0,False
HYBRID_TALON,10,patient051,patient051_case01,IBC,IBC_patient037_0100.jpg,3,,off_target_fp,11,0,0.0,0.0,0.0,0.0,0,False
HYBRID_TALON,10,patient051,patient051_case01,IBC,IBC_patient037_0101.jpg,1,1.0,strong_75_plus,236,221,0.8911290322580645,0.9364406779661016,0.8911290322580645,0.8403041825095057,1,False
HYBRID_TALON,10,patient051,patient051_case01,IBC,IBC_patient037_0101.jpg,2,,off_target_fp,190,0,0.0,0.0,0.0,0.0,0,False
HYBRID_TALON,10,patient051,patient051_case01,IBC,IBC_patient037_0101.jpg,3,,off_target_fp,11,0,0.0,0.0,0.0,0.0,0,False
HYBRID_TALON,10,patient051,patient051_case01,IBC,IBC_patient037_0102.jpg,1,1.0,strong_75_plus,358,336,0.9032258064516129,0.9385474860335196,0.9032258064516129,0.8527918781725888,1,False
HYBRID_TALON,10,patient051,patient051_case01,IBC,IBC_patient037_0102.jpg,2,,off_target_fp,186,0,0.0,0.0,0.0,0.0,0,False
HYBRID_TALON,10,patient051,patient051_case01,IBC,IBC_patient037_0102.jpg,3,,off_target_fp,24,0,0.0,0.0,0.0,0.0,0,False
HYBRID_TALON,10,patient051,patient051_case01,IBC,IBC_patient037_0103.jpg,1,1.0,strong_75_plus,430,395,0.9228971962616822,0.9186046511627907,0.9186046511627907,0.8531317494600432,1,False
HYBRID_TALON,10,patient051,patient051_case01,IBC,IBC_patient037_0103.jpg,2,,off_target_fp,174,0,0.0,0.0,0.0,0.0,0,False
HYBRID_TALON,10,patient051,patient051_case01,IBC,IBC_patient037_0103.jpg,3,,off_target_fp,48,0,0.0,0.0,0.0,0.0,0,False
HYBRID_TALON,10,patient051,patient051_case01,IBC,IBC_patient037_0104.jpg,1,1.0,strong_75_plus,494,467,0.8912213740458015,0.9453441295546559,0.8912213740458015,0.8475499092558983,1,False
HYBRID_TALON,10,patient051,patient051_case01,IBC,IBC_patient037_0104.jpg,2,,off_target_fp,112,0,0.0,0.0,0.0,0.0,0,False
HYBRID_TALON,10,patient051,patient051_case01,IBC,IBC_patient037_0104.jpg,3,,off_target_fp,36,0,0.0,0.0,0.0,0.0,0,False
HYBRID_TALON,10,patient051,patient051_case01,IBC,IBC_patient037_0105.jpg,1,1.0,strong_75_plus,564,506,0.9301470588235294,0.8971631205673759,0.8971631205673759,0.840531561461794,1,False
HYBRID_TALON,10,patient051,patient051_case01,IBC,IBC_patient037_0105.jpg,2,,off_target_fp,65,0,0.0,0.0,0.0,0.0,0,False
HYBRID_TALON,10,patient051,patient051_case01,IBC,IBC_patient037_0105.jpg,3,,off_target_fp,35,0,0.0,0.0,0.0,0.0,0,False
HYBRID_TALON,10,patient051,patient051_case01,IBC,IBC_patient037_0106.jpg,1,1.0,strong_75_plus,608,551,0.9370748299319728,0.90625,0.90625,0.8542635658914729,1,False
HYBRID_TALON,10,patient051,patient051_case01,IBC,IBC_patient037_0106.jpg,2,,off_target_fp,46,0,0.0,0.0,0.0,0.0,0,False
HYBRID_TALON,10,patient051,patient051_case01,IBC,IBC_patient037_0106.jpg,3,,off_target_fp,66,0,0.0,0.0,0.0,0.0,0,False
HYBRID_TALON,10,patient051,patient051_case01,IBC,IBC_patient037_0107.jpg,1,1.0,strong_75_plus,641,589,0.9561688311688312,0.9188767550702028,0.9188767550702028,0.8817365269461078,1,False
HYBRID_TALON,10,patient051,patient051_case01,IBC,IBC_patient037_0107.jpg,2,,off_target_fp,48,0,0.0,0.0,0.0,0.0,0,False
HYBRID_TALON,10,patient051,patient051_case01,IBC,IBC_patient037_0107.jpg,3,,off_target_fp,90,0,0.0,0.0,0.0,0.0,0,False
HYBRID_TALON,10,patient051,patient051_case01,IBC,IBC_patient037_0108.jpg,1,1.0,strong_75_plus,695,628,0.9631901840490797,0.9035971223021583,0.9035971223021583,0.8734353268428373,1,False
HYBRID_TALON,10,patient051,patient051_case01,IBC,IBC_patient037_0108.jpg,2,,off_target_fp,100,0,0.0,0.0,0.0,0.0,0,False
HYBRID_TALON,10,patient051,patient051_case01,IBC,IBC_patient037_0109.jpg,1,1.0,strong_75_plus,723,616,0.9390243902439024,0.8520055325034578,0.8520055325034578,0.8073394495412844,1,False
HYBRID_TALON,10,patient051,patient051_case01,IBC,IBC_patient037_0109.jpg,2,,off_target_fp,99,0,0.0,0.0,0.0,0.0,0,False
HYBRID_TALON,10,patient051,patient051_case01,IBC,IBC_patient037_0110.jpg,1,1.0,strong_75_plus,685,620,0.9117647058823529,0.9051094890510949,0.9051094890510949,0.8322147651006712,1,False
HYBRID_TALON,10,patient051,patient051_case01,IBC,IBC_patient037_0110.jpg,2,,off_target_fp,62,0,0.0,0.0,0.0,0.0,0,False
HYBRID_TALON,10,patient051,patient051_case01,IBC,IBC_patient037_0110.jpg,3,,off_target_fp,15,0,0.0,0.0,0.0,0.0,0,False
HYBRID_TALON,10,patient051,patient051_case01,IBC,IBC_patient037_0111.jpg,1,1.0,strong_75_plus,663,614,0.9654088050314465,0.9260935143288085,0.9260935143288085,0.8963503649635036,1,False
HYBRID_TALON,10,patient051,patient051_case01,IBC,IBC_patient037_0111.jpg,2,,off_target_fp,63,0,0.0,0.0,0.0,0.0,0,False
HYBRID_TALON,10,patient051,patient051_case01,IBC,IBC_patient037_0112.jpg,1,1.0,strong_75_plus,644,543,0.9696428571428571,0.843167701863354,0.843167701863354,0.8214826021180031,1,False
HYBRID_TALON,10,patient051,patient051_case01,IBC,IBC_patient037_0112.jpg,2,,off_target_fp,58,0,0.0,0.0,0.0,0.0,0,False
HYBRID_TALON,10,patient051,patient051_case01,IBC,IBC_patient037_0113.jpg,1,1.0,strong_75_plus,644,507,0.990234375,0.7872670807453416,0.7872670807453416,0.7812018489984591,1,False
HYBRID_TALON,10,patient051,patient051_case01,IBC,IBC_patient037_0113.jpg,2,,off_target_fp,48,0,0.0,0.0,0.0,0.0,0,False
HYBRID_TALON,10,patient051,patient051_case01,IBC,IBC_patient037_0114.jpg,1,1.0,moderate_50_to_75,650,420,1.0,0.6461538461538462,0.6461538461538462,0.6461538461538462,1,False
HYBRID_TALON,10,patient051,patient051_case01,IBC,IBC_patient037_0114.jpg,2,,off_target_fp,49,0,0.0,0.0,0.0,0.0,0,False
HYBRID_TALON,10,patient051,patient051_case01,IBC,IBC_patient037_0115.jpg,1,1.0,moderate_50_to_75,602,354,0.9725274725274725,0.5880398671096345,0.5880398671096345,0.5784313725490197,1,False
HYBRID_TALON,10,patient051,patient051_case01,IBC,IBC_patient037_0115.jpg,2,,off_target_fp,39,0,0.0,0.0,0.0,0.0,0,False
HYBRID_TALON,10,patient051,patient051_case01,IBC,IBC_patient037_0115.jpg,3,,off_target_fp,27,0,0.0,0.0,0.0,0.0,0,False
HYBRID_TALON,10,patient051,patient051_case01,IBC,IBC_patient037_0116.jpg,1,1.0,moderate_50_to_75,483,322,0.9817073170731707,0.6666666666666666,0.6666666666666666,0.6584867075664622,1,False
HYBRID_TALON,10,patient051,patient051_case01,IBC,IBC_patient037_0116.jpg,2,,off_target_fp,22,0,0.0,0.0,0.0,0.0,0,False
HYBRID_TALON,10,patient051,patient051_case01,IBC,IBC_patient037_0116.jpg,3,,off_target_fp,45,0,0.0,0.0,0.0,0.0,0,False
HYBRID_TALON,10,patient051,patient051_case01,IBC,IBC_patient037_0117.jpg,1,1.0,strong_75_plus,388,301,0.9647435897435898,0.7757731958762887,0.7757731958762887,0.7543859649122807,1,False
HYBRID_TALON,10,patient051,patient051_case01,IBC,IBC_patient037_0117.jpg,2,,off_target_fp,30,0,0.0,0.0,0.0,0.0,0,False
HYBRID_TALON,10,patient051,patient051_case01,IBC,IBC_patient037_0117.jpg,3,,off_target_fp,42,0,0.0,0.0,0.0,0.0,0,False
HYBRID_TALON,10,patient051,patient051_case01,IBC,IBC_patient037_0118.jpg,1,1.0,low_25_to_50,342,167,0.9940476190476191,0.48830409356725146,0.48830409356725146,0.4868804664723032,1,False
HYBRID_TALON,10,patient051,patient051_case01,IBC,IBC_patient037_0118.jpg,2,,off_target_fp,41,0,0.0,0.0,0.0,0.0,0,False
HYBRID_TALON,10,patient051,patient051_case01,IBC,IBC_patient037_0118.jpg,3,,off_target_fp,80,0,0.0,0.0,0.0,0.0,0,False
HYBRID_TALON,10,patient051,patient051_case01,IBC,IBC_patient037_0119.jpg,1,1.0,low_25_to_50,304,88,1.0,0.2894736842105263,0.2894736842105263,0.2894736842105263,1,False
HYBRID_TALON,10,patient051,patient051_case01,IBC,IBC_patient037_0119.jpg,2,,off_target_fp,28,0,0.0,0.0,0.0,0.0,0,False
HYBRID_TALON,10,patient051,patient051_case01,IBC,IBC_patient037_0119.jpg,3,,off_target_fp,80,0,0.0,0.0,0.0,0.0,0,False
HYBRID_TALON,10,patient051,patient051_case01,IBC,IBC_patient037_0120.jpg,1,1.0,low_25_to_50,96,32,0.7272727272727273,0.3333333333333333,0.3333333333333333,0.2962962962962963,1,False
HYBRID_TALON,10,patient051,patient051_case01,IBC,IBC_patient037_0120.jpg,2,,off_target_fp,19,0,0.0,0.0,0.0,0.0,0,False
HYBRID_TALON,10,patient051,patient051_case01,IBC,IBC_patient037_0120.jpg,3,,off_target_fp,10,0,0.0,0.0,0.0,0.0,0,False
HYBRID_TALON,10,patient060,patient060_case01,IBC,IBC_patient041_0070.jpg,1,1.0,low_25_to_50,37,37,0.25,1.0,0.25,0.25,1,False
HYBRID_TALON,10,patient060,patient060_case01,IBC,IBC_patient041_0076.jpg,1,,off_target_fp,31,0,0.0,0.0,0.0,0.0,0,False
HYBRID_TALON,10,patient060,patient060_case01,IBC,IBC_patient041_0077.jpg,1,1.0,moderate_50_to_75,118,116,0.7073170731707317,0.9830508474576272,0.7073170731707317,0.6987951807228916,1,False
HYBRID_TALON,10,patient060,patient060_case01,IBC,IBC_patient041_0078.jpg,1,,off_target_fp,74,0,0.0,0.0,0.0,0.0,0,False
HYBRID_TALON,10,patient060,patient060_case01,IBC,IBC_patient041_0078.jpg,2,1.0,strong_75_plus,148,147,0.8546511627906976,0.9932432432432432,0.8546511627906976,0.8497109826589595,1,False
HYBRID_TALON,10,patient060,patient060_case01,IBC,IBC_patient041_0079.jpg,1,,off_target_fp,85,0,0.0,0.0,0.0,0.0,0,False
HYBRID_TALON,10,patient060,patient060_case01,IBC,IBC_patient041_0079.jpg,2,,off_target_fp,24,0,0.0,0.0,0.0,0.0,0,False
HYBRID_TALON,10,patient060,patient060_case01,IBC,IBC_patient041_0083.jpg,1,,off_target_fp,25,0,0.0,0.0,0.0,0.0,0,False
HYBRID_TALON,10,patient060,patient060_case01,IBC,IBC_patient041_0084.jpg,1,,off_target_fp,15,0,0.0,0.0,0.0,0.0,0,False
HYBRID_TALON,10,patient060,patient060_case01,IBC,IBC_patient041_0084.jpg,2,,off_target_fp,27,0,0.0,0.0,0.0,0.0,0,False
HYBRID_TALON,10,patient061,patient061_case01,IGM,IGM_patient041_0063.jpg,1,,off_target_fp,363,0,0.0,0.0,0.0,0.0,0,False
HYBRID_TALON,10,patient061,patient061_case01,IGM,IGM_patient041_0064.jpg,1,,off_target_fp,261,0,0.0,0.0,0.0,0.0,0,False
HYBRID_TALON,10,patient061,patient061_case01,IGM,IGM_patient041_0065.jpg,1,1.0,moderate_50_to_75,213,209,0.653125,0.9812206572769953,0.653125,0.6450617283950617,1,False
HYBRID_TALON,10,patient061,patient061_case01,IGM,IGM_patient041_0066.jpg,1,1.0,moderate_50_to_75,323,311,0.713302752293578,0.9628482972136223,0.713302752293578,0.6941964285714286,1,False
HYBRID_TALON,10,patient061,patient061_case01,IGM,IGM_patient041_0067.jpg,1,,off_target_fp,21,0,0.0,0.0,0.0,0.0,0,False
HYBRID_TALON,10,patient061,patient061_case01,IGM,IGM_patient041_0067.jpg,2,1.0,strong_75_plus,418,371,0.8207964601769911,0.8875598086124402,0.8207964601769911,0.7434869739478958,1,False
HYBRID_TALON,10,patient061,patient061_case01,IGM,IGM_patient041_0068.jpg,1,1.0,strong_75_plus,424,373,0.8400900900900901,0.8797169811320755,0.8400900900900901,0.7535353535353535,1,False
HYBRID_TALON,10,patient061,patient061_case01,IGM,IGM_patient041_0069.jpg,1,1.0,moderate_50_to_75,287,250,0.6313131313131313,0.8710801393728222,0.6313131313131313,0.5773672055427251,1,False
HYBRID_TALON,10,patient061,patient061_case01,IGM,IGM_patient041_0070.jpg,1,1.0,moderate_50_to_75,149,146,0.5214285714285715,0.9798657718120806,0.5214285714285715,0.5159010600706714,1,False
HYBRID_TALON,10,patient061,patient061_case01,IGM,IGM_patient041_0071.jpg,1,,off_target_fp,49,0,0.0,0.0,0.0,0.0,0,False
HYBRID_TALON,10,patient061,patient061_case01,IGM,IGM_patient041_0071.jpg,2,1.0,low_25_to_50,92,86,0.43,0.9347826086956522,0.43,0.4174757281553398,1,False
HYBRID_TALON,10,patient066,patient066_case01,IBC,IBC_patient044_0049.jpg,1,1.0,partial_below_25,13,13,0.1625,1.0,0.1625,0.1625,1,False
HYBRID_TALON,10,patient066,patient066_case01,IBC,IBC_patient044_0050.jpg,1,1.0,moderate_50_to_75,166,165,0.7236842105263158,0.9939759036144579,0.7236842105263158,0.7205240174672489,1,False
HYBRID_TALON,10,patient066,patient066_case01,IBC,IBC_patient044_0051.jpg,1,1.0,strong_75_plus,253,228,0.8769230769230769,0.9011857707509882,0.8769230769230769,0.8,1,False
HYBRID_TALON,10,patient066,patient066_case01,IBC,IBC_patient044_0052.jpg,1,1.0,strong_75_plus,286,255,0.9107142857142857,0.8916083916083916,0.8916083916083916,0.819935691318328,1,False
HYBRID_TALON,10,patient066,patient066_case01,IBC,IBC_patient044_0052.jpg,2,,off_target_fp,28,0,0.0,0.0,0.0,0.0,0,False
HYBRID_TALON,10,patient066,patient066_case01,IBC,IBC_patient044_0053.jpg,1,1.0,strong_75_plus,213,181,0.9427083333333334,0.8497652582159625,0.8497652582159625,0.8080357142857143,1,False
HYBRID_TALON,10,patient066,patient066_case01,IBC,IBC_patient044_0053.jpg,2,,off_target_fp,36,0,0.0,0.0,0.0,0.0,0,False
HYBRID_TALON,10,patient066,patient066_case01,IBC,IBC_patient044_0054.jpg,1,,off_target_fp,21,0,0.0,0.0,0.0,0.0,0,False
HYBRID_TALON,10,patient070,patient070_case01,IBC,IBC_patient046_0057.jpg,1,1.0,strong_75_plus,125,107,0.9553571428571429,0.856,0.856,0.823076923076923,1,False
HYBRID_TALON,10,patient070,patient070_case01,IBC,IBC_patient046_0058.jpg,1,,off_target_fp,24,0,0.0,0.0,0.0,0.0,0,False
HYBRID_TALON,10,patient070,patient070_case01,IBC,IBC_patient046_0058.jpg,2,1.0,strong_75_plus,172,136,0.9714285714285714,0.7906976744186046,0.7906976744186046,0.7727272727272727,1,False
HYBRID_TALON,10,patient070,patient070_case01,IBC,IBC_patient046_0058.jpg,3,,off_target_fp,101,0,0.0,0.0,0.0,0.0,0,False
HYBRID_TALON,10,patient070,patient070_case01,IBC,IBC_patient046_0059.jpg,1,,off_target_fp,56,0,0.0,0.0,0.0,0.0,0,False
HYBRID_TALON,10,patient070,patient070_case01,IBC,IBC_patient046_0059.jpg,2,1.0,strong_75_plus,164,127,0.9921875,0.774390243902439,0.774390243902439,0.7696969696969697,1,False
HYBRID_TALON,10,patient070,patient070_case01,IBC,IBC_patient046_0059.jpg,3,,off_target_fp,103,0,0.0,0.0,0.0,0.0,0,False
HYBRID_TALON,10,patient070,patient070_case01,IBC,IBC_patient046_0060.jpg,1,1.0,strong_75_plus,105,101,0.8416666666666667,0.9619047619047619,0.8416666666666667,0.8145161290322581,1,False
HYBRID_TALON,10,patient070,patient070_case01,IBC,IBC_patient046_0061.jpg,1,,off_target_fp,45,0,0.0,0.0,0.0,0.0,0,False
HYBRID_TALON,10,patient070,patient070_case01,IBC,IBC_patient046_0061.jpg,2,1.0,partial_below_25,23,21,0.12804878048780488,0.9130434782608695,0.12804878048780488,0.12650602409638553,1,False
HYBRID_TALON,10,patient070,patient070_case01,IBC,IBC_patient046_0062.jpg,1,,off_target_fp,94,0,0.0,0.0,0.0,0.0,0,False
HYBRID_TALON,10,patient070,patient070_case01,IBC,IBC_patient046_0062.jpg,2,1.0,low_25_to_50,54,54,0.313953488372093,1.0,0.313953488372093,0.313953488372093,1,False
HYBRID_TALON,10,patient070,patient070_case01,IBC,IBC_patient046_0063.jpg,1,,off_target_fp,96,0,0.0,0.0,0.0,0.0,0,False
HYBRID_TALON,10,patient070,patient070_case01,IBC,IBC_patient046_0063.jpg,2,,off_target_fp,42,0,0.0,0.0,0.0,0.0,0,False
HYBRID_TALON,10,patient070,patient070_case01,IBC,IBC_patient046_0063.jpg,3,1.0,partial_below_25,22,22,0.21153846153846154,1.0,0.21153846153846154,0.21153846153846154,1,False
HYBRID_TALON,10,patient070,patient070_case01,IBC,IBC_patient046_0063.jpg,4,,off_target_fp,30,0,0.0,0.0,0.0,0.0,0,False
HYBRID_TALON,10,patient070,patient070_case01,IBC,IBC_patient046_0067.jpg,1,1.0,moderate_50_to_75,135,135,0.5443548387096774,1.0,0.5443548387096774,0.5443548387096774,1,False
HYBRID_TALON,10,patient070,patient070_case01,IBC,IBC_patient046_0067.jpg,2,,off_target_fp,82,0,0.0,0.0,0.0,0.0,0,False
HYBRID_TALON,10,patient070,patient070_case01,IBC,IBC_patient046_0068.jpg,1,1.0,strong_75_plus,291,244,0.9104477611940298,0.8384879725085911,0.8384879725085911,0.7746031746031746,1,False
HYBRID_TALON,10,patient070,patient070_case01,IBC,IBC_patient046_0068.jpg,2,,off_target_fp,57,0,0.0,0.0,0.0,0.0,0,False
HYBRID_TALON,10,patient070,patient070_case01,IBC,IBC_patient046_0069.jpg,1,,off_target_fp,33,0,0.0,0.0,0.0,0.0,0,False
HYBRID_TALON,10,patient070,patient070_case01,IBC,IBC_patient046_0069.jpg,2,1.0,strong_75_plus,303,253,0.9730769230769231,0.834983498349835,0.834983498349835,0.8161290322580645,1,False
HYBRID_TALON,10,patient070,patient070_case01,IBC,IBC_patient046_0069.jpg,3,,off_target_fp,24,0,0.0,0.0,0.0,0.0,0,False
HYBRID_TALON,10,patient070,patient070_case01,IBC,IBC_patient046_0070.jpg,1,,off_target_fp,61,0,0.0,0.0,0.0,0.0,0,False
HYBRID_TALON,10,patient070,patient070_case01,IBC,IBC_patient046_0070.jpg,2,1.0,strong_75_plus,185,176,0.8301886792452831,0.9513513513513514,0.8301886792452831,0.7963800904977375,1,False
HYBRID_TALON,10,patient070,patient070_case01,IBC,IBC_patient046_0071.jpg,1,,off_target_fp,79,0,0.0,0.0,0.0,0.0,0,False
HYBRID_TALON,10,patient070,patient070_case01,IBC,IBC_patient046_0071.jpg,2,1.0,partial_below_25,16,16,0.16,1.0,0.16,0.16,1,False
HYBRID_TALON,10,patient072,patient072_case01,IBC,IBC_patient047_0052.jpg,1,,off_target_fp,969,0,0.0,0.0,0.0,0.0,0,False
HYBRID_TALON,10,patient072,patient072_case01,IBC,IBC_patient047_0053.jpg,1,,off_target_fp,674,0,0.0,0.0,0.0,0.0,0,False
HYBRID_TALON,10,patient072,patient072_case01,IBC,IBC_patient047_0053.jpg,2,1.0,strong_75_plus,208,203,0.8055555555555556,0.9759615384615384,0.8055555555555556,0.7898832684824902,1,False
HYBRID_TALON,10,patient072,patient072_case01,IBC,IBC_patient047_0054.jpg,1,,off_target_fp,298,0,0.0,0.0,0.0,0.0,0,False
HYBRID_TALON,10,patient072,patient072_case01,IBC,IBC_patient047_0054.jpg,2,1.0,strong_75_plus,412,401,0.842436974789916,0.9733009708737864,0.842436974789916,0.8234086242299795,1,False
HYBRID_TALON,10,patient072,patient072_case01,IBC,IBC_patient047_0055.jpg,1,,off_target_fp,27,0,0.0,0.0,0.0,0.0,0,False
HYBRID_TALON,10,patient072,patient072_case01,IBC,IBC_patient047_0055.jpg,2,1.0,moderate_50_to_75,464,442,0.6993670886075949,0.9525862068965517,0.6993670886075949,0.6758409785932722,1,False
HYBRID_TALON,10,patient072,patient072_case01,IBC,IBC_patient047_0056.jpg,1,,off_target_fp,52,0,0.0,0.0,0.0,0.0,0,False
HYBRID_TALON,10,patient072,patient072_case01,IBC,IBC_patient047_0056.jpg,2,1.0,moderate_50_to_75,440,439,0.6097222222222223,0.9977272727272727,0.6097222222222223,0.608876560332871,1,False
HYBRID_TALON,10,patient072,patient072_case01,IBC,IBC_patient047_0057.jpg,1,1.0,moderate_50_to_75,502,336,0.7368421052631579,0.6693227091633466,0.6693227091633466,0.5401929260450161,1,False
HYBRID_TALON,10,patient072,patient072_case01,IBC,IBC_patient047_0058.jpg,1,1.0,low_25_to_50,267,133,0.25775193798449614,0.49812734082397003,0.25775193798449614,0.20461538461538462,1,False
HYBRID_TALON,10,patient072,patient072_case01,IBC,IBC_patient047_0058.jpg,2,1.0,low_25_to_50,242,227,0.43992248062015504,0.9380165289256198,0.43992248062015504,0.4274952919020716,1,False
HYBRID_TALON,10,patient072,patient072_case01,IBC,IBC_patient047_0059.jpg,1,,off_target_fp,133,0,0.0,0.0,0.0,0.0,0,False
HYBRID_TALON,10,patient072,patient072_case01,IBC,IBC_patient047_0059.jpg,2,,off_target_fp,116,0,0.0,0.0,0.0,0.0,0,False
HYBRID_TALON,10,patient072,patient072_case01,IBC,IBC_patient047_0059.jpg,3,1.0,moderate_50_to_75,131,130,0.7222222222222222,0.9923664122137404,0.7222222222222222,0.7182320441988951,1,False
HYBRID_TALON,10,patient074,patient074_case01,IGM,IGM_patient048_0034.jpg,1,,off_target_fp,312,0,0.0,0.0,0.0,0.0,0,False
HYBRID_TALON,10,patient074,patient074_case01,IGM,IGM_patient048_0035.jpg,1,,off_target_fp,219,0,0.0,0.0,0.0,0.0,0,False
HYBRID_TALON,10,patient074,patient074_case01,IGM,IGM_patient048_0035.jpg,2,,off_target_fp,34,0,0.0,0.0,0.0,0.0,0,False
HYBRID_TALON,10,patient074,patient074_case01,IGM,IGM_patient048_0036.jpg,1,1.0,moderate_50_to_75,101,93,0.7265625,0.9207920792079208,0.7265625,0.6838235294117647,1,False
HYBRID_TALON,10,patient074,patient074_case01,IGM,IGM_patient048_0036.jpg,2,,off_target_fp,214,0,0.0,0.0,0.0,0.0,0,False
HYBRID_TALON,10,patient074,patient074_case01,IGM,IGM_patient048_0037.jpg,1,1.0,moderate_50_to_75,204,185,0.7459677419354839,0.9068627450980392,0.7459677419354839,0.6928838951310862,1,False
HYBRID_TALON,10,patient074,patient074_case01,IGM,IGM_patient048_0037.jpg,2,,off_target_fp,116,0,0.0,0.0,0.0,0.0,0,False
HYBRID_TALON,10,patient074,patient074_case01,IGM,IGM_patient048_0040.jpg,1,1.0,strong_75_plus,161,122,0.8714285714285714,0.7577639751552795,0.7577639751552795,0.6815642458100558,1,False
HYBRID_TALON,10,patient074,patient074_case01,IGM,IGM_patient048_0040.jpg,2,,off_target_fp,180,0,0.0,0.0,0.0,0.0,0,False
HYBRID_TALON,10,patient074,patient074_case01,IGM,IGM_patient048_0041.jpg,1,,off_target_fp,109,0,0.0,0.0,0.0,0.0,0,False
HYBRID_TALON,10,patient074,patient074_case01,IGM,IGM_patient048_0041.jpg,2,1.0,strong_75_plus,127,102,0.75,0.8031496062992126,0.75,0.6335403726708074,1,False
HYBRID_TALON,10,patient074,patient074_case01,IGM,IGM_patient048_0041.jpg,3,,off_target_fp,193,0,0.0,0.0,0.0,0.0,0,False
HYBRID_TALON,10,patient074,patient074_case01,IGM,IGM_patient048_0042.jpg,1,1.0,low_25_to_50,395,164,1.0,0.4151898734177215,0.4151898734177215,0.4151898734177215,1,False
HYBRID_TALON,10,patient074,patient074_case01,IGM,IGM_patient048_0042.jpg,2,,off_target_fp,51,0,0.0,0.0,0.0,0.0,0,False
HYBRID_TALON,10,patient074,patient074_case01,IGM,IGM_patient048_0043.jpg,1,1.0,low_25_to_50,412,166,0.9431818181818182,0.4029126213592233,0.4029126213592233,0.3933649289099526,1,False
HYBRID_TALON,10,patient074,patient074_case01,IGM,IGM_patient048_0043.jpg,2,,off_target_fp,34,0,0.0,0.0,0.0,0.0,0,False
HYBRID_TALON,10,patient074,patient074_case01,IGM,IGM_patient048_0043.jpg,3,,off_target_fp,84,0,0.0,0.0,0.0,0.0,0,False
HYBRID_TALON,10,patient074,patient074_case01,IGM,IGM_patient048_0044.jpg,1,1.0,strong_75_plus,216,163,0.7688679245283019,0.7546296296296297,0.7546296296296297,0.6150943396226415,1,False
HYBRID_TALON,10,patient074,patient074_case01,IGM,IGM_patient048_0044.jpg,2,,off_target_fp,36,0,0.0,0.0,0.0,0.0,0,False
HYBRID_TALON,10,patient074,patient074_case01,IGM,IGM_patient048_0044.jpg,3,,off_target_fp,12,0,0.0,0.0,0.0,0.0,0,False
HYBRID_TALON,10,patient074,patient074_case01,IGM,IGM_patient048_0044.jpg,4,,off_target_fp,64,0,0.0,0.0,0.0,0.0,0,False
HYBRID_TALON,10,patient074,patient074_case01,IGM,IGM_patient048_0044.jpg,5,,off_target_fp,18,0,0.0,0.0,0.0,0.0,0,False
HYBRID_TALON,10,patient074,patient074_case01,IGM,IGM_patient048_0045.jpg,1,1.0,strong_75_plus,250,190,0.8962264150943396,0.76,0.76,0.6985294117647058,1,False
HYBRID_TALON,10,patient074,patient074_case01,IGM,IGM_patient048_0045.jpg,2,,off_target_fp,12,0,0.0,0.0,0.0,0.0,0,False
HYBRID_TALON,10,patient074,patient074_case01,IGM,IGM_patient048_0046.jpg,1,1.0,strong_75_plus,412,310,0.9935897435897436,0.7524271844660194,0.7524271844660194,0.748792270531401,1,False
HYBRID_TALON,10,patient074,patient074_case01,IGM,IGM_patient048_0046.jpg,2,,off_target_fp,41,0,0.0,0.0,0.0,0.0,0,False
HYBRID_TALON,10,patient074,patient074_case01,IGM,IGM_patient048_0047.jpg,1,1.0,strong_75_plus,523,408,0.9902912621359223,0.780114722753346,0.780114722753346,0.7741935483870968,1,False
HYBRID_TALON,10,patient074,patient074_case01,IGM,IGM_patient048_0047.jpg,2,,off_target_fp,15,0,0.0,0.0,0.0,0.0,0,False
HYBRID_TALON,10,patient074,patient074_case01,IGM,IGM_patient048_0048.jpg,1,,off_target_fp,75,0,0.0,0.0,0.0,0.0,0,False
HYBRID_TALON,10,patient074,patient074_case01,IGM,IGM_patient048_0048.jpg,2,1.0,strong_75_plus,623,468,0.9669421487603306,0.7512038523274478,0.7512038523274478,0.7323943661971831,1,False
HYBRID_TALON,10,patient074,patient074_case01,IGM,IGM_patient048_0049.jpg,1,,off_target_fp,132,0,0.0,0.0,0.0,0.0,0,False
HYBRID_TALON,10,patient074,patient074_case01,IGM,IGM_patient048_0049.jpg,2,1.0,strong_75_plus,673,550,0.9963768115942029,0.8172362555720654,0.8172362555720654,0.8148148148148148,1,False
HYBRID_TALON,10,patient074,patient074_case01,IGM,IGM_patient048_0050.jpg,1,1.0,strong_75_plus,646,534,0.9888888888888889,0.826625386996904,0.826625386996904,0.8190184049079755,1,False
HYBRID_TALON,10,patient074,patient074_case01,IGM,IGM_patient048_0051.jpg,1,1.0,strong_75_plus,451,381,0.9621212121212122,0.844789356984479,0.844789356984479,0.8175965665236051,1,False
HYBRID_TALON,10,patient074,patient074_case01,IGM,IGM_patient048_0051.jpg,2,,off_target_fp,61,0,0.0,0.0,0.0,0.0,0,False
HYBRID_TALON,10,patient083,patient083_case01,IGM,IGM_patient052_0059.jpg,1,1.0,strong_75_plus,102,87,0.87,0.8529411764705882,0.8529411764705882,0.7565217391304347,1,False
HYBRID_TALON,10,patient083,patient083_case01,IGM,IGM_patient052_0059.jpg,2,,off_target_fp,73,0,0.0,0.0,0.0,0.0,0,False
HYBRID_TALON,10,patient083,patient083_case01,IGM,IGM_patient052_0060.jpg,1,1.0,moderate_50_to_75,152,129,0.7329545454545454,0.8486842105263158,0.7329545454545454,0.6482412060301508,1,False
HYBRID_TALON,10,patient083,patient083_case01,IGM,IGM_patient052_0061.jpg,1,1.0,strong_75_plus,211,193,0.8616071428571429,0.9146919431279621,0.8616071428571429,0.7975206611570248,1,False
HYBRID_TALON,10,patient083,patient083_case01,IGM,IGM_patient052_0061.jpg,2,,off_target_fp,13,0,0.0,0.0,0.0,0.0,0,False
HYBRID_TALON,10,patient083,patient083_case01,IGM,IGM_patient052_0062.jpg,1,1.0,strong_75_plus,266,232,0.90625,0.8721804511278195,0.8721804511278195,0.8,1,False
HYBRID_TALON,10,patient083,patient083_case01,IGM,IGM_patient052_0062.jpg,2,,off_target_fp,35,0,0.0,0.0,0.0,0.0,0,False
HYBRID_TALON,10,patient083,patient083_case01,IGM,IGM_patient052_0063.jpg,1,1.0,strong_75_plus,295,255,0.9514925373134329,0.864406779661017,0.864406779661017,0.827922077922078,1,False
HYBRID_TALON,10,patient083,patient083_case01,IGM,IGM_patient052_0063.jpg,2,,off_target_fp,96,0,0.0,0.0,0.0,0.0,0,False
HYBRID_TALON,10,patient083,patient083_case01,IGM,IGM_patient052_0064.jpg,1,1.0,strong_75_plus,292,250,0.9765625,0.8561643835616438,0.8561643835616438,0.8389261744966443,1,False
HYBRID_TALON,10,patient083,patient083_case01,IGM,IGM_patient052_0064.jpg,2,,off_target_fp,16,0,0.0,0.0,0.0,0.0,0,False
HYBRID_TALON,10,patient083,patient083_case01,IGM,IGM_patient052_0064.jpg,3,,off_target_fp,192,0,0.0,0.0,0.0,0.0,0,False
HYBRID_TALON,10,patient083,patient083_case01,IGM,IGM_patient052_0065.jpg,1,1.0,strong_75_plus,247,232,0.8923076923076924,0.9392712550607287,0.8923076923076924,0.8436363636363636,1,False
HYBRID_TALON,10,patient083,patient083_case01,IGM,IGM_patient052_0065.jpg,2,,off_target_fp,223,0,0.0,0.0,0.0,0.0,0,False
HYBRID_TALON,10,patient083,patient083_case01,IGM,IGM_patient052_0065.jpg,3,,off_target_fp,11,0,0.0,0.0,0.0,0.0,0,False
HYBRID_TALON,10,patient083,patient083_case01,IGM,IGM_patient052_0066.jpg,1,,off_target_fp,20,0,0.0,0.0,0.0,0.0,0,False
HYBRID_TALON,10,patient083,patient083_case01,IGM,IGM_patient052_0066.jpg,2,1.0,strong_75_plus,162,138,0.9324324324324325,0.8518518518518519,0.8518518518518519,0.8023255813953488,1,False
HYBRID_TALON,10,patient083,patient083_case01,IGM,IGM_patient052_0066.jpg,3,,off_target_fp,11,0,0.0,0.0,0.0,0.0,0,False
HYBRID_TALON,10,patient083,patient083_case01,IGM,IGM_patient052_0066.jpg,4,,off_target_fp,12,0,0.0,0.0,0.0,0.0,0,False
HYBRID_TALON,10,patient083,patient083_case01,IGM,IGM_patient052_0066.jpg,5,,off_target_fp,13,0,0.0,0.0,0.0,0.0,0,False
HYBRID_TALON,10,patient083,patient083_case01,IGM,IGM_patient052_0067.jpg,1,1.0,strong_75_plus,197,164,0.8913043478260869,0.8324873096446701,0.8324873096446701,0.7557603686635944,1,False
HYBRID_TALON,10,patient083,patient083_case01,IGM,IGM_patient052_0068.jpg,1,1.0,strong_75_plus,145,116,0.8529411764705882,0.8,0.8,0.703030303030303,1,False
HYBRID_TALON,10,patient083,patient083_case01,IGM,IGM_patient052_0068.jpg,2,,off_target_fp,38,0,0.0,0.0,0.0,0.0,0,False
HYBRID_TALON,10,patient083,patient083_case01,IGM,IGM_patient052_0068.jpg,3,,off_target_fp,13,0,0.0,0.0,0.0,0.0,0,False
HYBRID_TALON,10,patient083,patient083_case01,IGM,IGM_patient052_0069.jpg,1,1.0,strong_75_plus,188,154,0.9625,0.8191489361702128,0.8191489361702128,0.7938144329896907,1,False
HYBRID_TALON,10,patient083,patient083_case01,IGM,IGM_patient052_0070.jpg,1,1.0,strong_75_plus,188,147,0.9671052631578947,0.7819148936170213,0.7819148936170213,0.7616580310880829,1,False
HYBRID_TALON,10,patient083,patient083_case01,IGM,IGM_patient052_0070.jpg,2,,off_target_fp,40,0,0.0,0.0,0.0,0.0,0,False
HYBRID_TALON,10,patient083,patient083_case01,IGM,IGM_patient052_0071.jpg,1,1.0,strong_75_plus,174,145,0.9294871794871795,0.8333333333333334,0.8333333333333334,0.7837837837837838,1,False
HYBRID_TALON,10,patient083,patient083_case01,IGM,IGM_patient052_0071.jpg,2,,off_target_fp,10,0,0.0,0.0,0.0,0.0,0,False
HYBRID_TALON,10,patient083,patient083_case01,IGM,IGM_patient052_0071.jpg,3,,off_target_fp,75,0,0.0,0.0,0.0,0.0,0,False
HYBRID_TALON,10,patient083,patient083_case01,IGM,IGM_patient052_0072.jpg,1,1.0,moderate_50_to_75,128,109,0.7171052631578947,0.8515625,0.7171052631578947,0.6374269005847953,1,False
HYBRID_TALON,10,patient086,patient086_case01,IGM,IGM_patient053_0060.jpg,1,,off_target_fp,25,0,0.0,0.0,0.0,0.0,0,False
HYBRID_TALON,10,patient086,patient086_case01,IGM,IGM_patient053_0062.jpg,1,,off_target_fp,88,0,0.0,0.0,0.0,0.0,0,False
HYBRID_TALON,10,patient086,patient086_case01,IGM,IGM_patient053_0063.jpg,1,,off_target_fp,167,0,0.0,0.0,0.0,0.0,0,False
HYBRID_TALON,10,patient086,patient086_case01,IGM,IGM_patient053_0064.jpg,1,,off_target_fp,185,0,0.0,0.0,0.0,0.0,0,False
HYBRID_TALON,10,patient086,patient086_case01,IGM,IGM_patient053_0065.jpg,1,,off_target_fp,146,0,0.0,0.0,0.0,0.0,0,False
HYBRID_TALON,10,patient086,patient086_case01,IGM,IGM_patient053_0066.jpg,1,1.0,moderate_50_to_75,34,34,0.5,1.0,0.5,0.5,1,False
HYBRID_TALON,10,patient091,patient091_case01,IBC,IBC_patient056_0040.jpg,1,1.0,strong_75_plus,55,47,0.7833333333333333,0.8545454545454545,0.7833333333333333,0.6911764705882353,1,False
HYBRID_TALON,10,patient091,patient091_case01,IBC,IBC_patient056_0041.jpg,1,1.0,strong_75_plus,81,63,0.984375,0.7777777777777778,0.7777777777777778,0.7682926829268293,1,False
HYBRID_TALON,10,patient091,patient091_case01,IBC,IBC_patient056_0042.jpg,1,,off_target_fp,22,0,0.0,0.0,0.0,0.0,0,False
HYBRID_TALON,10,patient091,patient091_case01,IBC,IBC_patient056_0042.jpg,2,,off_target_fp,13,0,0.0,0.0,0.0,0.0,0,False
HYBRID_TALON,10,patient091,patient091_case01,IBC,IBC_patient056_0042.jpg,3,1.0,strong_75_plus,89,67,0.9852941176470589,0.7528089887640449,0.7528089887640449,0.7444444444444445,1,False
HYBRID_TALON,10,patient091,patient091_case01,IBC,IBC_patient056_0045.jpg,1,,off_target_fp,305,0,0.0,0.0,0.0,0.0,0,False
HYBRID_TALON,10,patient091,patient091_case01,IBC,IBC_patient056_0046.jpg,1,,off_target_fp,596,0,0.0,0.0,0.0,0.0,0,False
HYBRID_TALON,10,patient091,patient091_case01,IBC,IBC_patient056_0047.jpg,1,,off_target_fp,782,0,0.0,0.0,0.0,0.0,0,False
HYBRID_TALON,10,patient091,patient091_case01,IBC,IBC_patient056_0056.jpg,1,,off_target_fp,69,0,0.0,0.0,0.0,0.0,0,False
HYBRID_TALON,10,patient091,patient091_case01,IBC,IBC_patient056_0056.jpg,2,,off_target_fp,41,0,0.0,0.0,0.0,0.0,0,False
HYBRID_TALON,10,patient092,patient092_case01,IBC,IBC_patient057_0042.jpg,1,1.0,low_25_to_50,50,50,0.3472222222222222,1.0,0.3472222222222222,0.3472222222222222,1,False
HYBRID_TALON,10,patient092,patient092_case01,IBC,IBC_patient057_0043.jpg,1,,off_target_fp,41,0,0.0,0.0,0.0,0.0,0,False
HYBRID_TALON,10,patient092,patient092_case01,IBC,IBC_patient057_0043.jpg,2,1.0,strong_75_plus,249,226,0.773972602739726,0.9076305220883534,0.773972602739726,0.7174603174603175,1,False
HYBRID_TALON,10,patient092,patient092_case01,IBC,IBC_patient057_0044.jpg,1,,off_target_fp,46,0,0.0,0.0,0.0,0.0,0,False
HYBRID_TALON,10,patient092,patient092_case01,IBC,IBC_patient057_0044.jpg,2,,off_target_fp,34,0,0.0,0.0,0.0,0.0,0,False
HYBRID_TALON,10,patient092,patient092_case01,IBC,IBC_patient057_0044.jpg,3,1.0,strong_75_plus,285,235,0.762987012987013,0.8245614035087719,0.762987012987013,0.6564245810055865,1,False
HYBRID_TALON,10,patient092,patient092_case01,IBC,IBC_patient057_0045.jpg,1,,off_target_fp,17,0,0.0,0.0,0.0,0.0,0,False
HYBRID_TALON,10,patient092,patient092_case01,IBC,IBC_patient057_0045.jpg,2,1.0,strong_75_plus,402,356,0.8557692307692307,0.8855721393034826,0.8557692307692307,0.7705627705627706,1,False
HYBRID_TALON,10,patient092,patient092_case01,IBC,IBC_patient057_0046.jpg,1,1.0,strong_75_plus,427,399,0.9068181818181819,0.9344262295081968,0.9068181818181819,0.8525641025641025,1,False
HYBRID_TALON,10,patient092,patient092_case01,IBC,IBC_patient057_0047.jpg,1,1.0,strong_75_plus,347,330,0.9482758620689655,0.9510086455331412,0.9482758620689655,0.9041095890410958,1,False
HYBRID_TALON,10,patient092,patient092_case01,IBC,IBC_patient057_0048.jpg,1,1.0,strong_75_plus,211,211,0.8115384615384615,1.0,0.8115384615384615,0.8115384615384615,1,False
HYBRID_TALON,10,patient096,patient096_case01,IGM,IGM_patient006_0060.jpg,1,,off_target_fp,11,0,0.0,0.0,0.0,0.0,0,False
HYBRID_TALON,10,patient096,patient096_case01,IGM,IGM_patient006_0061.jpg,1,1.0,strong_75_plus,151,148,0.7708333333333334,0.9801324503311258,0.7708333333333334,0.7589743589743589,1,False
HYBRID_TALON,10,patient096,patient096_case01,IGM,IGM_patient006_0061.jpg,2,,off_target_fp,118,0,0.0,0.0,0.0,0.0,0,False
HYBRID_TALON,10,patient096,patient096_case01,IGM,IGM_patient006_0062.jpg,1,1.0,strong_75_plus,224,190,0.9313725490196079,0.8482142857142857,0.8482142857142857,0.7983193277310925,1,False
HYBRID_TALON,10,patient096,patient096_case01,IGM,IGM_patient006_0062.jpg,2,,off_target_fp,107,0,0.0,0.0,0.0,0.0,0,False
HYBRID_TALON,10,patient096,patient096_case01,IGM,IGM_patient006_0063.jpg,1,1.0,strong_75_plus,227,217,0.8346153846153846,0.9559471365638766,0.8346153846153846,0.8037037037037037,1,False
HYBRID_TALON,10,patient096,patient096_case01,IGM,IGM_patient006_0063.jpg,2,,off_target_fp,43,0,0.0,0.0,0.0,0.0,0,False
HYBRID_TALON,10,patient096,patient096_case01,IGM,IGM_patient006_0064.jpg,1,1.0,low_25_to_50,59,55,0.2925531914893617,0.9322033898305084,0.2925531914893617,0.2864583333333333,1,False
HYBRID_TALON,10,patient096,patient096_case01,IGM,IGM_patient006_0064.jpg,2,,off_target_fp,91,0,0.0,0.0,0.0,0.0,0,False
HYBRID_TALON,10,patient096,patient096_case01,IGM,IGM_patient006_0065.jpg,1,,off_target_fp,24,0,0.0,0.0,0.0,0.0,0,False
HYBRID_TALON,10,patient096,patient096_case01,IGM,IGM_patient006_0065.jpg,2,,off_target_fp,105,0,0.0,0.0,0.0,0.0,0,False
HYBRID_TALON,10,patient096,patient096_case01,IGM,IGM_patient006_0065.jpg,3,,off_target_fp,63,0,0.0,0.0,0.0,0.0,0,False
HYBRID_TALON,10,patient096,patient096_case01,IGM,IGM_patient006_0066.jpg,1,,off_target_fp,223,0,0.0,0.0,0.0,0.0,0,False
HYBRID_TALON,10,patient096,patient096_case01,IGM,IGM_patient006_0067.jpg,1,,off_target_fp,268,0,0.0,0.0,0.0,0.0,0,False
HYBRID_TALON,10,patient096,patient096_case01,IGM,IGM_patient006_0068.jpg,1,,off_target_fp,248,0,0.0,0.0,0.0,0.0,0,False
HYBRID_TALON,10,patient096,patient096_case01,IGM,IGM_patient006_0069.jpg,1,,off_target_fp,32,0,0.0,0.0,0.0,0.0,0,False
HYBRID_TALON,10,patient096,patient096_case01,IGM,IGM_patient006_0069.jpg,2,,off_target_fp,20,0,0.0,0.0,0.0,0.0,0,False
HYBRID_TALON,10,patient096,patient096_case01,IGM,IGM_patient006_0069.jpg,3,,off_target_fp,47,0,0.0,0.0,0.0,0.0,0,False
HYBRID_TALON,10,patient096,patient096_case01,IGM,IGM_patient006_0070.jpg,1,,off_target_fp,103,0,0.0,0.0,0.0,0.0,0,False
HYBRID_TALON,10,patient100,patient100_case01,IBC,IBC_patient008_0147.jpg,1,,off_target_fp,107,0,0.0,0.0,0.0,0.0,0,False
HYBRID_TALON,10,patient100,patient100_case01,IBC,IBC_patient008_0147.jpg,2,1.0,low_25_to_50,256,119,0.9916666666666667,0.46484375,0.46484375,0.46303501945525294,1,False
HYBRID_TALON,10,patient100,patient100_case01,IBC,IBC_patient008_0148.jpg,1,,off_target_fp,136,0,0.0,0.0,0.0,0.0,0,False
HYBRID_TALON,10,patient100,patient100_case01,IBC,IBC_patient008_0148.jpg,2,1.0,moderate_50_to_75,444,326,0.9702380952380952,0.7342342342342343,0.7342342342342343,0.7180616740088106,1,False
HYBRID_TALON,10,patient100,patient100_case01,IBC,IBC_patient008_0149.jpg,1,,off_target_fp,136,0,0.0,0.0,0.0,0.0,0,False
HYBRID_TALON,10,patient100,patient100_case01,IBC,IBC_patient008_0149.jpg,2,1.0,moderate_50_to_75,556,351,0.975,0.6312949640287769,0.6312949640287769,0.6212389380530974,1,False
HYBRID_TALON,10,patient100,patient100_case01,IBC,IBC_patient008_0150.jpg,1,,off_target_fp,126,0,0.0,0.0,0.0,0.0,0,False
HYBRID_TALON,10,patient100,patient100_case01,IBC,IBC_patient008_0150.jpg,2,1.0,moderate_50_to_75,679,449,0.9846491228070176,0.6612665684830633,0.6612665684830633,0.6545189504373178,1,False
HYBRID_TALON,10,patient100,patient100_case01,IBC,IBC_patient008_0151.jpg,1,,off_target_fp,121,0,0.0,0.0,0.0,0.0,0,False
HYBRID_TALON,10,patient100,patient100_case01,IBC,IBC_patient008_0151.jpg,2,1.0,moderate_50_to_75,711,476,0.9754098360655737,0.6694796061884669,0.6694796061884669,0.6583679114799447,1,False
HYBRID_TALON,10,patient100,patient100_case01,IBC,IBC_patient008_0152.jpg,1,,off_target_fp,118,0,0.0,0.0,0.0,0.0,0,False
HYBRID_TALON,10,patient100,patient100_case01,IBC,IBC_patient008_0152.jpg,2,1.0,moderate_50_to_75,608,454,0.908,0.7467105263157895,0.7467105263157895,0.6941896024464832,1,False
HYBRID_TALON,10,patient100,patient100_case01,IBC,IBC_patient008_0153.jpg,1,,off_target_fp,115,0,0.0,0.0,0.0,0.0,0,False
HYBRID_TALON,10,patient100,patient100_case01,IBC,IBC_patient008_0153.jpg,2,1.0,strong_75_plus,519,400,0.8264462809917356,0.7707129094412332,0.7707129094412332,0.6633499170812603,1,False
HYBRID_TALON,10,patient100,patient100_case01,IBC,IBC_patient008_0154.jpg,1,,off_target_fp,105,0,0.0,0.0,0.0,0.0,0,False
HYBRID_TALON,10,patient100,patient100_case01,IBC,IBC_patient008_0154.jpg,2,1.0,moderate_50_to_75,409,284,0.6120689655172413,0.6943765281173594,0.6120689655172413,0.48217317487266553,1,False
HYBRID_TALON,10,patient100,patient100_case01,IBC,IBC_patient008_0155.jpg,1,,off_target_fp,95,0,0.0,0.0,0.0,0.0,0,False
HYBRID_TALON,10,patient100,patient100_case01,IBC,IBC_patient008_0155.jpg,2,1.0,low_25_to_50,330,254,0.4601449275362319,0.7696969696969697,0.4601449275362319,0.40445859872611467,1,False
HYBRID_TALON,10,patient100,patient100_case01,IBC,IBC_patient008_0156.jpg,1,,off_target_fp,84,0,0.0,0.0,0.0,0.0,0,False
HYBRID_TALON,10,patient100,patient100_case01,IBC,IBC_patient008_0156.jpg,2,1.0,moderate_50_to_75,429,308,0.5923076923076923,0.717948717948718,0.5923076923076923,0.48049921996879874,1,False
HYBRID_TALON,10,patient100,patient100_case01,IBC,IBC_patient008_0157.jpg,1,,off_target_fp,73,0,0.0,0.0,0.0,0.0,0,False
HYBRID_TALON,10,patient100,patient100_case01,IBC,IBC_patient008_0157.jpg,2,,off_target_fp,11,0,0.0,0.0,0.0,0.0,0,False
HYBRID_TALON,10,patient100,patient100_case01,IBC,IBC_patient008_0157.jpg,3,1.0,strong_75_plus,570,480,0.8333333333333334,0.8421052631578947,0.8333333333333334,0.7207207207207207,1,False
HYBRID_TALON,10,patient100,patient100_case01,IBC,IBC_patient008_0158.jpg,1,,off_target_fp,53,0,0.0,0.0,0.0,0.0,0,False
HYBRID_TALON,10,patient100,patient100_case01,IBC,IBC_patient008_0158.jpg,2,,off_target_fp,213,0,0.0,0.0,0.0,0.0,0,False
HYBRID_TALON,10,patient100,patient100_case01,IBC,IBC_patient008_0158.jpg,3,1.0,strong_75_plus,567,482,0.9341085271317829,0.8500881834215167,0.8500881834215167,0.8019966722129783,1,False
HYBRID_TALON,10,patient100,patient100_case01,IBC,IBC_patient008_0159.jpg,1,,off_target_fp,34,0,0.0,0.0,0.0,0.0,0,False
HYBRID_TALON,10,patient100,patient100_case01,IBC,IBC_patient008_0159.jpg,2,,off_target_fp,391,0,0.0,0.0,0.0,0.0,0,False
HYBRID_TALON,10,patient100,patient100_case01,IBC,IBC_patient008_0159.jpg,3,1.0,strong_75_plus,476,446,0.7907801418439716,0.9369747899159664,0.7907801418439716,0.7508417508417509,1,False
HYBRID_TALON,10,patient100,patient100_case01,IBC,IBC_patient008_0160.jpg,1,,off_target_fp,444,0,0.0,0.0,0.0,0.0,0,False
HYBRID_TALON,10,patient100,patient100_case01,IBC,IBC_patient008_0160.jpg,2,1.0,low_25_to_50,170,158,0.29259259259259257,0.9294117647058824,0.29259259259259257,0.286231884057971,1,False
HYBRID_TALON,10,patient100,patient100_case01,IBC,IBC_patient008_0160.jpg,3,1.0,partial_below_25,57,57,0.10555555555555556,1.0,0.10555555555555556,0.10555555555555556,1,False
HYBRID_TALON,10,patient100,patient100_case01,IBC,IBC_patient008_0161.jpg,1,,off_target_fp,84,0,0.0,0.0,0.0,0.0,0,False
HYBRID_TALON,10,patient100,patient100_case01,IBC,IBC_patient008_0161.jpg,2,1.0,strong_75_plus,438,423,0.8886554621848739,0.9657534246575342,0.8886554621848739,0.8615071283095723,1,False
HYBRID_TALON,10,patient100,patient100_case01,IBC,IBC_patient008_0161.jpg,3,,off_target_fp,10,0,0.0,0.0,0.0,0.0,0,False
HYBRID_TALON,10,patient100,patient100_case01,IBC,IBC_patient008_0162.jpg,1,,off_target_fp,20,0,0.0,0.0,0.0,0.0,0,False
HYBRID_TALON,10,patient100,patient100_case01,IBC,IBC_patient008_0162.jpg,2,1.0,strong_75_plus,421,391,0.9490291262135923,0.9287410926365796,0.9287410926365796,0.8846153846153846,1,False
HYBRID_TALON,10,patient100,patient100_case01,IBC,IBC_patient008_0162.jpg,3,,off_target_fp,23,0,0.0,0.0,0.0,0.0,0,False
HYBRID_TALON,10,patient100,patient100_case01,IBC,IBC_patient008_0163.jpg,1,1.0,strong_75_plus,379,323,0.938953488372093,0.8522427440633246,0.8522427440633246,0.8075,1,False
HYBRID_TALON,10,patient100,patient100_case01,IBC,IBC_patient008_0163.jpg,2,,off_target_fp,18,0,0.0,0.0,0.0,0.0,0,False
HYBRID_TALON,10,patient100,patient100_case01,IBC,IBC_patient008_0164.jpg,1,,off_target_fp,17,0,0.0,0.0,0.0,0.0,0,False
HYBRID_TALON,10,patient100,patient100_case01,IBC,IBC_patient008_0164.jpg,2,,off_target_fp,12,0,0.0,0.0,0.0,0.0,0,False
HYBRID_TALON,10,patient100,patient100_case01,IBC,IBC_patient008_0164.jpg,3,1.0,strong_75_plus,339,300,0.9615384615384616,0.8849557522123894,0.8849557522123894,0.8547008547008547,1,False
HYBRID_TALON,10,patient100,patient100_case01,IBC,IBC_patient008_0165.jpg,1,,off_target_fp,72,0,0.0,0.0,0.0,0.0,0,False
HYBRID_TALON,10,patient100,patient100_case01,IBC,IBC_patient008_0165.jpg,2,1.0,strong_75_plus,296,255,0.9239130434782609,0.8614864864864865,0.8614864864864865,0.804416403785489,1,False
HYBRID_TALON,10,patient100,patient100_case01,IBC,IBC_patient008_0166.jpg,1,,off_target_fp,18,0,0.0,0.0,0.0,0.0,0,False
HYBRID_TALON,10,patient100,patient100_case01,IBC,IBC_patient008_0166.jpg,2,1.0,strong_75_plus,255,217,0.96875,0.8509803921568627,0.8509803921568627,0.8282442748091603,1,False
HYBRID_TALON,10,patient100,patient100_case01,IBC,IBC_patient008_0167.jpg,1,,off_target_fp,540,0,0.0,0.0,0.0,0.0,0,False
HYBRID_TALON,10,patient100,patient100_case01,IBC,IBC_patient008_0167.jpg,2,1.0,strong_75_plus,205,167,0.9488636363636364,0.8146341463414634,0.8146341463414634,0.780373831775701,1,False
HYBRID_TALON,10,patient100,patient100_case01,IBC,IBC_patient008_0168.jpg,1,,off_target_fp,542,0,0.0,0.0,0.0,0.0,0,False
HYBRID_TALON,10,patient100,patient100_case01,IBC,IBC_patient008_0168.jpg,2,1.0,moderate_50_to_75,167,121,0.9758064516129032,0.7245508982035929,0.7245508982035929,0.711764705882353,1,False
HYBRID_TALON,10,patient100,patient100_case01,IBC,IBC_patient008_0168.jpg,3,,off_target_fp,37,0,0.0,0.0,0.0,0.0,0,False
HYBRID_TALON,10,patient100,patient100_case01,IBC,IBC_patient008_0169.jpg,1,,off_target_fp,445,0,0.0,0.0,0.0,0.0,0,False
HYBRID_TALON,10,patient100,patient100_case01,IBC,IBC_patient008_0169.jpg,2,1.0,moderate_50_to_75,99,63,0.7159090909090909,0.6363636363636364,0.6363636363636364,0.5080645161290323,1,False
HYBRID_TALON,10,patient100,patient100_case01,IBC,IBC_patient008_0169.jpg,3,,off_target_fp,64,0,0.0,0.0,0.0,0.0,0,False
HYBRID_TALON,10,patient100,patient100_case01,IBC,IBC_patient008_0169.jpg,4,,off_target_fp,11,0,0.0,0.0,0.0,0.0,0,False
HYBRID_TALON,25,patient012,patient012_case01,IBC,IBC_patient015_0138.jpg,1,1.0,low_25_to_50,50,44,0.4782608695652174,0.88,0.4782608695652174,0.4489795918367347,1,False
HYBRID_TALON,25,patient012,patient012_case01,IBC,IBC_patient015_0139.jpg,1,1.0,strong_75_plus,117,112,0.8,0.9572649572649573,0.8,0.7724137931034483,1,False
HYBRID_TALON,25,patient012,patient012_case01,IBC,IBC_patient015_0139.jpg,2,,off_target_fp,38,0,0.0,0.0,0.0,0.0,0,False
HYBRID_TALON,25,patient012,patient012_case01,IBC,IBC_patient015_0140.jpg,1,1.0,strong_75_plus,190,164,0.8723404255319149,0.8631578947368421,0.8631578947368421,0.7663551401869159,1,False
HYBRID_TALON,25,patient012,patient012_case01,IBC,IBC_patient015_0140.jpg,2,,off_target_fp,52,0,0.0,0.0,0.0,0.0,0,False
HYBRID_TALON,25,patient012,patient012_case01,IBC,IBC_patient015_0141.jpg,1,1.0,moderate_50_to_75,297,222,0.9568965517241379,0.7474747474747475,0.7474747474747475,0.7231270358306189,1,False
HYBRID_TALON,25,patient012,patient012_case01,IBC,IBC_patient015_0142.jpg,1,,off_target_fp,52,0,0.0,0.0,0.0,0.0,0,False
HYBRID_TALON,25,patient012,patient012_case01,IBC,IBC_patient015_0142.jpg,2,1.0,strong_75_plus,348,269,0.9746376811594203,0.7729885057471264,0.7729885057471264,0.7577464788732394,1,False
HYBRID_TALON,25,patient012,patient012_case01,IBC,IBC_patient015_0143.jpg,1,,off_target_fp,135,0,0.0,0.0,0.0,0.0,0,False
HYBRID_TALON,25,patient012,patient012_case01,IBC,IBC_patient015_0143.jpg,2,1.0,strong_75_plus,411,337,0.9683908045977011,0.8199513381995134,0.8199513381995134,0.7985781990521327,1,False
HYBRID_TALON,25,patient012,patient012_case01,IBC,IBC_patient015_0144.jpg,1,,off_target_fp,149,0,0.0,0.0,0.0,0.0,0,False
HYBRID_TALON,25,patient012,patient012_case01,IBC,IBC_patient015_0144.jpg,2,1.0,strong_75_plus,413,371,0.9661458333333334,0.8983050847457628,0.8983050847457628,0.8708920187793427,1,False
HYBRID_TALON,25,patient012,patient012_case01,IBC,IBC_patient015_0145.jpg,1,,off_target_fp,176,0,0.0,0.0,0.0,0.0,0,False
HYBRID_TALON,25,patient012,patient012_case01,IBC,IBC_patient015_0145.jpg,2,1.0,strong_75_plus,416,379,0.928921568627451,0.9110576923076923,0.9110576923076923,0.851685393258427,1,False
HYBRID_TALON,25,patient012,patient012_case01,IBC,IBC_patient015_0146.jpg,1,,off_target_fp,196,0,0.0,0.0,0.0,0.0,0,False
HYBRID_TALON,25,patient012,patient012_case01,IBC,IBC_patient015_0146.jpg,2,1.0,strong_75_plus,380,299,0.9462025316455697,0.7868421052631579,0.7868421052631579,0.7531486146095718,1,False
HYBRID_TALON,25,patient012,patient012_case01,IBC,IBC_patient015_0147.jpg,1,,off_target_fp,177,0,0.0,0.0,0.0,0.0,0,False
HYBRID_TALON,25,patient012,patient012_case01,IBC,IBC_patient015_0147.jpg,2,1.0,strong_75_plus,327,259,0.7708333333333334,0.7920489296636085,0.7708333333333334,0.6410891089108911,1,False
HYBRID_TALON,25,patient012,patient012_case01,IBC,IBC_patient015_0148.jpg,1,,off_target_fp,167,0,0.0,0.0,0.0,0.0,0,False
HYBRID_TALON,25,patient012,patient012_case01,IBC,IBC_patient015_0148.jpg,2,1.0,strong_75_plus,276,239,0.8298611111111112,0.8659420289855072,0.8298611111111112,0.7353846153846154,1,False
HYBRID_TALON,25,patient012,patient012_case01,IBC,IBC_patient015_0149.jpg,1,,off_target_fp,168,0,0.0,0.0,0.0,0.0,0,False
HYBRID_TALON,25,patient012,patient012_case01,IBC,IBC_patient015_0149.jpg,2,1.0,low_25_to_50,238,102,0.9444444444444444,0.42857142857142855,0.42857142857142855,0.4180327868852459,1,False
HYBRID_TALON,25,patient012,patient012_case01,IBC,IBC_patient015_0150.jpg,1,,off_target_fp,156,0,0.0,0.0,0.0,0.0,0,False
HYBRID_TALON,25,patient012,patient012_case01,IBC,IBC_patient015_0150.jpg,2,1.0,low_25_to_50,260,68,0.68,0.26153846153846155,0.26153846153846155,0.2328767123287671,1,False
HYBRID_TALON,25,patient017,patient017_case01,IGM,IGM_patient017_0054.jpg,1,,off_target_fp,37,0,0.0,0.0,0.0,0.0,0,False
HYBRID_TALON,25,patient017,patient017_case01,IGM,IGM_patient017_0055.jpg,1,,off_target_fp,32,0,0.0,0.0,0.0,0.0,0,False
HYBRID_TALON,25,patient017,patient017_case01,IGM,IGM_patient017_0056.jpg,1,1.0,moderate_50_to_75,138,96,0.8275862068965517,0.6956521739130435,0.6956521739130435,0.6075949367088608,1,False
HYBRID_TALON,25,patient017,patient017_case01,IGM,IGM_patient017_0057.jpg,1,,off_target_fp,30,0,0.0,0.0,0.0,0.0,0,False
HYBRID_TALON,25,patient017,patient017_case01,IGM,IGM_patient017_0057.jpg,2,,off_target_fp,87,0,0.0,0.0,0.0,0.0,0,False
HYBRID_TALON,25,patient017,patient017_case01,IGM,IGM_patient017_0057.jpg,3,,off_target_fp,32,0,0.0,0.0,0.0,0.0,0,False
HYBRID_TALON,25,patient017,patient017_case01,IGM,IGM_patient017_0057.jpg,4,1.0,moderate_50_to_75,176,125,0.946969696969697,0.7102272727272727,0.7102272727272727,0.6830601092896175,1,False
HYBRID_TALON,25,patient017,patient017_case01,IGM,IGM_patient017_0058.jpg,1,,off_target_fp,37,0,0.0,0.0,0.0,0.0,0,False
HYBRID_TALON,25,patient017,patient017_case01,IGM,IGM_patient017_0058.jpg,2,,off_target_fp,47,0,0.0,0.0,0.0,0.0,0,False
HYBRID_TALON,25,patient017,patient017_case01,IGM,IGM_patient017_0058.jpg,3,1.0,moderate_50_to_75,223,145,0.9539473684210527,0.6502242152466368,0.6502242152466368,0.6304347826086957,1,False
HYBRID_TALON,25,patient017,patient017_case01,IGM,IGM_patient017_0059.jpg,1,1.0,moderate_50_to_75,237,134,0.9571428571428572,0.5654008438818565,0.5654008438818565,0.551440329218107,1,False
HYBRID_TALON,25,patient017,patient017_case01,IGM,IGM_patient017_0060.jpg,1,1.0,low_25_to_50,201,157,0.4845679012345679,0.7810945273631841,0.4845679012345679,0.4266304347826087,1,False
HYBRID_TALON,25,patient017,patient017_case01,IGM,IGM_patient017_0061.jpg,1,,off_target_fp,82,0,0.0,0.0,0.0,0.0,0,False
HYBRID_TALON,25,patient017,patient017_case01,IGM,IGM_patient017_0061.jpg,2,,off_target_fp,46,0,0.0,0.0,0.0,0.0,0,False
HYBRID_TALON,25,patient017,patient017_case01,IGM,IGM_patient017_0061.jpg,3,1.0,moderate_50_to_75,218,143,0.9407894736842105,0.6559633027522935,0.6559633027522935,0.6299559471365639,2,True
HYBRID_TALON,25,patient017,patient017_case01,IGM,IGM_patient017_0062.jpg,1,1.0,moderate_50_to_75,195,181,0.5801282051282052,0.9282051282051282,0.5801282051282052,0.5552147239263804,1,False
HYBRID_TALON,25,patient017,patient017_case01,IGM,IGM_patient017_0063.jpg,1,1.0,low_25_to_50,92,81,0.2977941176470588,0.8804347826086957,0.2977941176470588,0.2862190812720848,1,False
HYBRID_TALON,25,patient017,patient017_case01,IGM,IGM_patient017_0063.jpg,2,1.0,partial_below_25,60,23,0.08455882352941177,0.38333333333333336,0.08455882352941177,0.0744336569579288,1,False
HYBRID_TALON,25,patient017,patient017_case01,IGM,IGM_patient017_0064.jpg,1,,off_target_fp,27,0,0.0,0.0,0.0,0.0,0,False
HYBRID_TALON,25,patient017,patient017_case01,IGM,IGM_patient017_0065.jpg,1,,off_target_fp,143,0,0.0,0.0,0.0,0.0,0,False
HYBRID_TALON,25,patient025,patient025_case01,IBC,IBC_patient021_0061.jpg,1,1.0,strong_75_plus,104,90,0.9782608695652174,0.8653846153846154,0.8653846153846154,0.8490566037735849,1,False
HYBRID_TALON,25,patient025,patient025_case01,IBC,IBC_patient021_0062.jpg,1,1.0,strong_75_plus,158,149,0.8869047619047619,0.9430379746835443,0.8869047619047619,0.8418079096045198,1,False
HYBRID_TALON,25,patient025,patient025_case01,IBC,IBC_patient021_0063.jpg,1,1.0,strong_75_plus,202,196,0.9245283018867925,0.9702970297029703,0.9245283018867925,0.8990825688073395,1,False
HYBRID_TALON,25,patient025,patient025_case01,IBC,IBC_patient021_0064.jpg,1,1.0,strong_75_plus,241,234,0.8863636363636364,0.970954356846473,0.8863636363636364,0.8634686346863468,1,False
HYBRID_TALON,25,patient025,patient025_case01,IBC,IBC_patient021_0065.jpg,1,1.0,strong_75_plus,276,233,0.9395161290322581,0.8442028985507246,0.8442028985507246,0.8006872852233677,1,False
HYBRID_TALON,25,patient025,patient025_case01,IBC,IBC_patient021_0065.jpg,2,,off_target_fp,65,0,0.0,0.0,0.0,0.0,0,False
HYBRID_TALON,25,patient025,patient025_case01,IBC,IBC_patient021_0066.jpg,1,,off_target_fp,176,0,0.0,0.0,0.0,0.0,0,False
HYBRID_TALON,25,patient025,patient025_case01,IBC,IBC_patient021_0066.jpg,2,1.0,strong_75_plus,170,161,0.8563829787234043,0.9470588235294117,0.8563829787234043,0.817258883248731,1,False
HYBRID_TALON,25,patient025,patient025_case01,IBC,IBC_patient021_0067.jpg,1,,off_target_fp,146,0,0.0,0.0,0.0,0.0,0,False
HYBRID_TALON,25,patient025,patient025_case01,IBC,IBC_patient021_0067.jpg,2,1.0,strong_75_plus,71,62,0.8611111111111112,0.8732394366197183,0.8611111111111112,0.7654320987654321,1,False
HYBRID_TALON,25,patient024,patient024_case01,IGM,IGM_patient021_0042.jpg,1,,off_target_fp,120,0,0.0,0.0,0.0,0.0,0,False
HYBRID_TALON,25,patient024,patient024_case01,IGM,IGM_patient021_0043.jpg,1,,off_target_fp,116,0,0.0,0.0,0.0,0.0,0,False
HYBRID_TALON,25,patient024,patient024_case01,IGM,IGM_patient021_0043.jpg,2,1.0,low_25_to_50,256,124,0.8857142857142857,0.484375,0.484375,0.45588235294117646,1,False
HYBRID_TALON,25,patient024,patient024_case01,IGM,IGM_patient021_0044.jpg,1,,off_target_fp,137,0,0.0,0.0,0.0,0.0,0,False
HYBRID_TALON,25,patient024,patient024_case01,IGM,IGM_patient021_0044.jpg,2,1.0,moderate_50_to_75,216,158,0.8586956521739131,0.7314814814814815,0.7314814814814815,0.6528925619834711,1,False
HYBRID_TALON,25,patient024,patient024_case01,IGM,IGM_patient021_0045.jpg,1,,off_target_fp,140,0,0.0,0.0,0.0,0.0,0,False
HYBRID_TALON,25,patient024,patient024_case01,IGM,IGM_patient021_0045.jpg,2,1.0,strong_75_plus,225,217,0.889344262295082,0.9644444444444444,0.889344262295082,0.8611111111111112,1,False
HYBRID_TALON,25,patient024,patient024_case01,IGM,IGM_patient021_0046.jpg,1,,off_target_fp,99,0,0.0,0.0,0.0,0.0,0,False
HYBRID_TALON,25,patient024,patient024_case01,IGM,IGM_patient021_0046.jpg,2,1.0,low_25_to_50,118,117,0.4717741935483871,0.9915254237288136,0.4717741935483871,0.46987951807228917,1,False
HYBRID_TALON,25,patient024,patient024_case01,IGM,IGM_patient021_0046.jpg,3,,off_target_fp,117,0,0.0,0.0,0.0,0.0,0,False
HYBRID_TALON,25,patient024,patient024_case01,IGM,IGM_patient021_0047.jpg,1,,off_target_fp,87,0,0.0,0.0,0.0,0.0,0,False
HYBRID_TALON,25,patient024,patient024_case01,IGM,IGM_patient021_0047.jpg,2,1.0,partial_below_25,55,55,0.2330508474576271,1.0,0.2330508474576271,0.2330508474576271,1,False
HYBRID_TALON,25,patient024,patient024_case01,IGM,IGM_patient021_0047.jpg,3,,off_target_fp,120,0,0.0,0.0,0.0,0.0,0,False
HYBRID_TALON,25,patient024,patient024_case01,IGM,IGM_patient021_0048.jpg,1,,off_target_fp,83,0,0.0,0.0,0.0,0.0,0,False
HYBRID_TALON,25,patient024,patient024_case01,IGM,IGM_patient021_0048.jpg,2,1.0,strong_75_plus,193,178,0.89,0.9222797927461139,0.89,0.827906976744186,1,False
HYBRID_TALON,25,patient024,patient024_case01,IGM,IGM_patient021_0048.jpg,3,,off_target_fp,41,0,0.0,0.0,0.0,0.0,0,False
HYBRID_TALON,25,patient024,patient024_case01,IGM,IGM_patient021_0049.jpg,1,,off_target_fp,78,0,0.0,0.0,0.0,0.0,0,False
HYBRID_TALON,25,patient024,patient024_case01,IGM,IGM_patient021_0049.jpg,2,1.0,strong_75_plus,181,148,0.9487179487179487,0.8176795580110497,0.8176795580110497,0.783068783068783,1,False
HYBRID_TALON,25,patient024,patient024_case01,IGM,IGM_patient021_0050.jpg,1,,off_target_fp,71,0,0.0,0.0,0.0,0.0,0,False
HYBRID_TALON,25,patient024,patient024_case01,IGM,IGM_patient021_0050.jpg,2,1.0,moderate_50_to_75,56,56,0.5833333333333334,1.0,0.5833333333333334,0.5833333333333334,1,False
HYBRID_TALON,25,patient027,patient027_case01,IBC,IBC_patient022_0068.jpg,1,,off_target_fp,113,0,0.0,0.0,0.0,0.0,0,False
HYBRID_TALON,25,patient027,patient027_case01,IBC,IBC_patient022_0068.jpg,2,,off_target_fp,27,0,0.0,0.0,0.0,0.0,0,False
HYBRID_TALON,25,patient027,patient027_case01,IBC,IBC_patient022_0068.jpg,3,,off_target_fp,107,0,0.0,0.0,0.0,0.0,0,False
HYBRID_TALON,25,patient027,patient027_case01,IBC,IBC_patient022_0069.jpg,1,,off_target_fp,95,0,0.0,0.0,0.0,0.0,0,False
HYBRID_TALON,25,patient027,patient027_case01,IBC,IBC_patient022_0069.jpg,2,,off_target_fp,67,0,0.0,0.0,0.0,0.0,0,False
HYBRID_TALON,25,patient027,patient027_case01,IBC,IBC_patient022_0069.jpg,3,,off_target_fp,108,0,0.0,0.0,0.0,0.0,0,False
HYBRID_TALON,25,patient027,patient027_case01,IBC,IBC_patient022_0069.jpg,4,,off_target_fp,102,0,0.0,0.0,0.0,0.0,0,False
HYBRID_TALON,25,patient027,patient027_case01,IBC,IBC_patient022_0070.jpg,1,1.0,moderate_50_to_75,104,77,0.5661764705882353,0.7403846153846154,0.5661764705882353,0.4723926380368098,1,False
HYBRID_TALON,25,patient027,patient027_case01,IBC,IBC_patient022_0070.jpg,2,,off_target_fp,82,0,0.0,0.0,0.0,0.0,0,False
HYBRID_TALON,25,patient027,patient027_case01,IBC,IBC_patient022_0070.jpg,3,,off_target_fp,72,0,0.0,0.0,0.0,0.0,0,False
HYBRID_TALON,25,patient027,patient027_case01,IBC,IBC_patient022_0070.jpg,4,,off_target_fp,148,0,0.0,0.0,0.0,0.0,0,False
HYBRID_TALON,25,patient027,patient027_case01,IBC,IBC_patient022_0071.jpg,1,1.0,moderate_50_to_75,169,118,0.7763157894736842,0.6982248520710059,0.6982248520710059,0.5812807881773399,1,False
HYBRID_TALON,25,patient027,patient027_case01,IBC,IBC_patient022_0071.jpg,2,,off_target_fp,44,0,0.0,0.0,0.0,0.0,0,False
HYBRID_TALON,25,patient027,patient027_case01,IBC,IBC_patient022_0071.jpg,3,,off_target_fp,71,0,0.0,0.0,0.0,0.0,0,False
HYBRID_TALON,25,patient027,patient027_case01,IBC,IBC_patient022_0071.jpg,4,,off_target_fp,97,0,0.0,0.0,0.0,0.0,0,False
HYBRID_TALON,25,patient027,patient027_case01,IBC,IBC_patient022_0072.jpg,1,1.0,moderate_50_to_75,180,131,0.9632352941176471,0.7277777777777777,0.7277777777777777,0.7081081081081081,1,False
HYBRID_TALON,25,patient027,patient027_case01,IBC,IBC_patient022_0072.jpg,2,,off_target_fp,26,0,0.0,0.0,0.0,0.0,0,False
HYBRID_TALON,25,patient027,patient027_case01,IBC,IBC_patient022_0073.jpg,1,1.0,moderate_50_to_75,113,74,0.8809523809523809,0.6548672566371682,0.6548672566371682,0.6016260162601627,1,False
HYBRID_TALON,25,patient027,patient027_case01,IBC,IBC_patient022_0073.jpg,2,,off_target_fp,75,0,0.0,0.0,0.0,0.0,0,False
HYBRID_TALON,25,patient027,patient027_case01,IBC,IBC_patient022_0074.jpg,1,,off_target_fp,174,0,0.0,0.0,0.0,0.0,0,False
HYBRID_TALON,25,patient026,patient026_case01,IGM,IGM_patient022_0054.jpg,1,1.0,strong_75_plus,100,94,0.8703703703703703,0.94,0.8703703703703703,0.8245614035087719,1,False
HYBRID_TALON,25,patient026,patient026_case01,IGM,IGM_patient022_0055.jpg,1,1.0,strong_75_plus,184,170,0.9239130434782609,0.9239130434782609,0.9239130434782609,0.8585858585858586,1,False
HYBRID_TALON,25,patient026,patient026_case01,IGM,IGM_patient022_0055.jpg,2,,off_target_fp,90,0,0.0,0.0,0.0,0.0,0,False
HYBRID_TALON,25,patient026,patient026_case01,IGM,IGM_patient022_0056.jpg,1,1.0,strong_75_plus,205,186,0.93,0.9073170731707317,0.9073170731707317,0.8493150684931506,1,False
HYBRID_TALON,25,patient026,patient026_case01,IGM,IGM_patient022_0056.jpg,2,,off_target_fp,129,0,0.0,0.0,0.0,0.0,0,False
HYBRID_TALON,25,patient026,patient026_case01,IGM,IGM_patient022_0057.jpg,1,1.0,strong_75_plus,184,167,0.9277777777777778,0.907608695652174,0.907608695652174,0.8477157360406091,1,False
HYBRID_TALON,25,patient026,patient026_case01,IGM,IGM_patient022_0057.jpg,2,,off_target_fp,145,0,0.0,0.0,0.0,0.0,0,False
HYBRID_TALON,25,patient026,patient026_case01,IGM,IGM_patient022_0058.jpg,1,1.0,moderate_50_to_75,71,68,0.6538461538461539,0.9577464788732394,0.6538461538461539,0.6355140186915887,1,False
HYBRID_TALON,25,patient026,patient026_case01,IGM,IGM_patient022_0058.jpg,2,,off_target_fp,113,0,0.0,0.0,0.0,0.0,0,False
HYBRID_TALON,25,patient026,patient026_case01,IGM,IGM_patient022_0059.jpg,1,,off_target_fp,25,0,0.0,0.0,0.0,0.0,0,False
HYBRID_TALON,25,patient026,patient026_case01,IGM,IGM_patient022_0059.jpg,2,,off_target_fp,73,0,0.0,0.0,0.0,0.0,0,False
HYBRID_TALON,25,patient031,patient031_case01,IGM,IGM_patient026_0052.jpg,1,1.0,partial_below_25,40,37,0.22560975609756098,0.925,0.22560975609756098,0.2215568862275449,1,False
HYBRID_TALON,25,patient031,patient031_case01,IGM,IGM_patient026_0053.jpg,1,1.0,strong_75_plus,87,68,0.9444444444444444,0.7816091954022989,0.7816091954022989,0.7472527472527473,1,False
HYBRID_TALON,25,patient031,patient031_case01,IGM,IGM_patient026_0053.jpg,2,,off_target_fp,51,0,0.0,0.0,0.0,0.0,0,False
HYBRID_TALON,25,patient031,patient031_case01,IGM,IGM_patient026_0053.jpg,3,,off_target_fp,31,0,0.0,0.0,0.0,0.0,0,False
HYBRID_TALON,25,patient031,patient031_case01,IGM,IGM_patient026_0054.jpg,1,1.0,strong_75_plus,106,99,0.825,0.9339622641509434,0.825,0.7795275590551181,1,False
HYBRID_TALON,25,patient031,patient031_case01,IGM,IGM_patient026_0055.jpg,1,1.0,moderate_50_to_75,58,47,0.6911764705882353,0.8103448275862069,0.6911764705882353,0.5949367088607594,1,False
HYBRID_TALON,25,patient031,patient031_case01,IGM,IGM_patient026_0056.jpg,1,1.0,moderate_50_to_75,37,36,0.5,0.972972972972973,0.5,0.4931506849315068,1,False
HYBRID_TALON,25,patient031,patient031_case01,IGM,IGM_patient026_0056.jpg,2,,off_target_fp,110,0,0.0,0.0,0.0,0.0,0,False
HYBRID_TALON,25,patient031,patient031_case01,IGM,IGM_patient026_0057.jpg,1,,off_target_fp,136,0,0.0,0.0,0.0,0.0,0,False
HYBRID_TALON,25,patient031,patient031_case01,IGM,IGM_patient026_0058.jpg,1,1.0,low_25_to_50,28,26,0.4642857142857143,0.9285714285714286,0.4642857142857143,0.4482758620689655,1,False
HYBRID_TALON,25,patient031,patient031_case01,IGM,IGM_patient026_0058.jpg,2,,off_target_fp,132,0,0.0,0.0,0.0,0.0,0,False
HYBRID_TALON,25,patient031,patient031_case01,IGM,IGM_patient026_0059.jpg,1,,off_target_fp,216,0,0.0,0.0,0.0,0.0,0,False
HYBRID_TALON,25,patient031,patient031_case01,IGM,IGM_patient026_0059.jpg,2,,off_target_fp,178,0,0.0,0.0,0.0,0.0,0,False
HYBRID_TALON,25,patient037,patient037_case01,IBC,IBC_patient029_0158.jpg,1,1.0,low_25_to_50,27,22,0.25,0.8148148148148148,0.25,0.23655913978494625,1,False
HYBRID_TALON,25,patient037,patient037_case01,IBC,IBC_patient029_0158.jpg,2,,off_target_fp,47,0,0.0,0.0,0.0,0.0,0,False
HYBRID_TALON,25,patient037,patient037_case01,IBC,IBC_patient029_0159.jpg,1,1.0,low_25_to_50,196,81,0.7232142857142857,0.413265306122449,0.413265306122449,0.3568281938325991,1,False
HYBRID_TALON,25,patient037,patient037_case01,IBC,IBC_patient029_0160.jpg,1,1.0,low_25_to_50,246,118,0.7972972972972973,0.4796747967479675,0.4796747967479675,0.427536231884058,1,False
HYBRID_TALON,25,patient037,patient037_case01,IBC,IBC_patient029_0161.jpg,1,1.0,moderate_50_to_75,189,133,0.875,0.7037037037037037,0.7037037037037037,0.6394230769230769,1,False
HYBRID_TALON,25,patient037,patient037_case01,IBC,IBC_patient029_0161.jpg,2,,off_target_fp,64,0,0.0,0.0,0.0,0.0,0,False
HYBRID_TALON,25,patient037,patient037_case01,IBC,IBC_patient029_0162.jpg,1,1.0,strong_75_plus,192,160,0.851063829787234,0.8333333333333334,0.8333333333333334,0.7272727272727273,1,False
HYBRID_TALON,25,patient037,patient037_case01,IBC,IBC_patient029_0162.jpg,2,,off_target_fp,62,0,0.0,0.0,0.0,0.0,0,False
HYBRID_TALON,25,patient037,patient037_case01,IBC,IBC_patient029_0163.jpg,1,1.0,strong_75_plus,190,148,0.8604651162790697,0.7789473684210526,0.7789473684210526,0.6915887850467289,1,False
HYBRID_TALON,25,patient037,patient037_case01,IBC,IBC_patient029_0163.jpg,2,,off_target_fp,59,0,0.0,0.0,0.0,0.0,0,False
HYBRID_TALON,25,patient037,patient037_case01,IBC,IBC_patient029_0164.jpg,1,1.0,moderate_50_to_75,173,109,0.9083333333333333,0.630057803468208,0.630057803468208,0.592391304347826,1,False
HYBRID_TALON,25,patient037,patient037_case01,IBC,IBC_patient029_0164.jpg,2,,off_target_fp,25,0,0.0,0.0,0.0,0.0,0,False
HYBRID_TALON,25,patient037,patient037_case01,IBC,IBC_patient029_0165.jpg,1,,off_target_fp,105,0,0.0,0.0,0.0,0.0,0,False
HYBRID_TALON,25,patient037,patient037_case01,IBC,IBC_patient029_0165.jpg,2,1.0,moderate_50_to_75,130,71,0.8452380952380952,0.5461538461538461,0.5461538461538461,0.4965034965034965,1,False
HYBRID_TALON,25,patient037,patient037_case01,IBC,IBC_patient029_0166.jpg,1,,off_target_fp,252,0,0.0,0.0,0.0,0.0,0,False
HYBRID_TALON,25,patient037,patient037_case01,IBC,IBC_patient029_0166.jpg,2,1.0,low_25_to_50,83,27,0.75,0.3253012048192771,0.3253012048192771,0.29347826086956524,1,False
HYBRID_TALON,25,patient051,patient051_case01,IBC,IBC_patient037_0098.jpg,1,,off_target_fp,77,0,0.0,0.0,0.0,0.0,0,False
HYBRID_TALON,25,patient051,patient051_case01,IBC,IBC_patient037_0098.jpg,2,,off_target_fp,116,0,0.0,0.0,0.0,0.0,0,False
HYBRID_TALON,25,patient051,patient051_case01,IBC,IBC_patient037_0098.jpg,3,,off_target_fp,30,0,0.0,0.0,0.0,0.0,0,False
HYBRID_TALON,25,patient051,patient051_case01,IBC,IBC_patient037_0099.jpg,1,1.0,moderate_50_to_75,64,60,0.7142857142857143,0.9375,0.7142857142857143,0.6818181818181818,1,False
HYBRID_TALON,25,patient051,patient051_case01,IBC,IBC_patient037_0099.jpg,2,,off_target_fp,152,0,0.0,0.0,0.0,0.0,0,False
HYBRID_TALON,25,patient051,patient051_case01,IBC,IBC_patient037_0099.jpg,3,,off_target_fp,25,0,0.0,0.0,0.0,0.0,0,False
HYBRID_TALON,25,patient051,patient051_case01,IBC,IBC_patient037_0100.jpg,1,1.0,strong_75_plus,158,145,0.7880434782608695,0.9177215189873418,0.7880434782608695,0.7360406091370558,1,False
HYBRID_TALON,25,patient051,patient051_case01,IBC,IBC_patient037_0100.jpg,2,,off_target_fp,176,0,0.0,0.0,0.0,0.0,0,False
HYBRID_TALON,25,patient051,patient051_case01,IBC,IBC_patient037_0101.jpg,1,1.0,strong_75_plus,236,221,0.8911290322580645,0.9364406779661016,0.8911290322580645,0.8403041825095057,1,False
HYBRID_TALON,25,patient051,patient051_case01,IBC,IBC_patient037_0101.jpg,2,,off_target_fp,190,0,0.0,0.0,0.0,0.0,0,False
HYBRID_TALON,25,patient051,patient051_case01,IBC,IBC_patient037_0102.jpg,1,1.0,strong_75_plus,358,336,0.9032258064516129,0.9385474860335196,0.9032258064516129,0.8527918781725888,1,False
HYBRID_TALON,25,patient051,patient051_case01,IBC,IBC_patient037_0102.jpg,2,,off_target_fp,186,0,0.0,0.0,0.0,0.0,0,False
HYBRID_TALON,25,patient051,patient051_case01,IBC,IBC_patient037_0103.jpg,1,1.0,strong_75_plus,430,395,0.9228971962616822,0.9186046511627907,0.9186046511627907,0.8531317494600432,1,False
HYBRID_TALON,25,patient051,patient051_case01,IBC,IBC_patient037_0103.jpg,2,,off_target_fp,174,0,0.0,0.0,0.0,0.0,0,False
HYBRID_TALON,25,patient051,patient051_case01,IBC,IBC_patient037_0103.jpg,3,,off_target_fp,48,0,0.0,0.0,0.0,0.0,0,False
HYBRID_TALON,25,patient051,patient051_case01,IBC,IBC_patient037_0104.jpg,1,1.0,strong_75_plus,494,467,0.8912213740458015,0.9453441295546559,0.8912213740458015,0.8475499092558983,1,False
HYBRID_TALON,25,patient051,patient051_case01,IBC,IBC_patient037_0104.jpg,2,,off_target_fp,112,0,0.0,0.0,0.0,0.0,0,False
HYBRID_TALON,25,patient051,patient051_case01,IBC,IBC_patient037_0104.jpg,3,,off_target_fp,36,0,0.0,0.0,0.0,0.0,0,False
HYBRID_TALON,25,patient051,patient051_case01,IBC,IBC_patient037_0105.jpg,1,1.0,strong_75_plus,564,506,0.9301470588235294,0.8971631205673759,0.8971631205673759,0.840531561461794,1,False
HYBRID_TALON,25,patient051,patient051_case01,IBC,IBC_patient037_0105.jpg,2,,off_target_fp,65,0,0.0,0.0,0.0,0.0,0,False
HYBRID_TALON,25,patient051,patient051_case01,IBC,IBC_patient037_0105.jpg,3,,off_target_fp,35,0,0.0,0.0,0.0,0.0,0,False
HYBRID_TALON,25,patient051,patient051_case01,IBC,IBC_patient037_0106.jpg,1,1.0,strong_75_plus,608,551,0.9370748299319728,0.90625,0.90625,0.8542635658914729,1,False
HYBRID_TALON,25,patient051,patient051_case01,IBC,IBC_patient037_0106.jpg,2,,off_target_fp,46,0,0.0,0.0,0.0,0.0,0,False
HYBRID_TALON,25,patient051,patient051_case01,IBC,IBC_patient037_0106.jpg,3,,off_target_fp,66,0,0.0,0.0,0.0,0.0,0,False
HYBRID_TALON,25,patient051,patient051_case01,IBC,IBC_patient037_0107.jpg,1,1.0,strong_75_plus,641,589,0.9561688311688312,0.9188767550702028,0.9188767550702028,0.8817365269461078,1,False
HYBRID_TALON,25,patient051,patient051_case01,IBC,IBC_patient037_0107.jpg,2,,off_target_fp,48,0,0.0,0.0,0.0,0.0,0,False
HYBRID_TALON,25,patient051,patient051_case01,IBC,IBC_patient037_0107.jpg,3,,off_target_fp,90,0,0.0,0.0,0.0,0.0,0,False
HYBRID_TALON,25,patient051,patient051_case01,IBC,IBC_patient037_0108.jpg,1,1.0,strong_75_plus,695,628,0.9631901840490797,0.9035971223021583,0.9035971223021583,0.8734353268428373,1,False
HYBRID_TALON,25,patient051,patient051_case01,IBC,IBC_patient037_0108.jpg,2,,off_target_fp,100,0,0.0,0.0,0.0,0.0,0,False
HYBRID_TALON,25,patient051,patient051_case01,IBC,IBC_patient037_0109.jpg,1,1.0,strong_75_plus,723,616,0.9390243902439024,0.8520055325034578,0.8520055325034578,0.8073394495412844,1,False
HYBRID_TALON,25,patient051,patient051_case01,IBC,IBC_patient037_0109.jpg,2,,off_target_fp,99,0,0.0,0.0,0.0,0.0,0,False
HYBRID_TALON,25,patient051,patient051_case01,IBC,IBC_patient037_0110.jpg,1,1.0,strong_75_plus,685,620,0.9117647058823529,0.9051094890510949,0.9051094890510949,0.8322147651006712,1,False
HYBRID_TALON,25,patient051,patient051_case01,IBC,IBC_patient037_0110.jpg,2,,off_target_fp,62,0,0.0,0.0,0.0,0.0,0,False
HYBRID_TALON,25,patient051,patient051_case01,IBC,IBC_patient037_0111.jpg,1,1.0,strong_75_plus,663,614,0.9654088050314465,0.9260935143288085,0.9260935143288085,0.8963503649635036,1,False
HYBRID_TALON,25,patient051,patient051_case01,IBC,IBC_patient037_0111.jpg,2,,off_target_fp,63,0,0.0,0.0,0.0,0.0,0,False
HYBRID_TALON,25,patient051,patient051_case01,IBC,IBC_patient037_0112.jpg,1,1.0,strong_75_plus,644,543,0.9696428571428571,0.843167701863354,0.843167701863354,0.8214826021180031,1,False
HYBRID_TALON,25,patient051,patient051_case01,IBC,IBC_patient037_0112.jpg,2,,off_target_fp,58,0,0.0,0.0,0.0,0.0,0,False
HYBRID_TALON,25,patient051,patient051_case01,IBC,IBC_patient037_0113.jpg,1,1.0,strong_75_plus,644,507,0.990234375,0.7872670807453416,0.7872670807453416,0.7812018489984591,1,False
HYBRID_TALON,25,patient051,patient051_case01,IBC,IBC_patient037_0113.jpg,2,,off_target_fp,48,0,0.0,0.0,0.0,0.0,0,False
HYBRID_TALON,25,patient051,patient051_case01,IBC,IBC_patient037_0114.jpg,1,1.0,moderate_50_to_75,650,420,1.0,0.6461538461538462,0.6461538461538462,0.6461538461538462,1,False
HYBRID_TALON,25,patient051,patient051_case01,IBC,IBC_patient037_0114.jpg,2,,off_target_fp,49,0,0.0,0.0,0.0,0.0,0,False
HYBRID_TALON,25,patient051,patient051_case01,IBC,IBC_patient037_0115.jpg,1,1.0,moderate_50_to_75,602,354,0.9725274725274725,0.5880398671096345,0.5880398671096345,0.5784313725490197,1,False
HYBRID_TALON,25,patient051,patient051_case01,IBC,IBC_patient037_0115.jpg,2,,off_target_fp,39,0,0.0,0.0,0.0,0.0,0,False
HYBRID_TALON,25,patient051,patient051_case01,IBC,IBC_patient037_0115.jpg,3,,off_target_fp,27,0,0.0,0.0,0.0,0.0,0,False
HYBRID_TALON,25,patient051,patient051_case01,IBC,IBC_patient037_0116.jpg,1,1.0,moderate_50_to_75,483,322,0.9817073170731707,0.6666666666666666,0.6666666666666666,0.6584867075664622,1,False
HYBRID_TALON,25,patient051,patient051_case01,IBC,IBC_patient037_0116.jpg,2,,off_target_fp,45,0,0.0,0.0,0.0,0.0,0,False
HYBRID_TALON,25,patient051,patient051_case01,IBC,IBC_patient037_0117.jpg,1,1.0,strong_75_plus,388,301,0.9647435897435898,0.7757731958762887,0.7757731958762887,0.7543859649122807,1,False
HYBRID_TALON,25,patient051,patient051_case01,IBC,IBC_patient037_0117.jpg,2,,off_target_fp,30,0,0.0,0.0,0.0,0.0,0,False
HYBRID_TALON,25,patient051,patient051_case01,IBC,IBC_patient037_0117.jpg,3,,off_target_fp,42,0,0.0,0.0,0.0,0.0,0,False
HYBRID_TALON,25,patient051,patient051_case01,IBC,IBC_patient037_0118.jpg,1,1.0,low_25_to_50,342,167,0.9940476190476191,0.48830409356725146,0.48830409356725146,0.4868804664723032,1,False
HYBRID_TALON,25,patient051,patient051_case01,IBC,IBC_patient037_0118.jpg,2,,off_target_fp,41,0,0.0,0.0,0.0,0.0,0,False
HYBRID_TALON,25,patient051,patient051_case01,IBC,IBC_patient037_0118.jpg,3,,off_target_fp,80,0,0.0,0.0,0.0,0.0,0,False
HYBRID_TALON,25,patient051,patient051_case01,IBC,IBC_patient037_0119.jpg,1,1.0,low_25_to_50,304,88,1.0,0.2894736842105263,0.2894736842105263,0.2894736842105263,1,False
HYBRID_TALON,25,patient051,patient051_case01,IBC,IBC_patient037_0119.jpg,2,,off_target_fp,28,0,0.0,0.0,0.0,0.0,0,False
HYBRID_TALON,25,patient051,patient051_case01,IBC,IBC_patient037_0119.jpg,3,,off_target_fp,80,0,0.0,0.0,0.0,0.0,0,False
HYBRID_TALON,25,patient051,patient051_case01,IBC,IBC_patient037_0120.jpg,1,1.0,low_25_to_50,96,32,0.7272727272727273,0.3333333333333333,0.3333333333333333,0.2962962962962963,1,False
HYBRID_TALON,25,patient060,patient060_case01,IBC,IBC_patient041_0070.jpg,1,1.0,low_25_to_50,37,37,0.25,1.0,0.25,0.25,1,False
HYBRID_TALON,25,patient060,patient060_case01,IBC,IBC_patient041_0076.jpg,1,,off_target_fp,31,0,0.0,0.0,0.0,0.0,0,False
HYBRID_TALON,25,patient060,patient060_case01,IBC,IBC_patient041_0077.jpg,1,1.0,moderate_50_to_75,118,116,0.7073170731707317,0.9830508474576272,0.7073170731707317,0.6987951807228916,1,False
HYBRID_TALON,25,patient060,patient060_case01,IBC,IBC_patient041_0078.jpg,1,,off_target_fp,74,0,0.0,0.0,0.0,0.0,0,False
HYBRID_TALON,25,patient060,patient060_case01,IBC,IBC_patient041_0078.jpg,2,1.0,strong_75_plus,148,147,0.8546511627906976,0.9932432432432432,0.8546511627906976,0.8497109826589595,1,False
HYBRID_TALON,25,patient060,patient060_case01,IBC,IBC_patient041_0079.jpg,1,,off_target_fp,85,0,0.0,0.0,0.0,0.0,0,False
HYBRID_TALON,25,patient060,patient060_case01,IBC,IBC_patient041_0083.jpg,1,,off_target_fp,25,0,0.0,0.0,0.0,0.0,0,False
HYBRID_TALON,25,patient060,patient060_case01,IBC,IBC_patient041_0084.jpg,1,,off_target_fp,27,0,0.0,0.0,0.0,0.0,0,False
HYBRID_TALON,25,patient061,patient061_case01,IGM,IGM_patient041_0063.jpg,1,,off_target_fp,363,0,0.0,0.0,0.0,0.0,0,False
HYBRID_TALON,25,patient061,patient061_case01,IGM,IGM_patient041_0064.jpg,1,,off_target_fp,261,0,0.0,0.0,0.0,0.0,0,False
HYBRID_TALON,25,patient061,patient061_case01,IGM,IGM_patient041_0065.jpg,1,1.0,moderate_50_to_75,213,209,0.653125,0.9812206572769953,0.653125,0.6450617283950617,1,False
HYBRID_TALON,25,patient061,patient061_case01,IGM,IGM_patient041_0066.jpg,1,1.0,moderate_50_to_75,323,311,0.713302752293578,0.9628482972136223,0.713302752293578,0.6941964285714286,1,False
HYBRID_TALON,25,patient061,patient061_case01,IGM,IGM_patient041_0067.jpg,1,1.0,strong_75_plus,418,371,0.8207964601769911,0.8875598086124402,0.8207964601769911,0.7434869739478958,1,False
HYBRID_TALON,25,patient061,patient061_case01,IGM,IGM_patient041_0068.jpg,1,1.0,strong_75_plus,424,373,0.8400900900900901,0.8797169811320755,0.8400900900900901,0.7535353535353535,1,False
HYBRID_TALON,25,patient061,patient061_case01,IGM,IGM_patient041_0069.jpg,1,1.0,moderate_50_to_75,287,250,0.6313131313131313,0.8710801393728222,0.6313131313131313,0.5773672055427251,1,False
HYBRID_TALON,25,patient061,patient061_case01,IGM,IGM_patient041_0070.jpg,1,1.0,moderate_50_to_75,149,146,0.5214285714285715,0.9798657718120806,0.5214285714285715,0.5159010600706714,1,False
HYBRID_TALON,25,patient061,patient061_case01,IGM,IGM_patient041_0071.jpg,1,,off_target_fp,49,0,0.0,0.0,0.0,0.0,0,False
HYBRID_TALON,25,patient061,patient061_case01,IGM,IGM_patient041_0071.jpg,2,1.0,low_25_to_50,92,86,0.43,0.9347826086956522,0.43,0.4174757281553398,1,False
HYBRID_TALON,25,patient066,patient066_case01,IBC,IBC_patient044_0050.jpg,1,1.0,moderate_50_to_75,166,165,0.7236842105263158,0.9939759036144579,0.7236842105263158,0.7205240174672489,1,False
HYBRID_TALON,25,patient066,patient066_case01,IBC,IBC_patient044_0051.jpg,1,1.0,strong_75_plus,253,228,0.8769230769230769,0.9011857707509882,0.8769230769230769,0.8,1,False
HYBRID_TALON,25,patient066,patient066_case01,IBC,IBC_patient044_0052.jpg,1,1.0,strong_75_plus,286,255,0.9107142857142857,0.8916083916083916,0.8916083916083916,0.819935691318328,1,False
HYBRID_TALON,25,patient066,patient066_case01,IBC,IBC_patient044_0052.jpg,2,,off_target_fp,28,0,0.0,0.0,0.0,0.0,0,False
HYBRID_TALON,25,patient066,patient066_case01,IBC,IBC_patient044_0053.jpg,1,1.0,strong_75_plus,213,181,0.9427083333333334,0.8497652582159625,0.8497652582159625,0.8080357142857143,1,False
HYBRID_TALON,25,patient066,patient066_case01,IBC,IBC_patient044_0053.jpg,2,,off_target_fp,36,0,0.0,0.0,0.0,0.0,0,False
HYBRID_TALON,25,patient070,patient070_case01,IBC,IBC_patient046_0057.jpg,1,1.0,strong_75_plus,125,107,0.9553571428571429,0.856,0.856,0.823076923076923,1,False
HYBRID_TALON,25,patient070,patient070_case01,IBC,IBC_patient046_0058.jpg,1,1.0,strong_75_plus,172,136,0.9714285714285714,0.7906976744186046,0.7906976744186046,0.7727272727272727,1,False
HYBRID_TALON,25,patient070,patient070_case01,IBC,IBC_patient046_0058.jpg,2,,off_target_fp,101,0,0.0,0.0,0.0,0.0,0,False
HYBRID_TALON,25,patient070,patient070_case01,IBC,IBC_patient046_0059.jpg,1,,off_target_fp,56,0,0.0,0.0,0.0,0.0,0,False
HYBRID_TALON,25,patient070,patient070_case01,IBC,IBC_patient046_0059.jpg,2,1.0,strong_75_plus,164,127,0.9921875,0.774390243902439,0.774390243902439,0.7696969696969697,1,False
HYBRID_TALON,25,patient070,patient070_case01,IBC,IBC_patient046_0059.jpg,3,,off_target_fp,103,0,0.0,0.0,0.0,0.0,0,False
HYBRID_TALON,25,patient070,patient070_case01,IBC,IBC_patient046_0060.jpg,1,1.0,strong_75_plus,105,101,0.8416666666666667,0.9619047619047619,0.8416666666666667,0.8145161290322581,1,False
HYBRID_TALON,25,patient070,patient070_case01,IBC,IBC_patient046_0061.jpg,1,,off_target_fp,45,0,0.0,0.0,0.0,0.0,0,False
HYBRID_TALON,25,patient070,patient070_case01,IBC,IBC_patient046_0062.jpg,1,,off_target_fp,94,0,0.0,0.0,0.0,0.0,0,False
HYBRID_TALON,25,patient070,patient070_case01,IBC,IBC_patient046_0062.jpg,2,1.0,low_25_to_50,54,54,0.313953488372093,1.0,0.313953488372093,0.313953488372093,1,False
HYBRID_TALON,25,patient070,patient070_case01,IBC,IBC_patient046_0063.jpg,1,,off_target_fp,96,0,0.0,0.0,0.0,0.0,0,False
HYBRID_TALON,25,patient070,patient070_case01,IBC,IBC_patient046_0063.jpg,2,,off_target_fp,42,0,0.0,0.0,0.0,0.0,0,False
HYBRID_TALON,25,patient070,patient070_case01,IBC,IBC_patient046_0063.jpg,3,,off_target_fp,30,0,0.0,0.0,0.0,0.0,0,False
HYBRID_TALON,25,patient070,patient070_case01,IBC,IBC_patient046_0067.jpg,1,1.0,moderate_50_to_75,135,135,0.5443548387096774,1.0,0.5443548387096774,0.5443548387096774,1,False
HYBRID_TALON,25,patient070,patient070_case01,IBC,IBC_patient046_0067.jpg,2,,off_target_fp,82,0,0.0,0.0,0.0,0.0,0,False
HYBRID_TALON,25,patient070,patient070_case01,IBC,IBC_patient046_0068.jpg,1,1.0,strong_75_plus,291,244,0.9104477611940298,0.8384879725085911,0.8384879725085911,0.7746031746031746,1,False
HYBRID_TALON,25,patient070,patient070_case01,IBC,IBC_patient046_0068.jpg,2,,off_target_fp,57,0,0.0,0.0,0.0,0.0,0,False
HYBRID_TALON,25,patient070,patient070_case01,IBC,IBC_patient046_0069.jpg,1,,off_target_fp,33,0,0.0,0.0,0.0,0.0,0,False
HYBRID_TALON,25,patient070,patient070_case01,IBC,IBC_patient046_0069.jpg,2,1.0,strong_75_plus,303,253,0.9730769230769231,0.834983498349835,0.834983498349835,0.8161290322580645,1,False
HYBRID_TALON,25,patient070,patient070_case01,IBC,IBC_patient046_0070.jpg,1,,off_target_fp,61,0,0.0,0.0,0.0,0.0,0,False
HYBRID_TALON,25,patient070,patient070_case01,IBC,IBC_patient046_0070.jpg,2,1.0,strong_75_plus,185,176,0.8301886792452831,0.9513513513513514,0.8301886792452831,0.7963800904977375,1,False
HYBRID_TALON,25,patient070,patient070_case01,IBC,IBC_patient046_0071.jpg,1,,off_target_fp,79,0,0.0,0.0,0.0,0.0,0,False
HYBRID_TALON,25,patient072,patient072_case01,IBC,IBC_patient047_0052.jpg,1,,off_target_fp,969,0,0.0,0.0,0.0,0.0,0,False
HYBRID_TALON,25,patient072,patient072_case01,IBC,IBC_patient047_0053.jpg,1,,off_target_fp,674,0,0.0,0.0,0.0,0.0,0,False
HYBRID_TALON,25,patient072,patient072_case01,IBC,IBC_patient047_0053.jpg,2,1.0,strong_75_plus,208,203,0.8055555555555556,0.9759615384615384,0.8055555555555556,0.7898832684824902,1,False
HYBRID_TALON,25,patient072,patient072_case01,IBC,IBC_patient047_0054.jpg,1,,off_target_fp,298,0,0.0,0.0,0.0,0.0,0,False
HYBRID_TALON,25,patient072,patient072_case01,IBC,IBC_patient047_0054.jpg,2,1.0,strong_75_plus,412,401,0.842436974789916,0.9733009708737864,0.842436974789916,0.8234086242299795,1,False
HYBRID_TALON,25,patient072,patient072_case01,IBC,IBC_patient047_0055.jpg,1,,off_target_fp,27,0,0.0,0.0,0.0,0.0,0,False
HYBRID_TALON,25,patient072,patient072_case01,IBC,IBC_patient047_0055.jpg,2,1.0,moderate_50_to_75,464,442,0.6993670886075949,0.9525862068965517,0.6993670886075949,0.6758409785932722,1,False
HYBRID_TALON,25,patient072,patient072_case01,IBC,IBC_patient047_0056.jpg,1,,off_target_fp,52,0,0.0,0.0,0.0,0.0,0,False
HYBRID_TALON,25,patient072,patient072_case01,IBC,IBC_patient047_0056.jpg,2,1.0,moderate_50_to_75,440,439,0.6097222222222223,0.9977272727272727,0.6097222222222223,0.608876560332871,1,False
HYBRID_TALON,25,patient072,patient072_case01,IBC,IBC_patient047_0057.jpg,1,1.0,moderate_50_to_75,502,336,0.7368421052631579,0.6693227091633466,0.6693227091633466,0.5401929260450161,1,False
HYBRID_TALON,25,patient072,patient072_case01,IBC,IBC_patient047_0058.jpg,1,1.0,low_25_to_50,267,133,0.25775193798449614,0.49812734082397003,0.25775193798449614,0.20461538461538462,1,False
HYBRID_TALON,25,patient072,patient072_case01,IBC,IBC_patient047_0058.jpg,2,1.0,low_25_to_50,242,227,0.43992248062015504,0.9380165289256198,0.43992248062015504,0.4274952919020716,1,False
HYBRID_TALON,25,patient072,patient072_case01,IBC,IBC_patient047_0059.jpg,1,,off_target_fp,133,0,0.0,0.0,0.0,0.0,0,False
HYBRID_TALON,25,patient072,patient072_case01,IBC,IBC_patient047_0059.jpg,2,,off_target_fp,116,0,0.0,0.0,0.0,0.0,0,False
HYBRID_TALON,25,patient072,patient072_case01,IBC,IBC_patient047_0059.jpg,3,1.0,moderate_50_to_75,131,130,0.7222222222222222,0.9923664122137404,0.7222222222222222,0.7182320441988951,1,False
HYBRID_TALON,25,patient074,patient074_case01,IGM,IGM_patient048_0034.jpg,1,,off_target_fp,312,0,0.0,0.0,0.0,0.0,0,False
HYBRID_TALON,25,patient074,patient074_case01,IGM,IGM_patient048_0035.jpg,1,,off_target_fp,219,0,0.0,0.0,0.0,0.0,0,False
HYBRID_TALON,25,patient074,patient074_case01,IGM,IGM_patient048_0035.jpg,2,,off_target_fp,34,0,0.0,0.0,0.0,0.0,0,False
HYBRID_TALON,25,patient074,patient074_case01,IGM,IGM_patient048_0036.jpg,1,1.0,moderate_50_to_75,101,93,0.7265625,0.9207920792079208,0.7265625,0.6838235294117647,1,False
HYBRID_TALON,25,patient074,patient074_case01,IGM,IGM_patient048_0036.jpg,2,,off_target_fp,214,0,0.0,0.0,0.0,0.0,0,False
HYBRID_TALON,25,patient074,patient074_case01,IGM,IGM_patient048_0037.jpg,1,1.0,moderate_50_to_75,204,185,0.7459677419354839,0.9068627450980392,0.7459677419354839,0.6928838951310862,1,False
HYBRID_TALON,25,patient074,patient074_case01,IGM,IGM_patient048_0037.jpg,2,,off_target_fp,116,0,0.0,0.0,0.0,0.0,0,False
HYBRID_TALON,25,patient074,patient074_case01,IGM,IGM_patient048_0040.jpg,1,1.0,strong_75_plus,161,122,0.8714285714285714,0.7577639751552795,0.7577639751552795,0.6815642458100558,1,False
HYBRID_TALON,25,patient074,patient074_case01,IGM,IGM_patient048_0040.jpg,2,,off_target_fp,180,0,0.0,0.0,0.0,0.0,0,False
HYBRID_TALON,25,patient074,patient074_case01,IGM,IGM_patient048_0041.jpg,1,,off_target_fp,109,0,0.0,0.0,0.0,0.0,0,False
HYBRID_TALON,25,patient074,patient074_case01,IGM,IGM_patient048_0041.jpg,2,1.0,strong_75_plus,127,102,0.75,0.8031496062992126,0.75,0.6335403726708074,1,False
HYBRID_TALON,25,patient074,patient074_case01,IGM,IGM_patient048_0041.jpg,3,,off_target_fp,193,0,0.0,0.0,0.0,0.0,0,False
HYBRID_TALON,25,patient074,patient074_case01,IGM,IGM_patient048_0042.jpg,1,1.0,low_25_to_50,395,164,1.0,0.4151898734177215,0.4151898734177215,0.4151898734177215,1,False
HYBRID_TALON,25,patient074,patient074_case01,IGM,IGM_patient048_0042.jpg,2,,off_target_fp,51,0,0.0,0.0,0.0,0.0,0,False
HYBRID_TALON,25,patient074,patient074_case01,IGM,IGM_patient048_0043.jpg,1,1.0,low_25_to_50,412,166,0.9431818181818182,0.4029126213592233,0.4029126213592233,0.3933649289099526,1,False
HYBRID_TALON,25,patient074,patient074_case01,IGM,IGM_patient048_0043.jpg,2,,off_target_fp,34,0,0.0,0.0,0.0,0.0,0,False
HYBRID_TALON,25,patient074,patient074_case01,IGM,IGM_patient048_0043.jpg,3,,off_target_fp,84,0,0.0,0.0,0.0,0.0,0,False
HYBRID_TALON,25,patient074,patient074_case01,IGM,IGM_patient048_0044.jpg,1,1.0,strong_75_plus,216,163,0.7688679245283019,0.7546296296296297,0.7546296296296297,0.6150943396226415,1,False
HYBRID_TALON,25,patient074,patient074_case01,IGM,IGM_patient048_0044.jpg,2,,off_target_fp,36,0,0.0,0.0,0.0,0.0,0,False
HYBRID_TALON,25,patient074,patient074_case01,IGM,IGM_patient048_0044.jpg,3,,off_target_fp,64,0,0.0,0.0,0.0,0.0,0,False
HYBRID_TALON,25,patient074,patient074_case01,IGM,IGM_patient048_0045.jpg,1,1.0,strong_75_plus,250,190,0.8962264150943396,0.76,0.76,0.6985294117647058,1,False
HYBRID_TALON,25,patient074,patient074_case01,IGM,IGM_patient048_0046.jpg,1,1.0,strong_75_plus,412,310,0.9935897435897436,0.7524271844660194,0.7524271844660194,0.748792270531401,1,False
HYBRID_TALON,25,patient074,patient074_case01,IGM,IGM_patient048_0046.jpg,2,,off_target_fp,41,0,0.0,0.0,0.0,0.0,0,False
HYBRID_TALON,25,patient074,patient074_case01,IGM,IGM_patient048_0047.jpg,1,1.0,strong_75_plus,523,408,0.9902912621359223,0.780114722753346,0.780114722753346,0.7741935483870968,1,False
HYBRID_TALON,25,patient074,patient074_case01,IGM,IGM_patient048_0048.jpg,1,,off_target_fp,75,0,0.0,0.0,0.0,0.0,0,False
HYBRID_TALON,25,patient074,patient074_case01,IGM,IGM_patient048_0048.jpg,2,1.0,strong_75_plus,623,468,0.9669421487603306,0.7512038523274478,0.7512038523274478,0.7323943661971831,1,False
HYBRID_TALON,25,patient074,patient074_case01,IGM,IGM_patient048_0049.jpg,1,,off_target_fp,132,0,0.0,0.0,0.0,0.0,0,False
HYBRID_TALON,25,patient074,patient074_case01,IGM,IGM_patient048_0049.jpg,2,1.0,strong_75_plus,673,550,0.9963768115942029,0.8172362555720654,0.8172362555720654,0.8148148148148148,1,False
HYBRID_TALON,25,patient074,patient074_case01,IGM,IGM_patient048_0050.jpg,1,1.0,strong_75_plus,646,534,0.9888888888888889,0.826625386996904,0.826625386996904,0.8190184049079755,1,False
HYBRID_TALON,25,patient074,patient074_case01,IGM,IGM_patient048_0051.jpg,1,1.0,strong_75_plus,451,381,0.9621212121212122,0.844789356984479,0.844789356984479,0.8175965665236051,1,False
HYBRID_TALON,25,patient074,patient074_case01,IGM,IGM_patient048_0051.jpg,2,,off_target_fp,61,0,0.0,0.0,0.0,0.0,0,False
HYBRID_TALON,25,patient083,patient083_case01,IGM,IGM_patient052_0059.jpg,1,1.0,strong_75_plus,102,87,0.87,0.8529411764705882,0.8529411764705882,0.7565217391304347,1,False
HYBRID_TALON,25,patient083,patient083_case01,IGM,IGM_patient052_0059.jpg,2,,off_target_fp,73,0,0.0,0.0,0.0,0.0,0,False
HYBRID_TALON,25,patient083,patient083_case01,IGM,IGM_patient052_0060.jpg,1,1.0,moderate_50_to_75,152,129,0.7329545454545454,0.8486842105263158,0.7329545454545454,0.6482412060301508,1,False
HYBRID_TALON,25,patient083,patient083_case01,IGM,IGM_patient052_0061.jpg,1,1.0,strong_75_plus,211,193,0.8616071428571429,0.9146919431279621,0.8616071428571429,0.7975206611570248,1,False
HYBRID_TALON,25,patient083,patient083_case01,IGM,IGM_patient052_0062.jpg,1,1.0,strong_75_plus,266,232,0.90625,0.8721804511278195,0.8721804511278195,0.8,1,False
HYBRID_TALON,25,patient083,patient083_case01,IGM,IGM_patient052_0062.jpg,2,,off_target_fp,35,0,0.0,0.0,0.0,0.0,0,False
HYBRID_TALON,25,patient083,patient083_case01,IGM,IGM_patient052_0063.jpg,1,1.0,strong_75_plus,295,255,0.9514925373134329,0.864406779661017,0.864406779661017,0.827922077922078,1,False
HYBRID_TALON,25,patient083,patient083_case01,IGM,IGM_patient052_0063.jpg,2,,off_target_fp,96,0,0.0,0.0,0.0,0.0,0,False
HYBRID_TALON,25,patient083,patient083_case01,IGM,IGM_patient052_0064.jpg,1,1.0,strong_75_plus,292,250,0.9765625,0.8561643835616438,0.8561643835616438,0.8389261744966443,1,False
HYBRID_TALON,25,patient083,patient083_case01,IGM,IGM_patient052_0064.jpg,2,,off_target_fp,192,0,0.0,0.0,0.0,0.0,0,False
HYBRID_TALON,25,patient083,patient083_case01,IGM,IGM_patient052_0065.jpg,1,1.0,strong_75_plus,247,232,0.8923076923076924,0.9392712550607287,0.8923076923076924,0.8436363636363636,1,False
HYBRID_TALON,25,patient083,patient083_case01,IGM,IGM_patient052_0065.jpg,2,,off_target_fp,223,0,0.0,0.0,0.0,0.0,0,False
HYBRID_TALON,25,patient083,patient083_case01,IGM,IGM_patient052_0066.jpg,1,1.0,strong_75_plus,162,138,0.9324324324324325,0.8518518518518519,0.8518518518518519,0.8023255813953488,1,False
HYBRID_TALON,25,patient083,patient083_case01,IGM,IGM_patient052_0067.jpg,1,1.0,strong_75_plus,197,164,0.8913043478260869,0.8324873096446701,0.8324873096446701,0.7557603686635944,1,False
HYBRID_TALON,25,patient083,patient083_case01,IGM,IGM_patient052_0068.jpg,1,1.0,strong_75_plus,145,116,0.8529411764705882,0.8,0.8,0.703030303030303,1,False
HYBRID_TALON,25,patient083,patient083_case01,IGM,IGM_patient052_0068.jpg,2,,off_target_fp,38,0,0.0,0.0,0.0,0.0,0,False
HYBRID_TALON,25,patient083,patient083_case01,IGM,IGM_patient052_0069.jpg,1,1.0,strong_75_plus,188,154,0.9625,0.8191489361702128,0.8191489361702128,0.7938144329896907,1,False
HYBRID_TALON,25,patient083,patient083_case01,IGM,IGM_patient052_0070.jpg,1,1.0,strong_75_plus,188,147,0.9671052631578947,0.7819148936170213,0.7819148936170213,0.7616580310880829,1,False
HYBRID_TALON,25,patient083,patient083_case01,IGM,IGM_patient052_0070.jpg,2,,off_target_fp,40,0,0.0,0.0,0.0,0.0,0,False
HYBRID_TALON,25,patient083,patient083_case01,IGM,IGM_patient052_0071.jpg,1,1.0,strong_75_plus,174,145,0.9294871794871795,0.8333333333333334,0.8333333333333334,0.7837837837837838,1,False
HYBRID_TALON,25,patient083,patient083_case01,IGM,IGM_patient052_0071.jpg,2,,off_target_fp,75,0,0.0,0.0,0.0,0.0,0,False
HYBRID_TALON,25,patient083,patient083_case01,IGM,IGM_patient052_0072.jpg,1,1.0,moderate_50_to_75,128,109,0.7171052631578947,0.8515625,0.7171052631578947,0.6374269005847953,1,False
HYBRID_TALON,25,patient086,patient086_case01,IGM,IGM_patient053_0060.jpg,1,,off_target_fp,25,0,0.0,0.0,0.0,0.0,0,False
HYBRID_TALON,25,patient086,patient086_case01,IGM,IGM_patient053_0062.jpg,1,,off_target_fp,88,0,0.0,0.0,0.0,0.0,0,False
HYBRID_TALON,25,patient086,patient086_case01,IGM,IGM_patient053_0063.jpg,1,,off_target_fp,167,0,0.0,0.0,0.0,0.0,0,False
HYBRID_TALON,25,patient086,patient086_case01,IGM,IGM_patient053_0064.jpg,1,,off_target_fp,185,0,0.0,0.0,0.0,0.0,0,False
HYBRID_TALON,25,patient086,patient086_case01,IGM,IGM_patient053_0065.jpg,1,,off_target_fp,146,0,0.0,0.0,0.0,0.0,0,False
HYBRID_TALON,25,patient086,patient086_case01,IGM,IGM_patient053_0066.jpg,1,1.0,moderate_50_to_75,34,34,0.5,1.0,0.5,0.5,1,False
HYBRID_TALON,25,patient091,patient091_case01,IBC,IBC_patient056_0040.jpg,1,1.0,strong_75_plus,55,47,0.7833333333333333,0.8545454545454545,0.7833333333333333,0.6911764705882353,1,False
HYBRID_TALON,25,patient091,patient091_case01,IBC,IBC_patient056_0041.jpg,1,1.0,strong_75_plus,81,63,0.984375,0.7777777777777778,0.7777777777777778,0.7682926829268293,1,False
HYBRID_TALON,25,patient091,patient091_case01,IBC,IBC_patient056_0042.jpg,1,1.0,strong_75_plus,89,67,0.9852941176470589,0.7528089887640449,0.7528089887640449,0.7444444444444445,1,False
HYBRID_TALON,25,patient091,patient091_case01,IBC,IBC_patient056_0045.jpg,1,,off_target_fp,305,0,0.0,0.0,0.0,0.0,0,False
HYBRID_TALON,25,patient091,patient091_case01,IBC,IBC_patient056_0046.jpg,1,,off_target_fp,596,0,0.0,0.0,0.0,0.0,0,False
HYBRID_TALON,25,patient091,patient091_case01,IBC,IBC_patient056_0047.jpg,1,,off_target_fp,782,0,0.0,0.0,0.0,0.0,0,False
HYBRID_TALON,25,patient091,patient091_case01,IBC,IBC_patient056_0056.jpg,1,,off_target_fp,69,0,0.0,0.0,0.0,0.0,0,False
HYBRID_TALON,25,patient091,patient091_case01,IBC,IBC_patient056_0056.jpg,2,,off_target_fp,41,0,0.0,0.0,0.0,0.0,0,False
HYBRID_TALON,25,patient092,patient092_case01,IBC,IBC_patient057_0042.jpg,1,1.0,low_25_to_50,50,50,0.3472222222222222,1.0,0.3472222222222222,0.3472222222222222,1,False
HYBRID_TALON,25,patient092,patient092_case01,IBC,IBC_patient057_0043.jpg,1,,off_target_fp,41,0,0.0,0.0,0.0,0.0,0,False
HYBRID_TALON,25,patient092,patient092_case01,IBC,IBC_patient057_0043.jpg,2,1.0,strong_75_plus,249,226,0.773972602739726,0.9076305220883534,0.773972602739726,0.7174603174603175,1,False
HYBRID_TALON,25,patient092,patient092_case01,IBC,IBC_patient057_0044.jpg,1,,off_target_fp,46,0,0.0,0.0,0.0,0.0,0,False
HYBRID_TALON,25,patient092,patient092_case01,IBC,IBC_patient057_0044.jpg,2,,off_target_fp,34,0,0.0,0.0,0.0,0.0,0,False
HYBRID_TALON,25,patient092,patient092_case01,IBC,IBC_patient057_0044.jpg,3,1.0,strong_75_plus,285,235,0.762987012987013,0.8245614035087719,0.762987012987013,0.6564245810055865,1,False
HYBRID_TALON,25,patient092,patient092_case01,IBC,IBC_patient057_0045.jpg,1,1.0,strong_75_plus,402,356,0.8557692307692307,0.8855721393034826,0.8557692307692307,0.7705627705627706,1,False
HYBRID_TALON,25,patient092,patient092_case01,IBC,IBC_patient057_0046.jpg,1,1.0,strong_75_plus,427,399,0.9068181818181819,0.9344262295081968,0.9068181818181819,0.8525641025641025,1,False
HYBRID_TALON,25,patient092,patient092_case01,IBC,IBC_patient057_0047.jpg,1,1.0,strong_75_plus,347,330,0.9482758620689655,0.9510086455331412,0.9482758620689655,0.9041095890410958,1,False
HYBRID_TALON,25,patient092,patient092_case01,IBC,IBC_patient057_0048.jpg,1,1.0,strong_75_plus,211,211,0.8115384615384615,1.0,0.8115384615384615,0.8115384615384615,1,False
HYBRID_TALON,25,patient096,patient096_case01,IGM,IGM_patient006_0061.jpg,1,1.0,strong_75_plus,151,148,0.7708333333333334,0.9801324503311258,0.7708333333333334,0.7589743589743589,1,False
HYBRID_TALON,25,patient096,patient096_case01,IGM,IGM_patient006_0061.jpg,2,,off_target_fp,118,0,0.0,0.0,0.0,0.0,0,False
HYBRID_TALON,25,patient096,patient096_case01,IGM,IGM_patient006_0062.jpg,1,1.0,strong_75_plus,224,190,0.9313725490196079,0.8482142857142857,0.8482142857142857,0.7983193277310925,1,False
HYBRID_TALON,25,patient096,patient096_case01,IGM,IGM_patient006_0062.jpg,2,,off_target_fp,107,0,0.0,0.0,0.0,0.0,0,False
HYBRID_TALON,25,patient096,patient096_case01,IGM,IGM_patient006_0063.jpg,1,1.0,strong_75_plus,227,217,0.8346153846153846,0.9559471365638766,0.8346153846153846,0.8037037037037037,1,False
HYBRID_TALON,25,patient096,patient096_case01,IGM,IGM_patient006_0063.jpg,2,,off_target_fp,43,0,0.0,0.0,0.0,0.0,0,False
HYBRID_TALON,25,patient096,patient096_case01,IGM,IGM_patient006_0064.jpg,1,1.0,low_25_to_50,59,55,0.2925531914893617,0.9322033898305084,0.2925531914893617,0.2864583333333333,1,False
HYBRID_TALON,25,patient096,patient096_case01,IGM,IGM_patient006_0064.jpg,2,,off_target_fp,91,0,0.0,0.0,0.0,0.0,0,False
HYBRID_TALON,25,patient096,patient096_case01,IGM,IGM_patient006_0065.jpg,1,,off_target_fp,105,0,0.0,0.0,0.0,0.0,0,False
HYBRID_TALON,25,patient096,patient096_case01,IGM,IGM_patient006_0065.jpg,2,,off_target_fp,63,0,0.0,0.0,0.0,0.0,0,False
HYBRID_TALON,25,patient096,patient096_case01,IGM,IGM_patient006_0066.jpg,1,,off_target_fp,223,0,0.0,0.0,0.0,0.0,0,False
HYBRID_TALON,25,patient096,patient096_case01,IGM,IGM_patient006_0067.jpg,1,,off_target_fp,268,0,0.0,0.0,0.0,0.0,0,False
HYBRID_TALON,25,patient096,patient096_case01,IGM,IGM_patient006_0068.jpg,1,,off_target_fp,248,0,0.0,0.0,0.0,0.0,0,False
HYBRID_TALON,25,patient096,patient096_case01,IGM,IGM_patient006_0069.jpg,1,,off_target_fp,32,0,0.0,0.0,0.0,0.0,0,False
HYBRID_TALON,25,patient096,patient096_case01,IGM,IGM_patient006_0069.jpg,2,,off_target_fp,47,0,0.0,0.0,0.0,0.0,0,False
HYBRID_TALON,25,patient096,patient096_case01,IGM,IGM_patient006_0070.jpg,1,,off_target_fp,103,0,0.0,0.0,0.0,0.0,0,False
HYBRID_TALON,25,patient100,patient100_case01,IBC,IBC_patient008_0147.jpg,1,,off_target_fp,107,0,0.0,0.0,0.0,0.0,0,False
HYBRID_TALON,25,patient100,patient100_case01,IBC,IBC_patient008_0147.jpg,2,1.0,low_25_to_50,256,119,0.9916666666666667,0.46484375,0.46484375,0.46303501945525294,1,False
HYBRID_TALON,25,patient100,patient100_case01,IBC,IBC_patient008_0148.jpg,1,,off_target_fp,136,0,0.0,0.0,0.0,0.0,0,False
HYBRID_TALON,25,patient100,patient100_case01,IBC,IBC_patient008_0148.jpg,2,1.0,moderate_50_to_75,444,326,0.9702380952380952,0.7342342342342343,0.7342342342342343,0.7180616740088106,1,False
HYBRID_TALON,25,patient100,patient100_case01,IBC,IBC_patient008_0149.jpg,1,,off_target_fp,136,0,0.0,0.0,0.0,0.0,0,False
HYBRID_TALON,25,patient100,patient100_case01,IBC,IBC_patient008_0149.jpg,2,1.0,moderate_50_to_75,556,351,0.975,0.6312949640287769,0.6312949640287769,0.6212389380530974,1,False
HYBRID_TALON,25,patient100,patient100_case01,IBC,IBC_patient008_0150.jpg,1,,off_target_fp,126,0,0.0,0.0,0.0,0.0,0,False
HYBRID_TALON,25,patient100,patient100_case01,IBC,IBC_patient008_0150.jpg,2,1.0,moderate_50_to_75,679,449,0.9846491228070176,0.6612665684830633,0.6612665684830633,0.6545189504373178,1,False
HYBRID_TALON,25,patient100,patient100_case01,IBC,IBC_patient008_0151.jpg,1,,off_target_fp,121,0,0.0,0.0,0.0,0.0,0,False
HYBRID_TALON,25,patient100,patient100_case01,IBC,IBC_patient008_0151.jpg,2,1.0,moderate_50_to_75,711,476,0.9754098360655737,0.6694796061884669,0.6694796061884669,0.6583679114799447,1,False
HYBRID_TALON,25,patient100,patient100_case01,IBC,IBC_patient008_0152.jpg,1,,off_target_fp,118,0,0.0,0.0,0.0,0.0,0,False
HYBRID_TALON,25,patient100,patient100_case01,IBC,IBC_patient008_0152.jpg,2,1.0,moderate_50_to_75,608,454,0.908,0.7467105263157895,0.7467105263157895,0.6941896024464832,1,False
HYBRID_TALON,25,patient100,patient100_case01,IBC,IBC_patient008_0153.jpg,1,,off_target_fp,115,0,0.0,0.0,0.0,0.0,0,False
HYBRID_TALON,25,patient100,patient100_case01,IBC,IBC_patient008_0153.jpg,2,1.0,strong_75_plus,519,400,0.8264462809917356,0.7707129094412332,0.7707129094412332,0.6633499170812603,1,False
HYBRID_TALON,25,patient100,patient100_case01,IBC,IBC_patient008_0154.jpg,1,,off_target_fp,105,0,0.0,0.0,0.0,0.0,0,False
HYBRID_TALON,25,patient100,patient100_case01,IBC,IBC_patient008_0154.jpg,2,1.0,moderate_50_to_75,409,284,0.6120689655172413,0.6943765281173594,0.6120689655172413,0.48217317487266553,1,False
HYBRID_TALON,25,patient100,patient100_case01,IBC,IBC_patient008_0155.jpg,1,,off_target_fp,95,0,0.0,0.0,0.0,0.0,0,False
HYBRID_TALON,25,patient100,patient100_case01,IBC,IBC_patient008_0155.jpg,2,1.0,low_25_to_50,330,254,0.4601449275362319,0.7696969696969697,0.4601449275362319,0.40445859872611467,1,False
HYBRID_TALON,25,patient100,patient100_case01,IBC,IBC_patient008_0156.jpg,1,,off_target_fp,84,0,0.0,0.0,0.0,0.0,0,False
HYBRID_TALON,25,patient100,patient100_case01,IBC,IBC_patient008_0156.jpg,2,1.0,moderate_50_to_75,429,308,0.5923076923076923,0.717948717948718,0.5923076923076923,0.48049921996879874,1,False
HYBRID_TALON,25,patient100,patient100_case01,IBC,IBC_patient008_0157.jpg,1,,off_target_fp,73,0,0.0,0.0,0.0,0.0,0,False
HYBRID_TALON,25,patient100,patient100_case01,IBC,IBC_patient008_0157.jpg,2,1.0,strong_75_plus,570,480,0.8333333333333334,0.8421052631578947,0.8333333333333334,0.7207207207207207,1,False
HYBRID_TALON,25,patient100,patient100_case01,IBC,IBC_patient008_0158.jpg,1,,off_target_fp,53,0,0.0,0.0,0.0,0.0,0,False
HYBRID_TALON,25,patient100,patient100_case01,IBC,IBC_patient008_0158.jpg,2,,off_target_fp,213,0,0.0,0.0,0.0,0.0,0,False
HYBRID_TALON,25,patient100,patient100_case01,IBC,IBC_patient008_0158.jpg,3,1.0,strong_75_plus,567,482,0.9341085271317829,0.8500881834215167,0.8500881834215167,0.8019966722129783,1,False
HYBRID_TALON,25,patient100,patient100_case01,IBC,IBC_patient008_0159.jpg,1,,off_target_fp,34,0,0.0,0.0,0.0,0.0,0,False
HYBRID_TALON,25,patient100,patient100_case01,IBC,IBC_patient008_0159.jpg,2,,off_target_fp,391,0,0.0,0.0,0.0,0.0,0,False
HYBRID_TALON,25,patient100,patient100_case01,IBC,IBC_patient008_0159.jpg,3,1.0,strong_75_plus,476,446,0.7907801418439716,0.9369747899159664,0.7907801418439716,0.7508417508417509,1,False
HYBRID_TALON,25,patient100,patient100_case01,IBC,IBC_patient008_0160.jpg,1,,off_target_fp,444,0,0.0,0.0,0.0,0.0,0,False
HYBRID_TALON,25,patient100,patient100_case01,IBC,IBC_patient008_0160.jpg,2,1.0,low_25_to_50,170,158,0.29259259259259257,0.9294117647058824,0.29259259259259257,0.286231884057971,1,False
HYBRID_TALON,25,patient100,patient100_case01,IBC,IBC_patient008_0160.jpg,3,1.0,partial_below_25,57,57,0.10555555555555556,1.0,0.10555555555555556,0.10555555555555556,1,False
HYBRID_TALON,25,patient100,patient100_case01,IBC,IBC_patient008_0161.jpg,1,,off_target_fp,84,0,0.0,0.0,0.0,0.0,0,False
HYBRID_TALON,25,patient100,patient100_case01,IBC,IBC_patient008_0161.jpg,2,1.0,strong_75_plus,438,423,0.8886554621848739,0.9657534246575342,0.8886554621848739,0.8615071283095723,1,False
HYBRID_TALON,25,patient100,patient100_case01,IBC,IBC_patient008_0162.jpg,1,1.0,strong_75_plus,421,391,0.9490291262135923,0.9287410926365796,0.9287410926365796,0.8846153846153846,1,False
HYBRID_TALON,25,patient100,patient100_case01,IBC,IBC_patient008_0163.jpg,1,1.0,strong_75_plus,379,323,0.938953488372093,0.8522427440633246,0.8522427440633246,0.8075,1,False
HYBRID_TALON,25,patient100,patient100_case01,IBC,IBC_patient008_0164.jpg,1,1.0,strong_75_plus,339,300,0.9615384615384616,0.8849557522123894,0.8849557522123894,0.8547008547008547,1,False
HYBRID_TALON,25,patient100,patient100_case01,IBC,IBC_patient008_0165.jpg,1,,off_target_fp,72,0,0.0,0.0,0.0,0.0,0,False
HYBRID_TALON,25,patient100,patient100_case01,IBC,IBC_patient008_0165.jpg,2,1.0,strong_75_plus,296,255,0.9239130434782609,0.8614864864864865,0.8614864864864865,0.804416403785489,1,False
HYBRID_TALON,25,patient100,patient100_case01,IBC,IBC_patient008_0166.jpg,1,1.0,strong_75_plus,255,217,0.96875,0.8509803921568627,0.8509803921568627,0.8282442748091603,1,False
HYBRID_TALON,25,patient100,patient100_case01,IBC,IBC_patient008_0167.jpg,1,,off_target_fp,540,0,0.0,0.0,0.0,0.0,0,False
HYBRID_TALON,25,patient100,patient100_case01,IBC,IBC_patient008_0167.jpg,2,1.0,strong_75_plus,205,167,0.9488636363636364,0.8146341463414634,0.8146341463414634,0.780373831775701,1,False
HYBRID_TALON,25,patient100,patient100_case01,IBC,IBC_patient008_0168.jpg,1,,off_target_fp,542,0,0.0,0.0,0.0,0.0,0,False
HYBRID_TALON,25,patient100,patient100_case01,IBC,IBC_patient008_0168.jpg,2,1.0,moderate_50_to_75,167,121,0.9758064516129032,0.7245508982035929,0.7245508982035929,0.711764705882353,1,False
HYBRID_TALON,25,patient100,patient100_case01,IBC,IBC_patient008_0168.jpg,3,,off_target_fp,37,0,0.0,0.0,0.0,0.0,0,False
HYBRID_TALON,25,patient100,patient100_case01,IBC,IBC_patient008_0169.jpg,1,,off_target_fp,445,0,0.0,0.0,0.0,0.0,0,False
HYBRID_TALON,25,patient100,patient100_case01,IBC,IBC_patient008_0169.jpg,2,1.0,moderate_50_to_75,99,63,0.7159090909090909,0.6363636363636364,0.6363636363636364,0.5080645161290323,1,False
HYBRID_TALON,25,patient100,patient100_case01,IBC,IBC_patient008_0169.jpg,3,,off_target_fp,64,0,0.0,0.0,0.0,0.0,0,False
UNET_MTL_MASK_GUIDED,1,patient012,patient012_case01,IBC,IBC_patient015_0138.jpg,1,,off_target_fp,1,0,0.0,0.0,0.0,0.0,0,False
UNET_MTL_MASK_GUIDED,1,patient012,patient012_case01,IBC,IBC_patient015_0138.jpg,2,,off_target_fp,29,0,0.0,0.0,0.0,0.0,0,False
UNET_MTL_MASK_GUIDED,1,patient012,patient012_case01,IBC,IBC_patient015_0139.jpg,1,,off_target_fp,78,0,0.0,0.0,0.0,0.0,0,False
UNET_MTL_MASK_GUIDED,1,patient012,patient012_case01,IBC,IBC_patient015_0139.jpg,2,,off_target_fp,2,0,0.0,0.0,0.0,0.0,0,False
UNET_MTL_MASK_GUIDED,1,patient012,patient012_case01,IBC,IBC_patient015_0140.jpg,1,,off_target_fp,53,0,0.0,0.0,0.0,0.0,0,False
UNET_MTL_MASK_GUIDED,1,patient012,patient012_case01,IBC,IBC_patient015_0141.jpg,1,,off_target_fp,12,0,0.0,0.0,0.0,0.0,0,False
UNET_MTL_MASK_GUIDED,1,patient012,patient012_case01,IBC,IBC_patient015_0143.jpg,1,,off_target_fp,2,0,0.0,0.0,0.0,0.0,0,False
UNET_MTL_MASK_GUIDED,1,patient012,patient012_case01,IBC,IBC_patient015_0143.jpg,2,,off_target_fp,42,0,0.0,0.0,0.0,0.0,0,False
UNET_MTL_MASK_GUIDED,1,patient012,patient012_case01,IBC,IBC_patient015_0144.jpg,1,,off_target_fp,156,0,0.0,0.0,0.0,0.0,0,False
UNET_MTL_MASK_GUIDED,1,patient012,patient012_case01,IBC,IBC_patient015_0145.jpg,1,,off_target_fp,189,0,0.0,0.0,0.0,0.0,0,False
UNET_MTL_MASK_GUIDED,1,patient012,patient012_case01,IBC,IBC_patient015_0146.jpg,1,,off_target_fp,194,0,0.0,0.0,0.0,0.0,0,False
UNET_MTL_MASK_GUIDED,1,patient012,patient012_case01,IBC,IBC_patient015_0147.jpg,1,,off_target_fp,173,0,0.0,0.0,0.0,0.0,0,False
UNET_MTL_MASK_GUIDED,1,patient012,patient012_case01,IBC,IBC_patient015_0148.jpg,1,,off_target_fp,161,0,0.0,0.0,0.0,0.0,0,False
UNET_MTL_MASK_GUIDED,1,patient012,patient012_case01,IBC,IBC_patient015_0149.jpg,1,,off_target_fp,141,0,0.0,0.0,0.0,0.0,0,False
UNET_MTL_MASK_GUIDED,1,patient012,patient012_case01,IBC,IBC_patient015_0150.jpg,1,,off_target_fp,10,0,0.0,0.0,0.0,0.0,0,False
UNET_MTL_MASK_GUIDED,1,patient012,patient012_case01,IBC,IBC_patient015_0150.jpg,2,,off_target_fp,120,0,0.0,0.0,0.0,0.0,0,False
UNET_MTL_MASK_GUIDED,1,patient017,patient017_case01,IGM,IGM_patient017_0054.jpg,1,,off_target_fp,14,0,0.0,0.0,0.0,0.0,0,False
UNET_MTL_MASK_GUIDED,1,patient017,patient017_case01,IGM,IGM_patient017_0054.jpg,2,,off_target_fp,17,0,0.0,0.0,0.0,0.0,0,False
UNET_MTL_MASK_GUIDED,1,patient017,patient017_case01,IGM,IGM_patient017_0055.jpg,1,,off_target_fp,141,0,0.0,0.0,0.0,0.0,0,False
UNET_MTL_MASK_GUIDED,1,patient017,patient017_case01,IGM,IGM_patient017_0056.jpg,1,,off_target_fp,1,0,0.0,0.0,0.0,0.0,0,False
UNET_MTL_MASK_GUIDED,1,patient017,patient017_case01,IGM,IGM_patient017_0057.jpg,1,,off_target_fp,73,0,0.0,0.0,0.0,0.0,0,False
UNET_MTL_MASK_GUIDED,1,patient017,patient017_case01,IGM,IGM_patient017_0057.jpg,2,,off_target_fp,29,0,0.0,0.0,0.0,0.0,0,False
UNET_MTL_MASK_GUIDED,1,patient017,patient017_case01,IGM,IGM_patient017_0058.jpg,1,,off_target_fp,39,0,0.0,0.0,0.0,0.0,0,False
UNET_MTL_MASK_GUIDED,1,patient017,patient017_case01,IGM,IGM_patient017_0058.jpg,2,,off_target_fp,40,0,0.0,0.0,0.0,0.0,0,False
UNET_MTL_MASK_GUIDED,1,patient017,patient017_case01,IGM,IGM_patient017_0058.jpg,3,,off_target_fp,27,0,0.0,0.0,0.0,0.0,0,False
UNET_MTL_MASK_GUIDED,1,patient017,patient017_case01,IGM,IGM_patient017_0058.jpg,4,,off_target_fp,23,0,0.0,0.0,0.0,0.0,0,False
UNET_MTL_MASK_GUIDED,1,patient017,patient017_case01,IGM,IGM_patient017_0059.jpg,1,,off_target_fp,40,0,0.0,0.0,0.0,0.0,0,False
UNET_MTL_MASK_GUIDED,1,patient017,patient017_case01,IGM,IGM_patient017_0059.jpg,2,,off_target_fp,19,0,0.0,0.0,0.0,0.0,0,False
UNET_MTL_MASK_GUIDED,1,patient017,patient017_case01,IGM,IGM_patient017_0060.jpg,1,,off_target_fp,7,0,0.0,0.0,0.0,0.0,0,False
UNET_MTL_MASK_GUIDED,1,patient017,patient017_case01,IGM,IGM_patient017_0060.jpg,2,,off_target_fp,6,0,0.0,0.0,0.0,0.0,0,False
UNET_MTL_MASK_GUIDED,1,patient017,patient017_case01,IGM,IGM_patient017_0061.jpg,1,,off_target_fp,14,0,0.0,0.0,0.0,0.0,0,False
UNET_MTL_MASK_GUIDED,1,patient017,patient017_case01,IGM,IGM_patient017_0062.jpg,1,,off_target_fp,290,0,0.0,0.0,0.0,0.0,0,False
UNET_MTL_MASK_GUIDED,1,patient017,patient017_case01,IGM,IGM_patient017_0063.jpg,1,,off_target_fp,161,0,0.0,0.0,0.0,0.0,0,False
UNET_MTL_MASK_GUIDED,1,patient017,patient017_case01,IGM,IGM_patient017_0064.jpg,1,,off_target_fp,445,0,0.0,0.0,0.0,0.0,0,False
UNET_MTL_MASK_GUIDED,1,patient017,patient017_case01,IGM,IGM_patient017_0064.jpg,2,,off_target_fp,5,0,0.0,0.0,0.0,0.0,0,False
UNET_MTL_MASK_GUIDED,1,patient017,patient017_case01,IGM,IGM_patient017_0065.jpg,1,,off_target_fp,488,0,0.0,0.0,0.0,0.0,0,False
UNET_MTL_MASK_GUIDED,1,patient017,patient017_case01,IGM,IGM_patient017_0065.jpg,2,,off_target_fp,99,0,0.0,0.0,0.0,0.0,0,False
UNET_MTL_MASK_GUIDED,1,patient017,patient017_case01,IGM,IGM_patient017_0065.jpg,3,,off_target_fp,2,0,0.0,0.0,0.0,0.0,0,False
UNET_MTL_MASK_GUIDED,1,patient017,patient017_case01,IGM,IGM_patient017_0066.jpg,1,,off_target_fp,459,0,0.0,0.0,0.0,0.0,0,False
UNET_MTL_MASK_GUIDED,1,patient017,patient017_case01,IGM,IGM_patient017_0067.jpg,1,,off_target_fp,414,0,0.0,0.0,0.0,0.0,0,False
UNET_MTL_MASK_GUIDED,1,patient017,patient017_case01,IGM,IGM_patient017_0067.jpg,2,,off_target_fp,69,0,0.0,0.0,0.0,0.0,0,False
UNET_MTL_MASK_GUIDED,1,patient025,patient025_case01,IBC,IBC_patient021_0061.jpg,1,1.0,strong_75_plus,94,82,0.8913043478260869,0.8723404255319149,0.8723404255319149,0.7884615384615384,1,False
UNET_MTL_MASK_GUIDED,1,patient025,patient025_case01,IBC,IBC_patient021_0061.jpg,2,,off_target_fp,17,0,0.0,0.0,0.0,0.0,0,False
UNET_MTL_MASK_GUIDED,1,patient025,patient025_case01,IBC,IBC_patient021_0061.jpg,3,,off_target_fp,3,0,0.0,0.0,0.0,0.0,0,False
UNET_MTL_MASK_GUIDED,1,patient025,patient025_case01,IBC,IBC_patient021_0061.jpg,4,,off_target_fp,15,0,0.0,0.0,0.0,0.0,0,False
UNET_MTL_MASK_GUIDED,1,patient025,patient025_case01,IBC,IBC_patient021_0062.jpg,1,1.0,strong_75_plus,194,159,0.9464285714285714,0.8195876288659794,0.8195876288659794,0.7832512315270936,1,False
UNET_MTL_MASK_GUIDED,1,patient025,patient025_case01,IBC,IBC_patient021_0063.jpg,1,1.0,strong_75_plus,237,207,0.9764150943396226,0.8734177215189873,0.8734177215189873,0.8553719008264463,1,False
UNET_MTL_MASK_GUIDED,1,patient025,patient025_case01,IBC,IBC_patient021_0064.jpg,1,1.0,strong_75_plus,280,251,0.9507575757575758,0.8964285714285715,0.8964285714285715,0.856655290102389,1,False
UNET_MTL_MASK_GUIDED,1,patient025,patient025_case01,IBC,IBC_patient021_0064.jpg,2,,off_target_fp,38,0,0.0,0.0,0.0,0.0,0,False
UNET_MTL_MASK_GUIDED,1,patient025,patient025_case01,IBC,IBC_patient021_0065.jpg,1,1.0,strong_75_plus,308,240,0.967741935483871,0.7792207792207793,0.7792207792207793,0.759493670886076,1,False
UNET_MTL_MASK_GUIDED,1,patient025,patient025_case01,IBC,IBC_patient021_0065.jpg,2,,off_target_fp,55,0,0.0,0.0,0.0,0.0,0,False
UNET_MTL_MASK_GUIDED,1,patient025,patient025_case01,IBC,IBC_patient021_0066.jpg,1,,off_target_fp,138,0,0.0,0.0,0.0,0.0,0,False
UNET_MTL_MASK_GUIDED,1,patient025,patient025_case01,IBC,IBC_patient021_0066.jpg,2,,off_target_fp,21,0,0.0,0.0,0.0,0.0,0,False
UNET_MTL_MASK_GUIDED,1,patient025,patient025_case01,IBC,IBC_patient021_0066.jpg,3,1.0,strong_75_plus,177,167,0.8882978723404256,0.943502824858757,0.8882978723404256,0.8434343434343434,1,False
UNET_MTL_MASK_GUIDED,1,patient025,patient025_case01,IBC,IBC_patient021_0066.jpg,4,,off_target_fp,14,0,0.0,0.0,0.0,0.0,0,False
UNET_MTL_MASK_GUIDED,1,patient025,patient025_case01,IBC,IBC_patient021_0066.jpg,5,,off_target_fp,35,0,0.0,0.0,0.0,0.0,0,False
UNET_MTL_MASK_GUIDED,1,patient025,patient025_case01,IBC,IBC_patient021_0067.jpg,1,,off_target_fp,123,0,0.0,0.0,0.0,0.0,0,False
UNET_MTL_MASK_GUIDED,1,patient025,patient025_case01,IBC,IBC_patient021_0067.jpg,2,1.0,strong_75_plus,65,57,0.7916666666666666,0.8769230769230769,0.7916666666666666,0.7125,1,False
UNET_MTL_MASK_GUIDED,1,patient024,patient024_case01,IGM,IGM_patient021_0043.jpg,1,,off_target_fp,211,0,0.0,0.0,0.0,0.0,0,False
UNET_MTL_MASK_GUIDED,1,patient024,patient024_case01,IGM,IGM_patient021_0043.jpg,2,,off_target_fp,7,0,0.0,0.0,0.0,0.0,0,False
UNET_MTL_MASK_GUIDED,1,patient024,patient024_case01,IGM,IGM_patient021_0043.jpg,3,,off_target_fp,18,0,0.0,0.0,0.0,0.0,0,False
UNET_MTL_MASK_GUIDED,1,patient024,patient024_case01,IGM,IGM_patient021_0044.jpg,1,,off_target_fp,13,0,0.0,0.0,0.0,0.0,0,False
UNET_MTL_MASK_GUIDED,1,patient024,patient024_case01,IGM,IGM_patient021_0044.jpg,2,,off_target_fp,140,0,0.0,0.0,0.0,0.0,0,False
UNET_MTL_MASK_GUIDED,1,patient024,patient024_case01,IGM,IGM_patient021_0044.jpg,3,,off_target_fp,14,0,0.0,0.0,0.0,0.0,0,False
UNET_MTL_MASK_GUIDED,1,patient024,patient024_case01,IGM,IGM_patient021_0045.jpg,1,,off_target_fp,26,0,0.0,0.0,0.0,0.0,0,False
UNET_MTL_MASK_GUIDED,1,patient024,patient024_case01,IGM,IGM_patient021_0045.jpg,2,,off_target_fp,78,0,0.0,0.0,0.0,0.0,0,False
UNET_MTL_MASK_GUIDED,1,patient024,patient024_case01,IGM,IGM_patient021_0046.jpg,1,,off_target_fp,165,0,0.0,0.0,0.0,0.0,0,False
UNET_MTL_MASK_GUIDED,1,patient024,patient024_case01,IGM,IGM_patient021_0047.jpg,1,,off_target_fp,193,0,0.0,0.0,0.0,0.0,0,False
UNET_MTL_MASK_GUIDED,1,patient024,patient024_case01,IGM,IGM_patient021_0048.jpg,1,,off_target_fp,34,0,0.0,0.0,0.0,0.0,0,False
UNET_MTL_MASK_GUIDED,1,patient024,patient024_case01,IGM,IGM_patient021_0049.jpg,1,,off_target_fp,224,0,0.0,0.0,0.0,0.0,0,False
UNET_MTL_MASK_GUIDED,1,patient024,patient024_case01,IGM,IGM_patient021_0050.jpg,1,,off_target_fp,257,0,0.0,0.0,0.0,0.0,0,False
UNET_MTL_MASK_GUIDED,1,patient024,patient024_case01,IGM,IGM_patient021_0050.jpg,2,,off_target_fp,10,0,0.0,0.0,0.0,0.0,0,False
UNET_MTL_MASK_GUIDED,1,patient027,patient027_case01,IBC,IBC_patient022_0068.jpg,1,,off_target_fp,20,0,0.0,0.0,0.0,0.0,0,False
UNET_MTL_MASK_GUIDED,1,patient027,patient027_case01,IBC,IBC_patient022_0068.jpg,2,,off_target_fp,19,0,0.0,0.0,0.0,0.0,0,False
UNET_MTL_MASK_GUIDED,1,patient027,patient027_case01,IBC,IBC_patient022_0068.jpg,3,,off_target_fp,67,0,0.0,0.0,0.0,0.0,0,False
UNET_MTL_MASK_GUIDED,1,patient027,patient027_case01,IBC,IBC_patient022_0068.jpg,4,,off_target_fp,91,0,0.0,0.0,0.0,0.0,0,False
UNET_MTL_MASK_GUIDED,1,patient027,patient027_case01,IBC,IBC_patient022_0069.jpg,1,,off_target_fp,20,0,0.0,0.0,0.0,0.0,0,False
UNET_MTL_MASK_GUIDED,1,patient027,patient027_case01,IBC,IBC_patient022_0069.jpg,2,1.0,low_25_to_50,68,42,0.4772727272727273,0.6176470588235294,0.4772727272727273,0.3684210526315789,1,False
UNET_MTL_MASK_GUIDED,1,patient027,patient027_case01,IBC,IBC_patient022_0069.jpg,3,,off_target_fp,72,0,0.0,0.0,0.0,0.0,0,False
UNET_MTL_MASK_GUIDED,1,patient027,patient027_case01,IBC,IBC_patient022_0069.jpg,4,,off_target_fp,109,0,0.0,0.0,0.0,0.0,0,False
UNET_MTL_MASK_GUIDED,1,patient027,patient027_case01,IBC,IBC_patient022_0069.jpg,5,,off_target_fp,102,0,0.0,0.0,0.0,0.0,0,False
UNET_MTL_MASK_GUIDED,1,patient027,patient027_case01,IBC,IBC_patient022_0070.jpg,1,1.0,moderate_50_to_75,108,78,0.5735294117647058,0.7222222222222222,0.5735294117647058,0.46987951807228917,1,False
UNET_MTL_MASK_GUIDED,1,patient027,patient027_case01,IBC,IBC_patient022_0070.jpg,2,,off_target_fp,115,0,0.0,0.0,0.0,0.0,0,False
UNET_MTL_MASK_GUIDED,1,patient027,patient027_case01,IBC,IBC_patient022_0070.jpg,3,,off_target_fp,2,0,0.0,0.0,0.0,0.0,0,False
UNET_MTL_MASK_GUIDED,1,patient027,patient027_case01,IBC,IBC_patient022_0070.jpg,4,,off_target_fp,70,0,0.0,0.0,0.0,0.0,0,False
UNET_MTL_MASK_GUIDED,1,patient027,patient027_case01,IBC,IBC_patient022_0070.jpg,5,,off_target_fp,170,0,0.0,0.0,0.0,0.0,0,False
UNET_MTL_MASK_GUIDED,1,patient027,patient027_case01,IBC,IBC_patient022_0071.jpg,1,1.0,moderate_50_to_75,170,107,0.7039473684210527,0.6294117647058823,0.6294117647058823,0.49767441860465117,1,False
UNET_MTL_MASK_GUIDED,1,patient027,patient027_case01,IBC,IBC_patient022_0071.jpg,2,,off_target_fp,39,0,0.0,0.0,0.0,0.0,0,False
UNET_MTL_MASK_GUIDED,1,patient027,patient027_case01,IBC,IBC_patient022_0071.jpg,3,,off_target_fp,5,0,0.0,0.0,0.0,0.0,0,False
UNET_MTL_MASK_GUIDED,1,patient027,patient027_case01,IBC,IBC_patient022_0071.jpg,4,,off_target_fp,20,0,0.0,0.0,0.0,0.0,0,False
UNET_MTL_MASK_GUIDED,1,patient027,patient027_case01,IBC,IBC_patient022_0071.jpg,5,,off_target_fp,147,0,0.0,0.0,0.0,0.0,0,False
UNET_MTL_MASK_GUIDED,1,patient027,patient027_case01,IBC,IBC_patient022_0072.jpg,1,1.0,moderate_50_to_75,173,129,0.9485294117647058,0.7456647398843931,0.7456647398843931,0.7166666666666667,1,False
UNET_MTL_MASK_GUIDED,1,patient027,patient027_case01,IBC,IBC_patient022_0072.jpg,2,,off_target_fp,30,0,0.0,0.0,0.0,0.0,0,False
UNET_MTL_MASK_GUIDED,1,patient027,patient027_case01,IBC,IBC_patient022_0072.jpg,3,,off_target_fp,294,0,0.0,0.0,0.0,0.0,0,False
UNET_MTL_MASK_GUIDED,1,patient027,patient027_case01,IBC,IBC_patient022_0072.jpg,4,,off_target_fp,18,0,0.0,0.0,0.0,0.0,0,False
UNET_MTL_MASK_GUIDED,1,patient027,patient027_case01,IBC,IBC_patient022_0072.jpg,5,,off_target_fp,3,0,0.0,0.0,0.0,0.0,0,False
UNET_MTL_MASK_GUIDED,1,patient027,patient027_case01,IBC,IBC_patient022_0072.jpg,6,,off_target_fp,106,0,0.0,0.0,0.0,0.0,0,False
UNET_MTL_MASK_GUIDED,1,patient027,patient027_case01,IBC,IBC_patient022_0072.jpg,7,,off_target_fp,15,0,0.0,0.0,0.0,0.0,0,False
UNET_MTL_MASK_GUIDED,1,patient027,patient027_case01,IBC,IBC_patient022_0072.jpg,8,,off_target_fp,58,0,0.0,0.0,0.0,0.0,0,False
UNET_MTL_MASK_GUIDED,1,patient027,patient027_case01,IBC,IBC_patient022_0073.jpg,1,1.0,moderate_50_to_75,106,72,0.8571428571428571,0.6792452830188679,0.6792452830188679,0.6101694915254238,1,False
UNET_MTL_MASK_GUIDED,1,patient027,patient027_case01,IBC,IBC_patient022_0073.jpg,2,,off_target_fp,47,0,0.0,0.0,0.0,0.0,0,False
UNET_MTL_MASK_GUIDED,1,patient027,patient027_case01,IBC,IBC_patient022_0073.jpg,3,,off_target_fp,654,0,0.0,0.0,0.0,0.0,0,False
UNET_MTL_MASK_GUIDED,1,patient027,patient027_case01,IBC,IBC_patient022_0074.jpg,1,,off_target_fp,30,0,0.0,0.0,0.0,0.0,0,False
UNET_MTL_MASK_GUIDED,1,patient027,patient027_case01,IBC,IBC_patient022_0074.jpg,2,,off_target_fp,135,0,0.0,0.0,0.0,0.0,0,False
UNET_MTL_MASK_GUIDED,1,patient027,patient027_case01,IBC,IBC_patient022_0074.jpg,3,,off_target_fp,650,0,0.0,0.0,0.0,0.0,0,False
UNET_MTL_MASK_GUIDED,1,patient027,patient027_case01,IBC,IBC_patient022_0074.jpg,4,,off_target_fp,306,0,0.0,0.0,0.0,0.0,0,False
UNET_MTL_MASK_GUIDED,1,patient026,patient026_case01,IGM,IGM_patient022_0054.jpg,1,1.0,strong_75_plus,87,85,0.7870370370370371,0.9770114942528736,0.7870370370370371,0.7727272727272727,1,False
UNET_MTL_MASK_GUIDED,1,patient026,patient026_case01,IGM,IGM_patient022_0054.jpg,2,,off_target_fp,4,0,0.0,0.0,0.0,0.0,0,False
UNET_MTL_MASK_GUIDED,1,patient026,patient026_case01,IGM,IGM_patient022_0054.jpg,3,,off_target_fp,18,0,0.0,0.0,0.0,0.0,0,False
UNET_MTL_MASK_GUIDED,1,patient026,patient026_case01,IGM,IGM_patient022_0055.jpg,1,1.0,strong_75_plus,193,170,0.9239130434782609,0.8808290155440415,0.8808290155440415,0.821256038647343,1,False
UNET_MTL_MASK_GUIDED,1,patient026,patient026_case01,IGM,IGM_patient022_0055.jpg,2,,off_target_fp,96,0,0.0,0.0,0.0,0.0,0,False
UNET_MTL_MASK_GUIDED,1,patient026,patient026_case01,IGM,IGM_patient022_0055.jpg,3,,off_target_fp,52,0,0.0,0.0,0.0,0.0,0,False
UNET_MTL_MASK_GUIDED,1,patient026,patient026_case01,IGM,IGM_patient022_0056.jpg,1,1.0,strong_75_plus,223,188,0.94,0.8430493273542601,0.8430493273542601,0.8,1,False
UNET_MTL_MASK_GUIDED,1,patient026,patient026_case01,IGM,IGM_patient022_0056.jpg,2,,off_target_fp,150,0,0.0,0.0,0.0,0.0,0,False
UNET_MTL_MASK_GUIDED,1,patient026,patient026_case01,IGM,IGM_patient022_0056.jpg,3,,off_target_fp,69,0,0.0,0.0,0.0,0.0,0,False
UNET_MTL_MASK_GUIDED,1,patient026,patient026_case01,IGM,IGM_patient022_0057.jpg,1,1.0,strong_75_plus,190,164,0.9111111111111111,0.8631578947368421,0.8631578947368421,0.7961165048543689,1,False
UNET_MTL_MASK_GUIDED,1,patient026,patient026_case01,IGM,IGM_patient022_0057.jpg,2,,off_target_fp,162,0,0.0,0.0,0.0,0.0,0,False
UNET_MTL_MASK_GUIDED,1,patient026,patient026_case01,IGM,IGM_patient022_0057.jpg,3,,off_target_fp,4,0,0.0,0.0,0.0,0.0,0,False
UNET_MTL_MASK_GUIDED,1,patient026,patient026_case01,IGM,IGM_patient022_0057.jpg,4,,off_target_fp,7,0,0.0,0.0,0.0,0.0,0,False
UNET_MTL_MASK_GUIDED,1,patient026,patient026_case01,IGM,IGM_patient022_0058.jpg,1,1.0,moderate_50_to_75,62,61,0.5865384615384616,0.9838709677419355,0.5865384615384616,0.580952380952381,1,False
UNET_MTL_MASK_GUIDED,1,patient026,patient026_case01,IGM,IGM_patient022_0058.jpg,2,,off_target_fp,9,0,0.0,0.0,0.0,0.0,0,False
UNET_MTL_MASK_GUIDED,1,patient026,patient026_case01,IGM,IGM_patient022_0058.jpg,3,,off_target_fp,3,0,0.0,0.0,0.0,0.0,0,False
UNET_MTL_MASK_GUIDED,1,patient026,patient026_case01,IGM,IGM_patient022_0058.jpg,4,,off_target_fp,105,0,0.0,0.0,0.0,0.0,0,False
UNET_MTL_MASK_GUIDED,1,patient026,patient026_case01,IGM,IGM_patient022_0058.jpg,5,,off_target_fp,4,0,0.0,0.0,0.0,0.0,0,False
UNET_MTL_MASK_GUIDED,1,patient026,patient026_case01,IGM,IGM_patient022_0059.jpg,1,,off_target_fp,55,0,0.0,0.0,0.0,0.0,0,False
UNET_MTL_MASK_GUIDED,1,patient026,patient026_case01,IGM,IGM_patient022_0059.jpg,2,,off_target_fp,37,0,0.0,0.0,0.0,0.0,0,False
UNET_MTL_MASK_GUIDED,1,patient031,patient031_case01,IGM,IGM_patient026_0052.jpg,1,,off_target_fp,24,0,0.0,0.0,0.0,0.0,0,False
UNET_MTL_MASK_GUIDED,1,patient031,patient031_case01,IGM,IGM_patient026_0052.jpg,2,,off_target_fp,71,0,0.0,0.0,0.0,0.0,0,False
UNET_MTL_MASK_GUIDED,1,patient031,patient031_case01,IGM,IGM_patient026_0053.jpg,1,,off_target_fp,28,0,0.0,0.0,0.0,0.0,0,False
UNET_MTL_MASK_GUIDED,1,patient031,patient031_case01,IGM,IGM_patient026_0053.jpg,2,,off_target_fp,87,0,0.0,0.0,0.0,0.0,0,False
UNET_MTL_MASK_GUIDED,1,patient031,patient031_case01,IGM,IGM_patient026_0053.jpg,3,,off_target_fp,16,0,0.0,0.0,0.0,0.0,0,False
UNET_MTL_MASK_GUIDED,1,patient031,patient031_case01,IGM,IGM_patient026_0054.jpg,1,1.0,partial_below_25,1,1,0.008333333333333333,1.0,0.008333333333333333,0.008333333333333333,1,False
UNET_MTL_MASK_GUIDED,1,patient031,patient031_case01,IGM,IGM_patient026_0054.jpg,2,,off_target_fp,149,0,0.0,0.0,0.0,0.0,0,False
UNET_MTL_MASK_GUIDED,1,patient031,patient031_case01,IGM,IGM_patient026_0055.jpg,1,,off_target_fp,28,0,0.0,0.0,0.0,0.0,0,False
UNET_MTL_MASK_GUIDED,1,patient031,patient031_case01,IGM,IGM_patient026_0056.jpg,1,,off_target_fp,60,0,0.0,0.0,0.0,0.0,0,False
UNET_MTL_MASK_GUIDED,1,patient031,patient031_case01,IGM,IGM_patient026_0057.jpg,1,,off_target_fp,171,0,0.0,0.0,0.0,0.0,0,False
UNET_MTL_MASK_GUIDED,1,patient031,patient031_case01,IGM,IGM_patient026_0057.jpg,2,,off_target_fp,65,0,0.0,0.0,0.0,0.0,0,False
UNET_MTL_MASK_GUIDED,1,patient031,patient031_case01,IGM,IGM_patient026_0058.jpg,1,,off_target_fp,261,0,0.0,0.0,0.0,0.0,0,False
UNET_MTL_MASK_GUIDED,1,patient031,patient031_case01,IGM,IGM_patient026_0058.jpg,2,,off_target_fp,8,0,0.0,0.0,0.0,0.0,0,False
UNET_MTL_MASK_GUIDED,1,patient031,patient031_case01,IGM,IGM_patient026_0058.jpg,3,,off_target_fp,71,0,0.0,0.0,0.0,0.0,0,False
UNET_MTL_MASK_GUIDED,1,patient031,patient031_case01,IGM,IGM_patient026_0059.jpg,1,,off_target_fp,226,0,0.0,0.0,0.0,0.0,0,False
UNET_MTL_MASK_GUIDED,1,patient031,patient031_case01,IGM,IGM_patient026_0059.jpg,2,,off_target_fp,342,0,0.0,0.0,0.0,0.0,0,False
UNET_MTL_MASK_GUIDED,1,patient031,patient031_case01,IGM,IGM_patient026_0059.jpg,3,,off_target_fp,54,0,0.0,0.0,0.0,0.0,0,False
UNET_MTL_MASK_GUIDED,1,patient031,patient031_case01,IGM,IGM_patient026_0059.jpg,4,1.0,partial_below_25,1,1,0.03571428571428571,1.0,0.03571428571428571,0.03571428571428571,1,False
UNET_MTL_MASK_GUIDED,1,patient031,patient031_case01,IGM,IGM_patient026_0059.jpg,5,,off_target_fp,102,0,0.0,0.0,0.0,0.0,0,False
UNET_MTL_MASK_GUIDED,1,patient037,patient037_case01,IBC,IBC_patient029_0158.jpg,1,,off_target_fp,20,0,0.0,0.0,0.0,0.0,0,False
UNET_MTL_MASK_GUIDED,1,patient037,patient037_case01,IBC,IBC_patient029_0160.jpg,1,1.0,low_25_to_50,73,67,0.4527027027027027,0.9178082191780822,0.4527027027027027,0.43506493506493504,1,False
UNET_MTL_MASK_GUIDED,1,patient037,patient037_case01,IBC,IBC_patient029_0161.jpg,1,1.0,moderate_50_to_75,184,123,0.8092105263157895,0.6684782608695652,0.6684782608695652,0.5774647887323944,1,False
UNET_MTL_MASK_GUIDED,1,patient037,patient037_case01,IBC,IBC_patient029_0161.jpg,2,,off_target_fp,57,0,0.0,0.0,0.0,0.0,0,False
UNET_MTL_MASK_GUIDED,1,patient037,patient037_case01,IBC,IBC_patient029_0162.jpg,1,1.0,moderate_50_to_75,292,158,0.8404255319148937,0.541095890410959,0.541095890410959,0.4906832298136646,1,False
UNET_MTL_MASK_GUIDED,1,patient037,patient037_case01,IBC,IBC_patient029_0163.jpg,1,1.0,moderate_50_to_75,238,133,0.7732558139534884,0.5588235294117647,0.5588235294117647,0.48014440433212996,1,False
UNET_MTL_MASK_GUIDED,1,patient037,patient037_case01,IBC,IBC_patient029_0164.jpg,1,1.0,moderate_50_to_75,89,76,0.6333333333333333,0.8539325842696629,0.6333333333333333,0.5714285714285714,1,False
UNET_MTL_MASK_GUIDED,1,patient037,patient037_case01,IBC,IBC_patient029_0165.jpg,1,,off_target_fp,11,0,0.0,0.0,0.0,0.0,0,False
UNET_MTL_MASK_GUIDED,1,patient037,patient037_case01,IBC,IBC_patient029_0166.jpg,1,,off_target_fp,165,0,0.0,0.0,0.0,0.0,0,False
UNET_MTL_MASK_GUIDED,1,patient037,patient037_case01,IBC,IBC_patient029_0166.jpg,2,,off_target_fp,17,0,0.0,0.0,0.0,0.0,0,False
UNET_MTL_MASK_GUIDED,1,patient051,patient051_case01,IBC,IBC_patient037_0098.jpg,1,,off_target_fp,166,0,0.0,0.0,0.0,0.0,0,False
UNET_MTL_MASK_GUIDED,1,patient051,patient051_case01,IBC,IBC_patient037_0098.jpg,2,,off_target_fp,384,0,0.0,0.0,0.0,0.0,0,False
UNET_MTL_MASK_GUIDED,1,patient051,patient051_case01,IBC,IBC_patient037_0098.jpg,3,,off_target_fp,3,0,0.0,0.0,0.0,0.0,0,False
UNET_MTL_MASK_GUIDED,1,patient051,patient051_case01,IBC,IBC_patient037_0098.jpg,4,,off_target_fp,89,0,0.0,0.0,0.0,0.0,0,False
UNET_MTL_MASK_GUIDED,1,patient051,patient051_case01,IBC,IBC_patient037_0099.jpg,1,,off_target_fp,53,0,0.0,0.0,0.0,0.0,0,False
UNET_MTL_MASK_GUIDED,1,patient051,patient051_case01,IBC,IBC_patient037_0099.jpg,2,,off_target_fp,313,0,0.0,0.0,0.0,0.0,0,False
UNET_MTL_MASK_GUIDED,1,patient051,patient051_case01,IBC,IBC_patient037_0099.jpg,3,,off_target_fp,88,0,0.0,0.0,0.0,0.0,0,False
UNET_MTL_MASK_GUIDED,1,patient051,patient051_case01,IBC,IBC_patient037_0100.jpg,1,1.0,low_25_to_50,71,71,0.3858695652173913,1.0,0.3858695652173913,0.3858695652173913,1,False
UNET_MTL_MASK_GUIDED,1,patient051,patient051_case01,IBC,IBC_patient037_0100.jpg,2,,off_target_fp,116,0,0.0,0.0,0.0,0.0,0,False
UNET_MTL_MASK_GUIDED,1,patient051,patient051_case01,IBC,IBC_patient037_0100.jpg,3,,off_target_fp,44,0,0.0,0.0,0.0,0.0,0,False
UNET_MTL_MASK_GUIDED,1,patient051,patient051_case01,IBC,IBC_patient037_0100.jpg,4,,off_target_fp,38,0,0.0,0.0,0.0,0.0,0,False
UNET_MTL_MASK_GUIDED,1,patient051,patient051_case01,IBC,IBC_patient037_0101.jpg,1,1.0,strong_75_plus,259,221,0.8911290322580645,0.8532818532818532,0.8532818532818532,0.7727272727272727,1,False
UNET_MTL_MASK_GUIDED,1,patient051,patient051_case01,IBC,IBC_patient037_0101.jpg,2,,off_target_fp,22,0,0.0,0.0,0.0,0.0,0,False
UNET_MTL_MASK_GUIDED,1,patient051,patient051_case01,IBC,IBC_patient037_0102.jpg,1,1.0,strong_75_plus,408,360,0.967741935483871,0.8823529411764706,0.8823529411764706,0.8571428571428571,1,False
UNET_MTL_MASK_GUIDED,1,patient051,patient051_case01,IBC,IBC_patient037_0102.jpg,2,,off_target_fp,16,0,0.0,0.0,0.0,0.0,0,False
UNET_MTL_MASK_GUIDED,1,patient051,patient051_case01,IBC,IBC_patient037_0103.jpg,1,1.0,strong_75_plus,511,419,0.9789719626168224,0.8199608610567515,0.8199608610567515,0.8057692307692308,1,False
UNET_MTL_MASK_GUIDED,1,patient051,patient051_case01,IBC,IBC_patient037_0103.jpg,2,,off_target_fp,17,0,0.0,0.0,0.0,0.0,0,False
UNET_MTL_MASK_GUIDED,1,patient051,patient051_case01,IBC,IBC_patient037_0104.jpg,1,1.0,strong_75_plus,613,504,0.9618320610687023,0.8221859706362153,0.8221859706362153,0.7962085308056872,1,False
UNET_MTL_MASK_GUIDED,1,patient051,patient051_case01,IBC,IBC_patient037_0104.jpg,2,,off_target_fp,13,0,0.0,0.0,0.0,0.0,0,False
UNET_MTL_MASK_GUIDED,1,patient051,patient051_case01,IBC,IBC_patient037_0105.jpg,1,1.0,strong_75_plus,667,536,0.9852941176470589,0.8035982008995503,0.8035982008995503,0.794074074074074,1,False
UNET_MTL_MASK_GUIDED,1,patient051,patient051_case01,IBC,IBC_patient037_0105.jpg,2,,off_target_fp,29,0,0.0,0.0,0.0,0.0,0,False
UNET_MTL_MASK_GUIDED,1,patient051,patient051_case01,IBC,IBC_patient037_0106.jpg,1,1.0,strong_75_plus,709,573,0.9744897959183674,0.8081805359661495,0.8081805359661495,0.7914364640883977,1,False
UNET_MTL_MASK_GUIDED,1,patient051,patient051_case01,IBC,IBC_patient037_0106.jpg,2,,off_target_fp,24,0,0.0,0.0,0.0,0.0,0,False
UNET_MTL_MASK_GUIDED,1,patient051,patient051_case01,IBC,IBC_patient037_0107.jpg,1,1.0,strong_75_plus,769,603,0.9788961038961039,0.7841352405721717,0.7841352405721717,0.7710997442455243,1,False
UNET_MTL_MASK_GUIDED,1,patient051,patient051_case01,IBC,IBC_patient037_0107.jpg,2,,off_target_fp,4,0,0.0,0.0,0.0,0.0,0,False
UNET_MTL_MASK_GUIDED,1,patient051,patient051_case01,IBC,IBC_patient037_0108.jpg,1,1.0,strong_75_plus,808,637,0.9769938650306749,0.7883663366336634,0.7883663366336634,0.7739975698663426,1,False
UNET_MTL_MASK_GUIDED,1,patient051,patient051_case01,IBC,IBC_patient037_0108.jpg,2,,off_target_fp,38,0,0.0,0.0,0.0,0.0,0,False
UNET_MTL_MASK_GUIDED,1,patient051,patient051_case01,IBC,IBC_patient037_0109.jpg,1,1.0,moderate_50_to_75,827,617,0.9405487804878049,0.7460701330108828,0.7460701330108828,0.7124711316397229,1,False
UNET_MTL_MASK_GUIDED,1,patient051,patient051_case01,IBC,IBC_patient037_0109.jpg,2,,off_target_fp,38,0,0.0,0.0,0.0,0.0,0,False
UNET_MTL_MASK_GUIDED,1,patient051,patient051_case01,IBC,IBC_patient037_0109.jpg,3,,off_target_fp,36,0,0.0,0.0,0.0,0.0,0,False
UNET_MTL_MASK_GUIDED,1,patient051,patient051_case01,IBC,IBC_patient037_0109.jpg,4,,off_target_fp,50,0,0.0,0.0,0.0,0.0,0,False
UNET_MTL_MASK_GUIDED,1,patient051,patient051_case01,IBC,IBC_patient037_0110.jpg,1,1.0,strong_75_plus,822,627,0.9220588235294118,0.7627737226277372,0.7627737226277372,0.7165714285714285,1,False
UNET_MTL_MASK_GUIDED,1,patient051,patient051_case01,IBC,IBC_patient037_0110.jpg,2,,off_target_fp,287,0,0.0,0.0,0.0,0.0,0,False
UNET_MTL_MASK_GUIDED,1,patient051,patient051_case01,IBC,IBC_patient037_0110.jpg,3,,off_target_fp,18,0,0.0,0.0,0.0,0.0,0,False
UNET_MTL_MASK_GUIDED,1,patient051,patient051_case01,IBC,IBC_patient037_0110.jpg,4,,off_target_fp,56,0,0.0,0.0,0.0,0.0,0,False
UNET_MTL_MASK_GUIDED,1,patient051,patient051_case01,IBC,IBC_patient037_0111.jpg,1,1.0,strong_75_plus,758,594,0.9339622641509434,0.783641160949868,0.783641160949868,0.7425,1,False
UNET_MTL_MASK_GUIDED,1,patient051,patient051_case01,IBC,IBC_patient037_0111.jpg,2,,off_target_fp,464,0,0.0,0.0,0.0,0.0,0,False
UNET_MTL_MASK_GUIDED,1,patient051,patient051_case01,IBC,IBC_patient037_0111.jpg,3,,off_target_fp,14,0,0.0,0.0,0.0,0.0,0,False
UNET_MTL_MASK_GUIDED,1,patient051,patient051_case01,IBC,IBC_patient037_0111.jpg,4,,off_target_fp,48,0,0.0,0.0,0.0,0.0,0,False
UNET_MTL_MASK_GUIDED,1,patient051,patient051_case01,IBC,IBC_patient037_0111.jpg,5,,off_target_fp,22,0,0.0,0.0,0.0,0.0,0,False
UNET_MTL_MASK_GUIDED,1,patient051,patient051_case01,IBC,IBC_patient037_0112.jpg,1,1.0,moderate_50_to_75,713,533,0.9517857142857142,0.7475455820476858,0.7475455820476858,0.7202702702702702,1,False
UNET_MTL_MASK_GUIDED,1,patient051,patient051_case01,IBC,IBC_patient037_0112.jpg,2,,off_target_fp,494,0,0.0,0.0,0.0,0.0,0,False
UNET_MTL_MASK_GUIDED,1,patient051,patient051_case01,IBC,IBC_patient037_0112.jpg,3,,off_target_fp,28,0,0.0,0.0,0.0,0.0,0,False
UNET_MTL_MASK_GUIDED,1,patient051,patient051_case01,IBC,IBC_patient037_0112.jpg,4,,off_target_fp,13,0,0.0,0.0,0.0,0.0,0,False
UNET_MTL_MASK_GUIDED,1,patient051,patient051_case01,IBC,IBC_patient037_0112.jpg,5,,off_target_fp,60,0,0.0,0.0,0.0,0.0,0,False
UNET_MTL_MASK_GUIDED,1,patient051,patient051_case01,IBC,IBC_patient037_0113.jpg,1,1.0,moderate_50_to_75,711,504,0.984375,0.7088607594936709,0.7088607594936709,0.7009735744089013,1,False
UNET_MTL_MASK_GUIDED,1,patient051,patient051_case01,IBC,IBC_patient037_0113.jpg,2,,off_target_fp,671,0,0.0,0.0,0.0,0.0,0,False
UNET_MTL_MASK_GUIDED,1,patient051,patient051_case01,IBC,IBC_patient037_0113.jpg,3,,off_target_fp,27,0,0.0,0.0,0.0,0.0,0,False
UNET_MTL_MASK_GUIDED,1,patient051,patient051_case01,IBC,IBC_patient037_0113.jpg,4,,off_target_fp,110,0,0.0,0.0,0.0,0.0,0,False
UNET_MTL_MASK_GUIDED,1,patient051,patient051_case01,IBC,IBC_patient037_0114.jpg,1,1.0,moderate_50_to_75,710,418,0.9952380952380953,0.5887323943661972,0.5887323943661972,0.5870786516853933,1,False
UNET_MTL_MASK_GUIDED,1,patient051,patient051_case01,IBC,IBC_patient037_0114.jpg,2,,off_target_fp,748,0,0.0,0.0,0.0,0.0,0,False
UNET_MTL_MASK_GUIDED,1,patient051,patient051_case01,IBC,IBC_patient037_0114.jpg,3,,off_target_fp,173,0,0.0,0.0,0.0,0.0,0,False
UNET_MTL_MASK_GUIDED,1,patient051,patient051_case01,IBC,IBC_patient037_0115.jpg,1,1.0,moderate_50_to_75,596,353,0.9697802197802198,0.5922818791946308,0.5922818791946308,0.5815485996705108,1,False
UNET_MTL_MASK_GUIDED,1,patient051,patient051_case01,IBC,IBC_patient037_0115.jpg,2,,off_target_fp,724,0,0.0,0.0,0.0,0.0,0,False
UNET_MTL_MASK_GUIDED,1,patient051,patient051_case01,IBC,IBC_patient037_0115.jpg,3,,off_target_fp,19,0,0.0,0.0,0.0,0.0,0,False
UNET_MTL_MASK_GUIDED,1,patient051,patient051_case01,IBC,IBC_patient037_0115.jpg,4,,off_target_fp,47,0,0.0,0.0,0.0,0.0,0,False
UNET_MTL_MASK_GUIDED,1,patient051,patient051_case01,IBC,IBC_patient037_0116.jpg,1,1.0,moderate_50_to_75,499,324,0.9878048780487805,0.6492985971943888,0.6492985971943888,0.6441351888667992,1,False
UNET_MTL_MASK_GUIDED,1,patient051,patient051_case01,IBC,IBC_patient037_0116.jpg,2,,off_target_fp,738,0,0.0,0.0,0.0,0.0,0,False
UNET_MTL_MASK_GUIDED,1,patient051,patient051_case01,IBC,IBC_patient037_0117.jpg,1,1.0,moderate_50_to_75,461,303,0.9711538461538461,0.6572668112798264,0.6572668112798264,0.6446808510638298,1,False
UNET_MTL_MASK_GUIDED,1,patient051,patient051_case01,IBC,IBC_patient037_0117.jpg,2,,off_target_fp,724,0,0.0,0.0,0.0,0.0,0,False
UNET_MTL_MASK_GUIDED,1,patient051,patient051_case01,IBC,IBC_patient037_0118.jpg,1,1.0,low_25_to_50,381,166,0.9880952380952381,0.4356955380577428,0.4356955380577428,0.43342036553524804,1,False
UNET_MTL_MASK_GUIDED,1,patient051,patient051_case01,IBC,IBC_patient037_0118.jpg,2,,off_target_fp,697,0,0.0,0.0,0.0,0.0,0,False
UNET_MTL_MASK_GUIDED,1,patient051,patient051_case01,IBC,IBC_patient037_0118.jpg,3,,off_target_fp,10,0,0.0,0.0,0.0,0.0,0,False
UNET_MTL_MASK_GUIDED,1,patient051,patient051_case01,IBC,IBC_patient037_0119.jpg,1,1.0,low_25_to_50,199,87,0.9886363636363636,0.4371859296482412,0.4371859296482412,0.435,1,False
UNET_MTL_MASK_GUIDED,1,patient051,patient051_case01,IBC,IBC_patient037_0119.jpg,2,,off_target_fp,634,0,0.0,0.0,0.0,0.0,0,False
UNET_MTL_MASK_GUIDED,1,patient051,patient051_case01,IBC,IBC_patient037_0119.jpg,3,,off_target_fp,33,0,0.0,0.0,0.0,0.0,0,False
UNET_MTL_MASK_GUIDED,1,patient051,patient051_case01,IBC,IBC_patient037_0120.jpg,1,,off_target_fp,674,0,0.0,0.0,0.0,0.0,0,False
UNET_MTL_MASK_GUIDED,1,patient051,patient051_case01,IBC,IBC_patient037_0120.jpg,2,,off_target_fp,29,0,0.0,0.0,0.0,0.0,0,False
UNET_MTL_MASK_GUIDED,1,patient060,patient060_case01,IBC,IBC_patient041_0069.jpg,1,,off_target_fp,1001,0,0.0,0.0,0.0,0.0,0,False
UNET_MTL_MASK_GUIDED,1,patient060,patient060_case01,IBC,IBC_patient041_0070.jpg,1,,off_target_fp,1069,0,0.0,0.0,0.0,0.0,0,False
UNET_MTL_MASK_GUIDED,1,patient060,patient060_case01,IBC,IBC_patient041_0070.jpg,2,1.0,moderate_50_to_75,79,79,0.5337837837837838,1.0,0.5337837837837838,0.5337837837837838,1,False
UNET_MTL_MASK_GUIDED,1,patient060,patient060_case01,IBC,IBC_patient041_0071.jpg,1,,off_target_fp,1089,0,0.0,0.0,0.0,0.0,0,False
UNET_MTL_MASK_GUIDED,1,patient060,patient060_case01,IBC,IBC_patient041_0071.jpg,2,1.0,low_25_to_50,80,80,0.425531914893617,1.0,0.425531914893617,0.425531914893617,1,False
UNET_MTL_MASK_GUIDED,1,patient060,patient060_case01,IBC,IBC_patient041_0072.jpg,1,,off_target_fp,1057,0,0.0,0.0,0.0,0.0,0,False
UNET_MTL_MASK_GUIDED,1,patient060,patient060_case01,IBC,IBC_patient041_0076.jpg,1,,off_target_fp,706,0,0.0,0.0,0.0,0.0,0,False
UNET_MTL_MASK_GUIDED,1,patient060,patient060_case01,IBC,IBC_patient041_0077.jpg,1,,off_target_fp,665,0,0.0,0.0,0.0,0.0,0,False
UNET_MTL_MASK_GUIDED,1,patient060,patient060_case01,IBC,IBC_patient041_0077.jpg,2,1.0,partial_below_25,35,35,0.21341463414634146,1.0,0.21341463414634146,0.21341463414634146,1,False
UNET_MTL_MASK_GUIDED,1,patient060,patient060_case01,IBC,IBC_patient041_0078.jpg,1,,off_target_fp,123,0,0.0,0.0,0.0,0.0,0,False
UNET_MTL_MASK_GUIDED,1,patient060,patient060_case01,IBC,IBC_patient041_0078.jpg,2,,off_target_fp,3,0,0.0,0.0,0.0,0.0,0,False
UNET_MTL_MASK_GUIDED,1,patient060,patient060_case01,IBC,IBC_patient041_0078.jpg,3,1.0,moderate_50_to_75,114,113,0.6569767441860465,0.9912280701754386,0.6569767441860465,0.653179190751445,1,False
UNET_MTL_MASK_GUIDED,1,patient061,patient061_case01,IGM,IGM_patient041_0063.jpg,1,,off_target_fp,3,0,0.0,0.0,0.0,0.0,0,False
UNET_MTL_MASK_GUIDED,1,patient061,patient061_case01,IGM,IGM_patient041_0063.jpg,2,,off_target_fp,54,0,0.0,0.0,0.0,0.0,0,False
UNET_MTL_MASK_GUIDED,1,patient061,patient061_case01,IGM,IGM_patient041_0063.jpg,3,,off_target_fp,52,0,0.0,0.0,0.0,0.0,0,False
UNET_MTL_MASK_GUIDED,1,patient061,patient061_case01,IGM,IGM_patient041_0063.jpg,4,,off_target_fp,15,0,0.0,0.0,0.0,0.0,0,False
UNET_MTL_MASK_GUIDED,1,patient061,patient061_case01,IGM,IGM_patient041_0064.jpg,1,,off_target_fp,72,0,0.0,0.0,0.0,0.0,0,False
UNET_MTL_MASK_GUIDED,1,patient061,patient061_case01,IGM,IGM_patient041_0064.jpg,2,,off_target_fp,14,0,0.0,0.0,0.0,0.0,0,False
UNET_MTL_MASK_GUIDED,1,patient061,patient061_case01,IGM,IGM_patient041_0064.jpg,3,1.0,moderate_50_to_75,102,95,0.5397727272727273,0.9313725490196079,0.5397727272727273,0.5191256830601093,1,False
UNET_MTL_MASK_GUIDED,1,patient061,patient061_case01,IGM,IGM_patient041_0065.jpg,1,,off_target_fp,70,0,0.0,0.0,0.0,0.0,0,False
UNET_MTL_MASK_GUIDED,1,patient061,patient061_case01,IGM,IGM_patient041_0065.jpg,2,,off_target_fp,5,0,0.0,0.0,0.0,0.0,0,False
UNET_MTL_MASK_GUIDED,1,patient061,patient061_case01,IGM,IGM_patient041_0065.jpg,3,1.0,strong_75_plus,250,242,0.75625,0.968,0.75625,0.7378048780487805,1,False
UNET_MTL_MASK_GUIDED,1,patient061,patient061_case01,IGM,IGM_patient041_0066.jpg,1,,off_target_fp,75,0,0.0,0.0,0.0,0.0,0,False
UNET_MTL_MASK_GUIDED,1,patient061,patient061_case01,IGM,IGM_patient041_0066.jpg,2,,off_target_fp,19,0,0.0,0.0,0.0,0.0,0,False
UNET_MTL_MASK_GUIDED,1,patient061,patient061_case01,IGM,IGM_patient041_0066.jpg,3,1.0,strong_75_plus,334,330,0.7568807339449541,0.9880239520958084,0.7568807339449541,0.75,1,False
UNET_MTL_MASK_GUIDED,1,patient061,patient061_case01,IGM,IGM_patient041_0067.jpg,1,,off_target_fp,26,0,0.0,0.0,0.0,0.0,0,False
UNET_MTL_MASK_GUIDED,1,patient061,patient061_case01,IGM,IGM_patient041_0067.jpg,2,,off_target_fp,15,0,0.0,0.0,0.0,0.0,0,False
UNET_MTL_MASK_GUIDED,1,patient061,patient061_case01,IGM,IGM_patient041_0067.jpg,3,1.0,strong_75_plus,378,359,0.7942477876106194,0.9497354497354498,0.7942477876106194,0.7622080679405521,1,False
UNET_MTL_MASK_GUIDED,1,patient061,patient061_case01,IGM,IGM_patient041_0068.jpg,1,,off_target_fp,23,0,0.0,0.0,0.0,0.0,0,False
UNET_MTL_MASK_GUIDED,1,patient061,patient061_case01,IGM,IGM_patient041_0068.jpg,2,,off_target_fp,13,0,0.0,0.0,0.0,0.0,0,False
UNET_MTL_MASK_GUIDED,1,patient061,patient061_case01,IGM,IGM_patient041_0068.jpg,3,1.0,moderate_50_to_75,336,321,0.722972972972973,0.9553571428571429,0.722972972972973,0.6993464052287581,1,False
UNET_MTL_MASK_GUIDED,1,patient061,patient061_case01,IGM,IGM_patient041_0069.jpg,1,,off_target_fp,26,0,0.0,0.0,0.0,0.0,0,False
UNET_MTL_MASK_GUIDED,1,patient061,patient061_case01,IGM,IGM_patient041_0069.jpg,2,1.0,low_25_to_50,191,182,0.4595959595959596,0.9528795811518325,0.4595959595959596,0.44938271604938274,1,False
UNET_MTL_MASK_GUIDED,1,patient061,patient061_case01,IGM,IGM_patient041_0070.jpg,1,,off_target_fp,43,0,0.0,0.0,0.0,0.0,0,False
UNET_MTL_MASK_GUIDED,1,patient061,patient061_case01,IGM,IGM_patient041_0070.jpg,2,,off_target_fp,14,0,0.0,0.0,0.0,0.0,0,False
UNET_MTL_MASK_GUIDED,1,patient061,patient061_case01,IGM,IGM_patient041_0070.jpg,3,1.0,low_25_to_50,101,101,0.3607142857142857,1.0,0.3607142857142857,0.3607142857142857,1,False
UNET_MTL_MASK_GUIDED,1,patient061,patient061_case01,IGM,IGM_patient041_0071.jpg,1,,off_target_fp,156,0,0.0,0.0,0.0,0.0,0,False
UNET_MTL_MASK_GUIDED,1,patient061,patient061_case01,IGM,IGM_patient041_0071.jpg,2,,off_target_fp,24,0,0.0,0.0,0.0,0.0,0,False
UNET_MTL_MASK_GUIDED,1,patient061,patient061_case01,IGM,IGM_patient041_0071.jpg,3,1.0,partial_below_25,6,6,0.03,1.0,0.03,0.03,1,False
UNET_MTL_MASK_GUIDED,1,patient061,patient061_case01,IGM,IGM_patient041_0071.jpg,4,,off_target_fp,5,0,0.0,0.0,0.0,0.0,0,False
UNET_MTL_MASK_GUIDED,1,patient066,patient066_case01,IBC,IBC_patient044_0050.jpg,1,1.0,moderate_50_to_75,155,148,0.6491228070175439,0.9548387096774194,0.6491228070175439,0.6297872340425532,1,False
UNET_MTL_MASK_GUIDED,1,patient066,patient066_case01,IBC,IBC_patient044_0051.jpg,1,,off_target_fp,135,0,0.0,0.0,0.0,0.0,0,False
UNET_MTL_MASK_GUIDED,1,patient066,patient066_case01,IBC,IBC_patient044_0051.jpg,2,1.0,strong_75_plus,226,199,0.7653846153846153,0.8805309734513275,0.7653846153846153,0.6933797909407665,1,False
UNET_MTL_MASK_GUIDED,1,patient066,patient066_case01,IBC,IBC_patient044_0052.jpg,1,,off_target_fp,27,0,0.0,0.0,0.0,0.0,0,False
UNET_MTL_MASK_GUIDED,1,patient066,patient066_case01,IBC,IBC_patient044_0052.jpg,2,1.0,strong_75_plus,277,243,0.8678571428571429,0.8772563176895307,0.8678571428571429,0.7738853503184714,1,False
UNET_MTL_MASK_GUIDED,1,patient066,patient066_case01,IBC,IBC_patient044_0053.jpg,1,,off_target_fp,104,0,0.0,0.0,0.0,0.0,0,False
UNET_MTL_MASK_GUIDED,1,patient066,patient066_case01,IBC,IBC_patient044_0053.jpg,2,1.0,strong_75_plus,202,168,0.875,0.8316831683168316,0.8316831683168316,0.7433628318584071,1,False
UNET_MTL_MASK_GUIDED,1,patient066,patient066_case01,IBC,IBC_patient044_0054.jpg,1,,off_target_fp,244,0,0.0,0.0,0.0,0.0,0,False
UNET_MTL_MASK_GUIDED,1,patient066,patient066_case01,IBC,IBC_patient044_0054.jpg,2,,off_target_fp,15,0,0.0,0.0,0.0,0.0,0,False
UNET_MTL_MASK_GUIDED,1,patient066,patient066_case01,IBC,IBC_patient044_0054.jpg,3,1.0,partial_below_25,2,2,0.041666666666666664,1.0,0.041666666666666664,0.041666666666666664,1,False
UNET_MTL_MASK_GUIDED,1,patient070,patient070_case01,IBC,IBC_patient046_0057.jpg,1,1.0,moderate_50_to_75,65,62,0.5535714285714286,0.9538461538461539,0.5535714285714286,0.5391304347826087,1,False
UNET_MTL_MASK_GUIDED,1,patient070,patient070_case01,IBC,IBC_patient046_0058.jpg,1,1.0,strong_75_plus,138,117,0.8357142857142857,0.8478260869565217,0.8357142857142857,0.7267080745341615,1,False
UNET_MTL_MASK_GUIDED,1,patient070,patient070_case01,IBC,IBC_patient046_0058.jpg,2,,off_target_fp,90,0,0.0,0.0,0.0,0.0,0,False
UNET_MTL_MASK_GUIDED,1,patient070,patient070_case01,IBC,IBC_patient046_0059.jpg,1,1.0,strong_75_plus,127,108,0.84375,0.8503937007874016,0.84375,0.7346938775510204,1,False
UNET_MTL_MASK_GUIDED,1,patient070,patient070_case01,IBC,IBC_patient046_0059.jpg,2,,off_target_fp,93,0,0.0,0.0,0.0,0.0,0,False
UNET_MTL_MASK_GUIDED,1,patient070,patient070_case01,IBC,IBC_patient046_0062.jpg,1,,off_target_fp,78,0,0.0,0.0,0.0,0.0,0,False
UNET_MTL_MASK_GUIDED,1,patient070,patient070_case01,IBC,IBC_patient046_0063.jpg,1,,off_target_fp,47,0,0.0,0.0,0.0,0.0,0,False
UNET_MTL_MASK_GUIDED,1,patient070,patient070_case01,IBC,IBC_patient046_0063.jpg,2,,off_target_fp,25,0,0.0,0.0,0.0,0.0,0,False
UNET_MTL_MASK_GUIDED,1,patient070,patient070_case01,IBC,IBC_patient046_0067.jpg,1,1.0,partial_below_25,56,56,0.22580645161290322,1.0,0.22580645161290322,0.22580645161290322,1,False
UNET_MTL_MASK_GUIDED,1,patient070,patient070_case01,IBC,IBC_patient046_0067.jpg,2,1.0,partial_below_25,1,1,0.004032258064516129,1.0,0.004032258064516129,0.004032258064516129,1,False
UNET_MTL_MASK_GUIDED,1,patient070,patient070_case01,IBC,IBC_patient046_0067.jpg,3,,off_target_fp,82,0,0.0,0.0,0.0,0.0,0,False
UNET_MTL_MASK_GUIDED,1,patient070,patient070_case01,IBC,IBC_patient046_0068.jpg,1,1.0,strong_75_plus,265,236,0.8805970149253731,0.8905660377358491,0.8805970149253731,0.7946127946127947,1,False
UNET_MTL_MASK_GUIDED,1,patient070,patient070_case01,IBC,IBC_patient046_0068.jpg,2,,off_target_fp,63,0,0.0,0.0,0.0,0.0,0,False
UNET_MTL_MASK_GUIDED,1,patient070,patient070_case01,IBC,IBC_patient046_0069.jpg,1,,off_target_fp,2,0,0.0,0.0,0.0,0.0,0,False
UNET_MTL_MASK_GUIDED,1,patient070,patient070_case01,IBC,IBC_patient046_0069.jpg,2,1.0,strong_75_plus,301,248,0.9538461538461539,0.8239202657807309,0.8239202657807309,0.792332268370607,1,False
UNET_MTL_MASK_GUIDED,1,patient070,patient070_case01,IBC,IBC_patient046_0069.jpg,3,,off_target_fp,26,0,0.0,0.0,0.0,0.0,0,False
UNET_MTL_MASK_GUIDED,1,patient070,patient070_case01,IBC,IBC_patient046_0070.jpg,1,,off_target_fp,23,0,0.0,0.0,0.0,0.0,0,False
UNET_MTL_MASK_GUIDED,1,patient070,patient070_case01,IBC,IBC_patient046_0070.jpg,2,1.0,strong_75_plus,192,173,0.8160377358490566,0.9010416666666666,0.8160377358490566,0.7489177489177489,1,False
UNET_MTL_MASK_GUIDED,1,patient070,patient070_case01,IBC,IBC_patient046_0071.jpg,1,,off_target_fp,94,0,0.0,0.0,0.0,0.0,0,False
UNET_MTL_MASK_GUIDED,1,patient070,patient070_case01,IBC,IBC_patient046_0071.jpg,2,,off_target_fp,53,0,0.0,0.0,0.0,0.0,0,False
UNET_MTL_MASK_GUIDED,1,patient072,patient072_case01,IBC,IBC_patient047_0052.jpg,1,,off_target_fp,24,0,0.0,0.0,0.0,0.0,0,False
UNET_MTL_MASK_GUIDED,1,patient072,patient072_case01,IBC,IBC_patient047_0052.jpg,2,,off_target_fp,84,0,0.0,0.0,0.0,0.0,0,False
UNET_MTL_MASK_GUIDED,1,patient072,patient072_case01,IBC,IBC_patient047_0052.jpg,3,,off_target_fp,12,0,0.0,0.0,0.0,0.0,0,False
UNET_MTL_MASK_GUIDED,1,patient072,patient072_case01,IBC,IBC_patient047_0052.jpg,4,,off_target_fp,404,0,0.0,0.0,0.0,0.0,0,False
UNET_MTL_MASK_GUIDED,1,patient072,patient072_case01,IBC,IBC_patient047_0052.jpg,5,,off_target_fp,7,0,0.0,0.0,0.0,0.0,0,False
UNET_MTL_MASK_GUIDED,1,patient072,patient072_case01,IBC,IBC_patient047_0053.jpg,1,,off_target_fp,193,0,0.0,0.0,0.0,0.0,0,False
UNET_MTL_MASK_GUIDED,1,patient072,patient072_case01,IBC,IBC_patient047_0053.jpg,2,,off_target_fp,1055,0,0.0,0.0,0.0,0.0,0,False
UNET_MTL_MASK_GUIDED,1,patient072,patient072_case01,IBC,IBC_patient047_0053.jpg,3,1.0,strong_75_plus,278,239,0.9484126984126984,0.8597122302158273,0.8597122302158273,0.8213058419243986,1,False
UNET_MTL_MASK_GUIDED,1,patient072,patient072_case01,IBC,IBC_patient047_0054.jpg,1,,off_target_fp,64,0,0.0,0.0,0.0,0.0,0,False
UNET_MTL_MASK_GUIDED,1,patient072,patient072_case01,IBC,IBC_patient047_0054.jpg,2,,off_target_fp,660,0,0.0,0.0,0.0,0.0,0,False
UNET_MTL_MASK_GUIDED,1,patient072,patient072_case01,IBC,IBC_patient047_0054.jpg,3,1.0,strong_75_plus,447,417,0.8760504201680672,0.9328859060402684,0.8760504201680672,0.8241106719367589,1,False
UNET_MTL_MASK_GUIDED,1,patient072,patient072_case01,IBC,IBC_patient047_0055.jpg,1,,off_target_fp,11,0,0.0,0.0,0.0,0.0,0,False
UNET_MTL_MASK_GUIDED,1,patient072,patient072_case01,IBC,IBC_patient047_0055.jpg,2,,off_target_fp,93,0,0.0,0.0,0.0,0.0,0,False
UNET_MTL_MASK_GUIDED,1,patient072,patient072_case01,IBC,IBC_patient047_0055.jpg,3,,off_target_fp,259,0,0.0,0.0,0.0,0.0,0,False
UNET_MTL_MASK_GUIDED,1,patient072,patient072_case01,IBC,IBC_patient047_0055.jpg,4,1.0,moderate_50_to_75,469,436,0.689873417721519,0.929637526652452,0.689873417721519,0.6556390977443609,1,False
UNET_MTL_MASK_GUIDED,1,patient072,patient072_case01,IBC,IBC_patient047_0056.jpg,1,,off_target_fp,16,0,0.0,0.0,0.0,0.0,0,False
UNET_MTL_MASK_GUIDED,1,patient072,patient072_case01,IBC,IBC_patient047_0056.jpg,2,,off_target_fp,21,0,0.0,0.0,0.0,0.0,0,False
UNET_MTL_MASK_GUIDED,1,patient072,patient072_case01,IBC,IBC_patient047_0056.jpg,3,1.0,moderate_50_to_75,420,417,0.5791666666666667,0.9928571428571429,0.5791666666666667,0.5767634854771784,1,False
UNET_MTL_MASK_GUIDED,1,patient072,patient072_case01,IBC,IBC_patient047_0057.jpg,1,,off_target_fp,27,0,0.0,0.0,0.0,0.0,0,False
UNET_MTL_MASK_GUIDED,1,patient072,patient072_case01,IBC,IBC_patient047_0057.jpg,2,,off_target_fp,14,0,0.0,0.0,0.0,0.0,0,False
UNET_MTL_MASK_GUIDED,1,patient072,patient072_case01,IBC,IBC_patient047_0057.jpg,3,,off_target_fp,14,0,0.0,0.0,0.0,0.0,0,False
UNET_MTL_MASK_GUIDED,1,patient072,patient072_case01,IBC,IBC_patient047_0057.jpg,4,,off_target_fp,9,0,0.0,0.0,0.0,0.0,0,False
UNET_MTL_MASK_GUIDED,1,patient072,patient072_case01,IBC,IBC_patient047_0057.jpg,5,1.0,partial_below_25,19,19,0.041666666666666664,1.0,0.041666666666666664,0.041666666666666664,1,False
UNET_MTL_MASK_GUIDED,1,patient072,patient072_case01,IBC,IBC_patient047_0057.jpg,6,1.0,partial_below_25,9,9,0.019736842105263157,1.0,0.019736842105263157,0.019736842105263157,1,False
UNET_MTL_MASK_GUIDED,1,patient072,patient072_case01,IBC,IBC_patient047_0058.jpg,1,,off_target_fp,93,0,0.0,0.0,0.0,0.0,0,False
UNET_MTL_MASK_GUIDED,1,patient072,patient072_case01,IBC,IBC_patient047_0058.jpg,2,,off_target_fp,236,0,0.0,0.0,0.0,0.0,0,False
UNET_MTL_MASK_GUIDED,1,patient072,patient072_case01,IBC,IBC_patient047_0058.jpg,3,1.0,partial_below_25,3,3,0.005813953488372093,1.0,0.005813953488372093,0.005813953488372093,1,False
UNET_MTL_MASK_GUIDED,1,patient072,patient072_case01,IBC,IBC_patient047_0058.jpg,4,1.0,partial_below_25,2,1,0.001937984496124031,0.5,0.001937984496124031,0.0019342359767891683,1,False
UNET_MTL_MASK_GUIDED,1,patient072,patient072_case01,IBC,IBC_patient047_0058.jpg,5,1.0,partial_below_25,108,104,0.20155038759689922,0.9629629629629629,0.20155038759689922,0.2,1,False
UNET_MTL_MASK_GUIDED,1,patient072,patient072_case01,IBC,IBC_patient047_0059.jpg,1,,off_target_fp,229,0,0.0,0.0,0.0,0.0,0,False
UNET_MTL_MASK_GUIDED,1,patient072,patient072_case01,IBC,IBC_patient047_0059.jpg,2,,off_target_fp,396,0,0.0,0.0,0.0,0.0,0,False
UNET_MTL_MASK_GUIDED,1,patient072,patient072_case01,IBC,IBC_patient047_0059.jpg,3,,off_target_fp,23,0,0.0,0.0,0.0,0.0,0,False
UNET_MTL_MASK_GUIDED,1,patient072,patient072_case01,IBC,IBC_patient047_0059.jpg,4,1.0,low_25_to_50,51,51,0.2833333333333333,1.0,0.2833333333333333,0.2833333333333333,1,False
UNET_MTL_MASK_GUIDED,1,patient074,patient074_case01,IGM,IGM_patient048_0034.jpg,1,,off_target_fp,375,0,0.0,0.0,0.0,0.0,0,False
UNET_MTL_MASK_GUIDED,1,patient074,patient074_case01,IGM,IGM_patient048_0035.jpg,1,1.0,low_25_to_50,180,67,0.7976190476190477,0.37222222222222223,0.37222222222222223,0.3401015228426396,1,False
UNET_MTL_MASK_GUIDED,1,patient074,patient074_case01,IGM,IGM_patient048_0035.jpg,2,,off_target_fp,208,0,0.0,0.0,0.0,0.0,0,False
UNET_MTL_MASK_GUIDED,1,patient074,patient074_case01,IGM,IGM_patient048_0036.jpg,1,1.0,low_25_to_50,294,123,0.9609375,0.41836734693877553,0.41836734693877553,0.411371237458194,1,False
UNET_MTL_MASK_GUIDED,1,patient074,patient074_case01,IGM,IGM_patient048_0036.jpg,2,,off_target_fp,56,0,0.0,0.0,0.0,0.0,0,False
UNET_MTL_MASK_GUIDED,1,patient074,patient074_case01,IGM,IGM_patient048_0036.jpg,3,,off_target_fp,212,0,0.0,0.0,0.0,0.0,0,False
UNET_MTL_MASK_GUIDED,1,patient074,patient074_case01,IGM,IGM_patient048_0036.jpg,4,,off_target_fp,20,0,0.0,0.0,0.0,0.0,0,False
UNET_MTL_MASK_GUIDED,1,patient074,patient074_case01,IGM,IGM_patient048_0037.jpg,1,1.0,moderate_50_to_75,296,208,0.8387096774193549,0.7027027027027027,0.7027027027027027,0.6190476190476191,1,False
UNET_MTL_MASK_GUIDED,1,patient074,patient074_case01,IGM,IGM_patient048_0037.jpg,2,,off_target_fp,142,0,0.0,0.0,0.0,0.0,0,False
UNET_MTL_MASK_GUIDED,1,patient074,patient074_case01,IGM,IGM_patient048_0037.jpg,3,,off_target_fp,255,0,0.0,0.0,0.0,0.0,0,False
UNET_MTL_MASK_GUIDED,1,patient074,patient074_case01,IGM,IGM_patient048_0037.jpg,4,,off_target_fp,36,0,0.0,0.0,0.0,0.0,0,False
UNET_MTL_MASK_GUIDED,1,patient074,patient074_case01,IGM,IGM_patient048_0040.jpg,1,1.0,moderate_50_to_75,122,102,0.7285714285714285,0.8360655737704918,0.7285714285714285,0.6375,1,False
UNET_MTL_MASK_GUIDED,1,patient074,patient074_case01,IGM,IGM_patient048_0040.jpg,2,,off_target_fp,98,0,0.0,0.0,0.0,0.0,0,False
UNET_MTL_MASK_GUIDED,1,patient074,patient074_case01,IGM,IGM_patient048_0040.jpg,3,,off_target_fp,186,0,0.0,0.0,0.0,0.0,0,False
UNET_MTL_MASK_GUIDED,1,patient074,patient074_case01,IGM,IGM_patient048_0041.jpg,1,,off_target_fp,102,0,0.0,0.0,0.0,0.0,0,False
UNET_MTL_MASK_GUIDED,1,patient074,patient074_case01,IGM,IGM_patient048_0041.jpg,2,1.0,moderate_50_to_75,159,111,0.8161764705882353,0.6981132075471698,0.6981132075471698,0.6032608695652174,1,False
UNET_MTL_MASK_GUIDED,1,patient074,patient074_case01,IGM,IGM_patient048_0041.jpg,3,,off_target_fp,144,0,0.0,0.0,0.0,0.0,0,False
UNET_MTL_MASK_GUIDED,1,patient074,patient074_case01,IGM,IGM_patient048_0042.jpg,1,1.0,low_25_to_50,428,164,1.0,0.38317757009345793,0.38317757009345793,0.38317757009345793,1,False
UNET_MTL_MASK_GUIDED,1,patient074,patient074_case01,IGM,IGM_patient048_0042.jpg,2,,off_target_fp,31,0,0.0,0.0,0.0,0.0,0,False
UNET_MTL_MASK_GUIDED,1,patient074,patient074_case01,IGM,IGM_patient048_0042.jpg,3,,off_target_fp,42,0,0.0,0.0,0.0,0.0,0,False
UNET_MTL_MASK_GUIDED,1,patient074,patient074_case01,IGM,IGM_patient048_0043.jpg,1,1.0,low_25_to_50,528,173,0.9829545454545454,0.32765151515151514,0.32765151515151514,0.3258003766478343,1,False
UNET_MTL_MASK_GUIDED,1,patient074,patient074_case01,IGM,IGM_patient048_0043.jpg,2,,off_target_fp,8,0,0.0,0.0,0.0,0.0,0,False
UNET_MTL_MASK_GUIDED,1,patient074,patient074_case01,IGM,IGM_patient048_0043.jpg,3,,off_target_fp,105,0,0.0,0.0,0.0,0.0,0,False
UNET_MTL_MASK_GUIDED,1,patient074,patient074_case01,IGM,IGM_patient048_0043.jpg,4,,off_target_fp,9,0,0.0,0.0,0.0,0.0,0,False
UNET_MTL_MASK_GUIDED,1,patient074,patient074_case01,IGM,IGM_patient048_0044.jpg,1,1.0,moderate_50_to_75,272,173,0.8160377358490566,0.6360294117647058,0.6360294117647058,0.5562700964630225,1,False
UNET_MTL_MASK_GUIDED,1,patient074,patient074_case01,IGM,IGM_patient048_0044.jpg,2,,off_target_fp,29,0,0.0,0.0,0.0,0.0,0,False
UNET_MTL_MASK_GUIDED,1,patient074,patient074_case01,IGM,IGM_patient048_0044.jpg,3,,off_target_fp,152,0,0.0,0.0,0.0,0.0,0,False
UNET_MTL_MASK_GUIDED,1,patient074,patient074_case01,IGM,IGM_patient048_0044.jpg,4,,off_target_fp,53,0,0.0,0.0,0.0,0.0,0,False
UNET_MTL_MASK_GUIDED,1,patient074,patient074_case01,IGM,IGM_patient048_0044.jpg,5,,off_target_fp,7,0,0.0,0.0,0.0,0.0,0,False
UNET_MTL_MASK_GUIDED,1,patient074,patient074_case01,IGM,IGM_patient048_0044.jpg,6,,off_target_fp,30,0,0.0,0.0,0.0,0.0,0,False
UNET_MTL_MASK_GUIDED,1,patient074,patient074_case01,IGM,IGM_patient048_0045.jpg,1,1.0,moderate_50_to_75,304,196,0.9245283018867925,0.6447368421052632,0.6447368421052632,0.6125,1,False
UNET_MTL_MASK_GUIDED,1,patient074,patient074_case01,IGM,IGM_patient048_0045.jpg,2,,off_target_fp,31,0,0.0,0.0,0.0,0.0,0,False
UNET_MTL_MASK_GUIDED,1,patient074,patient074_case01,IGM,IGM_patient048_0045.jpg,3,,off_target_fp,2,0,0.0,0.0,0.0,0.0,0,False
UNET_MTL_MASK_GUIDED,1,patient074,patient074_case01,IGM,IGM_patient048_0046.jpg,1,,off_target_fp,68,0,0.0,0.0,0.0,0.0,0,False
UNET_MTL_MASK_GUIDED,1,patient074,patient074_case01,IGM,IGM_patient048_0046.jpg,2,1.0,moderate_50_to_75,436,312,1.0,0.7155963302752294,0.7155963302752294,0.7155963302752294,1,False
UNET_MTL_MASK_GUIDED,1,patient074,patient074_case01,IGM,IGM_patient048_0046.jpg,3,,off_target_fp,17,0,0.0,0.0,0.0,0.0,0,False
UNET_MTL_MASK_GUIDED,1,patient074,patient074_case01,IGM,IGM_patient048_0046.jpg,4,,off_target_fp,3,0,0.0,0.0,0.0,0.0,0,False
UNET_MTL_MASK_GUIDED,1,patient074,patient074_case01,IGM,IGM_patient048_0047.jpg,1,,off_target_fp,67,0,0.0,0.0,0.0,0.0,0,False
UNET_MTL_MASK_GUIDED,1,patient074,patient074_case01,IGM,IGM_patient048_0047.jpg,2,,off_target_fp,15,0,0.0,0.0,0.0,0.0,0,False
UNET_MTL_MASK_GUIDED,1,patient074,patient074_case01,IGM,IGM_patient048_0047.jpg,3,1.0,moderate_50_to_75,548,409,0.9927184466019418,0.7463503649635036,0.7463503649635036,0.7422867513611615,1,False
UNET_MTL_MASK_GUIDED,1,patient074,patient074_case01,IGM,IGM_patient048_0048.jpg,1,,off_target_fp,140,0,0.0,0.0,0.0,0.0,0,False
UNET_MTL_MASK_GUIDED,1,patient074,patient074_case01,IGM,IGM_patient048_0048.jpg,2,1.0,moderate_50_to_75,636,476,0.9834710743801653,0.7484276729559748,0.7484276729559748,0.7391304347826086,1,False
UNET_MTL_MASK_GUIDED,1,patient074,patient074_case01,IGM,IGM_patient048_0049.jpg,1,,off_target_fp,150,0,0.0,0.0,0.0,0.0,0,False
UNET_MTL_MASK_GUIDED,1,patient074,patient074_case01,IGM,IGM_patient048_0049.jpg,2,1.0,strong_75_plus,686,550,0.9963768115942029,0.8017492711370262,0.8017492711370262,0.7994186046511628,1,False
UNET_MTL_MASK_GUIDED,1,patient074,patient074_case01,IGM,IGM_patient048_0049.jpg,3,,off_target_fp,1,0,0.0,0.0,0.0,0.0,0,False
UNET_MTL_MASK_GUIDED,1,patient074,patient074_case01,IGM,IGM_patient048_0049.jpg,4,,off_target_fp,62,0,0.0,0.0,0.0,0.0,0,False
UNET_MTL_MASK_GUIDED,1,patient074,patient074_case01,IGM,IGM_patient048_0050.jpg,1,1.0,strong_75_plus,660,531,0.9833333333333333,0.8045454545454546,0.8045454545454546,0.7937219730941704,1,False
UNET_MTL_MASK_GUIDED,1,patient074,patient074_case01,IGM,IGM_patient048_0051.jpg,1,,off_target_fp,40,0,0.0,0.0,0.0,0.0,0,False
UNET_MTL_MASK_GUIDED,1,patient074,patient074_case01,IGM,IGM_patient048_0051.jpg,2,1.0,strong_75_plus,490,389,0.9823232323232324,0.7938775510204081,0.7938775510204081,0.7826961770623743,1,False
UNET_MTL_MASK_GUIDED,1,patient074,patient074_case01,IGM,IGM_patient048_0051.jpg,3,,off_target_fp,170,0,0.0,0.0,0.0,0.0,0,False
UNET_MTL_MASK_GUIDED,1,patient083,patient083_case01,IGM,IGM_patient052_0059.jpg,1,1.0,moderate_50_to_75,75,73,0.73,0.9733333333333334,0.73,0.7156862745098039,1,False
UNET_MTL_MASK_GUIDED,1,patient083,patient083_case01,IGM,IGM_patient052_0059.jpg,2,,off_target_fp,30,0,0.0,0.0,0.0,0.0,0,False
UNET_MTL_MASK_GUIDED,1,patient083,patient083_case01,IGM,IGM_patient052_0060.jpg,1,1.0,moderate_50_to_75,132,120,0.6818181818181818,0.9090909090909091,0.6818181818181818,0.6382978723404256,1,False
UNET_MTL_MASK_GUIDED,1,patient083,patient083_case01,IGM,IGM_patient052_0061.jpg,1,1.0,strong_75_plus,193,183,0.8169642857142857,0.9481865284974094,0.8169642857142857,0.782051282051282,1,False
UNET_MTL_MASK_GUIDED,1,patient083,patient083_case01,IGM,IGM_patient052_0062.jpg,1,1.0,strong_75_plus,244,231,0.90234375,0.9467213114754098,0.90234375,0.8587360594795539,1,False
UNET_MTL_MASK_GUIDED,1,patient083,patient083_case01,IGM,IGM_patient052_0062.jpg,2,,off_target_fp,44,0,0.0,0.0,0.0,0.0,0,False
UNET_MTL_MASK_GUIDED,1,patient083,patient083_case01,IGM,IGM_patient052_0063.jpg,1,1.0,strong_75_plus,269,244,0.9104477611940298,0.9070631970260223,0.9070631970260223,0.8327645051194539,1,False
UNET_MTL_MASK_GUIDED,1,patient083,patient083_case01,IGM,IGM_patient052_0063.jpg,2,,off_target_fp,121,0,0.0,0.0,0.0,0.0,0,False
UNET_MTL_MASK_GUIDED,1,patient083,patient083_case01,IGM,IGM_patient052_0064.jpg,1,1.0,strong_75_plus,277,251,0.98046875,0.9061371841155235,0.9061371841155235,0.8900709219858156,1,False
UNET_MTL_MASK_GUIDED,1,patient083,patient083_case01,IGM,IGM_patient052_0064.jpg,2,,off_target_fp,15,0,0.0,0.0,0.0,0.0,0,False
UNET_MTL_MASK_GUIDED,1,patient083,patient083_case01,IGM,IGM_patient052_0064.jpg,3,,off_target_fp,214,0,0.0,0.0,0.0,0.0,0,False
UNET_MTL_MASK_GUIDED,1,patient083,patient083_case01,IGM,IGM_patient052_0065.jpg,1,1.0,strong_75_plus,215,199,0.7653846153846153,0.9255813953488372,0.7653846153846153,0.7210144927536232,1,False
UNET_MTL_MASK_GUIDED,1,patient083,patient083_case01,IGM,IGM_patient052_0065.jpg,2,,off_target_fp,17,0,0.0,0.0,0.0,0.0,0,False
UNET_MTL_MASK_GUIDED,1,patient083,patient083_case01,IGM,IGM_patient052_0065.jpg,3,,off_target_fp,2,0,0.0,0.0,0.0,0.0,0,False
UNET_MTL_MASK_GUIDED,1,patient083,patient083_case01,IGM,IGM_patient052_0065.jpg,4,,off_target_fp,223,0,0.0,0.0,0.0,0.0,0,False
UNET_MTL_MASK_GUIDED,1,patient083,patient083_case01,IGM,IGM_patient052_0065.jpg,5,,off_target_fp,17,0,0.0,0.0,0.0,0.0,0,False
UNET_MTL_MASK_GUIDED,1,patient083,patient083_case01,IGM,IGM_patient052_0066.jpg,1,,off_target_fp,12,0,0.0,0.0,0.0,0.0,0,False
UNET_MTL_MASK_GUIDED,1,patient083,patient083_case01,IGM,IGM_patient052_0066.jpg,2,1.0,strong_75_plus,142,136,0.918918918918919,0.9577464788732394,0.918918918918919,0.8831168831168831,1,False
UNET_MTL_MASK_GUIDED,1,patient083,patient083_case01,IGM,IGM_patient052_0066.jpg,3,,off_target_fp,2,0,0.0,0.0,0.0,0.0,0,False
UNET_MTL_MASK_GUIDED,1,patient083,patient083_case01,IGM,IGM_patient052_0066.jpg,4,,off_target_fp,25,0,0.0,0.0,0.0,0.0,0,False
UNET_MTL_MASK_GUIDED,1,patient083,patient083_case01,IGM,IGM_patient052_0066.jpg,5,,off_target_fp,131,0,0.0,0.0,0.0,0.0,0,False
UNET_MTL_MASK_GUIDED,1,patient083,patient083_case01,IGM,IGM_patient052_0066.jpg,6,,off_target_fp,23,0,0.0,0.0,0.0,0.0,0,False
UNET_MTL_MASK_GUIDED,1,patient083,patient083_case01,IGM,IGM_patient052_0066.jpg,7,,off_target_fp,38,0,0.0,0.0,0.0,0.0,0,False
UNET_MTL_MASK_GUIDED,1,patient083,patient083_case01,IGM,IGM_patient052_0067.jpg,1,1.0,low_25_to_50,76,75,0.4076086956521739,0.9868421052631579,0.4076086956521739,0.40540540540540543,1,False
UNET_MTL_MASK_GUIDED,1,patient083,patient083_case01,IGM,IGM_patient052_0067.jpg,2,1.0,low_25_to_50,82,73,0.3967391304347826,0.8902439024390244,0.3967391304347826,0.37823834196891193,1,False
UNET_MTL_MASK_GUIDED,1,patient083,patient083_case01,IGM,IGM_patient052_0067.jpg,3,,off_target_fp,5,0,0.0,0.0,0.0,0.0,0,False
UNET_MTL_MASK_GUIDED,1,patient083,patient083_case01,IGM,IGM_patient052_0067.jpg,4,,off_target_fp,260,0,0.0,0.0,0.0,0.0,0,False
UNET_MTL_MASK_GUIDED,1,patient083,patient083_case01,IGM,IGM_patient052_0067.jpg,5,,off_target_fp,12,0,0.0,0.0,0.0,0.0,0,False
UNET_MTL_MASK_GUIDED,1,patient083,patient083_case01,IGM,IGM_patient052_0068.jpg,1,1.0,strong_75_plus,109,104,0.7647058823529411,0.9541284403669725,0.7647058823529411,0.7375886524822695,1,False
UNET_MTL_MASK_GUIDED,1,patient083,patient083_case01,IGM,IGM_patient052_0068.jpg,2,,off_target_fp,21,0,0.0,0.0,0.0,0.0,0,False
UNET_MTL_MASK_GUIDED,1,patient083,patient083_case01,IGM,IGM_patient052_0068.jpg,3,,off_target_fp,152,0,0.0,0.0,0.0,0.0,0,False
UNET_MTL_MASK_GUIDED,1,patient083,patient083_case01,IGM,IGM_patient052_0068.jpg,4,,off_target_fp,27,0,0.0,0.0,0.0,0.0,0,False
UNET_MTL_MASK_GUIDED,1,patient083,patient083_case01,IGM,IGM_patient052_0068.jpg,5,,off_target_fp,7,0,0.0,0.0,0.0,0.0,0,False
UNET_MTL_MASK_GUIDED,1,patient083,patient083_case01,IGM,IGM_patient052_0069.jpg,1,1.0,strong_75_plus,141,136,0.85,0.9645390070921985,0.85,0.8242424242424242,1,False
UNET_MTL_MASK_GUIDED,1,patient083,patient083_case01,IGM,IGM_patient052_0069.jpg,2,,off_target_fp,66,0,0.0,0.0,0.0,0.0,0,False
UNET_MTL_MASK_GUIDED,1,patient083,patient083_case01,IGM,IGM_patient052_0069.jpg,3,,off_target_fp,103,0,0.0,0.0,0.0,0.0,0,False
UNET_MTL_MASK_GUIDED,1,patient083,patient083_case01,IGM,IGM_patient052_0069.jpg,4,,off_target_fp,8,0,0.0,0.0,0.0,0.0,0,False
UNET_MTL_MASK_GUIDED,1,patient083,patient083_case01,IGM,IGM_patient052_0069.jpg,5,,off_target_fp,24,0,0.0,0.0,0.0,0.0,0,False
UNET_MTL_MASK_GUIDED,1,patient083,patient083_case01,IGM,IGM_patient052_0070.jpg,1,1.0,strong_75_plus,153,137,0.9013157894736842,0.8954248366013072,0.8954248366013072,0.8154761904761905,1,False
UNET_MTL_MASK_GUIDED,1,patient083,patient083_case01,IGM,IGM_patient052_0070.jpg,2,,off_target_fp,58,0,0.0,0.0,0.0,0.0,0,False
UNET_MTL_MASK_GUIDED,1,patient083,patient083_case01,IGM,IGM_patient052_0070.jpg,3,,off_target_fp,132,0,0.0,0.0,0.0,0.0,0,False
UNET_MTL_MASK_GUIDED,1,patient083,patient083_case01,IGM,IGM_patient052_0070.jpg,4,,off_target_fp,126,0,0.0,0.0,0.0,0.0,0,False
UNET_MTL_MASK_GUIDED,1,patient083,patient083_case01,IGM,IGM_patient052_0070.jpg,5,,off_target_fp,29,0,0.0,0.0,0.0,0.0,0,False
UNET_MTL_MASK_GUIDED,1,patient083,patient083_case01,IGM,IGM_patient052_0071.jpg,1,1.0,strong_75_plus,131,122,0.782051282051282,0.9312977099236641,0.782051282051282,0.7393939393939394,1,False
UNET_MTL_MASK_GUIDED,1,patient083,patient083_case01,IGM,IGM_patient052_0071.jpg,2,,off_target_fp,21,0,0.0,0.0,0.0,0.0,0,False
UNET_MTL_MASK_GUIDED,1,patient083,patient083_case01,IGM,IGM_patient052_0071.jpg,3,,off_target_fp,156,0,0.0,0.0,0.0,0.0,0,False
UNET_MTL_MASK_GUIDED,1,patient083,patient083_case01,IGM,IGM_patient052_0071.jpg,4,,off_target_fp,10,0,0.0,0.0,0.0,0.0,0,False
UNET_MTL_MASK_GUIDED,1,patient083,patient083_case01,IGM,IGM_patient052_0071.jpg,5,,off_target_fp,106,0,0.0,0.0,0.0,0.0,0,False
UNET_MTL_MASK_GUIDED,1,patient083,patient083_case01,IGM,IGM_patient052_0071.jpg,6,,off_target_fp,80,0,0.0,0.0,0.0,0.0,0,False
UNET_MTL_MASK_GUIDED,1,patient083,patient083_case01,IGM,IGM_patient052_0072.jpg,1,1.0,low_25_to_50,68,65,0.4276315789473684,0.9558823529411765,0.4276315789473684,0.41935483870967744,1,False
UNET_MTL_MASK_GUIDED,1,patient083,patient083_case01,IGM,IGM_patient052_0072.jpg,2,,off_target_fp,83,0,0.0,0.0,0.0,0.0,0,False
UNET_MTL_MASK_GUIDED,1,patient083,patient083_case01,IGM,IGM_patient052_0072.jpg,3,,off_target_fp,8,0,0.0,0.0,0.0,0.0,0,False
UNET_MTL_MASK_GUIDED,1,patient086,patient086_case01,IGM,IGM_patient053_0060.jpg,1,,off_target_fp,423,0,0.0,0.0,0.0,0.0,0,False
UNET_MTL_MASK_GUIDED,1,patient086,patient086_case01,IGM,IGM_patient053_0060.jpg,2,,off_target_fp,81,0,0.0,0.0,0.0,0.0,0,False
UNET_MTL_MASK_GUIDED,1,patient086,patient086_case01,IGM,IGM_patient053_0061.jpg,1,,off_target_fp,417,0,0.0,0.0,0.0,0.0,0,False
UNET_MTL_MASK_GUIDED,1,patient086,patient086_case01,IGM,IGM_patient053_0061.jpg,2,,off_target_fp,113,0,0.0,0.0,0.0,0.0,0,False
UNET_MTL_MASK_GUIDED,1,patient086,patient086_case01,IGM,IGM_patient053_0061.jpg,3,1.0,low_25_to_50,105,105,0.3547297297297297,1.0,0.3547297297297297,0.3547297297297297,1,False
UNET_MTL_MASK_GUIDED,1,patient086,patient086_case01,IGM,IGM_patient053_0062.jpg,1,,off_target_fp,412,0,0.0,0.0,0.0,0.0,0,False
UNET_MTL_MASK_GUIDED,1,patient086,patient086_case01,IGM,IGM_patient053_0062.jpg,2,,off_target_fp,48,0,0.0,0.0,0.0,0.0,0,False
UNET_MTL_MASK_GUIDED,1,patient086,patient086_case01,IGM,IGM_patient053_0062.jpg,3,,off_target_fp,163,0,0.0,0.0,0.0,0.0,0,False
UNET_MTL_MASK_GUIDED,1,patient086,patient086_case01,IGM,IGM_patient053_0062.jpg,4,1.0,low_25_to_50,100,100,0.4166666666666667,1.0,0.4166666666666667,0.4166666666666667,1,False
UNET_MTL_MASK_GUIDED,1,patient086,patient086_case01,IGM,IGM_patient053_0063.jpg,1,,off_target_fp,359,0,0.0,0.0,0.0,0.0,0,False
UNET_MTL_MASK_GUIDED,1,patient086,patient086_case01,IGM,IGM_patient053_0063.jpg,2,,off_target_fp,143,0,0.0,0.0,0.0,0.0,0,False
UNET_MTL_MASK_GUIDED,1,patient086,patient086_case01,IGM,IGM_patient053_0063.jpg,3,,off_target_fp,211,0,0.0,0.0,0.0,0.0,0,False
UNET_MTL_MASK_GUIDED,1,patient086,patient086_case01,IGM,IGM_patient053_0063.jpg,4,1.0,low_25_to_50,103,102,0.3923076923076923,0.9902912621359223,0.3923076923076923,0.39080459770114945,1,False
UNET_MTL_MASK_GUIDED,1,patient086,patient086_case01,IGM,IGM_patient053_0064.jpg,1,,off_target_fp,404,0,0.0,0.0,0.0,0.0,0,False
UNET_MTL_MASK_GUIDED,1,patient086,patient086_case01,IGM,IGM_patient053_0064.jpg,2,,off_target_fp,151,0,0.0,0.0,0.0,0.0,0,False
UNET_MTL_MASK_GUIDED,1,patient086,patient086_case01,IGM,IGM_patient053_0064.jpg,3,,off_target_fp,113,0,0.0,0.0,0.0,0.0,0,False
UNET_MTL_MASK_GUIDED,1,patient086,patient086_case01,IGM,IGM_patient053_0064.jpg,4,1.0,moderate_50_to_75,119,119,0.6761363636363636,1.0,0.6761363636363636,0.6761363636363636,1,False
UNET_MTL_MASK_GUIDED,1,patient086,patient086_case01,IGM,IGM_patient053_0065.jpg,1,,off_target_fp,386,0,0.0,0.0,0.0,0.0,0,False
UNET_MTL_MASK_GUIDED,1,patient086,patient086_case01,IGM,IGM_patient053_0065.jpg,2,,off_target_fp,107,0,0.0,0.0,0.0,0.0,0,False
UNET_MTL_MASK_GUIDED,1,patient086,patient086_case01,IGM,IGM_patient053_0065.jpg,3,,off_target_fp,382,0,0.0,0.0,0.0,0.0,0,False
UNET_MTL_MASK_GUIDED,1,patient086,patient086_case01,IGM,IGM_patient053_0066.jpg,1,,off_target_fp,8,0,0.0,0.0,0.0,0.0,0,False
UNET_MTL_MASK_GUIDED,1,patient086,patient086_case01,IGM,IGM_patient053_0066.jpg,2,,off_target_fp,340,0,0.0,0.0,0.0,0.0,0,False
UNET_MTL_MASK_GUIDED,1,patient086,patient086_case01,IGM,IGM_patient053_0066.jpg,3,,off_target_fp,590,0,0.0,0.0,0.0,0.0,0,False
UNET_MTL_MASK_GUIDED,1,patient091,patient091_case01,IBC,IBC_patient056_0041.jpg,1,1.0,strong_75_plus,59,53,0.828125,0.8983050847457628,0.828125,0.7571428571428571,1,False
UNET_MTL_MASK_GUIDED,1,patient091,patient091_case01,IBC,IBC_patient056_0042.jpg,1,,off_target_fp,68,0,0.0,0.0,0.0,0.0,0,False
UNET_MTL_MASK_GUIDED,1,patient091,patient091_case01,IBC,IBC_patient056_0045.jpg,1,,off_target_fp,264,0,0.0,0.0,0.0,0.0,0,False
UNET_MTL_MASK_GUIDED,1,patient091,patient091_case01,IBC,IBC_patient056_0046.jpg,1,,off_target_fp,604,0,0.0,0.0,0.0,0.0,0,False
UNET_MTL_MASK_GUIDED,1,patient091,patient091_case01,IBC,IBC_patient056_0046.jpg,2,,off_target_fp,52,0,0.0,0.0,0.0,0.0,0,False
UNET_MTL_MASK_GUIDED,1,patient091,patient091_case01,IBC,IBC_patient056_0047.jpg,1,,off_target_fp,790,0,0.0,0.0,0.0,0.0,0,False
UNET_MTL_MASK_GUIDED,1,patient091,patient091_case01,IBC,IBC_patient056_0047.jpg,2,,off_target_fp,350,0,0.0,0.0,0.0,0.0,0,False
UNET_MTL_MASK_GUIDED,1,patient091,patient091_case01,IBC,IBC_patient056_0047.jpg,3,,off_target_fp,147,0,0.0,0.0,0.0,0.0,0,False
UNET_MTL_MASK_GUIDED,1,patient092,patient092_case01,IBC,IBC_patient057_0044.jpg,1,,off_target_fp,46,0,0.0,0.0,0.0,0.0,0,False
UNET_MTL_MASK_GUIDED,1,patient092,patient092_case01,IBC,IBC_patient057_0044.jpg,2,,off_target_fp,157,0,0.0,0.0,0.0,0.0,0,False
UNET_MTL_MASK_GUIDED,1,patient092,patient092_case01,IBC,IBC_patient057_0044.jpg,3,1.0,partial_below_25,6,6,0.01948051948051948,1.0,0.01948051948051948,0.01948051948051948,1,False
UNET_MTL_MASK_GUIDED,1,patient092,patient092_case01,IBC,IBC_patient057_0045.jpg,1,,off_target_fp,118,0,0.0,0.0,0.0,0.0,0,False
UNET_MTL_MASK_GUIDED,1,patient092,patient092_case01,IBC,IBC_patient057_0045.jpg,2,1.0,moderate_50_to_75,486,320,0.7692307692307693,0.6584362139917695,0.6584362139917695,0.5498281786941581,1,False
UNET_MTL_MASK_GUIDED,1,patient092,patient092_case01,IBC,IBC_patient057_0046.jpg,1,,off_target_fp,239,0,0.0,0.0,0.0,0.0,0,False
UNET_MTL_MASK_GUIDED,1,patient092,patient092_case01,IBC,IBC_patient057_0046.jpg,2,1.0,strong_75_plus,474,386,0.8772727272727273,0.8143459915611815,0.8143459915611815,0.7310606060606061,1,False
UNET_MTL_MASK_GUIDED,1,patient092,patient092_case01,IBC,IBC_patient057_0047.jpg,1,,off_target_fp,268,0,0.0,0.0,0.0,0.0,0,False
UNET_MTL_MASK_GUIDED,1,patient092,patient092_case01,IBC,IBC_patient057_0047.jpg,2,1.0,strong_75_plus,302,298,0.8563218390804598,0.9867549668874173,0.8563218390804598,0.8465909090909091,1,False
UNET_MTL_MASK_GUIDED,1,patient092,patient092_case01,IBC,IBC_patient057_0048.jpg,1,,off_target_fp,265,0,0.0,0.0,0.0,0.0,0,False
UNET_MTL_MASK_GUIDED,1,patient092,patient092_case01,IBC,IBC_patient057_0048.jpg,2,1.0,moderate_50_to_75,146,146,0.5615384615384615,1.0,0.5615384615384615,0.5615384615384615,1,False
UNET_MTL_MASK_GUIDED,1,patient096,patient096_case01,IGM,IGM_patient006_0060.jpg,1,,off_target_fp,52,0,0.0,0.0,0.0,0.0,0,False
UNET_MTL_MASK_GUIDED,1,patient096,patient096_case01,IGM,IGM_patient006_0060.jpg,2,,off_target_fp,52,0,0.0,0.0,0.0,0.0,0,False
UNET_MTL_MASK_GUIDED,1,patient096,patient096_case01,IGM,IGM_patient006_0061.jpg,1,1.0,strong_75_plus,154,150,0.78125,0.974025974025974,0.78125,0.7653061224489796,1,False
UNET_MTL_MASK_GUIDED,1,patient096,patient096_case01,IGM,IGM_patient006_0061.jpg,2,,off_target_fp,1,0,0.0,0.0,0.0,0.0,0,False
UNET_MTL_MASK_GUIDED,1,patient096,patient096_case01,IGM,IGM_patient006_0061.jpg,3,,off_target_fp,136,0,0.0,0.0,0.0,0.0,0,False
UNET_MTL_MASK_GUIDED,1,patient096,patient096_case01,IGM,IGM_patient006_0062.jpg,1,1.0,strong_75_plus,242,198,0.9705882352941176,0.8181818181818182,0.8181818181818182,0.7983870967741935,1,False
UNET_MTL_MASK_GUIDED,1,patient096,patient096_case01,IGM,IGM_patient006_0062.jpg,2,,off_target_fp,62,0,0.0,0.0,0.0,0.0,0,False
UNET_MTL_MASK_GUIDED,1,patient096,patient096_case01,IGM,IGM_patient006_0062.jpg,3,,off_target_fp,123,0,0.0,0.0,0.0,0.0,0,False
UNET_MTL_MASK_GUIDED,1,patient096,patient096_case01,IGM,IGM_patient006_0063.jpg,1,1.0,moderate_50_to_75,398,237,0.9115384615384615,0.5954773869346733,0.5954773869346733,0.5629453681710214,1,False
UNET_MTL_MASK_GUIDED,1,patient096,patient096_case01,IGM,IGM_patient006_0063.jpg,2,,off_target_fp,12,0,0.0,0.0,0.0,0.0,0,False
UNET_MTL_MASK_GUIDED,1,patient096,patient096_case01,IGM,IGM_patient006_0063.jpg,3,,off_target_fp,85,0,0.0,0.0,0.0,0.0,0,False
UNET_MTL_MASK_GUIDED,1,patient096,patient096_case01,IGM,IGM_patient006_0064.jpg,1,1.0,moderate_50_to_75,233,174,0.925531914893617,0.7467811158798283,0.7467811158798283,0.7044534412955465,1,False
UNET_MTL_MASK_GUIDED,1,patient096,patient096_case01,IGM,IGM_patient006_0064.jpg,2,,off_target_fp,137,0,0.0,0.0,0.0,0.0,0,False
UNET_MTL_MASK_GUIDED,1,patient096,patient096_case01,IGM,IGM_patient006_0064.jpg,3,,off_target_fp,104,0,0.0,0.0,0.0,0.0,0,False
UNET_MTL_MASK_GUIDED,1,patient096,patient096_case01,IGM,IGM_patient006_0065.jpg,1,1.0,moderate_50_to_75,128,113,0.743421052631579,0.8828125,0.743421052631579,0.6766467065868264,1,False
UNET_MTL_MASK_GUIDED,1,patient096,patient096_case01,IGM,IGM_patient006_0065.jpg,2,,off_target_fp,94,0,0.0,0.0,0.0,0.0,0,False
UNET_MTL_MASK_GUIDED,1,patient096,patient096_case01,IGM,IGM_patient006_0065.jpg,3,,off_target_fp,34,0,0.0,0.0,0.0,0.0,0,False
UNET_MTL_MASK_GUIDED,1,patient096,patient096_case01,IGM,IGM_patient006_0065.jpg,4,,off_target_fp,45,0,0.0,0.0,0.0,0.0,0,False
UNET_MTL_MASK_GUIDED,1,patient096,patient096_case01,IGM,IGM_patient006_0066.jpg,1,1.0,low_25_to_50,45,41,0.33064516129032256,0.9111111111111111,0.33064516129032256,0.3203125,1,False
UNET_MTL_MASK_GUIDED,1,patient096,patient096_case01,IGM,IGM_patient006_0066.jpg,2,,off_target_fp,1,0,0.0,0.0,0.0,0.0,0,False
UNET_MTL_MASK_GUIDED,1,patient096,patient096_case01,IGM,IGM_patient006_0066.jpg,3,,off_target_fp,5,0,0.0,0.0,0.0,0.0,0,False
UNET_MTL_MASK_GUIDED,1,patient096,patient096_case01,IGM,IGM_patient006_0066.jpg,4,,off_target_fp,118,0,0.0,0.0,0.0,0.0,0,False
UNET_MTL_MASK_GUIDED,1,patient096,patient096_case01,IGM,IGM_patient006_0067.jpg,1,,off_target_fp,10,0,0.0,0.0,0.0,0.0,0,False
UNET_MTL_MASK_GUIDED,1,patient096,patient096_case01,IGM,IGM_patient006_0067.jpg,2,,off_target_fp,163,0,0.0,0.0,0.0,0.0,0,False
UNET_MTL_MASK_GUIDED,1,patient096,patient096_case01,IGM,IGM_patient006_0067.jpg,3,,off_target_fp,23,0,0.0,0.0,0.0,0.0,0,False
UNET_MTL_MASK_GUIDED,1,patient096,patient096_case01,IGM,IGM_patient006_0067.jpg,4,,off_target_fp,34,0,0.0,0.0,0.0,0.0,0,False
UNET_MTL_MASK_GUIDED,1,patient096,patient096_case01,IGM,IGM_patient006_0068.jpg,1,,off_target_fp,158,0,0.0,0.0,0.0,0.0,0,False
UNET_MTL_MASK_GUIDED,1,patient096,patient096_case01,IGM,IGM_patient006_0068.jpg,2,,off_target_fp,30,0,0.0,0.0,0.0,0.0,0,False
UNET_MTL_MASK_GUIDED,1,patient096,patient096_case01,IGM,IGM_patient006_0069.jpg,1,1.0,moderate_50_to_75,88,86,0.581081081081081,0.9772727272727273,0.581081081081081,0.5733333333333334,1,False
UNET_MTL_MASK_GUIDED,1,patient096,patient096_case01,IGM,IGM_patient006_0069.jpg,2,,off_target_fp,36,0,0.0,0.0,0.0,0.0,0,False
UNET_MTL_MASK_GUIDED,1,patient096,patient096_case01,IGM,IGM_patient006_0069.jpg,3,,off_target_fp,11,0,0.0,0.0,0.0,0.0,0,False
UNET_MTL_MASK_GUIDED,1,patient096,patient096_case01,IGM,IGM_patient006_0070.jpg,1,,off_target_fp,69,0,0.0,0.0,0.0,0.0,0,False
UNET_MTL_MASK_GUIDED,1,patient100,patient100_case01,IBC,IBC_patient008_0147.jpg,1,,off_target_fp,69,0,0.0,0.0,0.0,0.0,0,False
UNET_MTL_MASK_GUIDED,1,patient100,patient100_case01,IBC,IBC_patient008_0148.jpg,1,,off_target_fp,7,0,0.0,0.0,0.0,0.0,0,False
UNET_MTL_MASK_GUIDED,1,patient100,patient100_case01,IBC,IBC_patient008_0148.jpg,2,,off_target_fp,139,0,0.0,0.0,0.0,0.0,0,False
UNET_MTL_MASK_GUIDED,1,patient100,patient100_case01,IBC,IBC_patient008_0149.jpg,1,,off_target_fp,181,0,0.0,0.0,0.0,0.0,0,False
UNET_MTL_MASK_GUIDED,1,patient100,patient100_case01,IBC,IBC_patient008_0150.jpg,1,,off_target_fp,182,0,0.0,0.0,0.0,0.0,0,False
UNET_MTL_MASK_GUIDED,1,patient100,patient100_case01,IBC,IBC_patient008_0151.jpg,1,,off_target_fp,4,0,0.0,0.0,0.0,0.0,0,False
UNET_MTL_MASK_GUIDED,1,patient100,patient100_case01,IBC,IBC_patient008_0151.jpg,2,,off_target_fp,128,0,0.0,0.0,0.0,0.0,0,False
UNET_MTL_MASK_GUIDED,1,patient100,patient100_case01,IBC,IBC_patient008_0152.jpg,1,,off_target_fp,117,0,0.0,0.0,0.0,0.0,0,False
UNET_MTL_MASK_GUIDED,1,patient100,patient100_case01,IBC,IBC_patient008_0153.jpg,1,,off_target_fp,123,0,0.0,0.0,0.0,0.0,0,False
UNET_MTL_MASK_GUIDED,1,patient100,patient100_case01,IBC,IBC_patient008_0154.jpg,1,,off_target_fp,115,0,0.0,0.0,0.0,0.0,0,False
UNET_MTL_MASK_GUIDED,1,patient100,patient100_case01,IBC,IBC_patient008_0155.jpg,1,,off_target_fp,89,0,0.0,0.0,0.0,0.0,0,False
UNET_MTL_MASK_GUIDED,1,patient100,patient100_case01,IBC,IBC_patient008_0156.jpg,1,,off_target_fp,82,0,0.0,0.0,0.0,0.0,0,False
UNET_MTL_MASK_GUIDED,1,patient100,patient100_case01,IBC,IBC_patient008_0157.jpg,1,,off_target_fp,78,0,0.0,0.0,0.0,0.0,0,False
UNET_MTL_MASK_GUIDED,1,patient100,patient100_case01,IBC,IBC_patient008_0158.jpg,1,,off_target_fp,56,0,0.0,0.0,0.0,0.0,0,False
UNET_MTL_MASK_GUIDED,1,patient100,patient100_case01,IBC,IBC_patient008_0163.jpg,1,,off_target_fp,3,0,0.0,0.0,0.0,0.0,0,False
UNET_MTL_MASK_GUIDED,1,patient100,patient100_case01,IBC,IBC_patient008_0163.jpg,2,,off_target_fp,4,0,0.0,0.0,0.0,0.0,0,False
UNET_MTL_MASK_GUIDED,1,patient100,patient100_case01,IBC,IBC_patient008_0164.jpg,1,,off_target_fp,95,0,0.0,0.0,0.0,0.0,0,False
UNET_MTL_MASK_GUIDED,1,patient100,patient100_case01,IBC,IBC_patient008_0165.jpg,1,,off_target_fp,95,0,0.0,0.0,0.0,0.0,0,False
UNET_MTL_MASK_GUIDED,1,patient100,patient100_case01,IBC,IBC_patient008_0166.jpg,1,,off_target_fp,27,0,0.0,0.0,0.0,0.0,0,False
UNET_MTL_MASK_GUIDED,1,patient100,patient100_case01,IBC,IBC_patient008_0166.jpg,2,,off_target_fp,19,0,0.0,0.0,0.0,0.0,0,False
UNET_MTL_MASK_GUIDED,10,patient012,patient012_case01,IBC,IBC_patient015_0138.jpg,1,,off_target_fp,29,0,0.0,0.0,0.0,0.0,0,False
UNET_MTL_MASK_GUIDED,10,patient012,patient012_case01,IBC,IBC_patient015_0139.jpg,1,,off_target_fp,78,0,0.0,0.0,0.0,0.0,0,False
UNET_MTL_MASK_GUIDED,10,patient012,patient012_case01,IBC,IBC_patient015_0140.jpg,1,,off_target_fp,53,0,0.0,0.0,0.0,0.0,0,False
UNET_MTL_MASK_GUIDED,10,patient012,patient012_case01,IBC,IBC_patient015_0141.jpg,1,,off_target_fp,12,0,0.0,0.0,0.0,0.0,0,False
UNET_MTL_MASK_GUIDED,10,patient012,patient012_case01,IBC,IBC_patient015_0143.jpg,1,,off_target_fp,42,0,0.0,0.0,0.0,0.0,0,False
UNET_MTL_MASK_GUIDED,10,patient012,patient012_case01,IBC,IBC_patient015_0144.jpg,1,,off_target_fp,156,0,0.0,0.0,0.0,0.0,0,False
UNET_MTL_MASK_GUIDED,10,patient012,patient012_case01,IBC,IBC_patient015_0145.jpg,1,,off_target_fp,189,0,0.0,0.0,0.0,0.0,0,False
UNET_MTL_MASK_GUIDED,10,patient012,patient012_case01,IBC,IBC_patient015_0146.jpg,1,,off_target_fp,194,0,0.0,0.0,0.0,0.0,0,False
UNET_MTL_MASK_GUIDED,10,patient012,patient012_case01,IBC,IBC_patient015_0147.jpg,1,,off_target_fp,173,0,0.0,0.0,0.0,0.0,0,False
UNET_MTL_MASK_GUIDED,10,patient012,patient012_case01,IBC,IBC_patient015_0148.jpg,1,,off_target_fp,161,0,0.0,0.0,0.0,0.0,0,False
UNET_MTL_MASK_GUIDED,10,patient012,patient012_case01,IBC,IBC_patient015_0149.jpg,1,,off_target_fp,141,0,0.0,0.0,0.0,0.0,0,False
UNET_MTL_MASK_GUIDED,10,patient012,patient012_case01,IBC,IBC_patient015_0150.jpg,1,,off_target_fp,10,0,0.0,0.0,0.0,0.0,0,False
UNET_MTL_MASK_GUIDED,10,patient012,patient012_case01,IBC,IBC_patient015_0150.jpg,2,,off_target_fp,120,0,0.0,0.0,0.0,0.0,0,False
UNET_MTL_MASK_GUIDED,10,patient017,patient017_case01,IGM,IGM_patient017_0054.jpg,1,,off_target_fp,14,0,0.0,0.0,0.0,0.0,0,False
UNET_MTL_MASK_GUIDED,10,patient017,patient017_case01,IGM,IGM_patient017_0054.jpg,2,,off_target_fp,17,0,0.0,0.0,0.0,0.0,0,False
UNET_MTL_MASK_GUIDED,10,patient017,patient017_case01,IGM,IGM_patient017_0055.jpg,1,,off_target_fp,141,0,0.0,0.0,0.0,0.0,0,False
UNET_MTL_MASK_GUIDED,10,patient017,patient017_case01,IGM,IGM_patient017_0057.jpg,1,,off_target_fp,73,0,0.0,0.0,0.0,0.0,0,False
UNET_MTL_MASK_GUIDED,10,patient017,patient017_case01,IGM,IGM_patient017_0057.jpg,2,,off_target_fp,29,0,0.0,0.0,0.0,0.0,0,False
UNET_MTL_MASK_GUIDED,10,patient017,patient017_case01,IGM,IGM_patient017_0058.jpg,1,,off_target_fp,39,0,0.0,0.0,0.0,0.0,0,False
UNET_MTL_MASK_GUIDED,10,patient017,patient017_case01,IGM,IGM_patient017_0058.jpg,2,,off_target_fp,40,0,0.0,0.0,0.0,0.0,0,False
UNET_MTL_MASK_GUIDED,10,patient017,patient017_case01,IGM,IGM_patient017_0058.jpg,3,,off_target_fp,27,0,0.0,0.0,0.0,0.0,0,False
UNET_MTL_MASK_GUIDED,10,patient017,patient017_case01,IGM,IGM_patient017_0058.jpg,4,,off_target_fp,23,0,0.0,0.0,0.0,0.0,0,False
UNET_MTL_MASK_GUIDED,10,patient017,patient017_case01,IGM,IGM_patient017_0059.jpg,1,,off_target_fp,40,0,0.0,0.0,0.0,0.0,0,False
UNET_MTL_MASK_GUIDED,10,patient017,patient017_case01,IGM,IGM_patient017_0059.jpg,2,,off_target_fp,19,0,0.0,0.0,0.0,0.0,0,False
UNET_MTL_MASK_GUIDED,10,patient017,patient017_case01,IGM,IGM_patient017_0061.jpg,1,,off_target_fp,14,0,0.0,0.0,0.0,0.0,0,False
UNET_MTL_MASK_GUIDED,10,patient017,patient017_case01,IGM,IGM_patient017_0062.jpg,1,,off_target_fp,290,0,0.0,0.0,0.0,0.0,0,False
UNET_MTL_MASK_GUIDED,10,patient017,patient017_case01,IGM,IGM_patient017_0063.jpg,1,,off_target_fp,161,0,0.0,0.0,0.0,0.0,0,False
UNET_MTL_MASK_GUIDED,10,patient017,patient017_case01,IGM,IGM_patient017_0064.jpg,1,,off_target_fp,445,0,0.0,0.0,0.0,0.0,0,False
UNET_MTL_MASK_GUIDED,10,patient017,patient017_case01,IGM,IGM_patient017_0065.jpg,1,,off_target_fp,488,0,0.0,0.0,0.0,0.0,0,False
UNET_MTL_MASK_GUIDED,10,patient017,patient017_case01,IGM,IGM_patient017_0065.jpg,2,,off_target_fp,99,0,0.0,0.0,0.0,0.0,0,False
UNET_MTL_MASK_GUIDED,10,patient017,patient017_case01,IGM,IGM_patient017_0066.jpg,1,,off_target_fp,459,0,0.0,0.0,0.0,0.0,0,False
UNET_MTL_MASK_GUIDED,10,patient017,patient017_case01,IGM,IGM_patient017_0067.jpg,1,,off_target_fp,414,0,0.0,0.0,0.0,0.0,0,False
UNET_MTL_MASK_GUIDED,10,patient017,patient017_case01,IGM,IGM_patient017_0067.jpg,2,,off_target_fp,69,0,0.0,0.0,0.0,0.0,0,False
UNET_MTL_MASK_GUIDED,10,patient025,patient025_case01,IBC,IBC_patient021_0061.jpg,1,1.0,strong_75_plus,94,82,0.8913043478260869,0.8723404255319149,0.8723404255319149,0.7884615384615384,1,False
UNET_MTL_MASK_GUIDED,10,patient025,patient025_case01,IBC,IBC_patient021_0061.jpg,2,,off_target_fp,17,0,0.0,0.0,0.0,0.0,0,False
UNET_MTL_MASK_GUIDED,10,patient025,patient025_case01,IBC,IBC_patient021_0061.jpg,3,,off_target_fp,15,0,0.0,0.0,0.0,0.0,0,False
UNET_MTL_MASK_GUIDED,10,patient025,patient025_case01,IBC,IBC_patient021_0062.jpg,1,1.0,strong_75_plus,194,159,0.9464285714285714,0.8195876288659794,0.8195876288659794,0.7832512315270936,1,False
UNET_MTL_MASK_GUIDED,10,patient025,patient025_case01,IBC,IBC_patient021_0063.jpg,1,1.0,strong_75_plus,237,207,0.9764150943396226,0.8734177215189873,0.8734177215189873,0.8553719008264463,1,False
UNET_MTL_MASK_GUIDED,10,patient025,patient025_case01,IBC,IBC_patient021_0064.jpg,1,1.0,strong_75_plus,280,251,0.9507575757575758,0.8964285714285715,0.8964285714285715,0.856655290102389,1,False
UNET_MTL_MASK_GUIDED,10,patient025,patient025_case01,IBC,IBC_patient021_0064.jpg,2,,off_target_fp,38,0,0.0,0.0,0.0,0.0,0,False
UNET_MTL_MASK_GUIDED,10,patient025,patient025_case01,IBC,IBC_patient021_0065.jpg,1,1.0,strong_75_plus,308,240,0.967741935483871,0.7792207792207793,0.7792207792207793,0.759493670886076,1,False
UNET_MTL_MASK_GUIDED,10,patient025,patient025_case01,IBC,IBC_patient021_0065.jpg,2,,off_target_fp,55,0,0.0,0.0,0.0,0.0,0,False
UNET_MTL_MASK_GUIDED,10,patient025,patient025_case01,IBC,IBC_patient021_0066.jpg,1,,off_target_fp,138,0,0.0,0.0,0.0,0.0,0,False
UNET_MTL_MASK_GUIDED,10,patient025,patient025_case01,IBC,IBC_patient021_0066.jpg,2,,off_target_fp,21,0,0.0,0.0,0.0,0.0,0,False
UNET_MTL_MASK_GUIDED,10,patient025,patient025_case01,IBC,IBC_patient021_0066.jpg,3,1.0,strong_75_plus,177,167,0.8882978723404256,0.943502824858757,0.8882978723404256,0.8434343434343434,1,False
UNET_MTL_MASK_GUIDED,10,patient025,patient025_case01,IBC,IBC_patient021_0066.jpg,4,,off_target_fp,14,0,0.0,0.0,0.0,0.0,0,False
UNET_MTL_MASK_GUIDED,10,patient025,patient025_case01,IBC,IBC_patient021_0066.jpg,5,,off_target_fp,35,0,0.0,0.0,0.0,0.0,0,False
UNET_MTL_MASK_GUIDED,10,patient025,patient025_case01,IBC,IBC_patient021_0067.jpg,1,,off_target_fp,123,0,0.0,0.0,0.0,0.0,0,False
UNET_MTL_MASK_GUIDED,10,patient025,patient025_case01,IBC,IBC_patient021_0067.jpg,2,1.0,strong_75_plus,65,57,0.7916666666666666,0.8769230769230769,0.7916666666666666,0.7125,1,False
UNET_MTL_MASK_GUIDED,10,patient024,patient024_case01,IGM,IGM_patient021_0043.jpg,1,,off_target_fp,211,0,0.0,0.0,0.0,0.0,0,False
UNET_MTL_MASK_GUIDED,10,patient024,patient024_case01,IGM,IGM_patient021_0043.jpg,2,,off_target_fp,18,0,0.0,0.0,0.0,0.0,0,False
UNET_MTL_MASK_GUIDED,10,patient024,patient024_case01,IGM,IGM_patient021_0044.jpg,1,,off_target_fp,13,0,0.0,0.0,0.0,0.0,0,False
UNET_MTL_MASK_GUIDED,10,patient024,patient024_case01,IGM,IGM_patient021_0044.jpg,2,,off_target_fp,140,0,0.0,0.0,0.0,0.0,0,False
UNET_MTL_MASK_GUIDED,10,patient024,patient024_case01,IGM,IGM_patient021_0044.jpg,3,,off_target_fp,14,0,0.0,0.0,0.0,0.0,0,False
UNET_MTL_MASK_GUIDED,10,patient024,patient024_case01,IGM,IGM_patient021_0045.jpg,1,,off_target_fp,26,0,0.0,0.0,0.0,0.0,0,False
UNET_MTL_MASK_GUIDED,10,patient024,patient024_case01,IGM,IGM_patient021_0045.jpg,2,,off_target_fp,78,0,0.0,0.0,0.0,0.0,0,False
UNET_MTL_MASK_GUIDED,10,patient024,patient024_case01,IGM,IGM_patient021_0046.jpg,1,,off_target_fp,165,0,0.0,0.0,0.0,0.0,0,False
UNET_MTL_MASK_GUIDED,10,patient024,patient024_case01,IGM,IGM_patient021_0047.jpg,1,,off_target_fp,193,0,0.0,0.0,0.0,0.0,0,False
UNET_MTL_MASK_GUIDED,10,patient024,patient024_case01,IGM,IGM_patient021_0048.jpg,1,,off_target_fp,34,0,0.0,0.0,0.0,0.0,0,False
UNET_MTL_MASK_GUIDED,10,patient024,patient024_case01,IGM,IGM_patient021_0049.jpg,1,,off_target_fp,224,0,0.0,0.0,0.0,0.0,0,False
UNET_MTL_MASK_GUIDED,10,patient024,patient024_case01,IGM,IGM_patient021_0050.jpg,1,,off_target_fp,257,0,0.0,0.0,0.0,0.0,0,False
UNET_MTL_MASK_GUIDED,10,patient024,patient024_case01,IGM,IGM_patient021_0050.jpg,2,,off_target_fp,10,0,0.0,0.0,0.0,0.0,0,False
UNET_MTL_MASK_GUIDED,10,patient027,patient027_case01,IBC,IBC_patient022_0068.jpg,1,,off_target_fp,20,0,0.0,0.0,0.0,0.0,0,False
UNET_MTL_MASK_GUIDED,10,patient027,patient027_case01,IBC,IBC_patient022_0068.jpg,2,,off_target_fp,19,0,0.0,0.0,0.0,0.0,0,False
UNET_MTL_MASK_GUIDED,10,patient027,patient027_case01,IBC,IBC_patient022_0068.jpg,3,,off_target_fp,67,0,0.0,0.0,0.0,0.0,0,False
UNET_MTL_MASK_GUIDED,10,patient027,patient027_case01,IBC,IBC_patient022_0068.jpg,4,,off_target_fp,91,0,0.0,0.0,0.0,0.0,0,False
UNET_MTL_MASK_GUIDED,10,patient027,patient027_case01,IBC,IBC_patient022_0069.jpg,1,,off_target_fp,20,0,0.0,0.0,0.0,0.0,0,False
UNET_MTL_MASK_GUIDED,10,patient027,patient027_case01,IBC,IBC_patient022_0069.jpg,2,1.0,low_25_to_50,68,42,0.4772727272727273,0.6176470588235294,0.4772727272727273,0.3684210526315789,1,False
UNET_MTL_MASK_GUIDED,10,patient027,patient027_case01,IBC,IBC_patient022_0069.jpg,3,,off_target_fp,72,0,0.0,0.0,0.0,0.0,0,False
UNET_MTL_MASK_GUIDED,10,patient027,patient027_case01,IBC,IBC_patient022_0069.jpg,4,,off_target_fp,109,0,0.0,0.0,0.0,0.0,0,False
UNET_MTL_MASK_GUIDED,10,patient027,patient027_case01,IBC,IBC_patient022_0069.jpg,5,,off_target_fp,102,0,0.0,0.0,0.0,0.0,0,False
UNET_MTL_MASK_GUIDED,10,patient027,patient027_case01,IBC,IBC_patient022_0070.jpg,1,1.0,moderate_50_to_75,108,78,0.5735294117647058,0.7222222222222222,0.5735294117647058,0.46987951807228917,1,False
UNET_MTL_MASK_GUIDED,10,patient027,patient027_case01,IBC,IBC_patient022_0070.jpg,2,,off_target_fp,115,0,0.0,0.0,0.0,0.0,0,False
UNET_MTL_MASK_GUIDED,10,patient027,patient027_case01,IBC,IBC_patient022_0070.jpg,3,,off_target_fp,70,0,0.0,0.0,0.0,0.0,0,False
UNET_MTL_MASK_GUIDED,10,patient027,patient027_case01,IBC,IBC_patient022_0070.jpg,4,,off_target_fp,170,0,0.0,0.0,0.0,0.0,0,False
UNET_MTL_MASK_GUIDED,10,patient027,patient027_case01,IBC,IBC_patient022_0071.jpg,1,1.0,moderate_50_to_75,170,107,0.7039473684210527,0.6294117647058823,0.6294117647058823,0.49767441860465117,1,False
UNET_MTL_MASK_GUIDED,10,patient027,patient027_case01,IBC,IBC_patient022_0071.jpg,2,,off_target_fp,39,0,0.0,0.0,0.0,0.0,0,False
UNET_MTL_MASK_GUIDED,10,patient027,patient027_case01,IBC,IBC_patient022_0071.jpg,3,,off_target_fp,20,0,0.0,0.0,0.0,0.0,0,False
UNET_MTL_MASK_GUIDED,10,patient027,patient027_case01,IBC,IBC_patient022_0071.jpg,4,,off_target_fp,147,0,0.0,0.0,0.0,0.0,0,False
UNET_MTL_MASK_GUIDED,10,patient027,patient027_case01,IBC,IBC_patient022_0072.jpg,1,1.0,moderate_50_to_75,173,129,0.9485294117647058,0.7456647398843931,0.7456647398843931,0.7166666666666667,1,False
UNET_MTL_MASK_GUIDED,10,patient027,patient027_case01,IBC,IBC_patient022_0072.jpg,2,,off_target_fp,30,0,0.0,0.0,0.0,0.0,0,False
UNET_MTL_MASK_GUIDED,10,patient027,patient027_case01,IBC,IBC_patient022_0072.jpg,3,,off_target_fp,294,0,0.0,0.0,0.0,0.0,0,False
UNET_MTL_MASK_GUIDED,10,patient027,patient027_case01,IBC,IBC_patient022_0072.jpg,4,,off_target_fp,18,0,0.0,0.0,0.0,0.0,0,False
UNET_MTL_MASK_GUIDED,10,patient027,patient027_case01,IBC,IBC_patient022_0072.jpg,5,,off_target_fp,106,0,0.0,0.0,0.0,0.0,0,False
UNET_MTL_MASK_GUIDED,10,patient027,patient027_case01,IBC,IBC_patient022_0072.jpg,6,,off_target_fp,15,0,0.0,0.0,0.0,0.0,0,False
UNET_MTL_MASK_GUIDED,10,patient027,patient027_case01,IBC,IBC_patient022_0072.jpg,7,,off_target_fp,58,0,0.0,0.0,0.0,0.0,0,False
UNET_MTL_MASK_GUIDED,10,patient027,patient027_case01,IBC,IBC_patient022_0073.jpg,1,1.0,moderate_50_to_75,106,72,0.8571428571428571,0.6792452830188679,0.6792452830188679,0.6101694915254238,1,False
UNET_MTL_MASK_GUIDED,10,patient027,patient027_case01,IBC,IBC_patient022_0073.jpg,2,,off_target_fp,47,0,0.0,0.0,0.0,0.0,0,False
UNET_MTL_MASK_GUIDED,10,patient027,patient027_case01,IBC,IBC_patient022_0073.jpg,3,,off_target_fp,654,0,0.0,0.0,0.0,0.0,0,False
UNET_MTL_MASK_GUIDED,10,patient027,patient027_case01,IBC,IBC_patient022_0074.jpg,1,,off_target_fp,30,0,0.0,0.0,0.0,0.0,0,False
UNET_MTL_MASK_GUIDED,10,patient027,patient027_case01,IBC,IBC_patient022_0074.jpg,2,,off_target_fp,135,0,0.0,0.0,0.0,0.0,0,False
UNET_MTL_MASK_GUIDED,10,patient027,patient027_case01,IBC,IBC_patient022_0074.jpg,3,,off_target_fp,650,0,0.0,0.0,0.0,0.0,0,False
UNET_MTL_MASK_GUIDED,10,patient027,patient027_case01,IBC,IBC_patient022_0074.jpg,4,,off_target_fp,306,0,0.0,0.0,0.0,0.0,0,False
UNET_MTL_MASK_GUIDED,10,patient026,patient026_case01,IGM,IGM_patient022_0054.jpg,1,1.0,strong_75_plus,87,85,0.7870370370370371,0.9770114942528736,0.7870370370370371,0.7727272727272727,1,False
UNET_MTL_MASK_GUIDED,10,patient026,patient026_case01,IGM,IGM_patient022_0054.jpg,2,,off_target_fp,18,0,0.0,0.0,0.0,0.0,0,False
UNET_MTL_MASK_GUIDED,10,patient026,patient026_case01,IGM,IGM_patient022_0055.jpg,1,1.0,strong_75_plus,193,170,0.9239130434782609,0.8808290155440415,0.8808290155440415,0.821256038647343,1,False
UNET_MTL_MASK_GUIDED,10,patient026,patient026_case01,IGM,IGM_patient022_0055.jpg,2,,off_target_fp,96,0,0.0,0.0,0.0,0.0,0,False
UNET_MTL_MASK_GUIDED,10,patient026,patient026_case01,IGM,IGM_patient022_0055.jpg,3,,off_target_fp,52,0,0.0,0.0,0.0,0.0,0,False
UNET_MTL_MASK_GUIDED,10,patient026,patient026_case01,IGM,IGM_patient022_0056.jpg,1,1.0,strong_75_plus,223,188,0.94,0.8430493273542601,0.8430493273542601,0.8,1,False
UNET_MTL_MASK_GUIDED,10,patient026,patient026_case01,IGM,IGM_patient022_0056.jpg,2,,off_target_fp,150,0,0.0,0.0,0.0,0.0,0,False
UNET_MTL_MASK_GUIDED,10,patient026,patient026_case01,IGM,IGM_patient022_0056.jpg,3,,off_target_fp,69,0,0.0,0.0,0.0,0.0,0,False
UNET_MTL_MASK_GUIDED,10,patient026,patient026_case01,IGM,IGM_patient022_0057.jpg,1,1.0,strong_75_plus,190,164,0.9111111111111111,0.8631578947368421,0.8631578947368421,0.7961165048543689,1,False
UNET_MTL_MASK_GUIDED,10,patient026,patient026_case01,IGM,IGM_patient022_0057.jpg,2,,off_target_fp,162,0,0.0,0.0,0.0,0.0,0,False
UNET_MTL_MASK_GUIDED,10,patient026,patient026_case01,IGM,IGM_patient022_0058.jpg,1,1.0,moderate_50_to_75,62,61,0.5865384615384616,0.9838709677419355,0.5865384615384616,0.580952380952381,1,False
UNET_MTL_MASK_GUIDED,10,patient026,patient026_case01,IGM,IGM_patient022_0058.jpg,2,,off_target_fp,105,0,0.0,0.0,0.0,0.0,0,False
UNET_MTL_MASK_GUIDED,10,patient026,patient026_case01,IGM,IGM_patient022_0059.jpg,1,,off_target_fp,55,0,0.0,0.0,0.0,0.0,0,False
UNET_MTL_MASK_GUIDED,10,patient026,patient026_case01,IGM,IGM_patient022_0059.jpg,2,,off_target_fp,37,0,0.0,0.0,0.0,0.0,0,False
UNET_MTL_MASK_GUIDED,10,patient031,patient031_case01,IGM,IGM_patient026_0052.jpg,1,,off_target_fp,24,0,0.0,0.0,0.0,0.0,0,False
UNET_MTL_MASK_GUIDED,10,patient031,patient031_case01,IGM,IGM_patient026_0052.jpg,2,,off_target_fp,71,0,0.0,0.0,0.0,0.0,0,False
UNET_MTL_MASK_GUIDED,10,patient031,patient031_case01,IGM,IGM_patient026_0053.jpg,1,,off_target_fp,28,0,0.0,0.0,0.0,0.0,0,False
UNET_MTL_MASK_GUIDED,10,patient031,patient031_case01,IGM,IGM_patient026_0053.jpg,2,,off_target_fp,87,0,0.0,0.0,0.0,0.0,0,False
UNET_MTL_MASK_GUIDED,10,patient031,patient031_case01,IGM,IGM_patient026_0053.jpg,3,,off_target_fp,16,0,0.0,0.0,0.0,0.0,0,False
UNET_MTL_MASK_GUIDED,10,patient031,patient031_case01,IGM,IGM_patient026_0054.jpg,1,,off_target_fp,149,0,0.0,0.0,0.0,0.0,0,False
UNET_MTL_MASK_GUIDED,10,patient031,patient031_case01,IGM,IGM_patient026_0055.jpg,1,,off_target_fp,28,0,0.0,0.0,0.0,0.0,0,False
UNET_MTL_MASK_GUIDED,10,patient031,patient031_case01,IGM,IGM_patient026_0056.jpg,1,,off_target_fp,60,0,0.0,0.0,0.0,0.0,0,False
UNET_MTL_MASK_GUIDED,10,patient031,patient031_case01,IGM,IGM_patient026_0057.jpg,1,,off_target_fp,171,0,0.0,0.0,0.0,0.0,0,False
UNET_MTL_MASK_GUIDED,10,patient031,patient031_case01,IGM,IGM_patient026_0057.jpg,2,,off_target_fp,65,0,0.0,0.0,0.0,0.0,0,False
UNET_MTL_MASK_GUIDED,10,patient031,patient031_case01,IGM,IGM_patient026_0058.jpg,1,,off_target_fp,261,0,0.0,0.0,0.0,0.0,0,False
UNET_MTL_MASK_GUIDED,10,patient031,patient031_case01,IGM,IGM_patient026_0058.jpg,2,,off_target_fp,71,0,0.0,0.0,0.0,0.0,0,False
UNET_MTL_MASK_GUIDED,10,patient031,patient031_case01,IGM,IGM_patient026_0059.jpg,1,,off_target_fp,226,0,0.0,0.0,0.0,0.0,0,False
UNET_MTL_MASK_GUIDED,10,patient031,patient031_case01,IGM,IGM_patient026_0059.jpg,2,,off_target_fp,342,0,0.0,0.0,0.0,0.0,0,False
UNET_MTL_MASK_GUIDED,10,patient031,patient031_case01,IGM,IGM_patient026_0059.jpg,3,,off_target_fp,54,0,0.0,0.0,0.0,0.0,0,False
UNET_MTL_MASK_GUIDED,10,patient031,patient031_case01,IGM,IGM_patient026_0059.jpg,4,,off_target_fp,102,0,0.0,0.0,0.0,0.0,0,False
UNET_MTL_MASK_GUIDED,10,patient037,patient037_case01,IBC,IBC_patient029_0158.jpg,1,,off_target_fp,20,0,0.0,0.0,0.0,0.0,0,False
UNET_MTL_MASK_GUIDED,10,patient037,patient037_case01,IBC,IBC_patient029_0160.jpg,1,1.0,low_25_to_50,73,67,0.4527027027027027,0.9178082191780822,0.4527027027027027,0.43506493506493504,1,False
UNET_MTL_MASK_GUIDED,10,patient037,patient037_case01,IBC,IBC_patient029_0161.jpg,1,1.0,moderate_50_to_75,184,123,0.8092105263157895,0.6684782608695652,0.6684782608695652,0.5774647887323944,1,False
UNET_MTL_MASK_GUIDED,10,patient037,patient037_case01,IBC,IBC_patient029_0161.jpg,2,,off_target_fp,57,0,0.0,0.0,0.0,0.0,0,False
UNET_MTL_MASK_GUIDED,10,patient037,patient037_case01,IBC,IBC_patient029_0162.jpg,1,1.0,moderate_50_to_75,292,158,0.8404255319148937,0.541095890410959,0.541095890410959,0.4906832298136646,1,False
UNET_MTL_MASK_GUIDED,10,patient037,patient037_case01,IBC,IBC_patient029_0163.jpg,1,1.0,moderate_50_to_75,238,133,0.7732558139534884,0.5588235294117647,0.5588235294117647,0.48014440433212996,1,False
UNET_MTL_MASK_GUIDED,10,patient037,patient037_case01,IBC,IBC_patient029_0164.jpg,1,1.0,moderate_50_to_75,89,76,0.6333333333333333,0.8539325842696629,0.6333333333333333,0.5714285714285714,1,False
UNET_MTL_MASK_GUIDED,10,patient037,patient037_case01,IBC,IBC_patient029_0165.jpg,1,,off_target_fp,11,0,0.0,0.0,0.0,0.0,0,False
UNET_MTL_MASK_GUIDED,10,patient037,patient037_case01,IBC,IBC_patient029_0166.jpg,1,,off_target_fp,165,0,0.0,0.0,0.0,0.0,0,False
UNET_MTL_MASK_GUIDED,10,patient037,patient037_case01,IBC,IBC_patient029_0166.jpg,2,,off_target_fp,17,0,0.0,0.0,0.0,0.0,0,False
UNET_MTL_MASK_GUIDED,10,patient051,patient051_case01,IBC,IBC_patient037_0098.jpg,1,,off_target_fp,166,0,0.0,0.0,0.0,0.0,0,False
UNET_MTL_MASK_GUIDED,10,patient051,patient051_case01,IBC,IBC_patient037_0098.jpg,2,,off_target_fp,384,0,0.0,0.0,0.0,0.0,0,False
UNET_MTL_MASK_GUIDED,10,patient051,patient051_case01,IBC,IBC_patient037_0098.jpg,3,,off_target_fp,89,0,0.0,0.0,0.0,0.0,0,False
UNET_MTL_MASK_GUIDED,10,patient051,patient051_case01,IBC,IBC_patient037_0099.jpg,1,,off_target_fp,53,0,0.0,0.0,0.0,0.0,0,False
UNET_MTL_MASK_GUIDED,10,patient051,patient051_case01,IBC,IBC_patient037_0099.jpg,2,,off_target_fp,313,0,0.0,0.0,0.0,0.0,0,False
UNET_MTL_MASK_GUIDED,10,patient051,patient051_case01,IBC,IBC_patient037_0099.jpg,3,,off_target_fp,88,0,0.0,0.0,0.0,0.0,0,False
UNET_MTL_MASK_GUIDED,10,patient051,patient051_case01,IBC,IBC_patient037_0100.jpg,1,1.0,low_25_to_50,71,71,0.3858695652173913,1.0,0.3858695652173913,0.3858695652173913,1,False
UNET_MTL_MASK_GUIDED,10,patient051,patient051_case01,IBC,IBC_patient037_0100.jpg,2,,off_target_fp,116,0,0.0,0.0,0.0,0.0,0,False
UNET_MTL_MASK_GUIDED,10,patient051,patient051_case01,IBC,IBC_patient037_0100.jpg,3,,off_target_fp,44,0,0.0,0.0,0.0,0.0,0,False
UNET_MTL_MASK_GUIDED,10,patient051,patient051_case01,IBC,IBC_patient037_0100.jpg,4,,off_target_fp,38,0,0.0,0.0,0.0,0.0,0,False
UNET_MTL_MASK_GUIDED,10,patient051,patient051_case01,IBC,IBC_patient037_0101.jpg,1,1.0,strong_75_plus,259,221,0.8911290322580645,0.8532818532818532,0.8532818532818532,0.7727272727272727,1,False
UNET_MTL_MASK_GUIDED,10,patient051,patient051_case01,IBC,IBC_patient037_0101.jpg,2,,off_target_fp,22,0,0.0,0.0,0.0,0.0,0,False
UNET_MTL_MASK_GUIDED,10,patient051,patient051_case01,IBC,IBC_patient037_0102.jpg,1,1.0,strong_75_plus,408,360,0.967741935483871,0.8823529411764706,0.8823529411764706,0.8571428571428571,1,False
UNET_MTL_MASK_GUIDED,10,patient051,patient051_case01,IBC,IBC_patient037_0102.jpg,2,,off_target_fp,16,0,0.0,0.0,0.0,0.0,0,False
UNET_MTL_MASK_GUIDED,10,patient051,patient051_case01,IBC,IBC_patient037_0103.jpg,1,1.0,strong_75_plus,511,419,0.9789719626168224,0.8199608610567515,0.8199608610567515,0.8057692307692308,1,False
UNET_MTL_MASK_GUIDED,10,patient051,patient051_case01,IBC,IBC_patient037_0103.jpg,2,,off_target_fp,17,0,0.0,0.0,0.0,0.0,0,False
UNET_MTL_MASK_GUIDED,10,patient051,patient051_case01,IBC,IBC_patient037_0104.jpg,1,1.0,strong_75_plus,613,504,0.9618320610687023,0.8221859706362153,0.8221859706362153,0.7962085308056872,1,False
UNET_MTL_MASK_GUIDED,10,patient051,patient051_case01,IBC,IBC_patient037_0104.jpg,2,,off_target_fp,13,0,0.0,0.0,0.0,0.0,0,False
UNET_MTL_MASK_GUIDED,10,patient051,patient051_case01,IBC,IBC_patient037_0105.jpg,1,1.0,strong_75_plus,667,536,0.9852941176470589,0.8035982008995503,0.8035982008995503,0.794074074074074,1,False
UNET_MTL_MASK_GUIDED,10,patient051,patient051_case01,IBC,IBC_patient037_0105.jpg,2,,off_target_fp,29,0,0.0,0.0,0.0,0.0,0,False
UNET_MTL_MASK_GUIDED,10,patient051,patient051_case01,IBC,IBC_patient037_0106.jpg,1,1.0,strong_75_plus,709,573,0.9744897959183674,0.8081805359661495,0.8081805359661495,0.7914364640883977,1,False
UNET_MTL_MASK_GUIDED,10,patient051,patient051_case01,IBC,IBC_patient037_0106.jpg,2,,off_target_fp,24,0,0.0,0.0,0.0,0.0,0,False
UNET_MTL_MASK_GUIDED,10,patient051,patient051_case01,IBC,IBC_patient037_0107.jpg,1,1.0,strong_75_plus,769,603,0.9788961038961039,0.7841352405721717,0.7841352405721717,0.7710997442455243,1,False
UNET_MTL_MASK_GUIDED,10,patient051,patient051_case01,IBC,IBC_patient037_0108.jpg,1,1.0,strong_75_plus,808,637,0.9769938650306749,0.7883663366336634,0.7883663366336634,0.7739975698663426,1,False
UNET_MTL_MASK_GUIDED,10,patient051,patient051_case01,IBC,IBC_patient037_0108.jpg,2,,off_target_fp,38,0,0.0,0.0,0.0,0.0,0,False
UNET_MTL_MASK_GUIDED,10,patient051,patient051_case01,IBC,IBC_patient037_0109.jpg,1,1.0,moderate_50_to_75,827,617,0.9405487804878049,0.7460701330108828,0.7460701330108828,0.7124711316397229,1,False
UNET_MTL_MASK_GUIDED,10,patient051,patient051_case01,IBC,IBC_patient037_0109.jpg,2,,off_target_fp,38,0,0.0,0.0,0.0,0.0,0,False
UNET_MTL_MASK_GUIDED,10,patient051,patient051_case01,IBC,IBC_patient037_0109.jpg,3,,off_target_fp,36,0,0.0,0.0,0.0,0.0,0,False
UNET_MTL_MASK_GUIDED,10,patient051,patient051_case01,IBC,IBC_patient037_0109.jpg,4,,off_target_fp,50,0,0.0,0.0,0.0,0.0,0,False
UNET_MTL_MASK_GUIDED,10,patient051,patient051_case01,IBC,IBC_patient037_0110.jpg,1,1.0,strong_75_plus,822,627,0.9220588235294118,0.7627737226277372,0.7627737226277372,0.7165714285714285,1,False
UNET_MTL_MASK_GUIDED,10,patient051,patient051_case01,IBC,IBC_patient037_0110.jpg,2,,off_target_fp,287,0,0.0,0.0,0.0,0.0,0,False
UNET_MTL_MASK_GUIDED,10,patient051,patient051_case01,IBC,IBC_patient037_0110.jpg,3,,off_target_fp,18,0,0.0,0.0,0.0,0.0,0,False
UNET_MTL_MASK_GUIDED,10,patient051,patient051_case01,IBC,IBC_patient037_0110.jpg,4,,off_target_fp,56,0,0.0,0.0,0.0,0.0,0,False
UNET_MTL_MASK_GUIDED,10,patient051,patient051_case01,IBC,IBC_patient037_0111.jpg,1,1.0,strong_75_plus,758,594,0.9339622641509434,0.783641160949868,0.783641160949868,0.7425,1,False
UNET_MTL_MASK_GUIDED,10,patient051,patient051_case01,IBC,IBC_patient037_0111.jpg,2,,off_target_fp,464,0,0.0,0.0,0.0,0.0,0,False
UNET_MTL_MASK_GUIDED,10,patient051,patient051_case01,IBC,IBC_patient037_0111.jpg,3,,off_target_fp,14,0,0.0,0.0,0.0,0.0,0,False
UNET_MTL_MASK_GUIDED,10,patient051,patient051_case01,IBC,IBC_patient037_0111.jpg,4,,off_target_fp,48,0,0.0,0.0,0.0,0.0,0,False
UNET_MTL_MASK_GUIDED,10,patient051,patient051_case01,IBC,IBC_patient037_0111.jpg,5,,off_target_fp,22,0,0.0,0.0,0.0,0.0,0,False
UNET_MTL_MASK_GUIDED,10,patient051,patient051_case01,IBC,IBC_patient037_0112.jpg,1,1.0,moderate_50_to_75,713,533,0.9517857142857142,0.7475455820476858,0.7475455820476858,0.7202702702702702,1,False
UNET_MTL_MASK_GUIDED,10,patient051,patient051_case01,IBC,IBC_patient037_0112.jpg,2,,off_target_fp,494,0,0.0,0.0,0.0,0.0,0,False
UNET_MTL_MASK_GUIDED,10,patient051,patient051_case01,IBC,IBC_patient037_0112.jpg,3,,off_target_fp,28,0,0.0,0.0,0.0,0.0,0,False
UNET_MTL_MASK_GUIDED,10,patient051,patient051_case01,IBC,IBC_patient037_0112.jpg,4,,off_target_fp,13,0,0.0,0.0,0.0,0.0,0,False
UNET_MTL_MASK_GUIDED,10,patient051,patient051_case01,IBC,IBC_patient037_0112.jpg,5,,off_target_fp,60,0,0.0,0.0,0.0,0.0,0,False
UNET_MTL_MASK_GUIDED,10,patient051,patient051_case01,IBC,IBC_patient037_0113.jpg,1,1.0,moderate_50_to_75,711,504,0.984375,0.7088607594936709,0.7088607594936709,0.7009735744089013,1,False
UNET_MTL_MASK_GUIDED,10,patient051,patient051_case01,IBC,IBC_patient037_0113.jpg,2,,off_target_fp,671,0,0.0,0.0,0.0,0.0,0,False
UNET_MTL_MASK_GUIDED,10,patient051,patient051_case01,IBC,IBC_patient037_0113.jpg,3,,off_target_fp,27,0,0.0,0.0,0.0,0.0,0,False
UNET_MTL_MASK_GUIDED,10,patient051,patient051_case01,IBC,IBC_patient037_0113.jpg,4,,off_target_fp,110,0,0.0,0.0,0.0,0.0,0,False
UNET_MTL_MASK_GUIDED,10,patient051,patient051_case01,IBC,IBC_patient037_0114.jpg,1,1.0,moderate_50_to_75,710,418,0.9952380952380953,0.5887323943661972,0.5887323943661972,0.5870786516853933,1,False
UNET_MTL_MASK_GUIDED,10,patient051,patient051_case01,IBC,IBC_patient037_0114.jpg,2,,off_target_fp,748,0,0.0,0.0,0.0,0.0,0,False
UNET_MTL_MASK_GUIDED,10,patient051,patient051_case01,IBC,IBC_patient037_0114.jpg,3,,off_target_fp,173,0,0.0,0.0,0.0,0.0,0,False
UNET_MTL_MASK_GUIDED,10,patient051,patient051_case01,IBC,IBC_patient037_0115.jpg,1,1.0,moderate_50_to_75,596,353,0.9697802197802198,0.5922818791946308,0.5922818791946308,0.5815485996705108,1,False
UNET_MTL_MASK_GUIDED,10,patient051,patient051_case01,IBC,IBC_patient037_0115.jpg,2,,off_target_fp,724,0,0.0,0.0,0.0,0.0,0,False
UNET_MTL_MASK_GUIDED,10,patient051,patient051_case01,IBC,IBC_patient037_0115.jpg,3,,off_target_fp,19,0,0.0,0.0,0.0,0.0,0,False
UNET_MTL_MASK_GUIDED,10,patient051,patient051_case01,IBC,IBC_patient037_0115.jpg,4,,off_target_fp,47,0,0.0,0.0,0.0,0.0,0,False
UNET_MTL_MASK_GUIDED,10,patient051,patient051_case01,IBC,IBC_patient037_0116.jpg,1,1.0,moderate_50_to_75,499,324,0.9878048780487805,0.6492985971943888,0.6492985971943888,0.6441351888667992,1,False
UNET_MTL_MASK_GUIDED,10,patient051,patient051_case01,IBC,IBC_patient037_0116.jpg,2,,off_target_fp,738,0,0.0,0.0,0.0,0.0,0,False
UNET_MTL_MASK_GUIDED,10,patient051,patient051_case01,IBC,IBC_patient037_0117.jpg,1,1.0,moderate_50_to_75,461,303,0.9711538461538461,0.6572668112798264,0.6572668112798264,0.6446808510638298,1,False
UNET_MTL_MASK_GUIDED,10,patient051,patient051_case01,IBC,IBC_patient037_0117.jpg,2,,off_target_fp,724,0,0.0,0.0,0.0,0.0,0,False
UNET_MTL_MASK_GUIDED,10,patient051,patient051_case01,IBC,IBC_patient037_0118.jpg,1,1.0,low_25_to_50,381,166,0.9880952380952381,0.4356955380577428,0.4356955380577428,0.43342036553524804,1,False
UNET_MTL_MASK_GUIDED,10,patient051,patient051_case01,IBC,IBC_patient037_0118.jpg,2,,off_target_fp,697,0,0.0,0.0,0.0,0.0,0,False
UNET_MTL_MASK_GUIDED,10,patient051,patient051_case01,IBC,IBC_patient037_0118.jpg,3,,off_target_fp,10,0,0.0,0.0,0.0,0.0,0,False
UNET_MTL_MASK_GUIDED,10,patient051,patient051_case01,IBC,IBC_patient037_0119.jpg,1,1.0,low_25_to_50,199,87,0.9886363636363636,0.4371859296482412,0.4371859296482412,0.435,1,False
UNET_MTL_MASK_GUIDED,10,patient051,patient051_case01,IBC,IBC_patient037_0119.jpg,2,,off_target_fp,634,0,0.0,0.0,0.0,0.0,0,False
UNET_MTL_MASK_GUIDED,10,patient051,patient051_case01,IBC,IBC_patient037_0119.jpg,3,,off_target_fp,33,0,0.0,0.0,0.0,0.0,0,False
UNET_MTL_MASK_GUIDED,10,patient051,patient051_case01,IBC,IBC_patient037_0120.jpg,1,,off_target_fp,674,0,0.0,0.0,0.0,0.0,0,False
UNET_MTL_MASK_GUIDED,10,patient051,patient051_case01,IBC,IBC_patient037_0120.jpg,2,,off_target_fp,29,0,0.0,0.0,0.0,0.0,0,False
UNET_MTL_MASK_GUIDED,10,patient060,patient060_case01,IBC,IBC_patient041_0069.jpg,1,,off_target_fp,1001,0,0.0,0.0,0.0,0.0,0,False
UNET_MTL_MASK_GUIDED,10,patient060,patient060_case01,IBC,IBC_patient041_0070.jpg,1,,off_target_fp,1069,0,0.0,0.0,0.0,0.0,0,False
UNET_MTL_MASK_GUIDED,10,patient060,patient060_case01,IBC,IBC_patient041_0070.jpg,2,1.0,moderate_50_to_75,79,79,0.5337837837837838,1.0,0.5337837837837838,0.5337837837837838,1,False
UNET_MTL_MASK_GUIDED,10,patient060,patient060_case01,IBC,IBC_patient041_0071.jpg,1,,off_target_fp,1089,0,0.0,0.0,0.0,0.0,0,False
UNET_MTL_MASK_GUIDED,10,patient060,patient060_case01,IBC,IBC_patient041_0071.jpg,2,1.0,low_25_to_50,80,80,0.425531914893617,1.0,0.425531914893617,0.425531914893617,1,False
UNET_MTL_MASK_GUIDED,10,patient060,patient060_case01,IBC,IBC_patient041_0072.jpg,1,,off_target_fp,1057,0,0.0,0.0,0.0,0.0,0,False
UNET_MTL_MASK_GUIDED,10,patient060,patient060_case01,IBC,IBC_patient041_0076.jpg,1,,off_target_fp,706,0,0.0,0.0,0.0,0.0,0,False
UNET_MTL_MASK_GUIDED,10,patient060,patient060_case01,IBC,IBC_patient041_0077.jpg,1,,off_target_fp,665,0,0.0,0.0,0.0,0.0,0,False
UNET_MTL_MASK_GUIDED,10,patient060,patient060_case01,IBC,IBC_patient041_0077.jpg,2,1.0,partial_below_25,35,35,0.21341463414634146,1.0,0.21341463414634146,0.21341463414634146,1,False
UNET_MTL_MASK_GUIDED,10,patient060,patient060_case01,IBC,IBC_patient041_0078.jpg,1,,off_target_fp,123,0,0.0,0.0,0.0,0.0,0,False
UNET_MTL_MASK_GUIDED,10,patient060,patient060_case01,IBC,IBC_patient041_0078.jpg,2,1.0,moderate_50_to_75,114,113,0.6569767441860465,0.9912280701754386,0.6569767441860465,0.653179190751445,1,False
UNET_MTL_MASK_GUIDED,10,patient061,patient061_case01,IGM,IGM_patient041_0063.jpg,1,,off_target_fp,54,0,0.0,0.0,0.0,0.0,0,False
UNET_MTL_MASK_GUIDED,10,patient061,patient061_case01,IGM,IGM_patient041_0063.jpg,2,,off_target_fp,52,0,0.0,0.0,0.0,0.0,0,False
UNET_MTL_MASK_GUIDED,10,patient061,patient061_case01,IGM,IGM_patient041_0063.jpg,3,,off_target_fp,15,0,0.0,0.0,0.0,0.0,0,False
UNET_MTL_MASK_GUIDED,10,patient061,patient061_case01,IGM,IGM_patient041_0064.jpg,1,,off_target_fp,72,0,0.0,0.0,0.0,0.0,0,False
UNET_MTL_MASK_GUIDED,10,patient061,patient061_case01,IGM,IGM_patient041_0064.jpg,2,,off_target_fp,14,0,0.0,0.0,0.0,0.0,0,False
UNET_MTL_MASK_GUIDED,10,patient061,patient061_case01,IGM,IGM_patient041_0064.jpg,3,1.0,moderate_50_to_75,102,95,0.5397727272727273,0.9313725490196079,0.5397727272727273,0.5191256830601093,1,False
UNET_MTL_MASK_GUIDED,10,patient061,patient061_case01,IGM,IGM_patient041_0065.jpg,1,,off_target_fp,70,0,0.0,0.0,0.0,0.0,0,False
UNET_MTL_MASK_GUIDED,10,patient061,patient061_case01,IGM,IGM_patient041_0065.jpg,2,1.0,strong_75_plus,250,242,0.75625,0.968,0.75625,0.7378048780487805,1,False
UNET_MTL_MASK_GUIDED,10,patient061,patient061_case01,IGM,IGM_patient041_0066.jpg,1,,off_target_fp,75,0,0.0,0.0,0.0,0.0,0,False
UNET_MTL_MASK_GUIDED,10,patient061,patient061_case01,IGM,IGM_patient041_0066.jpg,2,,off_target_fp,19,0,0.0,0.0,0.0,0.0,0,False
UNET_MTL_MASK_GUIDED,10,patient061,patient061_case01,IGM,IGM_patient041_0066.jpg,3,1.0,strong_75_plus,334,330,0.7568807339449541,0.9880239520958084,0.7568807339449541,0.75,1,False
UNET_MTL_MASK_GUIDED,10,patient061,patient061_case01,IGM,IGM_patient041_0067.jpg,1,,off_target_fp,26,0,0.0,0.0,0.0,0.0,0,False
UNET_MTL_MASK_GUIDED,10,patient061,patient061_case01,IGM,IGM_patient041_0067.jpg,2,,off_target_fp,15,0,0.0,0.0,0.0,0.0,0,False
UNET_MTL_MASK_GUIDED,10,patient061,patient061_case01,IGM,IGM_patient041_0067.jpg,3,1.0,strong_75_plus,378,359,0.7942477876106194,0.9497354497354498,0.7942477876106194,0.7622080679405521,1,False
UNET_MTL_MASK_GUIDED,10,patient061,patient061_case01,IGM,IGM_patient041_0068.jpg,1,,off_target_fp,23,0,0.0,0.0,0.0,0.0,0,False
UNET_MTL_MASK_GUIDED,10,patient061,patient061_case01,IGM,IGM_patient041_0068.jpg,2,,off_target_fp,13,0,0.0,0.0,0.0,0.0,0,False
UNET_MTL_MASK_GUIDED,10,patient061,patient061_case01,IGM,IGM_patient041_0068.jpg,3,1.0,moderate_50_to_75,336,321,0.722972972972973,0.9553571428571429,0.722972972972973,0.6993464052287581,1,False
UNET_MTL_MASK_GUIDED,10,patient061,patient061_case01,IGM,IGM_patient041_0069.jpg,1,,off_target_fp,26,0,0.0,0.0,0.0,0.0,0,False
UNET_MTL_MASK_GUIDED,10,patient061,patient061_case01,IGM,IGM_patient041_0069.jpg,2,1.0,low_25_to_50,191,182,0.4595959595959596,0.9528795811518325,0.4595959595959596,0.44938271604938274,1,False
UNET_MTL_MASK_GUIDED,10,patient061,patient061_case01,IGM,IGM_patient041_0070.jpg,1,,off_target_fp,43,0,0.0,0.0,0.0,0.0,0,False
UNET_MTL_MASK_GUIDED,10,patient061,patient061_case01,IGM,IGM_patient041_0070.jpg,2,,off_target_fp,14,0,0.0,0.0,0.0,0.0,0,False
UNET_MTL_MASK_GUIDED,10,patient061,patient061_case01,IGM,IGM_patient041_0070.jpg,3,1.0,low_25_to_50,101,101,0.3607142857142857,1.0,0.3607142857142857,0.3607142857142857,1,False
UNET_MTL_MASK_GUIDED,10,patient061,patient061_case01,IGM,IGM_patient041_0071.jpg,1,,off_target_fp,156,0,0.0,0.0,0.0,0.0,0,False
UNET_MTL_MASK_GUIDED,10,patient061,patient061_case01,IGM,IGM_patient041_0071.jpg,2,,off_target_fp,24,0,0.0,0.0,0.0,0.0,0,False
UNET_MTL_MASK_GUIDED,10,patient066,patient066_case01,IBC,IBC_patient044_0050.jpg,1,1.0,moderate_50_to_75,155,148,0.6491228070175439,0.9548387096774194,0.6491228070175439,0.6297872340425532,1,False
UNET_MTL_MASK_GUIDED,10,patient066,patient066_case01,IBC,IBC_patient044_0051.jpg,1,,off_target_fp,135,0,0.0,0.0,0.0,0.0,0,False
UNET_MTL_MASK_GUIDED,10,patient066,patient066_case01,IBC,IBC_patient044_0051.jpg,2,1.0,strong_75_plus,226,199,0.7653846153846153,0.8805309734513275,0.7653846153846153,0.6933797909407665,1,False
UNET_MTL_MASK_GUIDED,10,patient066,patient066_case01,IBC,IBC_patient044_0052.jpg,1,,off_target_fp,27,0,0.0,0.0,0.0,0.0,0,False
UNET_MTL_MASK_GUIDED,10,patient066,patient066_case01,IBC,IBC_patient044_0052.jpg,2,1.0,strong_75_plus,277,243,0.8678571428571429,0.8772563176895307,0.8678571428571429,0.7738853503184714,1,False
UNET_MTL_MASK_GUIDED,10,patient066,patient066_case01,IBC,IBC_patient044_0053.jpg,1,,off_target_fp,104,0,0.0,0.0,0.0,0.0,0,False
UNET_MTL_MASK_GUIDED,10,patient066,patient066_case01,IBC,IBC_patient044_0053.jpg,2,1.0,strong_75_plus,202,168,0.875,0.8316831683168316,0.8316831683168316,0.7433628318584071,1,False
UNET_MTL_MASK_GUIDED,10,patient066,patient066_case01,IBC,IBC_patient044_0054.jpg,1,,off_target_fp,244,0,0.0,0.0,0.0,0.0,0,False
UNET_MTL_MASK_GUIDED,10,patient066,patient066_case01,IBC,IBC_patient044_0054.jpg,2,,off_target_fp,15,0,0.0,0.0,0.0,0.0,0,False
UNET_MTL_MASK_GUIDED,10,patient070,patient070_case01,IBC,IBC_patient046_0057.jpg,1,1.0,moderate_50_to_75,65,62,0.5535714285714286,0.9538461538461539,0.5535714285714286,0.5391304347826087,1,False
UNET_MTL_MASK_GUIDED,10,patient070,patient070_case01,IBC,IBC_patient046_0058.jpg,1,1.0,strong_75_plus,138,117,0.8357142857142857,0.8478260869565217,0.8357142857142857,0.7267080745341615,1,False
UNET_MTL_MASK_GUIDED,10,patient070,patient070_case01,IBC,IBC_patient046_0058.jpg,2,,off_target_fp,90,0,0.0,0.0,0.0,0.0,0,False
UNET_MTL_MASK_GUIDED,10,patient070,patient070_case01,IBC,IBC_patient046_0059.jpg,1,1.0,strong_75_plus,127,108,0.84375,0.8503937007874016,0.84375,0.7346938775510204,1,False
UNET_MTL_MASK_GUIDED,10,patient070,patient070_case01,IBC,IBC_patient046_0059.jpg,2,,off_target_fp,93,0,0.0,0.0,0.0,0.0,0,False
UNET_MTL_MASK_GUIDED,10,patient070,patient070_case01,IBC,IBC_patient046_0062.jpg,1,,off_target_fp,78,0,0.0,0.0,0.0,0.0,0,False
UNET_MTL_MASK_GUIDED,10,patient070,patient070_case01,IBC,IBC_patient046_0063.jpg,1,,off_target_fp,47,0,0.0,0.0,0.0,0.0,0,False
UNET_MTL_MASK_GUIDED,10,patient070,patient070_case01,IBC,IBC_patient046_0063.jpg,2,,off_target_fp,25,0,0.0,0.0,0.0,0.0,0,False
UNET_MTL_MASK_GUIDED,10,patient070,patient070_case01,IBC,IBC_patient046_0067.jpg,1,1.0,partial_below_25,56,56,0.22580645161290322,1.0,0.22580645161290322,0.22580645161290322,1,False
UNET_MTL_MASK_GUIDED,10,patient070,patient070_case01,IBC,IBC_patient046_0067.jpg,2,,off_target_fp,82,0,0.0,0.0,0.0,0.0,0,False
UNET_MTL_MASK_GUIDED,10,patient070,patient070_case01,IBC,IBC_patient046_0068.jpg,1,1.0,strong_75_plus,265,236,0.8805970149253731,0.8905660377358491,0.8805970149253731,0.7946127946127947,1,False
UNET_MTL_MASK_GUIDED,10,patient070,patient070_case01,IBC,IBC_patient046_0068.jpg,2,,off_target_fp,63,0,0.0,0.0,0.0,0.0,0,False
UNET_MTL_MASK_GUIDED,10,patient070,patient070_case01,IBC,IBC_patient046_0069.jpg,1,1.0,strong_75_plus,301,248,0.9538461538461539,0.8239202657807309,0.8239202657807309,0.792332268370607,1,False
UNET_MTL_MASK_GUIDED,10,patient070,patient070_case01,IBC,IBC_patient046_0069.jpg,2,,off_target_fp,26,0,0.0,0.0,0.0,0.0,0,False
UNET_MTL_MASK_GUIDED,10,patient070,patient070_case01,IBC,IBC_patient046_0070.jpg,1,,off_target_fp,23,0,0.0,0.0,0.0,0.0,0,False
UNET_MTL_MASK_GUIDED,10,patient070,patient070_case01,IBC,IBC_patient046_0070.jpg,2,1.0,strong_75_plus,192,173,0.8160377358490566,0.9010416666666666,0.8160377358490566,0.7489177489177489,1,False
UNET_MTL_MASK_GUIDED,10,patient070,patient070_case01,IBC,IBC_patient046_0071.jpg,1,,off_target_fp,94,0,0.0,0.0,0.0,0.0,0,False
UNET_MTL_MASK_GUIDED,10,patient070,patient070_case01,IBC,IBC_patient046_0071.jpg,2,,off_target_fp,53,0,0.0,0.0,0.0,0.0,0,False
UNET_MTL_MASK_GUIDED,10,patient072,patient072_case01,IBC,IBC_patient047_0052.jpg,1,,off_target_fp,24,0,0.0,0.0,0.0,0.0,0,False
UNET_MTL_MASK_GUIDED,10,patient072,patient072_case01,IBC,IBC_patient047_0052.jpg,2,,off_target_fp,84,0,0.0,0.0,0.0,0.0,0,False
UNET_MTL_MASK_GUIDED,10,patient072,patient072_case01,IBC,IBC_patient047_0052.jpg,3,,off_target_fp,12,0,0.0,0.0,0.0,0.0,0,False
UNET_MTL_MASK_GUIDED,10,patient072,patient072_case01,IBC,IBC_patient047_0052.jpg,4,,off_target_fp,404,0,0.0,0.0,0.0,0.0,0,False
UNET_MTL_MASK_GUIDED,10,patient072,patient072_case01,IBC,IBC_patient047_0053.jpg,1,,off_target_fp,193,0,0.0,0.0,0.0,0.0,0,False
UNET_MTL_MASK_GUIDED,10,patient072,patient072_case01,IBC,IBC_patient047_0053.jpg,2,,off_target_fp,1055,0,0.0,0.0,0.0,0.0,0,False
UNET_MTL_MASK_GUIDED,10,patient072,patient072_case01,IBC,IBC_patient047_0053.jpg,3,1.0,strong_75_plus,278,239,0.9484126984126984,0.8597122302158273,0.8597122302158273,0.8213058419243986,1,False
UNET_MTL_MASK_GUIDED,10,patient072,patient072_case01,IBC,IBC_patient047_0054.jpg,1,,off_target_fp,64,0,0.0,0.0,0.0,0.0,0,False
UNET_MTL_MASK_GUIDED,10,patient072,patient072_case01,IBC,IBC_patient047_0054.jpg,2,,off_target_fp,660,0,0.0,0.0,0.0,0.0,0,False
UNET_MTL_MASK_GUIDED,10,patient072,patient072_case01,IBC,IBC_patient047_0054.jpg,3,1.0,strong_75_plus,447,417,0.8760504201680672,0.9328859060402684,0.8760504201680672,0.8241106719367589,1,False
UNET_MTL_MASK_GUIDED,10,patient072,patient072_case01,IBC,IBC_patient047_0055.jpg,1,,off_target_fp,11,0,0.0,0.0,0.0,0.0,0,False
UNET_MTL_MASK_GUIDED,10,patient072,patient072_case01,IBC,IBC_patient047_0055.jpg,2,,off_target_fp,93,0,0.0,0.0,0.0,0.0,0,False
UNET_MTL_MASK_GUIDED,10,patient072,patient072_case01,IBC,IBC_patient047_0055.jpg,3,,off_target_fp,259,0,0.0,0.0,0.0,0.0,0,False
UNET_MTL_MASK_GUIDED,10,patient072,patient072_case01,IBC,IBC_patient047_0055.jpg,4,1.0,moderate_50_to_75,469,436,0.689873417721519,0.929637526652452,0.689873417721519,0.6556390977443609,1,False
UNET_MTL_MASK_GUIDED,10,patient072,patient072_case01,IBC,IBC_patient047_0056.jpg,1,,off_target_fp,16,0,0.0,0.0,0.0,0.0,0,False
UNET_MTL_MASK_GUIDED,10,patient072,patient072_case01,IBC,IBC_patient047_0056.jpg,2,,off_target_fp,21,0,0.0,0.0,0.0,0.0,0,False
UNET_MTL_MASK_GUIDED,10,patient072,patient072_case01,IBC,IBC_patient047_0056.jpg,3,1.0,moderate_50_to_75,420,417,0.5791666666666667,0.9928571428571429,0.5791666666666667,0.5767634854771784,1,False
UNET_MTL_MASK_GUIDED,10,patient072,patient072_case01,IBC,IBC_patient047_0057.jpg,1,,off_target_fp,27,0,0.0,0.0,0.0,0.0,0,False
UNET_MTL_MASK_GUIDED,10,patient072,patient072_case01,IBC,IBC_patient047_0057.jpg,2,,off_target_fp,14,0,0.0,0.0,0.0,0.0,0,False
UNET_MTL_MASK_GUIDED,10,patient072,patient072_case01,IBC,IBC_patient047_0057.jpg,3,,off_target_fp,14,0,0.0,0.0,0.0,0.0,0,False
UNET_MTL_MASK_GUIDED,10,patient072,patient072_case01,IBC,IBC_patient047_0057.jpg,4,1.0,partial_below_25,19,19,0.041666666666666664,1.0,0.041666666666666664,0.041666666666666664,1,False
UNET_MTL_MASK_GUIDED,10,patient072,patient072_case01,IBC,IBC_patient047_0058.jpg,1,,off_target_fp,93,0,0.0,0.0,0.0,0.0,0,False
UNET_MTL_MASK_GUIDED,10,patient072,patient072_case01,IBC,IBC_patient047_0058.jpg,2,,off_target_fp,236,0,0.0,0.0,0.0,0.0,0,False
UNET_MTL_MASK_GUIDED,10,patient072,patient072_case01,IBC,IBC_patient047_0058.jpg,3,1.0,partial_below_25,108,104,0.20155038759689922,0.9629629629629629,0.20155038759689922,0.2,1,False
UNET_MTL_MASK_GUIDED,10,patient072,patient072_case01,IBC,IBC_patient047_0059.jpg,1,,off_target_fp,229,0,0.0,0.0,0.0,0.0,0,False
UNET_MTL_MASK_GUIDED,10,patient072,patient072_case01,IBC,IBC_patient047_0059.jpg,2,,off_target_fp,396,0,0.0,0.0,0.0,0.0,0,False
UNET_MTL_MASK_GUIDED,10,patient072,patient072_case01,IBC,IBC_patient047_0059.jpg,3,,off_target_fp,23,0,0.0,0.0,0.0,0.0,0,False
UNET_MTL_MASK_GUIDED,10,patient072,patient072_case01,IBC,IBC_patient047_0059.jpg,4,1.0,low_25_to_50,51,51,0.2833333333333333,1.0,0.2833333333333333,0.2833333333333333,1,False
UNET_MTL_MASK_GUIDED,10,patient074,patient074_case01,IGM,IGM_patient048_0034.jpg,1,,off_target_fp,375,0,0.0,0.0,0.0,0.0,0,False
UNET_MTL_MASK_GUIDED,10,patient074,patient074_case01,IGM,IGM_patient048_0035.jpg,1,1.0,low_25_to_50,180,67,0.7976190476190477,0.37222222222222223,0.37222222222222223,0.3401015228426396,1,False
UNET_MTL_MASK_GUIDED,10,patient074,patient074_case01,IGM,IGM_patient048_0035.jpg,2,,off_target_fp,208,0,0.0,0.0,0.0,0.0,0,False
UNET_MTL_MASK_GUIDED,10,patient074,patient074_case01,IGM,IGM_patient048_0036.jpg,1,1.0,low_25_to_50,294,123,0.9609375,0.41836734693877553,0.41836734693877553,0.411371237458194,1,False
UNET_MTL_MASK_GUIDED,10,patient074,patient074_case01,IGM,IGM_patient048_0036.jpg,2,,off_target_fp,56,0,0.0,0.0,0.0,0.0,0,False
UNET_MTL_MASK_GUIDED,10,patient074,patient074_case01,IGM,IGM_patient048_0036.jpg,3,,off_target_fp,212,0,0.0,0.0,0.0,0.0,0,False
UNET_MTL_MASK_GUIDED,10,patient074,patient074_case01,IGM,IGM_patient048_0036.jpg,4,,off_target_fp,20,0,0.0,0.0,0.0,0.0,0,False
UNET_MTL_MASK_GUIDED,10,patient074,patient074_case01,IGM,IGM_patient048_0037.jpg,1,1.0,moderate_50_to_75,296,208,0.8387096774193549,0.7027027027027027,0.7027027027027027,0.6190476190476191,1,False
UNET_MTL_MASK_GUIDED,10,patient074,patient074_case01,IGM,IGM_patient048_0037.jpg,2,,off_target_fp,142,0,0.0,0.0,0.0,0.0,0,False
UNET_MTL_MASK_GUIDED,10,patient074,patient074_case01,IGM,IGM_patient048_0037.jpg,3,,off_target_fp,255,0,0.0,0.0,0.0,0.0,0,False
UNET_MTL_MASK_GUIDED,10,patient074,patient074_case01,IGM,IGM_patient048_0037.jpg,4,,off_target_fp,36,0,0.0,0.0,0.0,0.0,0,False
UNET_MTL_MASK_GUIDED,10,patient074,patient074_case01,IGM,IGM_patient048_0040.jpg,1,1.0,moderate_50_to_75,122,102,0.7285714285714285,0.8360655737704918,0.7285714285714285,0.6375,1,False
UNET_MTL_MASK_GUIDED,10,patient074,patient074_case01,IGM,IGM_patient048_0040.jpg,2,,off_target_fp,98,0,0.0,0.0,0.0,0.0,0,False
UNET_MTL_MASK_GUIDED,10,patient074,patient074_case01,IGM,IGM_patient048_0040.jpg,3,,off_target_fp,186,0,0.0,0.0,0.0,0.0,0,False
UNET_MTL_MASK_GUIDED,10,patient074,patient074_case01,IGM,IGM_patient048_0041.jpg,1,,off_target_fp,102,0,0.0,0.0,0.0,0.0,0,False
UNET_MTL_MASK_GUIDED,10,patient074,patient074_case01,IGM,IGM_patient048_0041.jpg,2,1.0,moderate_50_to_75,159,111,0.8161764705882353,0.6981132075471698,0.6981132075471698,0.6032608695652174,1,False
UNET_MTL_MASK_GUIDED,10,patient074,patient074_case01,IGM,IGM_patient048_0041.jpg,3,,off_target_fp,144,0,0.0,0.0,0.0,0.0,0,False
UNET_MTL_MASK_GUIDED,10,patient074,patient074_case01,IGM,IGM_patient048_0042.jpg,1,1.0,low_25_to_50,428,164,1.0,0.38317757009345793,0.38317757009345793,0.38317757009345793,1,False
UNET_MTL_MASK_GUIDED,10,patient074,patient074_case01,IGM,IGM_patient048_0042.jpg,2,,off_target_fp,31,0,0.0,0.0,0.0,0.0,0,False
UNET_MTL_MASK_GUIDED,10,patient074,patient074_case01,IGM,IGM_patient048_0042.jpg,3,,off_target_fp,42,0,0.0,0.0,0.0,0.0,0,False
UNET_MTL_MASK_GUIDED,10,patient074,patient074_case01,IGM,IGM_patient048_0043.jpg,1,1.0,low_25_to_50,528,173,0.9829545454545454,0.32765151515151514,0.32765151515151514,0.3258003766478343,1,False
UNET_MTL_MASK_GUIDED,10,patient074,patient074_case01,IGM,IGM_patient048_0043.jpg,2,,off_target_fp,105,0,0.0,0.0,0.0,0.0,0,False
UNET_MTL_MASK_GUIDED,10,patient074,patient074_case01,IGM,IGM_patient048_0044.jpg,1,1.0,moderate_50_to_75,272,173,0.8160377358490566,0.6360294117647058,0.6360294117647058,0.5562700964630225,1,False
UNET_MTL_MASK_GUIDED,10,patient074,patient074_case01,IGM,IGM_patient048_0044.jpg,2,,off_target_fp,29,0,0.0,0.0,0.0,0.0,0,False
UNET_MTL_MASK_GUIDED,10,patient074,patient074_case01,IGM,IGM_patient048_0044.jpg,3,,off_target_fp,152,0,0.0,0.0,0.0,0.0,0,False
UNET_MTL_MASK_GUIDED,10,patient074,patient074_case01,IGM,IGM_patient048_0044.jpg,4,,off_target_fp,53,0,0.0,0.0,0.0,0.0,0,False
UNET_MTL_MASK_GUIDED,10,patient074,patient074_case01,IGM,IGM_patient048_0044.jpg,5,,off_target_fp,30,0,0.0,0.0,0.0,0.0,0,False
UNET_MTL_MASK_GUIDED,10,patient074,patient074_case01,IGM,IGM_patient048_0045.jpg,1,1.0,moderate_50_to_75,304,196,0.9245283018867925,0.6447368421052632,0.6447368421052632,0.6125,1,False
UNET_MTL_MASK_GUIDED,10,patient074,patient074_case01,IGM,IGM_patient048_0045.jpg,2,,off_target_fp,31,0,0.0,0.0,0.0,0.0,0,False
UNET_MTL_MASK_GUIDED,10,patient074,patient074_case01,IGM,IGM_patient048_0046.jpg,1,,off_target_fp,68,0,0.0,0.0,0.0,0.0,0,False
UNET_MTL_MASK_GUIDED,10,patient074,patient074_case01,IGM,IGM_patient048_0046.jpg,2,1.0,moderate_50_to_75,436,312,1.0,0.7155963302752294,0.7155963302752294,0.7155963302752294,1,False
UNET_MTL_MASK_GUIDED,10,patient074,patient074_case01,IGM,IGM_patient048_0046.jpg,3,,off_target_fp,17,0,0.0,0.0,0.0,0.0,0,False
UNET_MTL_MASK_GUIDED,10,patient074,patient074_case01,IGM,IGM_patient048_0047.jpg,1,,off_target_fp,67,0,0.0,0.0,0.0,0.0,0,False
UNET_MTL_MASK_GUIDED,10,patient074,patient074_case01,IGM,IGM_patient048_0047.jpg,2,,off_target_fp,15,0,0.0,0.0,0.0,0.0,0,False
UNET_MTL_MASK_GUIDED,10,patient074,patient074_case01,IGM,IGM_patient048_0047.jpg,3,1.0,moderate_50_to_75,548,409,0.9927184466019418,0.7463503649635036,0.7463503649635036,0.7422867513611615,1,False
UNET_MTL_MASK_GUIDED,10,patient074,patient074_case01,IGM,IGM_patient048_0048.jpg,1,,off_target_fp,140,0,0.0,0.0,0.0,0.0,0,False
UNET_MTL_MASK_GUIDED,10,patient074,patient074_case01,IGM,IGM_patient048_0048.jpg,2,1.0,moderate_50_to_75,636,476,0.9834710743801653,0.7484276729559748,0.7484276729559748,0.7391304347826086,1,False
UNET_MTL_MASK_GUIDED,10,patient074,patient074_case01,IGM,IGM_patient048_0049.jpg,1,,off_target_fp,150,0,0.0,0.0,0.0,0.0,0,False
UNET_MTL_MASK_GUIDED,10,patient074,patient074_case01,IGM,IGM_patient048_0049.jpg,2,1.0,strong_75_plus,686,550,0.9963768115942029,0.8017492711370262,0.8017492711370262,0.7994186046511628,1,False
UNET_MTL_MASK_GUIDED,10,patient074,patient074_case01,IGM,IGM_patient048_0049.jpg,3,,off_target_fp,62,0,0.0,0.0,0.0,0.0,0,False
UNET_MTL_MASK_GUIDED,10,patient074,patient074_case01,IGM,IGM_patient048_0050.jpg,1,1.0,strong_75_plus,660,531,0.9833333333333333,0.8045454545454546,0.8045454545454546,0.7937219730941704,1,False
UNET_MTL_MASK_GUIDED,10,patient074,patient074_case01,IGM,IGM_patient048_0051.jpg,1,,off_target_fp,40,0,0.0,0.0,0.0,0.0,0,False
UNET_MTL_MASK_GUIDED,10,patient074,patient074_case01,IGM,IGM_patient048_0051.jpg,2,1.0,strong_75_plus,490,389,0.9823232323232324,0.7938775510204081,0.7938775510204081,0.7826961770623743,1,False
UNET_MTL_MASK_GUIDED,10,patient074,patient074_case01,IGM,IGM_patient048_0051.jpg,3,,off_target_fp,170,0,0.0,0.0,0.0,0.0,0,False
UNET_MTL_MASK_GUIDED,10,patient083,patient083_case01,IGM,IGM_patient052_0059.jpg,1,1.0,moderate_50_to_75,75,73,0.73,0.9733333333333334,0.73,0.7156862745098039,1,False
UNET_MTL_MASK_GUIDED,10,patient083,patient083_case01,IGM,IGM_patient052_0059.jpg,2,,off_target_fp,30,0,0.0,0.0,0.0,0.0,0,False
UNET_MTL_MASK_GUIDED,10,patient083,patient083_case01,IGM,IGM_patient052_0060.jpg,1,1.0,moderate_50_to_75,132,120,0.6818181818181818,0.9090909090909091,0.6818181818181818,0.6382978723404256,1,False
UNET_MTL_MASK_GUIDED,10,patient083,patient083_case01,IGM,IGM_patient052_0061.jpg,1,1.0,strong_75_plus,193,183,0.8169642857142857,0.9481865284974094,0.8169642857142857,0.782051282051282,1,False
UNET_MTL_MASK_GUIDED,10,patient083,patient083_case01,IGM,IGM_patient052_0062.jpg,1,1.0,strong_75_plus,244,231,0.90234375,0.9467213114754098,0.90234375,0.8587360594795539,1,False
UNET_MTL_MASK_GUIDED,10,patient083,patient083_case01,IGM,IGM_patient052_0062.jpg,2,,off_target_fp,44,0,0.0,0.0,0.0,0.0,0,False
UNET_MTL_MASK_GUIDED,10,patient083,patient083_case01,IGM,IGM_patient052_0063.jpg,1,1.0,strong_75_plus,269,244,0.9104477611940298,0.9070631970260223,0.9070631970260223,0.8327645051194539,1,False
UNET_MTL_MASK_GUIDED,10,patient083,patient083_case01,IGM,IGM_patient052_0063.jpg,2,,off_target_fp,121,0,0.0,0.0,0.0,0.0,0,False
UNET_MTL_MASK_GUIDED,10,patient083,patient083_case01,IGM,IGM_patient052_0064.jpg,1,1.0,strong_75_plus,277,251,0.98046875,0.9061371841155235,0.9061371841155235,0.8900709219858156,1,False
UNET_MTL_MASK_GUIDED,10,patient083,patient083_case01,IGM,IGM_patient052_0064.jpg,2,,off_target_fp,15,0,0.0,0.0,0.0,0.0,0,False
UNET_MTL_MASK_GUIDED,10,patient083,patient083_case01,IGM,IGM_patient052_0064.jpg,3,,off_target_fp,214,0,0.0,0.0,0.0,0.0,0,False
UNET_MTL_MASK_GUIDED,10,patient083,patient083_case01,IGM,IGM_patient052_0065.jpg,1,1.0,strong_75_plus,215,199,0.7653846153846153,0.9255813953488372,0.7653846153846153,0.7210144927536232,1,False
UNET_MTL_MASK_GUIDED,10,patient083,patient083_case01,IGM,IGM_patient052_0065.jpg,2,,off_target_fp,17,0,0.0,0.0,0.0,0.0,0,False
UNET_MTL_MASK_GUIDED,10,patient083,patient083_case01,IGM,IGM_patient052_0065.jpg,3,,off_target_fp,223,0,0.0,0.0,0.0,0.0,0,False
UNET_MTL_MASK_GUIDED,10,patient083,patient083_case01,IGM,IGM_patient052_0065.jpg,4,,off_target_fp,17,0,0.0,0.0,0.0,0.0,0,False
UNET_MTL_MASK_GUIDED,10,patient083,patient083_case01,IGM,IGM_patient052_0066.jpg,1,,off_target_fp,12,0,0.0,0.0,0.0,0.0,0,False
UNET_MTL_MASK_GUIDED,10,patient083,patient083_case01,IGM,IGM_patient052_0066.jpg,2,1.0,strong_75_plus,142,136,0.918918918918919,0.9577464788732394,0.918918918918919,0.8831168831168831,1,False
UNET_MTL_MASK_GUIDED,10,patient083,patient083_case01,IGM,IGM_patient052_0066.jpg,3,,off_target_fp,25,0,0.0,0.0,0.0,0.0,0,False
UNET_MTL_MASK_GUIDED,10,patient083,patient083_case01,IGM,IGM_patient052_0066.jpg,4,,off_target_fp,131,0,0.0,0.0,0.0,0.0,0,False
UNET_MTL_MASK_GUIDED,10,patient083,patient083_case01,IGM,IGM_patient052_0066.jpg,5,,off_target_fp,23,0,0.0,0.0,0.0,0.0,0,False
UNET_MTL_MASK_GUIDED,10,patient083,patient083_case01,IGM,IGM_patient052_0066.jpg,6,,off_target_fp,38,0,0.0,0.0,0.0,0.0,0,False
UNET_MTL_MASK_GUIDED,10,patient083,patient083_case01,IGM,IGM_patient052_0067.jpg,1,1.0,low_25_to_50,76,75,0.4076086956521739,0.9868421052631579,0.4076086956521739,0.40540540540540543,1,False
UNET_MTL_MASK_GUIDED,10,patient083,patient083_case01,IGM,IGM_patient052_0067.jpg,2,1.0,low_25_to_50,82,73,0.3967391304347826,0.8902439024390244,0.3967391304347826,0.37823834196891193,1,False
UNET_MTL_MASK_GUIDED,10,patient083,patient083_case01,IGM,IGM_patient052_0067.jpg,3,,off_target_fp,260,0,0.0,0.0,0.0,0.0,0,False
UNET_MTL_MASK_GUIDED,10,patient083,patient083_case01,IGM,IGM_patient052_0067.jpg,4,,off_target_fp,12,0,0.0,0.0,0.0,0.0,0,False
UNET_MTL_MASK_GUIDED,10,patient083,patient083_case01,IGM,IGM_patient052_0068.jpg,1,1.0,strong_75_plus,109,104,0.7647058823529411,0.9541284403669725,0.7647058823529411,0.7375886524822695,1,False
UNET_MTL_MASK_GUIDED,10,patient083,patient083_case01,IGM,IGM_patient052_0068.jpg,2,,off_target_fp,21,0,0.0,0.0,0.0,0.0,0,False
UNET_MTL_MASK_GUIDED,10,patient083,patient083_case01,IGM,IGM_patient052_0068.jpg,3,,off_target_fp,152,0,0.0,0.0,0.0,0.0,0,False
UNET_MTL_MASK_GUIDED,10,patient083,patient083_case01,IGM,IGM_patient052_0068.jpg,4,,off_target_fp,27,0,0.0,0.0,0.0,0.0,0,False
UNET_MTL_MASK_GUIDED,10,patient083,patient083_case01,IGM,IGM_patient052_0069.jpg,1,1.0,strong_75_plus,141,136,0.85,0.9645390070921985,0.85,0.8242424242424242,1,False
UNET_MTL_MASK_GUIDED,10,patient083,patient083_case01,IGM,IGM_patient052_0069.jpg,2,,off_target_fp,66,0,0.0,0.0,0.0,0.0,0,False
UNET_MTL_MASK_GUIDED,10,patient083,patient083_case01,IGM,IGM_patient052_0069.jpg,3,,off_target_fp,103,0,0.0,0.0,0.0,0.0,0,False
UNET_MTL_MASK_GUIDED,10,patient083,patient083_case01,IGM,IGM_patient052_0069.jpg,4,,off_target_fp,24,0,0.0,0.0,0.0,0.0,0,False
UNET_MTL_MASK_GUIDED,10,patient083,patient083_case01,IGM,IGM_patient052_0070.jpg,1,1.0,strong_75_plus,153,137,0.9013157894736842,0.8954248366013072,0.8954248366013072,0.8154761904761905,1,False
UNET_MTL_MASK_GUIDED,10,patient083,patient083_case01,IGM,IGM_patient052_0070.jpg,2,,off_target_fp,58,0,0.0,0.0,0.0,0.0,0,False
UNET_MTL_MASK_GUIDED,10,patient083,patient083_case01,IGM,IGM_patient052_0070.jpg,3,,off_target_fp,132,0,0.0,0.0,0.0,0.0,0,False
UNET_MTL_MASK_GUIDED,10,patient083,patient083_case01,IGM,IGM_patient052_0070.jpg,4,,off_target_fp,126,0,0.0,0.0,0.0,0.0,0,False
UNET_MTL_MASK_GUIDED,10,patient083,patient083_case01,IGM,IGM_patient052_0070.jpg,5,,off_target_fp,29,0,0.0,0.0,0.0,0.0,0,False
UNET_MTL_MASK_GUIDED,10,patient083,patient083_case01,IGM,IGM_patient052_0071.jpg,1,1.0,strong_75_plus,131,122,0.782051282051282,0.9312977099236641,0.782051282051282,0.7393939393939394,1,False
UNET_MTL_MASK_GUIDED,10,patient083,patient083_case01,IGM,IGM_patient052_0071.jpg,2,,off_target_fp,21,0,0.0,0.0,0.0,0.0,0,False
UNET_MTL_MASK_GUIDED,10,patient083,patient083_case01,IGM,IGM_patient052_0071.jpg,3,,off_target_fp,156,0,0.0,0.0,0.0,0.0,0,False
UNET_MTL_MASK_GUIDED,10,patient083,patient083_case01,IGM,IGM_patient052_0071.jpg,4,,off_target_fp,10,0,0.0,0.0,0.0,0.0,0,False
UNET_MTL_MASK_GUIDED,10,patient083,patient083_case01,IGM,IGM_patient052_0071.jpg,5,,off_target_fp,106,0,0.0,0.0,0.0,0.0,0,False
UNET_MTL_MASK_GUIDED,10,patient083,patient083_case01,IGM,IGM_patient052_0071.jpg,6,,off_target_fp,80,0,0.0,0.0,0.0,0.0,0,False
UNET_MTL_MASK_GUIDED,10,patient083,patient083_case01,IGM,IGM_patient052_0072.jpg,1,1.0,low_25_to_50,68,65,0.4276315789473684,0.9558823529411765,0.4276315789473684,0.41935483870967744,1,False
UNET_MTL_MASK_GUIDED,10,patient083,patient083_case01,IGM,IGM_patient052_0072.jpg,2,,off_target_fp,83,0,0.0,0.0,0.0,0.0,0,False
UNET_MTL_MASK_GUIDED,10,patient086,patient086_case01,IGM,IGM_patient053_0060.jpg,1,,off_target_fp,423,0,0.0,0.0,0.0,0.0,0,False
UNET_MTL_MASK_GUIDED,10,patient086,patient086_case01,IGM,IGM_patient053_0060.jpg,2,,off_target_fp,81,0,0.0,0.0,0.0,0.0,0,False
UNET_MTL_MASK_GUIDED,10,patient086,patient086_case01,IGM,IGM_patient053_0061.jpg,1,,off_target_fp,417,0,0.0,0.0,0.0,0.0,0,False
UNET_MTL_MASK_GUIDED,10,patient086,patient086_case01,IGM,IGM_patient053_0061.jpg,2,,off_target_fp,113,0,0.0,0.0,0.0,0.0,0,False
UNET_MTL_MASK_GUIDED,10,patient086,patient086_case01,IGM,IGM_patient053_0061.jpg,3,1.0,low_25_to_50,105,105,0.3547297297297297,1.0,0.3547297297297297,0.3547297297297297,1,False
UNET_MTL_MASK_GUIDED,10,patient086,patient086_case01,IGM,IGM_patient053_0062.jpg,1,,off_target_fp,412,0,0.0,0.0,0.0,0.0,0,False
UNET_MTL_MASK_GUIDED,10,patient086,patient086_case01,IGM,IGM_patient053_0062.jpg,2,,off_target_fp,48,0,0.0,0.0,0.0,0.0,0,False
UNET_MTL_MASK_GUIDED,10,patient086,patient086_case01,IGM,IGM_patient053_0062.jpg,3,,off_target_fp,163,0,0.0,0.0,0.0,0.0,0,False
UNET_MTL_MASK_GUIDED,10,patient086,patient086_case01,IGM,IGM_patient053_0062.jpg,4,1.0,low_25_to_50,100,100,0.4166666666666667,1.0,0.4166666666666667,0.4166666666666667,1,False
UNET_MTL_MASK_GUIDED,10,patient086,patient086_case01,IGM,IGM_patient053_0063.jpg,1,,off_target_fp,359,0,0.0,0.0,0.0,0.0,0,False
UNET_MTL_MASK_GUIDED,10,patient086,patient086_case01,IGM,IGM_patient053_0063.jpg,2,,off_target_fp,143,0,0.0,0.0,0.0,0.0,0,False
UNET_MTL_MASK_GUIDED,10,patient086,patient086_case01,IGM,IGM_patient053_0063.jpg,3,,off_target_fp,211,0,0.0,0.0,0.0,0.0,0,False
UNET_MTL_MASK_GUIDED,10,patient086,patient086_case01,IGM,IGM_patient053_0063.jpg,4,1.0,low_25_to_50,103,102,0.3923076923076923,0.9902912621359223,0.3923076923076923,0.39080459770114945,1,False
UNET_MTL_MASK_GUIDED,10,patient086,patient086_case01,IGM,IGM_patient053_0064.jpg,1,,off_target_fp,404,0,0.0,0.0,0.0,0.0,0,False
UNET_MTL_MASK_GUIDED,10,patient086,patient086_case01,IGM,IGM_patient053_0064.jpg,2,,off_target_fp,151,0,0.0,0.0,0.0,0.0,0,False
UNET_MTL_MASK_GUIDED,10,patient086,patient086_case01,IGM,IGM_patient053_0064.jpg,3,,off_target_fp,113,0,0.0,0.0,0.0,0.0,0,False
UNET_MTL_MASK_GUIDED,10,patient086,patient086_case01,IGM,IGM_patient053_0064.jpg,4,1.0,moderate_50_to_75,119,119,0.6761363636363636,1.0,0.6761363636363636,0.6761363636363636,1,False
UNET_MTL_MASK_GUIDED,10,patient086,patient086_case01,IGM,IGM_patient053_0065.jpg,1,,off_target_fp,386,0,0.0,0.0,0.0,0.0,0,False
UNET_MTL_MASK_GUIDED,10,patient086,patient086_case01,IGM,IGM_patient053_0065.jpg,2,,off_target_fp,107,0,0.0,0.0,0.0,0.0,0,False
UNET_MTL_MASK_GUIDED,10,patient086,patient086_case01,IGM,IGM_patient053_0065.jpg,3,,off_target_fp,382,0,0.0,0.0,0.0,0.0,0,False
UNET_MTL_MASK_GUIDED,10,patient086,patient086_case01,IGM,IGM_patient053_0066.jpg,1,,off_target_fp,340,0,0.0,0.0,0.0,0.0,0,False
UNET_MTL_MASK_GUIDED,10,patient086,patient086_case01,IGM,IGM_patient053_0066.jpg,2,,off_target_fp,590,0,0.0,0.0,0.0,0.0,0,False
UNET_MTL_MASK_GUIDED,10,patient091,patient091_case01,IBC,IBC_patient056_0041.jpg,1,1.0,strong_75_plus,59,53,0.828125,0.8983050847457628,0.828125,0.7571428571428571,1,False
UNET_MTL_MASK_GUIDED,10,patient091,patient091_case01,IBC,IBC_patient056_0042.jpg,1,,off_target_fp,68,0,0.0,0.0,0.0,0.0,0,False
UNET_MTL_MASK_GUIDED,10,patient091,patient091_case01,IBC,IBC_patient056_0045.jpg,1,,off_target_fp,264,0,0.0,0.0,0.0,0.0,0,False
UNET_MTL_MASK_GUIDED,10,patient091,patient091_case01,IBC,IBC_patient056_0046.jpg,1,,off_target_fp,604,0,0.0,0.0,0.0,0.0,0,False
UNET_MTL_MASK_GUIDED,10,patient091,patient091_case01,IBC,IBC_patient056_0046.jpg,2,,off_target_fp,52,0,0.0,0.0,0.0,0.0,0,False
UNET_MTL_MASK_GUIDED,10,patient091,patient091_case01,IBC,IBC_patient056_0047.jpg,1,,off_target_fp,790,0,0.0,0.0,0.0,0.0,0,False
UNET_MTL_MASK_GUIDED,10,patient091,patient091_case01,IBC,IBC_patient056_0047.jpg,2,,off_target_fp,350,0,0.0,0.0,0.0,0.0,0,False
UNET_MTL_MASK_GUIDED,10,patient091,patient091_case01,IBC,IBC_patient056_0047.jpg,3,,off_target_fp,147,0,0.0,0.0,0.0,0.0,0,False
UNET_MTL_MASK_GUIDED,10,patient092,patient092_case01,IBC,IBC_patient057_0044.jpg,1,,off_target_fp,46,0,0.0,0.0,0.0,0.0,0,False
UNET_MTL_MASK_GUIDED,10,patient092,patient092_case01,IBC,IBC_patient057_0044.jpg,2,,off_target_fp,157,0,0.0,0.0,0.0,0.0,0,False
UNET_MTL_MASK_GUIDED,10,patient092,patient092_case01,IBC,IBC_patient057_0045.jpg,1,,off_target_fp,118,0,0.0,0.0,0.0,0.0,0,False
UNET_MTL_MASK_GUIDED,10,patient092,patient092_case01,IBC,IBC_patient057_0045.jpg,2,1.0,moderate_50_to_75,486,320,0.7692307692307693,0.6584362139917695,0.6584362139917695,0.5498281786941581,1,False
UNET_MTL_MASK_GUIDED,10,patient092,patient092_case01,IBC,IBC_patient057_0046.jpg,1,,off_target_fp,239,0,0.0,0.0,0.0,0.0,0,False
UNET_MTL_MASK_GUIDED,10,patient092,patient092_case01,IBC,IBC_patient057_0046.jpg,2,1.0,strong_75_plus,474,386,0.8772727272727273,0.8143459915611815,0.8143459915611815,0.7310606060606061,1,False
UNET_MTL_MASK_GUIDED,10,patient092,patient092_case01,IBC,IBC_patient057_0047.jpg,1,,off_target_fp,268,0,0.0,0.0,0.0,0.0,0,False
UNET_MTL_MASK_GUIDED,10,patient092,patient092_case01,IBC,IBC_patient057_0047.jpg,2,1.0,strong_75_plus,302,298,0.8563218390804598,0.9867549668874173,0.8563218390804598,0.8465909090909091,1,False
UNET_MTL_MASK_GUIDED,10,patient092,patient092_case01,IBC,IBC_patient057_0048.jpg,1,,off_target_fp,265,0,0.0,0.0,0.0,0.0,0,False
UNET_MTL_MASK_GUIDED,10,patient092,patient092_case01,IBC,IBC_patient057_0048.jpg,2,1.0,moderate_50_to_75,146,146,0.5615384615384615,1.0,0.5615384615384615,0.5615384615384615,1,False
UNET_MTL_MASK_GUIDED,10,patient096,patient096_case01,IGM,IGM_patient006_0060.jpg,1,,off_target_fp,52,0,0.0,0.0,0.0,0.0,0,False
UNET_MTL_MASK_GUIDED,10,patient096,patient096_case01,IGM,IGM_patient006_0060.jpg,2,,off_target_fp,52,0,0.0,0.0,0.0,0.0,0,False
UNET_MTL_MASK_GUIDED,10,patient096,patient096_case01,IGM,IGM_patient006_0061.jpg,1,1.0,strong_75_plus,154,150,0.78125,0.974025974025974,0.78125,0.7653061224489796,1,False
UNET_MTL_MASK_GUIDED,10,patient096,patient096_case01,IGM,IGM_patient006_0061.jpg,2,,off_target_fp,136,0,0.0,0.0,0.0,0.0,0,False
UNET_MTL_MASK_GUIDED,10,patient096,patient096_case01,IGM,IGM_patient006_0062.jpg,1,1.0,strong_75_plus,242,198,0.9705882352941176,0.8181818181818182,0.8181818181818182,0.7983870967741935,1,False
UNET_MTL_MASK_GUIDED,10,patient096,patient096_case01,IGM,IGM_patient006_0062.jpg,2,,off_target_fp,62,0,0.0,0.0,0.0,0.0,0,False
UNET_MTL_MASK_GUIDED,10,patient096,patient096_case01,IGM,IGM_patient006_0062.jpg,3,,off_target_fp,123,0,0.0,0.0,0.0,0.0,0,False
UNET_MTL_MASK_GUIDED,10,patient096,patient096_case01,IGM,IGM_patient006_0063.jpg,1,1.0,moderate_50_to_75,398,237,0.9115384615384615,0.5954773869346733,0.5954773869346733,0.5629453681710214,1,False
UNET_MTL_MASK_GUIDED,10,patient096,patient096_case01,IGM,IGM_patient006_0063.jpg,2,,off_target_fp,12,0,0.0,0.0,0.0,0.0,0,False
UNET_MTL_MASK_GUIDED,10,patient096,patient096_case01,IGM,IGM_patient006_0063.jpg,3,,off_target_fp,85,0,0.0,0.0,0.0,0.0,0,False
UNET_MTL_MASK_GUIDED,10,patient096,patient096_case01,IGM,IGM_patient006_0064.jpg,1,1.0,moderate_50_to_75,233,174,0.925531914893617,0.7467811158798283,0.7467811158798283,0.7044534412955465,1,False
UNET_MTL_MASK_GUIDED,10,patient096,patient096_case01,IGM,IGM_patient006_0064.jpg,2,,off_target_fp,137,0,0.0,0.0,0.0,0.0,0,False
UNET_MTL_MASK_GUIDED,10,patient096,patient096_case01,IGM,IGM_patient006_0064.jpg,3,,off_target_fp,104,0,0.0,0.0,0.0,0.0,0,False
UNET_MTL_MASK_GUIDED,10,patient096,patient096_case01,IGM,IGM_patient006_0065.jpg,1,1.0,moderate_50_to_75,128,113,0.743421052631579,0.8828125,0.743421052631579,0.6766467065868264,1,False
UNET_MTL_MASK_GUIDED,10,patient096,patient096_case01,IGM,IGM_patient006_0065.jpg,2,,off_target_fp,94,0,0.0,0.0,0.0,0.0,0,False
UNET_MTL_MASK_GUIDED,10,patient096,patient096_case01,IGM,IGM_patient006_0065.jpg,3,,off_target_fp,34,0,0.0,0.0,0.0,0.0,0,False
UNET_MTL_MASK_GUIDED,10,patient096,patient096_case01,IGM,IGM_patient006_0065.jpg,4,,off_target_fp,45,0,0.0,0.0,0.0,0.0,0,False
UNET_MTL_MASK_GUIDED,10,patient096,patient096_case01,IGM,IGM_patient006_0066.jpg,1,1.0,low_25_to_50,45,41,0.33064516129032256,0.9111111111111111,0.33064516129032256,0.3203125,1,False
UNET_MTL_MASK_GUIDED,10,patient096,patient096_case01,IGM,IGM_patient006_0066.jpg,2,,off_target_fp,118,0,0.0,0.0,0.0,0.0,0,False
UNET_MTL_MASK_GUIDED,10,patient096,patient096_case01,IGM,IGM_patient006_0067.jpg,1,,off_target_fp,10,0,0.0,0.0,0.0,0.0,0,False
UNET_MTL_MASK_GUIDED,10,patient096,patient096_case01,IGM,IGM_patient006_0067.jpg,2,,off_target_fp,163,0,0.0,0.0,0.0,0.0,0,False
UNET_MTL_MASK_GUIDED,10,patient096,patient096_case01,IGM,IGM_patient006_0067.jpg,3,,off_target_fp,23,0,0.0,0.0,0.0,0.0,0,False
UNET_MTL_MASK_GUIDED,10,patient096,patient096_case01,IGM,IGM_patient006_0067.jpg,4,,off_target_fp,34,0,0.0,0.0,0.0,0.0,0,False
UNET_MTL_MASK_GUIDED,10,patient096,patient096_case01,IGM,IGM_patient006_0068.jpg,1,,off_target_fp,158,0,0.0,0.0,0.0,0.0,0,False
UNET_MTL_MASK_GUIDED,10,patient096,patient096_case01,IGM,IGM_patient006_0068.jpg,2,,off_target_fp,30,0,0.0,0.0,0.0,0.0,0,False
UNET_MTL_MASK_GUIDED,10,patient096,patient096_case01,IGM,IGM_patient006_0069.jpg,1,1.0,moderate_50_to_75,88,86,0.581081081081081,0.9772727272727273,0.581081081081081,0.5733333333333334,1,False
UNET_MTL_MASK_GUIDED,10,patient096,patient096_case01,IGM,IGM_patient006_0069.jpg,2,,off_target_fp,36,0,0.0,0.0,0.0,0.0,0,False
UNET_MTL_MASK_GUIDED,10,patient096,patient096_case01,IGM,IGM_patient006_0069.jpg,3,,off_target_fp,11,0,0.0,0.0,0.0,0.0,0,False
UNET_MTL_MASK_GUIDED,10,patient096,patient096_case01,IGM,IGM_patient006_0070.jpg,1,,off_target_fp,69,0,0.0,0.0,0.0,0.0,0,False
UNET_MTL_MASK_GUIDED,10,patient100,patient100_case01,IBC,IBC_patient008_0147.jpg,1,,off_target_fp,69,0,0.0,0.0,0.0,0.0,0,False
UNET_MTL_MASK_GUIDED,10,patient100,patient100_case01,IBC,IBC_patient008_0148.jpg,1,,off_target_fp,139,0,0.0,0.0,0.0,0.0,0,False
UNET_MTL_MASK_GUIDED,10,patient100,patient100_case01,IBC,IBC_patient008_0149.jpg,1,,off_target_fp,181,0,0.0,0.0,0.0,0.0,0,False
UNET_MTL_MASK_GUIDED,10,patient100,patient100_case01,IBC,IBC_patient008_0150.jpg,1,,off_target_fp,182,0,0.0,0.0,0.0,0.0,0,False
UNET_MTL_MASK_GUIDED,10,patient100,patient100_case01,IBC,IBC_patient008_0151.jpg,1,,off_target_fp,128,0,0.0,0.0,0.0,0.0,0,False
UNET_MTL_MASK_GUIDED,10,patient100,patient100_case01,IBC,IBC_patient008_0152.jpg,1,,off_target_fp,117,0,0.0,0.0,0.0,0.0,0,False
UNET_MTL_MASK_GUIDED,10,patient100,patient100_case01,IBC,IBC_patient008_0153.jpg,1,,off_target_fp,123,0,0.0,0.0,0.0,0.0,0,False
UNET_MTL_MASK_GUIDED,10,patient100,patient100_case01,IBC,IBC_patient008_0154.jpg,1,,off_target_fp,115,0,0.0,0.0,0.0,0.0,0,False
UNET_MTL_MASK_GUIDED,10,patient100,patient100_case01,IBC,IBC_patient008_0155.jpg,1,,off_target_fp,89,0,0.0,0.0,0.0,0.0,0,False
UNET_MTL_MASK_GUIDED,10,patient100,patient100_case01,IBC,IBC_patient008_0156.jpg,1,,off_target_fp,82,0,0.0,0.0,0.0,0.0,0,False
UNET_MTL_MASK_GUIDED,10,patient100,patient100_case01,IBC,IBC_patient008_0157.jpg,1,,off_target_fp,78,0,0.0,0.0,0.0,0.0,0,False
UNET_MTL_MASK_GUIDED,10,patient100,patient100_case01,IBC,IBC_patient008_0158.jpg,1,,off_target_fp,56,0,0.0,0.0,0.0,0.0,0,False
UNET_MTL_MASK_GUIDED,10,patient100,patient100_case01,IBC,IBC_patient008_0164.jpg,1,,off_target_fp,95,0,0.0,0.0,0.0,0.0,0,False
UNET_MTL_MASK_GUIDED,10,patient100,patient100_case01,IBC,IBC_patient008_0165.jpg,1,,off_target_fp,95,0,0.0,0.0,0.0,0.0,0,False
UNET_MTL_MASK_GUIDED,10,patient100,patient100_case01,IBC,IBC_patient008_0166.jpg,1,,off_target_fp,27,0,0.0,0.0,0.0,0.0,0,False
UNET_MTL_MASK_GUIDED,10,patient100,patient100_case01,IBC,IBC_patient008_0166.jpg,2,,off_target_fp,19,0,0.0,0.0,0.0,0.0,0,False
UNET_MTL_MASK_GUIDED,25,patient012,patient012_case01,IBC,IBC_patient015_0138.jpg,1,,off_target_fp,29,0,0.0,0.0,0.0,0.0,0,False
UNET_MTL_MASK_GUIDED,25,patient012,patient012_case01,IBC,IBC_patient015_0139.jpg,1,,off_target_fp,78,0,0.0,0.0,0.0,0.0,0,False
UNET_MTL_MASK_GUIDED,25,patient012,patient012_case01,IBC,IBC_patient015_0140.jpg,1,,off_target_fp,53,0,0.0,0.0,0.0,0.0,0,False
UNET_MTL_MASK_GUIDED,25,patient012,patient012_case01,IBC,IBC_patient015_0143.jpg,1,,off_target_fp,42,0,0.0,0.0,0.0,0.0,0,False
UNET_MTL_MASK_GUIDED,25,patient012,patient012_case01,IBC,IBC_patient015_0144.jpg,1,,off_target_fp,156,0,0.0,0.0,0.0,0.0,0,False
UNET_MTL_MASK_GUIDED,25,patient012,patient012_case01,IBC,IBC_patient015_0145.jpg,1,,off_target_fp,189,0,0.0,0.0,0.0,0.0,0,False
UNET_MTL_MASK_GUIDED,25,patient012,patient012_case01,IBC,IBC_patient015_0146.jpg,1,,off_target_fp,194,0,0.0,0.0,0.0,0.0,0,False
UNET_MTL_MASK_GUIDED,25,patient012,patient012_case01,IBC,IBC_patient015_0147.jpg,1,,off_target_fp,173,0,0.0,0.0,0.0,0.0,0,False
UNET_MTL_MASK_GUIDED,25,patient012,patient012_case01,IBC,IBC_patient015_0148.jpg,1,,off_target_fp,161,0,0.0,0.0,0.0,0.0,0,False
UNET_MTL_MASK_GUIDED,25,patient012,patient012_case01,IBC,IBC_patient015_0149.jpg,1,,off_target_fp,141,0,0.0,0.0,0.0,0.0,0,False
UNET_MTL_MASK_GUIDED,25,patient012,patient012_case01,IBC,IBC_patient015_0150.jpg,1,,off_target_fp,120,0,0.0,0.0,0.0,0.0,0,False
UNET_MTL_MASK_GUIDED,25,patient017,patient017_case01,IGM,IGM_patient017_0055.jpg,1,,off_target_fp,141,0,0.0,0.0,0.0,0.0,0,False
UNET_MTL_MASK_GUIDED,25,patient017,patient017_case01,IGM,IGM_patient017_0057.jpg,1,,off_target_fp,73,0,0.0,0.0,0.0,0.0,0,False
UNET_MTL_MASK_GUIDED,25,patient017,patient017_case01,IGM,IGM_patient017_0057.jpg,2,,off_target_fp,29,0,0.0,0.0,0.0,0.0,0,False
UNET_MTL_MASK_GUIDED,25,patient017,patient017_case01,IGM,IGM_patient017_0058.jpg,1,,off_target_fp,39,0,0.0,0.0,0.0,0.0,0,False
UNET_MTL_MASK_GUIDED,25,patient017,patient017_case01,IGM,IGM_patient017_0058.jpg,2,,off_target_fp,40,0,0.0,0.0,0.0,0.0,0,False
UNET_MTL_MASK_GUIDED,25,patient017,patient017_case01,IGM,IGM_patient017_0058.jpg,3,,off_target_fp,27,0,0.0,0.0,0.0,0.0,0,False
UNET_MTL_MASK_GUIDED,25,patient017,patient017_case01,IGM,IGM_patient017_0059.jpg,1,,off_target_fp,40,0,0.0,0.0,0.0,0.0,0,False
UNET_MTL_MASK_GUIDED,25,patient017,patient017_case01,IGM,IGM_patient017_0062.jpg,1,,off_target_fp,290,0,0.0,0.0,0.0,0.0,0,False
UNET_MTL_MASK_GUIDED,25,patient017,patient017_case01,IGM,IGM_patient017_0063.jpg,1,,off_target_fp,161,0,0.0,0.0,0.0,0.0,0,False
UNET_MTL_MASK_GUIDED,25,patient017,patient017_case01,IGM,IGM_patient017_0064.jpg,1,,off_target_fp,445,0,0.0,0.0,0.0,0.0,0,False
UNET_MTL_MASK_GUIDED,25,patient017,patient017_case01,IGM,IGM_patient017_0065.jpg,1,,off_target_fp,488,0,0.0,0.0,0.0,0.0,0,False
UNET_MTL_MASK_GUIDED,25,patient017,patient017_case01,IGM,IGM_patient017_0065.jpg,2,,off_target_fp,99,0,0.0,0.0,0.0,0.0,0,False
UNET_MTL_MASK_GUIDED,25,patient017,patient017_case01,IGM,IGM_patient017_0066.jpg,1,,off_target_fp,459,0,0.0,0.0,0.0,0.0,0,False
UNET_MTL_MASK_GUIDED,25,patient017,patient017_case01,IGM,IGM_patient017_0067.jpg,1,,off_target_fp,414,0,0.0,0.0,0.0,0.0,0,False
UNET_MTL_MASK_GUIDED,25,patient017,patient017_case01,IGM,IGM_patient017_0067.jpg,2,,off_target_fp,69,0,0.0,0.0,0.0,0.0,0,False
UNET_MTL_MASK_GUIDED,25,patient025,patient025_case01,IBC,IBC_patient021_0061.jpg,1,1.0,strong_75_plus,94,82,0.8913043478260869,0.8723404255319149,0.8723404255319149,0.7884615384615384,1,False
UNET_MTL_MASK_GUIDED,25,patient025,patient025_case01,IBC,IBC_patient021_0062.jpg,1,1.0,strong_75_plus,194,159,0.9464285714285714,0.8195876288659794,0.8195876288659794,0.7832512315270936,1,False
UNET_MTL_MASK_GUIDED,25,patient025,patient025_case01,IBC,IBC_patient021_0063.jpg,1,1.0,strong_75_plus,237,207,0.9764150943396226,0.8734177215189873,0.8734177215189873,0.8553719008264463,1,False
UNET_MTL_MASK_GUIDED,25,patient025,patient025_case01,IBC,IBC_patient021_0064.jpg,1,1.0,strong_75_plus,280,251,0.9507575757575758,0.8964285714285715,0.8964285714285715,0.856655290102389,1,False
UNET_MTL_MASK_GUIDED,25,patient025,patient025_case01,IBC,IBC_patient021_0064.jpg,2,,off_target_fp,38,0,0.0,0.0,0.0,0.0,0,False
UNET_MTL_MASK_GUIDED,25,patient025,patient025_case01,IBC,IBC_patient021_0065.jpg,1,1.0,strong_75_plus,308,240,0.967741935483871,0.7792207792207793,0.7792207792207793,0.759493670886076,1,False
UNET_MTL_MASK_GUIDED,25,patient025,patient025_case01,IBC,IBC_patient021_0065.jpg,2,,off_target_fp,55,0,0.0,0.0,0.0,0.0,0,False
UNET_MTL_MASK_GUIDED,25,patient025,patient025_case01,IBC,IBC_patient021_0066.jpg,1,,off_target_fp,138,0,0.0,0.0,0.0,0.0,0,False
UNET_MTL_MASK_GUIDED,25,patient025,patient025_case01,IBC,IBC_patient021_0066.jpg,2,1.0,strong_75_plus,177,167,0.8882978723404256,0.943502824858757,0.8882978723404256,0.8434343434343434,1,False
UNET_MTL_MASK_GUIDED,25,patient025,patient025_case01,IBC,IBC_patient021_0066.jpg,3,,off_target_fp,35,0,0.0,0.0,0.0,0.0,0,False
UNET_MTL_MASK_GUIDED,25,patient025,patient025_case01,IBC,IBC_patient021_0067.jpg,1,,off_target_fp,123,0,0.0,0.0,0.0,0.0,0,False
UNET_MTL_MASK_GUIDED,25,patient025,patient025_case01,IBC,IBC_patient021_0067.jpg,2,1.0,strong_75_plus,65,57,0.7916666666666666,0.8769230769230769,0.7916666666666666,0.7125,1,False
UNET_MTL_MASK_GUIDED,25,patient024,patient024_case01,IGM,IGM_patient021_0043.jpg,1,,off_target_fp,211,0,0.0,0.0,0.0,0.0,0,False
UNET_MTL_MASK_GUIDED,25,patient024,patient024_case01,IGM,IGM_patient021_0044.jpg,1,,off_target_fp,140,0,0.0,0.0,0.0,0.0,0,False
UNET_MTL_MASK_GUIDED,25,patient024,patient024_case01,IGM,IGM_patient021_0045.jpg,1,,off_target_fp,26,0,0.0,0.0,0.0,0.0,0,False
UNET_MTL_MASK_GUIDED,25,patient024,patient024_case01,IGM,IGM_patient021_0045.jpg,2,,off_target_fp,78,0,0.0,0.0,0.0,0.0,0,False
UNET_MTL_MASK_GUIDED,25,patient024,patient024_case01,IGM,IGM_patient021_0046.jpg,1,,off_target_fp,165,0,0.0,0.0,0.0,0.0,0,False
UNET_MTL_MASK_GUIDED,25,patient024,patient024_case01,IGM,IGM_patient021_0047.jpg,1,,off_target_fp,193,0,0.0,0.0,0.0,0.0,0,False
UNET_MTL_MASK_GUIDED,25,patient024,patient024_case01,IGM,IGM_patient021_0048.jpg,1,,off_target_fp,34,0,0.0,0.0,0.0,0.0,0,False
UNET_MTL_MASK_GUIDED,25,patient024,patient024_case01,IGM,IGM_patient021_0049.jpg,1,,off_target_fp,224,0,0.0,0.0,0.0,0.0,0,False
UNET_MTL_MASK_GUIDED,25,patient024,patient024_case01,IGM,IGM_patient021_0050.jpg,1,,off_target_fp,257,0,0.0,0.0,0.0,0.0,0,False
UNET_MTL_MASK_GUIDED,25,patient027,patient027_case01,IBC,IBC_patient022_0068.jpg,1,,off_target_fp,67,0,0.0,0.0,0.0,0.0,0,False
UNET_MTL_MASK_GUIDED,25,patient027,patient027_case01,IBC,IBC_patient022_0068.jpg,2,,off_target_fp,91,0,0.0,0.0,0.0,0.0,0,False
UNET_MTL_MASK_GUIDED,25,patient027,patient027_case01,IBC,IBC_patient022_0069.jpg,1,1.0,low_25_to_50,68,42,0.4772727272727273,0.6176470588235294,0.4772727272727273,0.3684210526315789,1,False
UNET_MTL_MASK_GUIDED,25,patient027,patient027_case01,IBC,IBC_patient022_0069.jpg,2,,off_target_fp,72,0,0.0,0.0,0.0,0.0,0,False
UNET_MTL_MASK_GUIDED,25,patient027,patient027_case01,IBC,IBC_patient022_0069.jpg,3,,off_target_fp,109,0,0.0,0.0,0.0,0.0,0,False
UNET_MTL_MASK_GUIDED,25,patient027,patient027_case01,IBC,IBC_patient022_0069.jpg,4,,off_target_fp,102,0,0.0,0.0,0.0,0.0,0,False
UNET_MTL_MASK_GUIDED,25,patient027,patient027_case01,IBC,IBC_patient022_0070.jpg,1,1.0,moderate_50_to_75,108,78,0.5735294117647058,0.7222222222222222,0.5735294117647058,0.46987951807228917,1,False
UNET_MTL_MASK_GUIDED,25,patient027,patient027_case01,IBC,IBC_patient022_0070.jpg,2,,off_target_fp,115,0,0.0,0.0,0.0,0.0,0,False
UNET_MTL_MASK_GUIDED,25,patient027,patient027_case01,IBC,IBC_patient022_0070.jpg,3,,off_target_fp,70,0,0.0,0.0,0.0,0.0,0,False
UNET_MTL_MASK_GUIDED,25,patient027,patient027_case01,IBC,IBC_patient022_0070.jpg,4,,off_target_fp,170,0,0.0,0.0,0.0,0.0,0,False
UNET_MTL_MASK_GUIDED,25,patient027,patient027_case01,IBC,IBC_patient022_0071.jpg,1,1.0,moderate_50_to_75,170,107,0.7039473684210527,0.6294117647058823,0.6294117647058823,0.49767441860465117,1,False
UNET_MTL_MASK_GUIDED,25,patient027,patient027_case01,IBC,IBC_patient022_0071.jpg,2,,off_target_fp,39,0,0.0,0.0,0.0,0.0,0,False
UNET_MTL_MASK_GUIDED,25,patient027,patient027_case01,IBC,IBC_patient022_0071.jpg,3,,off_target_fp,147,0,0.0,0.0,0.0,0.0,0,False
UNET_MTL_MASK_GUIDED,25,patient027,patient027_case01,IBC,IBC_patient022_0072.jpg,1,1.0,moderate_50_to_75,173,129,0.9485294117647058,0.7456647398843931,0.7456647398843931,0.7166666666666667,1,False
UNET_MTL_MASK_GUIDED,25,patient027,patient027_case01,IBC,IBC_patient022_0072.jpg,2,,off_target_fp,30,0,0.0,0.0,0.0,0.0,0,False
UNET_MTL_MASK_GUIDED,25,patient027,patient027_case01,IBC,IBC_patient022_0072.jpg,3,,off_target_fp,294,0,0.0,0.0,0.0,0.0,0,False
UNET_MTL_MASK_GUIDED,25,patient027,patient027_case01,IBC,IBC_patient022_0072.jpg,4,,off_target_fp,106,0,0.0,0.0,0.0,0.0,0,False
UNET_MTL_MASK_GUIDED,25,patient027,patient027_case01,IBC,IBC_patient022_0072.jpg,5,,off_target_fp,58,0,0.0,0.0,0.0,0.0,0,False
UNET_MTL_MASK_GUIDED,25,patient027,patient027_case01,IBC,IBC_patient022_0073.jpg,1,1.0,moderate_50_to_75,106,72,0.8571428571428571,0.6792452830188679,0.6792452830188679,0.6101694915254238,1,False
UNET_MTL_MASK_GUIDED,25,patient027,patient027_case01,IBC,IBC_patient022_0073.jpg,2,,off_target_fp,47,0,0.0,0.0,0.0,0.0,0,False
UNET_MTL_MASK_GUIDED,25,patient027,patient027_case01,IBC,IBC_patient022_0073.jpg,3,,off_target_fp,654,0,0.0,0.0,0.0,0.0,0,False
UNET_MTL_MASK_GUIDED,25,patient027,patient027_case01,IBC,IBC_patient022_0074.jpg,1,,off_target_fp,30,0,0.0,0.0,0.0,0.0,0,False
UNET_MTL_MASK_GUIDED,25,patient027,patient027_case01,IBC,IBC_patient022_0074.jpg,2,,off_target_fp,135,0,0.0,0.0,0.0,0.0,0,False
UNET_MTL_MASK_GUIDED,25,patient027,patient027_case01,IBC,IBC_patient022_0074.jpg,3,,off_target_fp,650,0,0.0,0.0,0.0,0.0,0,False
UNET_MTL_MASK_GUIDED,25,patient027,patient027_case01,IBC,IBC_patient022_0074.jpg,4,,off_target_fp,306,0,0.0,0.0,0.0,0.0,0,False
UNET_MTL_MASK_GUIDED,25,patient026,patient026_case01,IGM,IGM_patient022_0054.jpg,1,1.0,strong_75_plus,87,85,0.7870370370370371,0.9770114942528736,0.7870370370370371,0.7727272727272727,1,False
UNET_MTL_MASK_GUIDED,25,patient026,patient026_case01,IGM,IGM_patient022_0055.jpg,1,1.0,strong_75_plus,193,170,0.9239130434782609,0.8808290155440415,0.8808290155440415,0.821256038647343,1,False
UNET_MTL_MASK_GUIDED,25,patient026,patient026_case01,IGM,IGM_patient022_0055.jpg,2,,off_target_fp,96,0,0.0,0.0,0.0,0.0,0,False
UNET_MTL_MASK_GUIDED,25,patient026,patient026_case01,IGM,IGM_patient022_0055.jpg,3,,off_target_fp,52,0,0.0,0.0,0.0,0.0,0,False
UNET_MTL_MASK_GUIDED,25,patient026,patient026_case01,IGM,IGM_patient022_0056.jpg,1,1.0,strong_75_plus,223,188,0.94,0.8430493273542601,0.8430493273542601,0.8,1,False
UNET_MTL_MASK_GUIDED,25,patient026,patient026_case01,IGM,IGM_patient022_0056.jpg,2,,off_target_fp,150,0,0.0,0.0,0.0,0.0,0,False
UNET_MTL_MASK_GUIDED,25,patient026,patient026_case01,IGM,IGM_patient022_0056.jpg,3,,off_target_fp,69,0,0.0,0.0,0.0,0.0,0,False
UNET_MTL_MASK_GUIDED,25,patient026,patient026_case01,IGM,IGM_patient022_0057.jpg,1,1.0,strong_75_plus,190,164,0.9111111111111111,0.8631578947368421,0.8631578947368421,0.7961165048543689,1,False
UNET_MTL_MASK_GUIDED,25,patient026,patient026_case01,IGM,IGM_patient022_0057.jpg,2,,off_target_fp,162,0,0.0,0.0,0.0,0.0,0,False
UNET_MTL_MASK_GUIDED,25,patient026,patient026_case01,IGM,IGM_patient022_0058.jpg,1,1.0,moderate_50_to_75,62,61,0.5865384615384616,0.9838709677419355,0.5865384615384616,0.580952380952381,1,False
UNET_MTL_MASK_GUIDED,25,patient026,patient026_case01,IGM,IGM_patient022_0058.jpg,2,,off_target_fp,105,0,0.0,0.0,0.0,0.0,0,False
UNET_MTL_MASK_GUIDED,25,patient026,patient026_case01,IGM,IGM_patient022_0059.jpg,1,,off_target_fp,55,0,0.0,0.0,0.0,0.0,0,False
UNET_MTL_MASK_GUIDED,25,patient026,patient026_case01,IGM,IGM_patient022_0059.jpg,2,,off_target_fp,37,0,0.0,0.0,0.0,0.0,0,False
UNET_MTL_MASK_GUIDED,25,patient031,patient031_case01,IGM,IGM_patient026_0052.jpg,1,,off_target_fp,71,0,0.0,0.0,0.0,0.0,0,False
UNET_MTL_MASK_GUIDED,25,patient031,patient031_case01,IGM,IGM_patient026_0053.jpg,1,,off_target_fp,28,0,0.0,0.0,0.0,0.0,0,False
UNET_MTL_MASK_GUIDED,25,patient031,patient031_case01,IGM,IGM_patient026_0053.jpg,2,,off_target_fp,87,0,0.0,0.0,0.0,0.0,0,False
UNET_MTL_MASK_GUIDED,25,patient031,patient031_case01,IGM,IGM_patient026_0054.jpg,1,,off_target_fp,149,0,0.0,0.0,0.0,0.0,0,False
UNET_MTL_MASK_GUIDED,25,patient031,patient031_case01,IGM,IGM_patient026_0055.jpg,1,,off_target_fp,28,0,0.0,0.0,0.0,0.0,0,False
UNET_MTL_MASK_GUIDED,25,patient031,patient031_case01,IGM,IGM_patient026_0056.jpg,1,,off_target_fp,60,0,0.0,0.0,0.0,0.0,0,False
UNET_MTL_MASK_GUIDED,25,patient031,patient031_case01,IGM,IGM_patient026_0057.jpg,1,,off_target_fp,171,0,0.0,0.0,0.0,0.0,0,False
UNET_MTL_MASK_GUIDED,25,patient031,patient031_case01,IGM,IGM_patient026_0057.jpg,2,,off_target_fp,65,0,0.0,0.0,0.0,0.0,0,False
UNET_MTL_MASK_GUIDED,25,patient031,patient031_case01,IGM,IGM_patient026_0058.jpg,1,,off_target_fp,261,0,0.0,0.0,0.0,0.0,0,False
UNET_MTL_MASK_GUIDED,25,patient031,patient031_case01,IGM,IGM_patient026_0058.jpg,2,,off_target_fp,71,0,0.0,0.0,0.0,0.0,0,False
UNET_MTL_MASK_GUIDED,25,patient031,patient031_case01,IGM,IGM_patient026_0059.jpg,1,,off_target_fp,226,0,0.0,0.0,0.0,0.0,0,False
UNET_MTL_MASK_GUIDED,25,patient031,patient031_case01,IGM,IGM_patient026_0059.jpg,2,,off_target_fp,342,0,0.0,0.0,0.0,0.0,0,False
UNET_MTL_MASK_GUIDED,25,patient031,patient031_case01,IGM,IGM_patient026_0059.jpg,3,,off_target_fp,54,0,0.0,0.0,0.0,0.0,0,False
UNET_MTL_MASK_GUIDED,25,patient031,patient031_case01,IGM,IGM_patient026_0059.jpg,4,,off_target_fp,102,0,0.0,0.0,0.0,0.0,0,False
UNET_MTL_MASK_GUIDED,25,patient037,patient037_case01,IBC,IBC_patient029_0160.jpg,1,1.0,low_25_to_50,73,67,0.4527027027027027,0.9178082191780822,0.4527027027027027,0.43506493506493504,1,False
UNET_MTL_MASK_GUIDED,25,patient037,patient037_case01,IBC,IBC_patient029_0161.jpg,1,1.0,moderate_50_to_75,184,123,0.8092105263157895,0.6684782608695652,0.6684782608695652,0.5774647887323944,1,False
UNET_MTL_MASK_GUIDED,25,patient037,patient037_case01,IBC,IBC_patient029_0161.jpg,2,,off_target_fp,57,0,0.0,0.0,0.0,0.0,0,False
UNET_MTL_MASK_GUIDED,25,patient037,patient037_case01,IBC,IBC_patient029_0162.jpg,1,1.0,moderate_50_to_75,292,158,0.8404255319148937,0.541095890410959,0.541095890410959,0.4906832298136646,1,False
UNET_MTL_MASK_GUIDED,25,patient037,patient037_case01,IBC,IBC_patient029_0163.jpg,1,1.0,moderate_50_to_75,238,133,0.7732558139534884,0.5588235294117647,0.5588235294117647,0.48014440433212996,1,False
UNET_MTL_MASK_GUIDED,25,patient037,patient037_case01,IBC,IBC_patient029_0164.jpg,1,1.0,moderate_50_to_75,89,76,0.6333333333333333,0.8539325842696629,0.6333333333333333,0.5714285714285714,1,False
UNET_MTL_MASK_GUIDED,25,patient037,patient037_case01,IBC,IBC_patient029_0166.jpg,1,,off_target_fp,165,0,0.0,0.0,0.0,0.0,0,False
UNET_MTL_MASK_GUIDED,25,patient051,patient051_case01,IBC,IBC_patient037_0098.jpg,1,,off_target_fp,166,0,0.0,0.0,0.0,0.0,0,False
UNET_MTL_MASK_GUIDED,25,patient051,patient051_case01,IBC,IBC_patient037_0098.jpg,2,,off_target_fp,384,0,0.0,0.0,0.0,0.0,0,False
UNET_MTL_MASK_GUIDED,25,patient051,patient051_case01,IBC,IBC_patient037_0098.jpg,3,,off_target_fp,89,0,0.0,0.0,0.0,0.0,0,False
UNET_MTL_MASK_GUIDED,25,patient051,patient051_case01,IBC,IBC_patient037_0099.jpg,1,,off_target_fp,53,0,0.0,0.0,0.0,0.0,0,False
UNET_MTL_MASK_GUIDED,25,patient051,patient051_case01,IBC,IBC_patient037_0099.jpg,2,,off_target_fp,313,0,0.0,0.0,0.0,0.0,0,False
UNET_MTL_MASK_GUIDED,25,patient051,patient051_case01,IBC,IBC_patient037_0099.jpg,3,,off_target_fp,88,0,0.0,0.0,0.0,0.0,0,False
UNET_MTL_MASK_GUIDED,25,patient051,patient051_case01,IBC,IBC_patient037_0100.jpg,1,1.0,low_25_to_50,71,71,0.3858695652173913,1.0,0.3858695652173913,0.3858695652173913,1,False
UNET_MTL_MASK_GUIDED,25,patient051,patient051_case01,IBC,IBC_patient037_0100.jpg,2,,off_target_fp,116,0,0.0,0.0,0.0,0.0,0,False
UNET_MTL_MASK_GUIDED,25,patient051,patient051_case01,IBC,IBC_patient037_0100.jpg,3,,off_target_fp,44,0,0.0,0.0,0.0,0.0,0,False
UNET_MTL_MASK_GUIDED,25,patient051,patient051_case01,IBC,IBC_patient037_0100.jpg,4,,off_target_fp,38,0,0.0,0.0,0.0,0.0,0,False
UNET_MTL_MASK_GUIDED,25,patient051,patient051_case01,IBC,IBC_patient037_0101.jpg,1,1.0,strong_75_plus,259,221,0.8911290322580645,0.8532818532818532,0.8532818532818532,0.7727272727272727,1,False
UNET_MTL_MASK_GUIDED,25,patient051,patient051_case01,IBC,IBC_patient037_0102.jpg,1,1.0,strong_75_plus,408,360,0.967741935483871,0.8823529411764706,0.8823529411764706,0.8571428571428571,1,False
UNET_MTL_MASK_GUIDED,25,patient051,patient051_case01,IBC,IBC_patient037_0103.jpg,1,1.0,strong_75_plus,511,419,0.9789719626168224,0.8199608610567515,0.8199608610567515,0.8057692307692308,1,False
UNET_MTL_MASK_GUIDED,25,patient051,patient051_case01,IBC,IBC_patient037_0104.jpg,1,1.0,strong_75_plus,613,504,0.9618320610687023,0.8221859706362153,0.8221859706362153,0.7962085308056872,1,False
UNET_MTL_MASK_GUIDED,25,patient051,patient051_case01,IBC,IBC_patient037_0105.jpg,1,1.0,strong_75_plus,667,536,0.9852941176470589,0.8035982008995503,0.8035982008995503,0.794074074074074,1,False
UNET_MTL_MASK_GUIDED,25,patient051,patient051_case01,IBC,IBC_patient037_0105.jpg,2,,off_target_fp,29,0,0.0,0.0,0.0,0.0,0,False
UNET_MTL_MASK_GUIDED,25,patient051,patient051_case01,IBC,IBC_patient037_0106.jpg,1,1.0,strong_75_plus,709,573,0.9744897959183674,0.8081805359661495,0.8081805359661495,0.7914364640883977,1,False
UNET_MTL_MASK_GUIDED,25,patient051,patient051_case01,IBC,IBC_patient037_0107.jpg,1,1.0,strong_75_plus,769,603,0.9788961038961039,0.7841352405721717,0.7841352405721717,0.7710997442455243,1,False
UNET_MTL_MASK_GUIDED,25,patient051,patient051_case01,IBC,IBC_patient037_0108.jpg,1,1.0,strong_75_plus,808,637,0.9769938650306749,0.7883663366336634,0.7883663366336634,0.7739975698663426,1,False
UNET_MTL_MASK_GUIDED,25,patient051,patient051_case01,IBC,IBC_patient037_0108.jpg,2,,off_target_fp,38,0,0.0,0.0,0.0,0.0,0,False
UNET_MTL_MASK_GUIDED,25,patient051,patient051_case01,IBC,IBC_patient037_0109.jpg,1,1.0,moderate_50_to_75,827,617,0.9405487804878049,0.7460701330108828,0.7460701330108828,0.7124711316397229,1,False
UNET_MTL_MASK_GUIDED,25,patient051,patient051_case01,IBC,IBC_patient037_0109.jpg,2,,off_target_fp,38,0,0.0,0.0,0.0,0.0,0,False
UNET_MTL_MASK_GUIDED,25,patient051,patient051_case01,IBC,IBC_patient037_0109.jpg,3,,off_target_fp,36,0,0.0,0.0,0.0,0.0,0,False
UNET_MTL_MASK_GUIDED,25,patient051,patient051_case01,IBC,IBC_patient037_0109.jpg,4,,off_target_fp,50,0,0.0,0.0,0.0,0.0,0,False
UNET_MTL_MASK_GUIDED,25,patient051,patient051_case01,IBC,IBC_patient037_0110.jpg,1,1.0,strong_75_plus,822,627,0.9220588235294118,0.7627737226277372,0.7627737226277372,0.7165714285714285,1,False
UNET_MTL_MASK_GUIDED,25,patient051,patient051_case01,IBC,IBC_patient037_0110.jpg,2,,off_target_fp,287,0,0.0,0.0,0.0,0.0,0,False
UNET_MTL_MASK_GUIDED,25,patient051,patient051_case01,IBC,IBC_patient037_0110.jpg,3,,off_target_fp,56,0,0.0,0.0,0.0,0.0,0,False
UNET_MTL_MASK_GUIDED,25,patient051,patient051_case01,IBC,IBC_patient037_0111.jpg,1,1.0,strong_75_plus,758,594,0.9339622641509434,0.783641160949868,0.783641160949868,0.7425,1,False
UNET_MTL_MASK_GUIDED,25,patient051,patient051_case01,IBC,IBC_patient037_0111.jpg,2,,off_target_fp,464,0,0.0,0.0,0.0,0.0,0,False
UNET_MTL_MASK_GUIDED,25,patient051,patient051_case01,IBC,IBC_patient037_0111.jpg,3,,off_target_fp,48,0,0.0,0.0,0.0,0.0,0,False
UNET_MTL_MASK_GUIDED,25,patient051,patient051_case01,IBC,IBC_patient037_0112.jpg,1,1.0,moderate_50_to_75,713,533,0.9517857142857142,0.7475455820476858,0.7475455820476858,0.7202702702702702,1,False
UNET_MTL_MASK_GUIDED,25,patient051,patient051_case01,IBC,IBC_patient037_0112.jpg,2,,off_target_fp,494,0,0.0,0.0,0.0,0.0,0,False
UNET_MTL_MASK_GUIDED,25,patient051,patient051_case01,IBC,IBC_patient037_0112.jpg,3,,off_target_fp,28,0,0.0,0.0,0.0,0.0,0,False
UNET_MTL_MASK_GUIDED,25,patient051,patient051_case01,IBC,IBC_patient037_0112.jpg,4,,off_target_fp,60,0,0.0,0.0,0.0,0.0,0,False
UNET_MTL_MASK_GUIDED,25,patient051,patient051_case01,IBC,IBC_patient037_0113.jpg,1,1.0,moderate_50_to_75,711,504,0.984375,0.7088607594936709,0.7088607594936709,0.7009735744089013,1,False
UNET_MTL_MASK_GUIDED,25,patient051,patient051_case01,IBC,IBC_patient037_0113.jpg,2,,off_target_fp,671,0,0.0,0.0,0.0,0.0,0,False
UNET_MTL_MASK_GUIDED,25,patient051,patient051_case01,IBC,IBC_patient037_0113.jpg,3,,off_target_fp,27,0,0.0,0.0,0.0,0.0,0,False
UNET_MTL_MASK_GUIDED,25,patient051,patient051_case01,IBC,IBC_patient037_0113.jpg,4,,off_target_fp,110,0,0.0,0.0,0.0,0.0,0,False
UNET_MTL_MASK_GUIDED,25,patient051,patient051_case01,IBC,IBC_patient037_0114.jpg,1,1.0,moderate_50_to_75,710,418,0.9952380952380953,0.5887323943661972,0.5887323943661972,0.5870786516853933,1,False
UNET_MTL_MASK_GUIDED,25,patient051,patient051_case01,IBC,IBC_patient037_0114.jpg,2,,off_target_fp,748,0,0.0,0.0,0.0,0.0,0,False
UNET_MTL_MASK_GUIDED,25,patient051,patient051_case01,IBC,IBC_patient037_0114.jpg,3,,off_target_fp,173,0,0.0,0.0,0.0,0.0,0,False
UNET_MTL_MASK_GUIDED,25,patient051,patient051_case01,IBC,IBC_patient037_0115.jpg,1,1.0,moderate_50_to_75,596,353,0.9697802197802198,0.5922818791946308,0.5922818791946308,0.5815485996705108,1,False
UNET_MTL_MASK_GUIDED,25,patient051,patient051_case01,IBC,IBC_patient037_0115.jpg,2,,off_target_fp,724,0,0.0,0.0,0.0,0.0,0,False
UNET_MTL_MASK_GUIDED,25,patient051,patient051_case01,IBC,IBC_patient037_0115.jpg,3,,off_target_fp,47,0,0.0,0.0,0.0,0.0,0,False
UNET_MTL_MASK_GUIDED,25,patient051,patient051_case01,IBC,IBC_patient037_0116.jpg,1,1.0,moderate_50_to_75,499,324,0.9878048780487805,0.6492985971943888,0.6492985971943888,0.6441351888667992,1,False
UNET_MTL_MASK_GUIDED,25,patient051,patient051_case01,IBC,IBC_patient037_0116.jpg,2,,off_target_fp,738,0,0.0,0.0,0.0,0.0,0,False
UNET_MTL_MASK_GUIDED,25,patient051,patient051_case01,IBC,IBC_patient037_0117.jpg,1,1.0,moderate_50_to_75,461,303,0.9711538461538461,0.6572668112798264,0.6572668112798264,0.6446808510638298,1,False
UNET_MTL_MASK_GUIDED,25,patient051,patient051_case01,IBC,IBC_patient037_0117.jpg,2,,off_target_fp,724,0,0.0,0.0,0.0,0.0,0,False
UNET_MTL_MASK_GUIDED,25,patient051,patient051_case01,IBC,IBC_patient037_0118.jpg,1,1.0,low_25_to_50,381,166,0.9880952380952381,0.4356955380577428,0.4356955380577428,0.43342036553524804,1,False
UNET_MTL_MASK_GUIDED,25,patient051,patient051_case01,IBC,IBC_patient037_0118.jpg,2,,off_target_fp,697,0,0.0,0.0,0.0,0.0,0,False
UNET_MTL_MASK_GUIDED,25,patient051,patient051_case01,IBC,IBC_patient037_0119.jpg,1,1.0,low_25_to_50,199,87,0.9886363636363636,0.4371859296482412,0.4371859296482412,0.435,1,False
UNET_MTL_MASK_GUIDED,25,patient051,patient051_case01,IBC,IBC_patient037_0119.jpg,2,,off_target_fp,634,0,0.0,0.0,0.0,0.0,0,False
UNET_MTL_MASK_GUIDED,25,patient051,patient051_case01,IBC,IBC_patient037_0119.jpg,3,,off_target_fp,33,0,0.0,0.0,0.0,0.0,0,False
UNET_MTL_MASK_GUIDED,25,patient051,patient051_case01,IBC,IBC_patient037_0120.jpg,1,,off_target_fp,674,0,0.0,0.0,0.0,0.0,0,False
UNET_MTL_MASK_GUIDED,25,patient051,patient051_case01,IBC,IBC_patient037_0120.jpg,2,,off_target_fp,29,0,0.0,0.0,0.0,0.0,0,False
UNET_MTL_MASK_GUIDED,25,patient060,patient060_case01,IBC,IBC_patient041_0069.jpg,1,,off_target_fp,1001,0,0.0,0.0,0.0,0.0,0,False
UNET_MTL_MASK_GUIDED,25,patient060,patient060_case01,IBC,IBC_patient041_0070.jpg,1,,off_target_fp,1069,0,0.0,0.0,0.0,0.0,0,False
UNET_MTL_MASK_GUIDED,25,patient060,patient060_case01,IBC,IBC_patient041_0070.jpg,2,1.0,moderate_50_to_75,79,79,0.5337837837837838,1.0,0.5337837837837838,0.5337837837837838,1,False
UNET_MTL_MASK_GUIDED,25,patient060,patient060_case01,IBC,IBC_patient041_0071.jpg,1,,off_target_fp,1089,0,0.0,0.0,0.0,0.0,0,False
UNET_MTL_MASK_GUIDED,25,patient060,patient060_case01,IBC,IBC_patient041_0071.jpg,2,1.0,low_25_to_50,80,80,0.425531914893617,1.0,0.425531914893617,0.425531914893617,1,False
UNET_MTL_MASK_GUIDED,25,patient060,patient060_case01,IBC,IBC_patient041_0072.jpg,1,,off_target_fp,1057,0,0.0,0.0,0.0,0.0,0,False
UNET_MTL_MASK_GUIDED,25,patient060,patient060_case01,IBC,IBC_patient041_0076.jpg,1,,off_target_fp,706,0,0.0,0.0,0.0,0.0,0,False
UNET_MTL_MASK_GUIDED,25,patient060,patient060_case01,IBC,IBC_patient041_0077.jpg,1,,off_target_fp,665,0,0.0,0.0,0.0,0.0,0,False
UNET_MTL_MASK_GUIDED,25,patient060,patient060_case01,IBC,IBC_patient041_0077.jpg,2,1.0,partial_below_25,35,35,0.21341463414634146,1.0,0.21341463414634146,0.21341463414634146,1,False
UNET_MTL_MASK_GUIDED,25,patient060,patient060_case01,IBC,IBC_patient041_0078.jpg,1,,off_target_fp,123,0,0.0,0.0,0.0,0.0,0,False
UNET_MTL_MASK_GUIDED,25,patient060,patient060_case01,IBC,IBC_patient041_0078.jpg,2,1.0,moderate_50_to_75,114,113,0.6569767441860465,0.9912280701754386,0.6569767441860465,0.653179190751445,1,False
UNET_MTL_MASK_GUIDED,25,patient061,patient061_case01,IGM,IGM_patient041_0063.jpg,1,,off_target_fp,54,0,0.0,0.0,0.0,0.0,0,False
UNET_MTL_MASK_GUIDED,25,patient061,patient061_case01,IGM,IGM_patient041_0063.jpg,2,,off_target_fp,52,0,0.0,0.0,0.0,0.0,0,False
UNET_MTL_MASK_GUIDED,25,patient061,patient061_case01,IGM,IGM_patient041_0064.jpg,1,,off_target_fp,72,0,0.0,0.0,0.0,0.0,0,False
UNET_MTL_MASK_GUIDED,25,patient061,patient061_case01,IGM,IGM_patient041_0064.jpg,2,1.0,moderate_50_to_75,102,95,0.5397727272727273,0.9313725490196079,0.5397727272727273,0.5191256830601093,1,False
UNET_MTL_MASK_GUIDED,25,patient061,patient061_case01,IGM,IGM_patient041_0065.jpg,1,,off_target_fp,70,0,0.0,0.0,0.0,0.0,0,False
UNET_MTL_MASK_GUIDED,25,patient061,patient061_case01,IGM,IGM_patient041_0065.jpg,2,1.0,strong_75_plus,250,242,0.75625,0.968,0.75625,0.7378048780487805,1,False
UNET_MTL_MASK_GUIDED,25,patient061,patient061_case01,IGM,IGM_patient041_0066.jpg,1,,off_target_fp,75,0,0.0,0.0,0.0,0.0,0,False
UNET_MTL_MASK_GUIDED,25,patient061,patient061_case01,IGM,IGM_patient041_0066.jpg,2,1.0,strong_75_plus,334,330,0.7568807339449541,0.9880239520958084,0.7568807339449541,0.75,1,False
UNET_MTL_MASK_GUIDED,25,patient061,patient061_case01,IGM,IGM_patient041_0067.jpg,1,,off_target_fp,26,0,0.0,0.0,0.0,0.0,0,False
UNET_MTL_MASK_GUIDED,25,patient061,patient061_case01,IGM,IGM_patient041_0067.jpg,2,1.0,strong_75_plus,378,359,0.7942477876106194,0.9497354497354498,0.7942477876106194,0.7622080679405521,1,False
UNET_MTL_MASK_GUIDED,25,patient061,patient061_case01,IGM,IGM_patient041_0068.jpg,1,1.0,moderate_50_to_75,336,321,0.722972972972973,0.9553571428571429,0.722972972972973,0.6993464052287581,1,False
UNET_MTL_MASK_GUIDED,25,patient061,patient061_case01,IGM,IGM_patient041_0069.jpg,1,,off_target_fp,26,0,0.0,0.0,0.0,0.0,0,False
UNET_MTL_MASK_GUIDED,25,patient061,patient061_case01,IGM,IGM_patient041_0069.jpg,2,1.0,low_25_to_50,191,182,0.4595959595959596,0.9528795811518325,0.4595959595959596,0.44938271604938274,1,False
UNET_MTL_MASK_GUIDED,25,patient061,patient061_case01,IGM,IGM_patient041_0070.jpg,1,,off_target_fp,43,0,0.0,0.0,0.0,0.0,0,False
UNET_MTL_MASK_GUIDED,25,patient061,patient061_case01,IGM,IGM_patient041_0070.jpg,2,1.0,low_25_to_50,101,101,0.3607142857142857,1.0,0.3607142857142857,0.3607142857142857,1,False
UNET_MTL_MASK_GUIDED,25,patient061,patient061_case01,IGM,IGM_patient041_0071.jpg,1,,off_target_fp,156,0,0.0,0.0,0.0,0.0,0,False
UNET_MTL_MASK_GUIDED,25,patient066,patient066_case01,IBC,IBC_patient044_0050.jpg,1,1.0,moderate_50_to_75,155,148,0.6491228070175439,0.9548387096774194,0.6491228070175439,0.6297872340425532,1,False
UNET_MTL_MASK_GUIDED,25,patient066,patient066_case01,IBC,IBC_patient044_0051.jpg,1,,off_target_fp,135,0,0.0,0.0,0.0,0.0,0,False
UNET_MTL_MASK_GUIDED,25,patient066,patient066_case01,IBC,IBC_patient044_0051.jpg,2,1.0,strong_75_plus,226,199,0.7653846153846153,0.8805309734513275,0.7653846153846153,0.6933797909407665,1,False
UNET_MTL_MASK_GUIDED,25,patient066,patient066_case01,IBC,IBC_patient044_0052.jpg,1,,off_target_fp,27,0,0.0,0.0,0.0,0.0,0,False
UNET_MTL_MASK_GUIDED,25,patient066,patient066_case01,IBC,IBC_patient044_0052.jpg,2,1.0,strong_75_plus,277,243,0.8678571428571429,0.8772563176895307,0.8678571428571429,0.7738853503184714,1,False
UNET_MTL_MASK_GUIDED,25,patient066,patient066_case01,IBC,IBC_patient044_0053.jpg,1,,off_target_fp,104,0,0.0,0.0,0.0,0.0,0,False
UNET_MTL_MASK_GUIDED,25,patient066,patient066_case01,IBC,IBC_patient044_0053.jpg,2,1.0,strong_75_plus,202,168,0.875,0.8316831683168316,0.8316831683168316,0.7433628318584071,1,False
UNET_MTL_MASK_GUIDED,25,patient066,patient066_case01,IBC,IBC_patient044_0054.jpg,1,,off_target_fp,244,0,0.0,0.0,0.0,0.0,0,False
UNET_MTL_MASK_GUIDED,25,patient070,patient070_case01,IBC,IBC_patient046_0057.jpg,1,1.0,moderate_50_to_75,65,62,0.5535714285714286,0.9538461538461539,0.5535714285714286,0.5391304347826087,1,False
UNET_MTL_MASK_GUIDED,25,patient070,patient070_case01,IBC,IBC_patient046_0058.jpg,1,1.0,strong_75_plus,138,117,0.8357142857142857,0.8478260869565217,0.8357142857142857,0.7267080745341615,1,False
UNET_MTL_MASK_GUIDED,25,patient070,patient070_case01,IBC,IBC_patient046_0058.jpg,2,,off_target_fp,90,0,0.0,0.0,0.0,0.0,0,False
UNET_MTL_MASK_GUIDED,25,patient070,patient070_case01,IBC,IBC_patient046_0059.jpg,1,1.0,strong_75_plus,127,108,0.84375,0.8503937007874016,0.84375,0.7346938775510204,1,False
UNET_MTL_MASK_GUIDED,25,patient070,patient070_case01,IBC,IBC_patient046_0059.jpg,2,,off_target_fp,93,0,0.0,0.0,0.0,0.0,0,False
UNET_MTL_MASK_GUIDED,25,patient070,patient070_case01,IBC,IBC_patient046_0062.jpg,1,,off_target_fp,78,0,0.0,0.0,0.0,0.0,0,False
UNET_MTL_MASK_GUIDED,25,patient070,patient070_case01,IBC,IBC_patient046_0063.jpg,1,,off_target_fp,47,0,0.0,0.0,0.0,0.0,0,False
UNET_MTL_MASK_GUIDED,25,patient070,patient070_case01,IBC,IBC_patient046_0063.jpg,2,,off_target_fp,25,0,0.0,0.0,0.0,0.0,0,False
UNET_MTL_MASK_GUIDED,25,patient070,patient070_case01,IBC,IBC_patient046_0067.jpg,1,1.0,partial_below_25,56,56,0.22580645161290322,1.0,0.22580645161290322,0.22580645161290322,1,False
UNET_MTL_MASK_GUIDED,25,patient070,patient070_case01,IBC,IBC_patient046_0067.jpg,2,,off_target_fp,82,0,0.0,0.0,0.0,0.0,0,False
UNET_MTL_MASK_GUIDED,25,patient070,patient070_case01,IBC,IBC_patient046_0068.jpg,1,1.0,strong_75_plus,265,236,0.8805970149253731,0.8905660377358491,0.8805970149253731,0.7946127946127947,1,False
UNET_MTL_MASK_GUIDED,25,patient070,patient070_case01,IBC,IBC_patient046_0068.jpg,2,,off_target_fp,63,0,0.0,0.0,0.0,0.0,0,False
UNET_MTL_MASK_GUIDED,25,patient070,patient070_case01,IBC,IBC_patient046_0069.jpg,1,1.0,strong_75_plus,301,248,0.9538461538461539,0.8239202657807309,0.8239202657807309,0.792332268370607,1,False
UNET_MTL_MASK_GUIDED,25,patient070,patient070_case01,IBC,IBC_patient046_0069.jpg,2,,off_target_fp,26,0,0.0,0.0,0.0,0.0,0,False
UNET_MTL_MASK_GUIDED,25,patient070,patient070_case01,IBC,IBC_patient046_0070.jpg,1,1.0,strong_75_plus,192,173,0.8160377358490566,0.9010416666666666,0.8160377358490566,0.7489177489177489,1,False
UNET_MTL_MASK_GUIDED,25,patient070,patient070_case01,IBC,IBC_patient046_0071.jpg,1,,off_target_fp,94,0,0.0,0.0,0.0,0.0,0,False
UNET_MTL_MASK_GUIDED,25,patient070,patient070_case01,IBC,IBC_patient046_0071.jpg,2,,off_target_fp,53,0,0.0,0.0,0.0,0.0,0,False
UNET_MTL_MASK_GUIDED,25,patient072,patient072_case01,IBC,IBC_patient047_0052.jpg,1,,off_target_fp,84,0,0.0,0.0,0.0,0.0,0,False
UNET_MTL_MASK_GUIDED,25,patient072,patient072_case01,IBC,IBC_patient047_0052.jpg,2,,off_target_fp,404,0,0.0,0.0,0.0,0.0,0,False
UNET_MTL_MASK_GUIDED,25,patient072,patient072_case01,IBC,IBC_patient047_0053.jpg,1,,off_target_fp,193,0,0.0,0.0,0.0,0.0,0,False
UNET_MTL_MASK_GUIDED,25,patient072,patient072_case01,IBC,IBC_patient047_0053.jpg,2,,off_target_fp,1055,0,0.0,0.0,0.0,0.0,0,False
UNET_MTL_MASK_GUIDED,25,patient072,patient072_case01,IBC,IBC_patient047_0053.jpg,3,1.0,strong_75_plus,278,239,0.9484126984126984,0.8597122302158273,0.8597122302158273,0.8213058419243986,1,False
UNET_MTL_MASK_GUIDED,25,patient072,patient072_case01,IBC,IBC_patient047_0054.jpg,1,,off_target_fp,64,0,0.0,0.0,0.0,0.0,0,False
UNET_MTL_MASK_GUIDED,25,patient072,patient072_case01,IBC,IBC_patient047_0054.jpg,2,,off_target_fp,660,0,0.0,0.0,0.0,0.0,0,False
UNET_MTL_MASK_GUIDED,25,patient072,patient072_case01,IBC,IBC_patient047_0054.jpg,3,1.0,strong_75_plus,447,417,0.8760504201680672,0.9328859060402684,0.8760504201680672,0.8241106719367589,1,False
UNET_MTL_MASK_GUIDED,25,patient072,patient072_case01,IBC,IBC_patient047_0055.jpg,1,,off_target_fp,93,0,0.0,0.0,0.0,0.0,0,False
UNET_MTL_MASK_GUIDED,25,patient072,patient072_case01,IBC,IBC_patient047_0055.jpg,2,,off_target_fp,259,0,0.0,0.0,0.0,0.0,0,False
UNET_MTL_MASK_GUIDED,25,patient072,patient072_case01,IBC,IBC_patient047_0055.jpg,3,1.0,moderate_50_to_75,469,436,0.689873417721519,0.929637526652452,0.689873417721519,0.6556390977443609,1,False
UNET_MTL_MASK_GUIDED,25,patient072,patient072_case01,IBC,IBC_patient047_0056.jpg,1,1.0,moderate_50_to_75,420,417,0.5791666666666667,0.9928571428571429,0.5791666666666667,0.5767634854771784,1,False
UNET_MTL_MASK_GUIDED,25,patient072,patient072_case01,IBC,IBC_patient047_0057.jpg,1,,off_target_fp,27,0,0.0,0.0,0.0,0.0,0,False
UNET_MTL_MASK_GUIDED,25,patient072,patient072_case01,IBC,IBC_patient047_0058.jpg,1,,off_target_fp,93,0,0.0,0.0,0.0,0.0,0,False
UNET_MTL_MASK_GUIDED,25,patient072,patient072_case01,IBC,IBC_patient047_0058.jpg,2,,off_target_fp,236,0,0.0,0.0,0.0,0.0,0,False
UNET_MTL_MASK_GUIDED,25,patient072,patient072_case01,IBC,IBC_patient047_0058.jpg,3,1.0,partial_below_25,108,104,0.20155038759689922,0.9629629629629629,0.20155038759689922,0.2,1,False
UNET_MTL_MASK_GUIDED,25,patient072,patient072_case01,IBC,IBC_patient047_0059.jpg,1,,off_target_fp,229,0,0.0,0.0,0.0,0.0,0,False
UNET_MTL_MASK_GUIDED,25,patient072,patient072_case01,IBC,IBC_patient047_0059.jpg,2,,off_target_fp,396,0,0.0,0.0,0.0,0.0,0,False
UNET_MTL_MASK_GUIDED,25,patient072,patient072_case01,IBC,IBC_patient047_0059.jpg,3,1.0,low_25_to_50,51,51,0.2833333333333333,1.0,0.2833333333333333,0.2833333333333333,1,False
UNET_MTL_MASK_GUIDED,25,patient074,patient074_case01,IGM,IGM_patient048_0034.jpg,1,,off_target_fp,375,0,0.0,0.0,0.0,0.0,0,False
UNET_MTL_MASK_GUIDED,25,patient074,patient074_case01,IGM,IGM_patient048_0035.jpg,1,1.0,low_25_to_50,180,67,0.7976190476190477,0.37222222222222223,0.37222222222222223,0.3401015228426396,1,False
UNET_MTL_MASK_GUIDED,25,patient074,patient074_case01,IGM,IGM_patient048_0035.jpg,2,,off_target_fp,208,0,0.0,0.0,0.0,0.0,0,False
UNET_MTL_MASK_GUIDED,25,patient074,patient074_case01,IGM,IGM_patient048_0036.jpg,1,1.0,low_25_to_50,294,123,0.9609375,0.41836734693877553,0.41836734693877553,0.411371237458194,1,False
UNET_MTL_MASK_GUIDED,25,patient074,patient074_case01,IGM,IGM_patient048_0036.jpg,2,,off_target_fp,56,0,0.0,0.0,0.0,0.0,0,False
UNET_MTL_MASK_GUIDED,25,patient074,patient074_case01,IGM,IGM_patient048_0036.jpg,3,,off_target_fp,212,0,0.0,0.0,0.0,0.0,0,False
UNET_MTL_MASK_GUIDED,25,patient074,patient074_case01,IGM,IGM_patient048_0037.jpg,1,1.0,moderate_50_to_75,296,208,0.8387096774193549,0.7027027027027027,0.7027027027027027,0.6190476190476191,1,False
UNET_MTL_MASK_GUIDED,25,patient074,patient074_case01,IGM,IGM_patient048_0037.jpg,2,,off_target_fp,142,0,0.0,0.0,0.0,0.0,0,False
UNET_MTL_MASK_GUIDED,25,patient074,patient074_case01,IGM,IGM_patient048_0037.jpg,3,,off_target_fp,255,0,0.0,0.0,0.0,0.0,0,False
UNET_MTL_MASK_GUIDED,25,patient074,patient074_case01,IGM,IGM_patient048_0037.jpg,4,,off_target_fp,36,0,0.0,0.0,0.0,0.0,0,False
UNET_MTL_MASK_GUIDED,25,patient074,patient074_case01,IGM,IGM_patient048_0040.jpg,1,1.0,moderate_50_to_75,122,102,0.7285714285714285,0.8360655737704918,0.7285714285714285,0.6375,1,False
UNET_MTL_MASK_GUIDED,25,patient074,patient074_case01,IGM,IGM_patient048_0040.jpg,2,,off_target_fp,98,0,0.0,0.0,0.0,0.0,0,False
UNET_MTL_MASK_GUIDED,25,patient074,patient074_case01,IGM,IGM_patient048_0040.jpg,3,,off_target_fp,186,0,0.0,0.0,0.0,0.0,0,False
UNET_MTL_MASK_GUIDED,25,patient074,patient074_case01,IGM,IGM_patient048_0041.jpg,1,,off_target_fp,102,0,0.0,0.0,0.0,0.0,0,False
UNET_MTL_MASK_GUIDED,25,patient074,patient074_case01,IGM,IGM_patient048_0041.jpg,2,1.0,moderate_50_to_75,159,111,0.8161764705882353,0.6981132075471698,0.6981132075471698,0.6032608695652174,1,False
UNET_MTL_MASK_GUIDED,25,patient074,patient074_case01,IGM,IGM_patient048_0041.jpg,3,,off_target_fp,144,0,0.0,0.0,0.0,0.0,0,False
UNET_MTL_MASK_GUIDED,25,patient074,patient074_case01,IGM,IGM_patient048_0042.jpg,1,1.0,low_25_to_50,428,164,1.0,0.38317757009345793,0.38317757009345793,0.38317757009345793,1,False
UNET_MTL_MASK_GUIDED,25,patient074,patient074_case01,IGM,IGM_patient048_0042.jpg,2,,off_target_fp,31,0,0.0,0.0,0.0,0.0,0,False
UNET_MTL_MASK_GUIDED,25,patient074,patient074_case01,IGM,IGM_patient048_0042.jpg,3,,off_target_fp,42,0,0.0,0.0,0.0,0.0,0,False
UNET_MTL_MASK_GUIDED,25,patient074,patient074_case01,IGM,IGM_patient048_0043.jpg,1,1.0,low_25_to_50,528,173,0.9829545454545454,0.32765151515151514,0.32765151515151514,0.3258003766478343,1,False
UNET_MTL_MASK_GUIDED,25,patient074,patient074_case01,IGM,IGM_patient048_0043.jpg,2,,off_target_fp,105,0,0.0,0.0,0.0,0.0,0,False
UNET_MTL_MASK_GUIDED,25,patient074,patient074_case01,IGM,IGM_patient048_0044.jpg,1,1.0,moderate_50_to_75,272,173,0.8160377358490566,0.6360294117647058,0.6360294117647058,0.5562700964630225,1,False
UNET_MTL_MASK_GUIDED,25,patient074,patient074_case01,IGM,IGM_patient048_0044.jpg,2,,off_target_fp,29,0,0.0,0.0,0.0,0.0,0,False
UNET_MTL_MASK_GUIDED,25,patient074,patient074_case01,IGM,IGM_patient048_0044.jpg,3,,off_target_fp,152,0,0.0,0.0,0.0,0.0,0,False
UNET_MTL_MASK_GUIDED,25,patient074,patient074_case01,IGM,IGM_patient048_0044.jpg,4,,off_target_fp,53,0,0.0,0.0,0.0,0.0,0,False
UNET_MTL_MASK_GUIDED,25,patient074,patient074_case01,IGM,IGM_patient048_0044.jpg,5,,off_target_fp,30,0,0.0,0.0,0.0,0.0,0,False
UNET_MTL_MASK_GUIDED,25,patient074,patient074_case01,IGM,IGM_patient048_0045.jpg,1,1.0,moderate_50_to_75,304,196,0.9245283018867925,0.6447368421052632,0.6447368421052632,0.6125,1,False
UNET_MTL_MASK_GUIDED,25,patient074,patient074_case01,IGM,IGM_patient048_0045.jpg,2,,off_target_fp,31,0,0.0,0.0,0.0,0.0,0,False
UNET_MTL_MASK_GUIDED,25,patient074,patient074_case01,IGM,IGM_patient048_0046.jpg,1,,off_target_fp,68,0,0.0,0.0,0.0,0.0,0,False
UNET_MTL_MASK_GUIDED,25,patient074,patient074_case01,IGM,IGM_patient048_0046.jpg,2,1.0,moderate_50_to_75,436,312,1.0,0.7155963302752294,0.7155963302752294,0.7155963302752294,1,False
UNET_MTL_MASK_GUIDED,25,patient074,patient074_case01,IGM,IGM_patient048_0047.jpg,1,,off_target_fp,67,0,0.0,0.0,0.0,0.0,0,False
UNET_MTL_MASK_GUIDED,25,patient074,patient074_case01,IGM,IGM_patient048_0047.jpg,2,1.0,moderate_50_to_75,548,409,0.9927184466019418,0.7463503649635036,0.7463503649635036,0.7422867513611615,1,False
UNET_MTL_MASK_GUIDED,25,patient074,patient074_case01,IGM,IGM_patient048_0048.jpg,1,,off_target_fp,140,0,0.0,0.0,0.0,0.0,0,False
UNET_MTL_MASK_GUIDED,25,patient074,patient074_case01,IGM,IGM_patient048_0048.jpg,2,1.0,moderate_50_to_75,636,476,0.9834710743801653,0.7484276729559748,0.7484276729559748,0.7391304347826086,1,False
UNET_MTL_MASK_GUIDED,25,patient074,patient074_case01,IGM,IGM_patient048_0049.jpg,1,,off_target_fp,150,0,0.0,0.0,0.0,0.0,0,False
UNET_MTL_MASK_GUIDED,25,patient074,patient074_case01,IGM,IGM_patient048_0049.jpg,2,1.0,strong_75_plus,686,550,0.9963768115942029,0.8017492711370262,0.8017492711370262,0.7994186046511628,1,False
UNET_MTL_MASK_GUIDED,25,patient074,patient074_case01,IGM,IGM_patient048_0049.jpg,3,,off_target_fp,62,0,0.0,0.0,0.0,0.0,0,False
UNET_MTL_MASK_GUIDED,25,patient074,patient074_case01,IGM,IGM_patient048_0050.jpg,1,1.0,strong_75_plus,660,531,0.9833333333333333,0.8045454545454546,0.8045454545454546,0.7937219730941704,1,False
UNET_MTL_MASK_GUIDED,25,patient074,patient074_case01,IGM,IGM_patient048_0051.jpg,1,,off_target_fp,40,0,0.0,0.0,0.0,0.0,0,False
UNET_MTL_MASK_GUIDED,25,patient074,patient074_case01,IGM,IGM_patient048_0051.jpg,2,1.0,strong_75_plus,490,389,0.9823232323232324,0.7938775510204081,0.7938775510204081,0.7826961770623743,1,False
UNET_MTL_MASK_GUIDED,25,patient074,patient074_case01,IGM,IGM_patient048_0051.jpg,3,,off_target_fp,170,0,0.0,0.0,0.0,0.0,0,False
UNET_MTL_MASK_GUIDED,25,patient083,patient083_case01,IGM,IGM_patient052_0059.jpg,1,1.0,moderate_50_to_75,75,73,0.73,0.9733333333333334,0.73,0.7156862745098039,1,False
UNET_MTL_MASK_GUIDED,25,patient083,patient083_case01,IGM,IGM_patient052_0059.jpg,2,,off_target_fp,30,0,0.0,0.0,0.0,0.0,0,False
UNET_MTL_MASK_GUIDED,25,patient083,patient083_case01,IGM,IGM_patient052_0060.jpg,1,1.0,moderate_50_to_75,132,120,0.6818181818181818,0.9090909090909091,0.6818181818181818,0.6382978723404256,1,False
UNET_MTL_MASK_GUIDED,25,patient083,patient083_case01,IGM,IGM_patient052_0061.jpg,1,1.0,strong_75_plus,193,183,0.8169642857142857,0.9481865284974094,0.8169642857142857,0.782051282051282,1,False
UNET_MTL_MASK_GUIDED,25,patient083,patient083_case01,IGM,IGM_patient052_0062.jpg,1,1.0,strong_75_plus,244,231,0.90234375,0.9467213114754098,0.90234375,0.8587360594795539,1,False
UNET_MTL_MASK_GUIDED,25,patient083,patient083_case01,IGM,IGM_patient052_0062.jpg,2,,off_target_fp,44,0,0.0,0.0,0.0,0.0,0,False
UNET_MTL_MASK_GUIDED,25,patient083,patient083_case01,IGM,IGM_patient052_0063.jpg,1,1.0,strong_75_plus,269,244,0.9104477611940298,0.9070631970260223,0.9070631970260223,0.8327645051194539,1,False
UNET_MTL_MASK_GUIDED,25,patient083,patient083_case01,IGM,IGM_patient052_0063.jpg,2,,off_target_fp,121,0,0.0,0.0,0.0,0.0,0,False
UNET_MTL_MASK_GUIDED,25,patient083,patient083_case01,IGM,IGM_patient052_0064.jpg,1,1.0,strong_75_plus,277,251,0.98046875,0.9061371841155235,0.9061371841155235,0.8900709219858156,1,False
UNET_MTL_MASK_GUIDED,25,patient083,patient083_case01,IGM,IGM_patient052_0064.jpg,2,,off_target_fp,214,0,0.0,0.0,0.0,0.0,0,False
UNET_MTL_MASK_GUIDED,25,patient083,patient083_case01,IGM,IGM_patient052_0065.jpg,1,1.0,strong_75_plus,215,199,0.7653846153846153,0.9255813953488372,0.7653846153846153,0.7210144927536232,1,False
UNET_MTL_MASK_GUIDED,25,patient083,patient083_case01,IGM,IGM_patient052_0065.jpg,2,,off_target_fp,223,0,0.0,0.0,0.0,0.0,0,False
UNET_MTL_MASK_GUIDED,25,patient083,patient083_case01,IGM,IGM_patient052_0066.jpg,1,1.0,strong_75_plus,142,136,0.918918918918919,0.9577464788732394,0.918918918918919,0.8831168831168831,1,False
UNET_MTL_MASK_GUIDED,25,patient083,patient083_case01,IGM,IGM_patient052_0066.jpg,2,,off_target_fp,25,0,0.0,0.0,0.0,0.0,0,False
UNET_MTL_MASK_GUIDED,25,patient083,patient083_case01,IGM,IGM_patient052_0066.jpg,3,,off_target_fp,131,0,0.0,0.0,0.0,0.0,0,False
UNET_MTL_MASK_GUIDED,25,patient083,patient083_case01,IGM,IGM_patient052_0066.jpg,4,,off_target_fp,38,0,0.0,0.0,0.0,0.0,0,False
UNET_MTL_MASK_GUIDED,25,patient083,patient083_case01,IGM,IGM_patient052_0067.jpg,1,1.0,low_25_to_50,76,75,0.4076086956521739,0.9868421052631579,0.4076086956521739,0.40540540540540543,1,False
UNET_MTL_MASK_GUIDED,25,patient083,patient083_case01,IGM,IGM_patient052_0067.jpg,2,1.0,low_25_to_50,82,73,0.3967391304347826,0.8902439024390244,0.3967391304347826,0.37823834196891193,1,False
UNET_MTL_MASK_GUIDED,25,patient083,patient083_case01,IGM,IGM_patient052_0067.jpg,3,,off_target_fp,260,0,0.0,0.0,0.0,0.0,0,False
UNET_MTL_MASK_GUIDED,25,patient083,patient083_case01,IGM,IGM_patient052_0068.jpg,1,1.0,strong_75_plus,109,104,0.7647058823529411,0.9541284403669725,0.7647058823529411,0.7375886524822695,1,False
UNET_MTL_MASK_GUIDED,25,patient083,patient083_case01,IGM,IGM_patient052_0068.jpg,2,,off_target_fp,152,0,0.0,0.0,0.0,0.0,0,False
UNET_MTL_MASK_GUIDED,25,patient083,patient083_case01,IGM,IGM_patient052_0068.jpg,3,,off_target_fp,27,0,0.0,0.0,0.0,0.0,0,False
UNET_MTL_MASK_GUIDED,25,patient083,patient083_case01,IGM,IGM_patient052_0069.jpg,1,1.0,strong_75_plus,141,136,0.85,0.9645390070921985,0.85,0.8242424242424242,1,False
UNET_MTL_MASK_GUIDED,25,patient083,patient083_case01,IGM,IGM_patient052_0069.jpg,2,,off_target_fp,66,0,0.0,0.0,0.0,0.0,0,False
UNET_MTL_MASK_GUIDED,25,patient083,patient083_case01,IGM,IGM_patient052_0069.jpg,3,,off_target_fp,103,0,0.0,0.0,0.0,0.0,0,False
UNET_MTL_MASK_GUIDED,25,patient083,patient083_case01,IGM,IGM_patient052_0070.jpg,1,1.0,strong_75_plus,153,137,0.9013157894736842,0.8954248366013072,0.8954248366013072,0.8154761904761905,1,False
UNET_MTL_MASK_GUIDED,25,patient083,patient083_case01,IGM,IGM_patient052_0070.jpg,2,,off_target_fp,58,0,0.0,0.0,0.0,0.0,0,False
UNET_MTL_MASK_GUIDED,25,patient083,patient083_case01,IGM,IGM_patient052_0070.jpg,3,,off_target_fp,132,0,0.0,0.0,0.0,0.0,0,False
UNET_MTL_MASK_GUIDED,25,patient083,patient083_case01,IGM,IGM_patient052_0070.jpg,4,,off_target_fp,126,0,0.0,0.0,0.0,0.0,0,False
UNET_MTL_MASK_GUIDED,25,patient083,patient083_case01,IGM,IGM_patient052_0070.jpg,5,,off_target_fp,29,0,0.0,0.0,0.0,0.0,0,False
UNET_MTL_MASK_GUIDED,25,patient083,patient083_case01,IGM,IGM_patient052_0071.jpg,1,1.0,strong_75_plus,131,122,0.782051282051282,0.9312977099236641,0.782051282051282,0.7393939393939394,1,False
UNET_MTL_MASK_GUIDED,25,patient083,patient083_case01,IGM,IGM_patient052_0071.jpg,2,,off_target_fp,156,0,0.0,0.0,0.0,0.0,0,False
UNET_MTL_MASK_GUIDED,25,patient083,patient083_case01,IGM,IGM_patient052_0071.jpg,3,,off_target_fp,106,0,0.0,0.0,0.0,0.0,0,False
UNET_MTL_MASK_GUIDED,25,patient083,patient083_case01,IGM,IGM_patient052_0071.jpg,4,,off_target_fp,80,0,0.0,0.0,0.0,0.0,0,False
UNET_MTL_MASK_GUIDED,25,patient083,patient083_case01,IGM,IGM_patient052_0072.jpg,1,1.0,low_25_to_50,68,65,0.4276315789473684,0.9558823529411765,0.4276315789473684,0.41935483870967744,1,False
UNET_MTL_MASK_GUIDED,25,patient083,patient083_case01,IGM,IGM_patient052_0072.jpg,2,,off_target_fp,83,0,0.0,0.0,0.0,0.0,0,False
UNET_MTL_MASK_GUIDED,25,patient086,patient086_case01,IGM,IGM_patient053_0060.jpg,1,,off_target_fp,423,0,0.0,0.0,0.0,0.0,0,False
UNET_MTL_MASK_GUIDED,25,patient086,patient086_case01,IGM,IGM_patient053_0060.jpg,2,,off_target_fp,81,0,0.0,0.0,0.0,0.0,0,False
UNET_MTL_MASK_GUIDED,25,patient086,patient086_case01,IGM,IGM_patient053_0061.jpg,1,,off_target_fp,417,0,0.0,0.0,0.0,0.0,0,False
UNET_MTL_MASK_GUIDED,25,patient086,patient086_case01,IGM,IGM_patient053_0061.jpg,2,,off_target_fp,113,0,0.0,0.0,0.0,0.0,0,False
UNET_MTL_MASK_GUIDED,25,patient086,patient086_case01,IGM,IGM_patient053_0061.jpg,3,1.0,low_25_to_50,105,105,0.3547297297297297,1.0,0.3547297297297297,0.3547297297297297,1,False
UNET_MTL_MASK_GUIDED,25,patient086,patient086_case01,IGM,IGM_patient053_0062.jpg,1,,off_target_fp,412,0,0.0,0.0,0.0,0.0,0,False
UNET_MTL_MASK_GUIDED,25,patient086,patient086_case01,IGM,IGM_patient053_0062.jpg,2,,off_target_fp,48,0,0.0,0.0,0.0,0.0,0,False
UNET_MTL_MASK_GUIDED,25,patient086,patient086_case01,IGM,IGM_patient053_0062.jpg,3,,off_target_fp,163,0,0.0,0.0,0.0,0.0,0,False
UNET_MTL_MASK_GUIDED,25,patient086,patient086_case01,IGM,IGM_patient053_0062.jpg,4,1.0,low_25_to_50,100,100,0.4166666666666667,1.0,0.4166666666666667,0.4166666666666667,1,False
UNET_MTL_MASK_GUIDED,25,patient086,patient086_case01,IGM,IGM_patient053_0063.jpg,1,,off_target_fp,359,0,0.0,0.0,0.0,0.0,0,False
UNET_MTL_MASK_GUIDED,25,patient086,patient086_case01,IGM,IGM_patient053_0063.jpg,2,,off_target_fp,143,0,0.0,0.0,0.0,0.0,0,False
UNET_MTL_MASK_GUIDED,25,patient086,patient086_case01,IGM,IGM_patient053_0063.jpg,3,,off_target_fp,211,0,0.0,0.0,0.0,0.0,0,False
UNET_MTL_MASK_GUIDED,25,patient086,patient086_case01,IGM,IGM_patient053_0063.jpg,4,1.0,low_25_to_50,103,102,0.3923076923076923,0.9902912621359223,0.3923076923076923,0.39080459770114945,1,False
UNET_MTL_MASK_GUIDED,25,patient086,patient086_case01,IGM,IGM_patient053_0064.jpg,1,,off_target_fp,404,0,0.0,0.0,0.0,0.0,0,False
UNET_MTL_MASK_GUIDED,25,patient086,patient086_case01,IGM,IGM_patient053_0064.jpg,2,,off_target_fp,151,0,0.0,0.0,0.0,0.0,0,False
UNET_MTL_MASK_GUIDED,25,patient086,patient086_case01,IGM,IGM_patient053_0064.jpg,3,,off_target_fp,113,0,0.0,0.0,0.0,0.0,0,False
UNET_MTL_MASK_GUIDED,25,patient086,patient086_case01,IGM,IGM_patient053_0064.jpg,4,1.0,moderate_50_to_75,119,119,0.6761363636363636,1.0,0.6761363636363636,0.6761363636363636,1,False
UNET_MTL_MASK_GUIDED,25,patient086,patient086_case01,IGM,IGM_patient053_0065.jpg,1,,off_target_fp,386,0,0.0,0.0,0.0,0.0,0,False
UNET_MTL_MASK_GUIDED,25,patient086,patient086_case01,IGM,IGM_patient053_0065.jpg,2,,off_target_fp,107,0,0.0,0.0,0.0,0.0,0,False
UNET_MTL_MASK_GUIDED,25,patient086,patient086_case01,IGM,IGM_patient053_0065.jpg,3,,off_target_fp,382,0,0.0,0.0,0.0,0.0,0,False
UNET_MTL_MASK_GUIDED,25,patient086,patient086_case01,IGM,IGM_patient053_0066.jpg,1,,off_target_fp,340,0,0.0,0.0,0.0,0.0,0,False
UNET_MTL_MASK_GUIDED,25,patient086,patient086_case01,IGM,IGM_patient053_0066.jpg,2,,off_target_fp,590,0,0.0,0.0,0.0,0.0,0,False
UNET_MTL_MASK_GUIDED,25,patient091,patient091_case01,IBC,IBC_patient056_0041.jpg,1,1.0,strong_75_plus,59,53,0.828125,0.8983050847457628,0.828125,0.7571428571428571,1,False
UNET_MTL_MASK_GUIDED,25,patient091,patient091_case01,IBC,IBC_patient056_0042.jpg,1,,off_target_fp,68,0,0.0,0.0,0.0,0.0,0,False
UNET_MTL_MASK_GUIDED,25,patient091,patient091_case01,IBC,IBC_patient056_0045.jpg,1,,off_target_fp,264,0,0.0,0.0,0.0,0.0,0,False
UNET_MTL_MASK_GUIDED,25,patient091,patient091_case01,IBC,IBC_patient056_0046.jpg,1,,off_target_fp,604,0,0.0,0.0,0.0,0.0,0,False
UNET_MTL_MASK_GUIDED,25,patient091,patient091_case01,IBC,IBC_patient056_0046.jpg,2,,off_target_fp,52,0,0.0,0.0,0.0,0.0,0,False
UNET_MTL_MASK_GUIDED,25,patient091,patient091_case01,IBC,IBC_patient056_0047.jpg,1,,off_target_fp,790,0,0.0,0.0,0.0,0.0,0,False
UNET_MTL_MASK_GUIDED,25,patient091,patient091_case01,IBC,IBC_patient056_0047.jpg,2,,off_target_fp,350,0,0.0,0.0,0.0,0.0,0,False
UNET_MTL_MASK_GUIDED,25,patient091,patient091_case01,IBC,IBC_patient056_0047.jpg,3,,off_target_fp,147,0,0.0,0.0,0.0,0.0,0,False
UNET_MTL_MASK_GUIDED,25,patient092,patient092_case01,IBC,IBC_patient057_0044.jpg,1,,off_target_fp,46,0,0.0,0.0,0.0,0.0,0,False
UNET_MTL_MASK_GUIDED,25,patient092,patient092_case01,IBC,IBC_patient057_0044.jpg,2,,off_target_fp,157,0,0.0,0.0,0.0,0.0,0,False
UNET_MTL_MASK_GUIDED,25,patient092,patient092_case01,IBC,IBC_patient057_0045.jpg,1,,off_target_fp,118,0,0.0,0.0,0.0,0.0,0,False
UNET_MTL_MASK_GUIDED,25,patient092,patient092_case01,IBC,IBC_patient057_0045.jpg,2,1.0,moderate_50_to_75,486,320,0.7692307692307693,0.6584362139917695,0.6584362139917695,0.5498281786941581,1,False
UNET_MTL_MASK_GUIDED,25,patient092,patient092_case01,IBC,IBC_patient057_0046.jpg,1,,off_target_fp,239,0,0.0,0.0,0.0,0.0,0,False
UNET_MTL_MASK_GUIDED,25,patient092,patient092_case01,IBC,IBC_patient057_0046.jpg,2,1.0,strong_75_plus,474,386,0.8772727272727273,0.8143459915611815,0.8143459915611815,0.7310606060606061,1,False
UNET_MTL_MASK_GUIDED,25,patient092,patient092_case01,IBC,IBC_patient057_0047.jpg,1,,off_target_fp,268,0,0.0,0.0,0.0,0.0,0,False
UNET_MTL_MASK_GUIDED,25,patient092,patient092_case01,IBC,IBC_patient057_0047.jpg,2,1.0,strong_75_plus,302,298,0.8563218390804598,0.9867549668874173,0.8563218390804598,0.8465909090909091,1,False
UNET_MTL_MASK_GUIDED,25,patient092,patient092_case01,IBC,IBC_patient057_0048.jpg,1,,off_target_fp,265,0,0.0,0.0,0.0,0.0,0,False
UNET_MTL_MASK_GUIDED,25,patient092,patient092_case01,IBC,IBC_patient057_0048.jpg,2,1.0,moderate_50_to_75,146,146,0.5615384615384615,1.0,0.5615384615384615,0.5615384615384615,1,False
UNET_MTL_MASK_GUIDED,25,patient096,patient096_case01,IGM,IGM_patient006_0060.jpg,1,,off_target_fp,52,0,0.0,0.0,0.0,0.0,0,False
UNET_MTL_MASK_GUIDED,25,patient096,patient096_case01,IGM,IGM_patient006_0060.jpg,2,,off_target_fp,52,0,0.0,0.0,0.0,0.0,0,False
UNET_MTL_MASK_GUIDED,25,patient096,patient096_case01,IGM,IGM_patient006_0061.jpg,1,1.0,strong_75_plus,154,150,0.78125,0.974025974025974,0.78125,0.7653061224489796,1,False
UNET_MTL_MASK_GUIDED,25,patient096,patient096_case01,IGM,IGM_patient006_0061.jpg,2,,off_target_fp,136,0,0.0,0.0,0.0,0.0,0,False
UNET_MTL_MASK_GUIDED,25,patient096,patient096_case01,IGM,IGM_patient006_0062.jpg,1,1.0,strong_75_plus,242,198,0.9705882352941176,0.8181818181818182,0.8181818181818182,0.7983870967741935,1,False
UNET_MTL_MASK_GUIDED,25,patient096,patient096_case01,IGM,IGM_patient006_0062.jpg,2,,off_target_fp,62,0,0.0,0.0,0.0,0.0,0,False
UNET_MTL_MASK_GUIDED,25,patient096,patient096_case01,IGM,IGM_patient006_0062.jpg,3,,off_target_fp,123,0,0.0,0.0,0.0,0.0,0,False
UNET_MTL_MASK_GUIDED,25,patient096,patient096_case01,IGM,IGM_patient006_0063.jpg,1,1.0,moderate_50_to_75,398,237,0.9115384615384615,0.5954773869346733,0.5954773869346733,0.5629453681710214,1,False
UNET_MTL_MASK_GUIDED,25,patient096,patient096_case01,IGM,IGM_patient006_0063.jpg,2,,off_target_fp,85,0,0.0,0.0,0.0,0.0,0,False
UNET_MTL_MASK_GUIDED,25,patient096,patient096_case01,IGM,IGM_patient006_0064.jpg,1,1.0,moderate_50_to_75,233,174,0.925531914893617,0.7467811158798283,0.7467811158798283,0.7044534412955465,1,False
UNET_MTL_MASK_GUIDED,25,patient096,patient096_case01,IGM,IGM_patient006_0064.jpg,2,,off_target_fp,137,0,0.0,0.0,0.0,0.0,0,False
UNET_MTL_MASK_GUIDED,25,patient096,patient096_case01,IGM,IGM_patient006_0064.jpg,3,,off_target_fp,104,0,0.0,0.0,0.0,0.0,0,False
UNET_MTL_MASK_GUIDED,25,patient096,patient096_case01,IGM,IGM_patient006_0065.jpg,1,1.0,moderate_50_to_75,128,113,0.743421052631579,0.8828125,0.743421052631579,0.6766467065868264,1,False
UNET_MTL_MASK_GUIDED,25,patient096,patient096_case01,IGM,IGM_patient006_0065.jpg,2,,off_target_fp,94,0,0.0,0.0,0.0,0.0,0,False
UNET_MTL_MASK_GUIDED,25,patient096,patient096_case01,IGM,IGM_patient006_0065.jpg,3,,off_target_fp,34,0,0.0,0.0,0.0,0.0,0,False
UNET_MTL_MASK_GUIDED,25,patient096,patient096_case01,IGM,IGM_patient006_0065.jpg,4,,off_target_fp,45,0,0.0,0.0,0.0,0.0,0,False
UNET_MTL_MASK_GUIDED,25,patient096,patient096_case01,IGM,IGM_patient006_0066.jpg,1,1.0,low_25_to_50,45,41,0.33064516129032256,0.9111111111111111,0.33064516129032256,0.3203125,1,False
UNET_MTL_MASK_GUIDED,25,patient096,patient096_case01,IGM,IGM_patient006_0066.jpg,2,,off_target_fp,118,0,0.0,0.0,0.0,0.0,0,False
UNET_MTL_MASK_GUIDED,25,patient096,patient096_case01,IGM,IGM_patient006_0067.jpg,1,,off_target_fp,163,0,0.0,0.0,0.0,0.0,0,False
UNET_MTL_MASK_GUIDED,25,patient096,patient096_case01,IGM,IGM_patient006_0067.jpg,2,,off_target_fp,34,0,0.0,0.0,0.0,0.0,0,False
UNET_MTL_MASK_GUIDED,25,patient096,patient096_case01,IGM,IGM_patient006_0068.jpg,1,,off_target_fp,158,0,0.0,0.0,0.0,0.0,0,False
UNET_MTL_MASK_GUIDED,25,patient096,patient096_case01,IGM,IGM_patient006_0068.jpg,2,,off_target_fp,30,0,0.0,0.0,0.0,0.0,0,False
UNET_MTL_MASK_GUIDED,25,patient096,patient096_case01,IGM,IGM_patient006_0069.jpg,1,1.0,moderate_50_to_75,88,86,0.581081081081081,0.9772727272727273,0.581081081081081,0.5733333333333334,1,False
UNET_MTL_MASK_GUIDED,25,patient096,patient096_case01,IGM,IGM_patient006_0069.jpg,2,,off_target_fp,36,0,0.0,0.0,0.0,0.0,0,False
UNET_MTL_MASK_GUIDED,25,patient096,patient096_case01,IGM,IGM_patient006_0070.jpg,1,,off_target_fp,69,0,0.0,0.0,0.0,0.0,0,False
UNET_MTL_MASK_GUIDED,25,patient100,patient100_case01,IBC,IBC_patient008_0147.jpg,1,,off_target_fp,69,0,0.0,0.0,0.0,0.0,0,False
UNET_MTL_MASK_GUIDED,25,patient100,patient100_case01,IBC,IBC_patient008_0148.jpg,1,,off_target_fp,139,0,0.0,0.0,0.0,0.0,0,False
UNET_MTL_MASK_GUIDED,25,patient100,patient100_case01,IBC,IBC_patient008_0149.jpg,1,,off_target_fp,181,0,0.0,0.0,0.0,0.0,0,False
UNET_MTL_MASK_GUIDED,25,patient100,patient100_case01,IBC,IBC_patient008_0150.jpg,1,,off_target_fp,182,0,0.0,0.0,0.0,0.0,0,False
UNET_MTL_MASK_GUIDED,25,patient100,patient100_case01,IBC,IBC_patient008_0151.jpg,1,,off_target_fp,128,0,0.0,0.0,0.0,0.0,0,False
UNET_MTL_MASK_GUIDED,25,patient100,patient100_case01,IBC,IBC_patient008_0152.jpg,1,,off_target_fp,117,0,0.0,0.0,0.0,0.0,0,False
UNET_MTL_MASK_GUIDED,25,patient100,patient100_case01,IBC,IBC_patient008_0153.jpg,1,,off_target_fp,123,0,0.0,0.0,0.0,0.0,0,False
UNET_MTL_MASK_GUIDED,25,patient100,patient100_case01,IBC,IBC_patient008_0154.jpg,1,,off_target_fp,115,0,0.0,0.0,0.0,0.0,0,False
UNET_MTL_MASK_GUIDED,25,patient100,patient100_case01,IBC,IBC_patient008_0155.jpg,1,,off_target_fp,89,0,0.0,0.0,0.0,0.0,0,False
UNET_MTL_MASK_GUIDED,25,patient100,patient100_case01,IBC,IBC_patient008_0156.jpg,1,,off_target_fp,82,0,0.0,0.0,0.0,0.0,0,False
UNET_MTL_MASK_GUIDED,25,patient100,patient100_case01,IBC,IBC_patient008_0157.jpg,1,,off_target_fp,78,0,0.0,0.0,0.0,0.0,0,False
UNET_MTL_MASK_GUIDED,25,patient100,patient100_case01,IBC,IBC_patient008_0158.jpg,1,,off_target_fp,56,0,0.0,0.0,0.0,0.0,0,False
UNET_MTL_MASK_GUIDED,25,patient100,patient100_case01,IBC,IBC_patient008_0164.jpg,1,,off_target_fp,95,0,0.0,0.0,0.0,0.0,0,False
UNET_MTL_MASK_GUIDED,25,patient100,patient100_case01,IBC,IBC_patient008_0165.jpg,1,,off_target_fp,95,0,0.0,0.0,0.0,0.0,0,False
UNET_MTL_MASK_GUIDED,25,patient100,patient100_case01,IBC,IBC_patient008_0166.jpg,1,,off_target_fp,27,0,0.0,0.0,0.0,0.0,0,False
