model,minimum_area_px,SubjectID,CaseID,ClassName,ImageName,pred_component_id,best_gt_component_id,category,area_px,intersection_px,gt_coverage,prediction_purity,quality_min,iou,intersecting_gt_count,is_merge
HYBRID_TALON,1,patient003,patient003_case01,IBC,IBC_patient010_0139.jpg,1,,off_target_fp,1,0,0.0,0.0,0.0,0.0,0,False
HYBRID_TALON,1,patient003,patient003_case01,IBC,IBC_patient010_0139.jpg,2,1.0,moderate_50_to_75,477,322,0.7,0.6750524109014675,0.6750524109014675,0.5235772357723577,1,False
HYBRID_TALON,1,patient003,patient003_case01,IBC,IBC_patient010_0140.jpg,1,1.0,strong_75_plus,669,549,0.940068493150685,0.820627802690583,0.820627802690583,0.7798295454545454,1,False
HYBRID_TALON,1,patient003,patient003_case01,IBC,IBC_patient010_0141.jpg,1,1.0,strong_75_plus,700,591,0.9471153846153846,0.8442857142857143,0.8442857142857143,0.8062755798090041,1,False
HYBRID_TALON,1,patient003,patient003_case01,IBC,IBC_patient010_0141.jpg,2,,off_target_fp,7,0,0.0,0.0,0.0,0.0,0,False
HYBRID_TALON,1,patient003,patient003_case01,IBC,IBC_patient010_0142.jpg,1,1.0,strong_75_plus,744,650,0.9672619047619048,0.8736559139784946,0.8736559139784946,0.8485639686684073,1,False
HYBRID_TALON,1,patient003,patient003_case01,IBC,IBC_patient010_0142.jpg,2,,off_target_fp,2,0,0.0,0.0,0.0,0.0,0,False
HYBRID_TALON,1,patient003,patient003_case01,IBC,IBC_patient010_0143.jpg,1,1.0,strong_75_plus,802,713,0.9141025641025641,0.8890274314214464,0.8890274314214464,0.8204833141542003,1,False
HYBRID_TALON,1,patient003,patient003_case01,IBC,IBC_patient010_0144.jpg,1,,off_target_fp,1,0,0.0,0.0,0.0,0.0,0,False
HYBRID_TALON,1,patient003,patient003_case01,IBC,IBC_patient010_0144.jpg,2,1.0,moderate_50_to_75,845,602,0.9772727272727273,0.7124260355029586,0.7124260355029586,0.7008149010477299,1,False
HYBRID_TALON,1,patient003,patient003_case01,IBC,IBC_patient010_0145.jpg,1,,off_target_fp,9,0,0.0,0.0,0.0,0.0,0,False
HYBRID_TALON,1,patient003,patient003_case01,IBC,IBC_patient010_0145.jpg,2,1.0,moderate_50_to_75,907,627,0.9616564417177914,0.6912899669239251,0.6912899669239251,0.6727467811158798,1,False
HYBRID_TALON,1,patient003,patient003_case01,IBC,IBC_patient010_0146.jpg,1,,off_target_fp,2,0,0.0,0.0,0.0,0.0,0,False
HYBRID_TALON,1,patient003,patient003_case01,IBC,IBC_patient010_0146.jpg,2,1.0,moderate_50_to_75,894,668,0.9823529411764705,0.7472035794183445,0.7472035794183445,0.7373068432671082,1,False
HYBRID_TALON,1,patient003,patient003_case01,IBC,IBC_patient010_0147.jpg,1,1.0,moderate_50_to_75,869,621,0.9764150943396226,0.714614499424626,0.714614499424626,0.7024886877828054,1,False
HYBRID_TALON,1,patient003,patient003_case01,IBC,IBC_patient010_0148.jpg,1,,off_target_fp,17,0,0.0,0.0,0.0,0.0,0,False
HYBRID_TALON,1,patient003,patient003_case01,IBC,IBC_patient010_0148.jpg,2,1.0,moderate_50_to_75,875,612,0.9935064935064936,0.6994285714285714,0.6994285714285714,0.6962457337883959,1,False
HYBRID_TALON,1,patient003,patient003_case01,IBC,IBC_patient010_0149.jpg,1,,off_target_fp,24,0,0.0,0.0,0.0,0.0,0,False
HYBRID_TALON,1,patient003,patient003_case01,IBC,IBC_patient010_0149.jpg,2,,off_target_fp,4,0,0.0,0.0,0.0,0.0,0,False
HYBRID_TALON,1,patient003,patient003_case01,IBC,IBC_patient010_0149.jpg,3,1.0,moderate_50_to_75,868,584,1.0,0.6728110599078341,0.6728110599078341,0.6728110599078341,1,False
HYBRID_TALON,1,patient003,patient003_case01,IBC,IBC_patient010_0150.jpg,1,,off_target_fp,86,0,0.0,0.0,0.0,0.0,0,False
HYBRID_TALON,1,patient003,patient003_case01,IBC,IBC_patient010_0150.jpg,2,1.0,moderate_50_to_75,861,510,0.9883720930232558,0.5923344947735192,0.5923344947735192,0.5882352941176471,1,False
HYBRID_TALON,1,patient003,patient003_case01,IBC,IBC_patient010_0151.jpg,1,,off_target_fp,76,0,0.0,0.0,0.0,0.0,0,False
HYBRID_TALON,1,patient003,patient003_case01,IBC,IBC_patient010_0151.jpg,2,,off_target_fp,1,0,0.0,0.0,0.0,0.0,0,False
HYBRID_TALON,1,patient003,patient003_case01,IBC,IBC_patient010_0151.jpg,3,,off_target_fp,1,0,0.0,0.0,0.0,0.0,0,False
HYBRID_TALON,1,patient003,patient003_case01,IBC,IBC_patient010_0151.jpg,4,1.0,moderate_50_to_75,847,456,0.957983193277311,0.538370720188902,0.538370720188902,0.5259515570934256,1,False
HYBRID_TALON,1,patient003,patient003_case01,IBC,IBC_patient010_0151.jpg,5,,off_target_fp,2,0,0.0,0.0,0.0,0.0,0,False
HYBRID_TALON,1,patient003,patient003_case01,IBC,IBC_patient010_0152.jpg,1,,off_target_fp,54,0,0.0,0.0,0.0,0.0,0,False
HYBRID_TALON,1,patient003,patient003_case01,IBC,IBC_patient010_0152.jpg,2,,off_target_fp,12,0,0.0,0.0,0.0,0.0,0,False
HYBRID_TALON,1,patient003,patient003_case01,IBC,IBC_patient010_0152.jpg,3,1.0,low_25_to_50,896,430,0.86,0.4799107142857143,0.4799107142857143,0.4451345755693582,1,False
HYBRID_TALON,1,patient003,patient003_case01,IBC,IBC_patient010_0152.jpg,4,,off_target_fp,72,0,0.0,0.0,0.0,0.0,0,False
HYBRID_TALON,1,patient003,patient003_case01,IBC,IBC_patient010_0153.jpg,1,,off_target_fp,5,0,0.0,0.0,0.0,0.0,0,False
HYBRID_TALON,1,patient003,patient003_case01,IBC,IBC_patient010_0153.jpg,2,,off_target_fp,21,0,0.0,0.0,0.0,0.0,0,False
HYBRID_TALON,1,patient003,patient003_case01,IBC,IBC_patient010_0153.jpg,3,,off_target_fp,25,0,0.0,0.0,0.0,0.0,0,False
HYBRID_TALON,1,patient003,patient003_case01,IBC,IBC_patient010_0153.jpg,4,1.0,low_25_to_50,802,381,0.79375,0.47506234413965087,0.47506234413965087,0.42286348501664817,1,False
HYBRID_TALON,1,patient003,patient003_case01,IBC,IBC_patient010_0153.jpg,5,,off_target_fp,107,0,0.0,0.0,0.0,0.0,0,False
HYBRID_TALON,1,patient003,patient003_case01,IBC,IBC_patient010_0154.jpg,1,,off_target_fp,5,0,0.0,0.0,0.0,0.0,0,False
HYBRID_TALON,1,patient003,patient003_case01,IBC,IBC_patient010_0154.jpg,2,,off_target_fp,1,0,0.0,0.0,0.0,0.0,0,False
HYBRID_TALON,1,patient003,patient003_case01,IBC,IBC_patient010_0154.jpg,3,,off_target_fp,3,0,0.0,0.0,0.0,0.0,0,False
HYBRID_TALON,1,patient003,patient003_case01,IBC,IBC_patient010_0154.jpg,4,1.0,low_25_to_50,709,324,0.6532258064516129,0.45698166431593795,0.45698166431593795,0.3677639046538025,1,False
HYBRID_TALON,1,patient003,patient003_case01,IBC,IBC_patient010_0154.jpg,5,,off_target_fp,128,0,0.0,0.0,0.0,0.0,0,False
HYBRID_TALON,1,patient003,patient003_case01,IBC,IBC_patient010_0155.jpg,1,,off_target_fp,12,0,0.0,0.0,0.0,0.0,0,False
HYBRID_TALON,1,patient003,patient003_case01,IBC,IBC_patient010_0155.jpg,2,1.0,low_25_to_50,758,376,0.7768595041322314,0.49604221635883905,0.49604221635883905,0.4341801385681293,1,False
HYBRID_TALON,1,patient003,patient003_case01,IBC,IBC_patient010_0155.jpg,3,,off_target_fp,131,0,0.0,0.0,0.0,0.0,0,False
HYBRID_TALON,1,patient003,patient003_case01,IBC,IBC_patient010_0156.jpg,1,,off_target_fp,6,0,0.0,0.0,0.0,0.0,0,False
HYBRID_TALON,1,patient003,patient003_case01,IBC,IBC_patient010_0156.jpg,2,1.0,low_25_to_50,748,372,0.8942307692307693,0.49732620320855614,0.49732620320855614,0.4696969696969697,1,False
HYBRID_TALON,1,patient003,patient003_case01,IBC,IBC_patient010_0156.jpg,3,,off_target_fp,128,0,0.0,0.0,0.0,0.0,0,False
HYBRID_TALON,1,patient003,patient003_case01,IBC,IBC_patient010_0157.jpg,1,1.0,low_25_to_50,602,266,0.8525641025641025,0.4418604651162791,0.4418604651162791,0.4104938271604938,1,False
HYBRID_TALON,1,patient003,patient003_case01,IBC,IBC_patient010_0157.jpg,2,,off_target_fp,47,0,0.0,0.0,0.0,0.0,0,False
HYBRID_TALON,1,patient003,patient003_case01,IBC,IBC_patient010_0158.jpg,1,1.0,partial_below_25,26,26,0.08024691358024691,1.0,0.08024691358024691,0.08024691358024691,1,False
HYBRID_TALON,1,patient003,patient003_case01,IBC,IBC_patient010_0158.jpg,2,1.0,partial_below_25,152,23,0.07098765432098765,0.1513157894736842,0.07098765432098765,0.05077262693156733,1,False
HYBRID_TALON,1,patient003,patient003_case01,IBC,IBC_patient010_0159.jpg,1,,off_target_fp,3,0,0.0,0.0,0.0,0.0,0,False
HYBRID_TALON,1,patient003,patient003_case01,IBC,IBC_patient010_0159.jpg,2,,off_target_fp,2,0,0.0,0.0,0.0,0.0,0,False
HYBRID_TALON,1,patient003,patient003_case01,IBC,IBC_patient010_0159.jpg,3,,off_target_fp,10,0,0.0,0.0,0.0,0.0,0,False
HYBRID_TALON,1,patient003,patient003_case01,IBC,IBC_patient010_0160.jpg,1,1.0,partial_below_25,10,10,0.033783783783783786,1.0,0.033783783783783786,0.033783783783783786,1,False
HYBRID_TALON,1,patient003,patient003_case01,IBC,IBC_patient010_0160.jpg,2,,off_target_fp,5,0,0.0,0.0,0.0,0.0,0,False
HYBRID_TALON,1,patient004,patient004_case01,IBC,IBC_patient011_0094.jpg,1,,off_target_fp,1,0,0.0,0.0,0.0,0.0,0,False
HYBRID_TALON,1,patient007,patient007_case01,IGM,IGM_patient012_0059.jpg,1,,off_target_fp,114,0,0.0,0.0,0.0,0.0,0,False
HYBRID_TALON,1,patient007,patient007_case01,IGM,IGM_patient012_0059.jpg,2,,off_target_fp,4,0,0.0,0.0,0.0,0.0,0,False
HYBRID_TALON,1,patient007,patient007_case01,IGM,IGM_patient012_0059.jpg,3,1.0,moderate_50_to_75,255,149,0.9085365853658537,0.5843137254901961,0.5843137254901961,0.5518518518518518,1,False
HYBRID_TALON,1,patient007,patient007_case01,IGM,IGM_patient012_0060.jpg,1,,off_target_fp,10,0,0.0,0.0,0.0,0.0,0,False
HYBRID_TALON,1,patient007,patient007_case01,IGM,IGM_patient012_0060.jpg,2,,off_target_fp,84,0,0.0,0.0,0.0,0.0,0,False
HYBRID_TALON,1,patient007,patient007_case01,IGM,IGM_patient012_0060.jpg,3,,off_target_fp,14,0,0.0,0.0,0.0,0.0,0,False
HYBRID_TALON,1,patient007,patient007_case01,IGM,IGM_patient012_0060.jpg,4,1.0,strong_75_plus,242,190,0.9134615384615384,0.7851239669421488,0.7851239669421488,0.7307692307692307,1,False
HYBRID_TALON,1,patient007,patient007_case01,IGM,IGM_patient012_0060.jpg,5,,off_target_fp,92,0,0.0,0.0,0.0,0.0,0,False
HYBRID_TALON,1,patient007,patient007_case01,IGM,IGM_patient012_0061.jpg,1,,off_target_fp,28,0,0.0,0.0,0.0,0.0,0,False
HYBRID_TALON,1,patient007,patient007_case01,IGM,IGM_patient012_0061.jpg,2,1.0,strong_75_plus,286,227,0.9153225806451613,0.7937062937062938,0.7937062937062938,0.739413680781759,1,False
HYBRID_TALON,1,patient007,patient007_case01,IGM,IGM_patient012_0061.jpg,3,,off_target_fp,142,0,0.0,0.0,0.0,0.0,0,False
HYBRID_TALON,1,patient007,patient007_case01,IGM,IGM_patient012_0062.jpg,1,1.0,strong_75_plus,289,221,0.876984126984127,0.7647058823529411,0.7647058823529411,0.690625,1,False
HYBRID_TALON,1,patient007,patient007_case01,IGM,IGM_patient012_0062.jpg,2,,off_target_fp,104,0,0.0,0.0,0.0,0.0,0,False
HYBRID_TALON,1,patient007,patient007_case01,IGM,IGM_patient012_0063.jpg,1,1.0,moderate_50_to_75,173,133,0.6785714285714286,0.7687861271676301,0.6785714285714286,0.5635593220338984,1,False
HYBRID_TALON,1,patient007,patient007_case01,IGM,IGM_patient012_0063.jpg,2,,off_target_fp,44,0,0.0,0.0,0.0,0.0,0,False
HYBRID_TALON,1,patient007,patient007_case01,IGM,IGM_patient012_0064.jpg,1,,off_target_fp,51,0,0.0,0.0,0.0,0.0,0,False
HYBRID_TALON,1,patient007,patient007_case01,IGM,IGM_patient012_0064.jpg,2,,off_target_fp,12,0,0.0,0.0,0.0,0.0,0,False
HYBRID_TALON,1,patient007,patient007_case01,IGM,IGM_patient012_0064.jpg,3,1.0,moderate_50_to_75,67,46,0.8214285714285714,0.6865671641791045,0.6865671641791045,0.5974025974025974,1,False
HYBRID_TALON,1,patient011,patient011_case01,IBC,IBC_patient014_0059.jpg,1,,off_target_fp,232,0,0.0,0.0,0.0,0.0,0,False
HYBRID_TALON,1,patient011,patient011_case01,IBC,IBC_patient014_0060.jpg,1,,off_target_fp,67,0,0.0,0.0,0.0,0.0,0,False
HYBRID_TALON,1,patient011,patient011_case01,IBC,IBC_patient014_0060.jpg,2,1.0,moderate_50_to_75,144,144,0.5806451612903226,1.0,0.5806451612903226,0.5806451612903226,1,False
HYBRID_TALON,1,patient011,patient011_case01,IBC,IBC_patient014_0061.jpg,1,,off_target_fp,16,0,0.0,0.0,0.0,0.0,0,False
HYBRID_TALON,1,patient011,patient011_case01,IBC,IBC_patient014_0061.jpg,2,1.0,strong_75_plus,376,352,0.9072164948453608,0.9361702127659575,0.9072164948453608,0.8543689320388349,1,False
HYBRID_TALON,1,patient011,patient011_case01,IBC,IBC_patient014_0062.jpg,1,1.0,strong_75_plus,552,515,0.9262589928057554,0.9329710144927537,0.9262589928057554,0.8684654300168634,1,False
HYBRID_TALON,1,patient011,patient011_case01,IBC,IBC_patient014_0063.jpg,1,,off_target_fp,3,0,0.0,0.0,0.0,0.0,0,False
HYBRID_TALON,1,patient011,patient011_case01,IBC,IBC_patient014_0063.jpg,2,,off_target_fp,2,0,0.0,0.0,0.0,0.0,0,False
HYBRID_TALON,1,patient011,patient011_case01,IBC,IBC_patient014_0063.jpg,3,,off_target_fp,25,0,0.0,0.0,0.0,0.0,0,False
HYBRID_TALON,1,patient011,patient011_case01,IBC,IBC_patient014_0063.jpg,4,1.0,strong_75_plus,688,626,0.9542682926829268,0.9098837209302325,0.9098837209302325,0.871866295264624,1,False
HYBRID_TALON,1,patient011,patient011_case01,IBC,IBC_patient014_0064.jpg,1,,off_target_fp,83,0,0.0,0.0,0.0,0.0,0,False
HYBRID_TALON,1,patient011,patient011_case01,IBC,IBC_patient014_0064.jpg,2,1.0,strong_75_plus,792,736,0.9484536082474226,0.9292929292929293,0.9292929292929293,0.8846153846153846,1,False
HYBRID_TALON,1,patient011,patient011_case01,IBC,IBC_patient014_0065.jpg,1,,off_target_fp,23,0,0.0,0.0,0.0,0.0,0,False
HYBRID_TALON,1,patient011,patient011_case01,IBC,IBC_patient014_0065.jpg,2,,off_target_fp,64,0,0.0,0.0,0.0,0.0,0,False
HYBRID_TALON,1,patient011,patient011_case01,IBC,IBC_patient014_0065.jpg,3,1.0,strong_75_plus,906,753,0.970360824742268,0.8311258278145696,0.8311258278145696,0.8105489773950484,1,False
HYBRID_TALON,1,patient011,patient011_case01,IBC,IBC_patient014_0065.jpg,4,,off_target_fp,9,0,0.0,0.0,0.0,0.0,0,False
HYBRID_TALON,1,patient011,patient011_case01,IBC,IBC_patient014_0066.jpg,1,,off_target_fp,9,0,0.0,0.0,0.0,0.0,0,False
HYBRID_TALON,1,patient011,patient011_case01,IBC,IBC_patient014_0066.jpg,2,,off_target_fp,170,0,0.0,0.0,0.0,0.0,0,False
HYBRID_TALON,1,patient011,patient011_case01,IBC,IBC_patient014_0066.jpg,3,1.0,strong_75_plus,900,726,0.9552631578947368,0.8066666666666666,0.8066666666666666,0.7773019271948608,1,False
HYBRID_TALON,1,patient011,patient011_case01,IBC,IBC_patient014_0066.jpg,4,,off_target_fp,8,0,0.0,0.0,0.0,0.0,0,False
HYBRID_TALON,1,patient011,patient011_case01,IBC,IBC_patient014_0067.jpg,1,,off_target_fp,90,0,0.0,0.0,0.0,0.0,0,False
HYBRID_TALON,1,patient011,patient011_case01,IBC,IBC_patient014_0067.jpg,2,1.0,strong_75_plus,927,756,0.9692307692307692,0.8155339805825242,0.8155339805825242,0.7949526813880127,1,False
HYBRID_TALON,1,patient011,patient011_case01,IBC,IBC_patient014_0067.jpg,3,,off_target_fp,238,0,0.0,0.0,0.0,0.0,0,False
HYBRID_TALON,1,patient011,patient011_case01,IBC,IBC_patient014_0068.jpg,1,,off_target_fp,2,0,0.0,0.0,0.0,0.0,0,False
HYBRID_TALON,1,patient011,patient011_case01,IBC,IBC_patient014_0068.jpg,2,,off_target_fp,1,0,0.0,0.0,0.0,0.0,0,False
HYBRID_TALON,1,patient011,patient011_case01,IBC,IBC_patient014_0068.jpg,3,,off_target_fp,1,0,0.0,0.0,0.0,0.0,0,False
HYBRID_TALON,1,patient011,patient011_case01,IBC,IBC_patient014_0068.jpg,4,1.0,strong_75_plus,779,651,0.9863636363636363,0.8356867779204108,0.8356867779204108,0.8261421319796954,1,False
HYBRID_TALON,1,patient011,patient011_case01,IBC,IBC_patient014_0068.jpg,5,,off_target_fp,1,0,0.0,0.0,0.0,0.0,0,False
HYBRID_TALON,1,patient011,patient011_case01,IBC,IBC_patient014_0068.jpg,6,,off_target_fp,5,0,0.0,0.0,0.0,0.0,0,False
HYBRID_TALON,1,patient011,patient011_case01,IBC,IBC_patient014_0068.jpg,7,,off_target_fp,32,0,0.0,0.0,0.0,0.0,0,False
HYBRID_TALON,1,patient011,patient011_case01,IBC,IBC_patient014_0069.jpg,1,1.0,strong_75_plus,716,557,0.9537671232876712,0.7779329608938548,0.7779329608938548,0.7496635262449529,1,False
HYBRID_TALON,1,patient011,patient011_case01,IBC,IBC_patient014_0070.jpg,1,1.0,moderate_50_to_75,677,436,0.9396551724137931,0.6440177252584933,0.6440177252584933,0.6184397163120567,1,False
HYBRID_TALON,1,patient011,patient011_case01,IBC,IBC_patient014_0071.jpg,1,1.0,low_25_to_50,439,190,0.7421875,0.4328018223234624,0.4328018223234624,0.37623762376237624,1,False
HYBRID_TALON,1,patient011,patient011_case01,IBC,IBC_patient014_0071.jpg,2,,off_target_fp,25,0,0.0,0.0,0.0,0.0,0,False
HYBRID_TALON,1,patient012,patient012_case01,IBC,IBC_patient015_0138.jpg,1,,off_target_fp,4,0,0.0,0.0,0.0,0.0,0,False
HYBRID_TALON,1,patient012,patient012_case01,IBC,IBC_patient015_0138.jpg,2,1.0,low_25_to_50,44,42,0.45652173913043476,0.9545454545454546,0.45652173913043476,0.44680851063829785,1,False
HYBRID_TALON,1,patient012,patient012_case01,IBC,IBC_patient015_0139.jpg,1,1.0,moderate_50_to_75,100,97,0.6928571428571428,0.97,0.6928571428571428,0.6783216783216783,1,False
HYBRID_TALON,1,patient012,patient012_case01,IBC,IBC_patient015_0140.jpg,1,1.0,strong_75_plus,169,145,0.7712765957446809,0.8579881656804734,0.7712765957446809,0.6839622641509434,1,False
HYBRID_TALON,1,patient012,patient012_case01,IBC,IBC_patient015_0140.jpg,2,,off_target_fp,6,0,0.0,0.0,0.0,0.0,0,False
HYBRID_TALON,1,patient012,patient012_case01,IBC,IBC_patient015_0141.jpg,1,,off_target_fp,16,0,0.0,0.0,0.0,0.0,0,False
HYBRID_TALON,1,patient012,patient012_case01,IBC,IBC_patient015_0141.jpg,2,1.0,strong_75_plus,217,199,0.8577586206896551,0.9170506912442397,0.8577586206896551,0.796,1,False
HYBRID_TALON,1,patient012,patient012_case01,IBC,IBC_patient015_0141.jpg,3,,off_target_fp,2,0,0.0,0.0,0.0,0.0,0,False
HYBRID_TALON,1,patient012,patient012_case01,IBC,IBC_patient015_0142.jpg,1,,off_target_fp,13,0,0.0,0.0,0.0,0.0,0,False
HYBRID_TALON,1,patient012,patient012_case01,IBC,IBC_patient015_0142.jpg,2,,off_target_fp,4,0,0.0,0.0,0.0,0.0,0,False
HYBRID_TALON,1,patient012,patient012_case01,IBC,IBC_patient015_0142.jpg,3,1.0,strong_75_plus,273,230,0.8333333333333334,0.8424908424908425,0.8333333333333334,0.7210031347962382,1,False
HYBRID_TALON,1,patient012,patient012_case01,IBC,IBC_patient015_0142.jpg,4,,off_target_fp,15,0,0.0,0.0,0.0,0.0,0,False
HYBRID_TALON,1,patient012,patient012_case01,IBC,IBC_patient015_0143.jpg,1,,off_target_fp,50,0,0.0,0.0,0.0,0.0,0,False
HYBRID_TALON,1,patient012,patient012_case01,IBC,IBC_patient015_0143.jpg,2,1.0,strong_75_plus,332,303,0.8706896551724138,0.9126506024096386,0.8706896551724138,0.8037135278514589,1,False
HYBRID_TALON,1,patient012,patient012_case01,IBC,IBC_patient015_0143.jpg,3,,off_target_fp,23,0,0.0,0.0,0.0,0.0,0,False
HYBRID_TALON,1,patient012,patient012_case01,IBC,IBC_patient015_0144.jpg,1,,off_target_fp,4,0,0.0,0.0,0.0,0.0,0,False
HYBRID_TALON,1,patient012,patient012_case01,IBC,IBC_patient015_0144.jpg,2,,off_target_fp,90,0,0.0,0.0,0.0,0.0,0,False
HYBRID_TALON,1,patient012,patient012_case01,IBC,IBC_patient015_0144.jpg,3,1.0,strong_75_plus,343,313,0.8151041666666666,0.9125364431486881,0.8151041666666666,0.7560386473429952,1,False
HYBRID_TALON,1,patient012,patient012_case01,IBC,IBC_patient015_0144.jpg,4,,off_target_fp,14,0,0.0,0.0,0.0,0.0,0,False
HYBRID_TALON,1,patient012,patient012_case01,IBC,IBC_patient015_0145.jpg,1,,off_target_fp,142,0,0.0,0.0,0.0,0.0,0,False
HYBRID_TALON,1,patient012,patient012_case01,IBC,IBC_patient015_0145.jpg,2,1.0,moderate_50_to_75,314,289,0.7083333333333334,0.9203821656050956,0.7083333333333334,0.6674364896073903,1,False
HYBRID_TALON,1,patient012,patient012_case01,IBC,IBC_patient015_0146.jpg,1,,off_target_fp,151,0,0.0,0.0,0.0,0.0,0,False
HYBRID_TALON,1,patient012,patient012_case01,IBC,IBC_patient015_0146.jpg,2,1.0,strong_75_plus,307,257,0.8132911392405063,0.8371335504885994,0.8132911392405063,0.7021857923497268,1,False
HYBRID_TALON,1,patient012,patient012_case01,IBC,IBC_patient015_0147.jpg,1,,off_target_fp,112,0,0.0,0.0,0.0,0.0,0,False
HYBRID_TALON,1,patient012,patient012_case01,IBC,IBC_patient015_0147.jpg,2,1.0,low_25_to_50,101,86,0.25595238095238093,0.8514851485148515,0.25595238095238093,0.245014245014245,1,False
HYBRID_TALON,1,patient012,patient012_case01,IBC,IBC_patient015_0147.jpg,3,1.0,low_25_to_50,98,98,0.2916666666666667,1.0,0.2916666666666667,0.2916666666666667,1,False
HYBRID_TALON,1,patient012,patient012_case01,IBC,IBC_patient015_0148.jpg,1,,off_target_fp,114,0,0.0,0.0,0.0,0.0,0,False
HYBRID_TALON,1,patient012,patient012_case01,IBC,IBC_patient015_0148.jpg,2,1.0,low_25_to_50,125,123,0.4270833333333333,0.984,0.4270833333333333,0.4241379310344828,1,False
HYBRID_TALON,1,patient012,patient012_case01,IBC,IBC_patient015_0149.jpg,1,,off_target_fp,131,0,0.0,0.0,0.0,0.0,0,False
HYBRID_TALON,1,patient012,patient012_case01,IBC,IBC_patient015_0149.jpg,2,1.0,partial_below_25,161,40,0.37037037037037035,0.2484472049689441,0.2484472049689441,0.17467248908296942,1,False
HYBRID_TALON,1,patient012,patient012_case01,IBC,IBC_patient015_0150.jpg,1,,off_target_fp,100,0,0.0,0.0,0.0,0.0,0,False
HYBRID_TALON,1,patient012,patient012_case01,IBC,IBC_patient015_0150.jpg,2,1.0,partial_below_25,157,18,0.18,0.11464968152866242,0.11464968152866242,0.07531380753138076,1,False
HYBRID_TALON,1,patient012,patient012_case01,IBC,IBC_patient015_0150.jpg,3,1.0,partial_below_25,1,1,0.01,1.0,0.01,0.01,1,False
HYBRID_TALON,1,patient017,patient017_case01,IGM,IGM_patient017_0054.jpg,1,,off_target_fp,1,0,0.0,0.0,0.0,0.0,0,False
HYBRID_TALON,1,patient017,patient017_case01,IGM,IGM_patient017_0055.jpg,1,,off_target_fp,3,0,0.0,0.0,0.0,0.0,0,False
HYBRID_TALON,1,patient017,patient017_case01,IGM,IGM_patient017_0055.jpg,2,,off_target_fp,20,0,0.0,0.0,0.0,0.0,0,False
HYBRID_TALON,1,patient017,patient017_case01,IGM,IGM_patient017_0055.jpg,3,,off_target_fp,3,0,0.0,0.0,0.0,0.0,0,False
HYBRID_TALON,1,patient017,patient017_case01,IGM,IGM_patient017_0055.jpg,4,,off_target_fp,9,0,0.0,0.0,0.0,0.0,0,False
HYBRID_TALON,1,patient017,patient017_case01,IGM,IGM_patient017_0055.jpg,5,,off_target_fp,3,0,0.0,0.0,0.0,0.0,0,False
HYBRID_TALON,1,patient017,patient017_case01,IGM,IGM_patient017_0055.jpg,6,,off_target_fp,9,0,0.0,0.0,0.0,0.0,0,False
HYBRID_TALON,1,patient017,patient017_case01,IGM,IGM_patient017_0055.jpg,7,,off_target_fp,13,0,0.0,0.0,0.0,0.0,0,False
HYBRID_TALON,1,patient017,patient017_case01,IGM,IGM_patient017_0055.jpg,8,,off_target_fp,11,0,0.0,0.0,0.0,0.0,0,False
HYBRID_TALON,1,patient017,patient017_case01,IGM,IGM_patient017_0056.jpg,1,,off_target_fp,13,0,0.0,0.0,0.0,0.0,0,False
HYBRID_TALON,1,patient017,patient017_case01,IGM,IGM_patient017_0056.jpg,2,,off_target_fp,5,0,0.0,0.0,0.0,0.0,0,False
HYBRID_TALON,1,patient017,patient017_case01,IGM,IGM_patient017_0056.jpg,3,,off_target_fp,3,0,0.0,0.0,0.0,0.0,0,False
HYBRID_TALON,1,patient017,patient017_case01,IGM,IGM_patient017_0056.jpg,4,1.0,moderate_50_to_75,119,79,0.6810344827586207,0.6638655462184874,0.6638655462184874,0.5064102564102564,1,False
HYBRID_TALON,1,patient017,patient017_case01,IGM,IGM_patient017_0057.jpg,1,,off_target_fp,54,0,0.0,0.0,0.0,0.0,0,False
HYBRID_TALON,1,patient017,patient017_case01,IGM,IGM_patient017_0057.jpg,2,1.0,moderate_50_to_75,122,89,0.6742424242424242,0.7295081967213115,0.6742424242424242,0.5393939393939394,1,False
HYBRID_TALON,1,patient017,patient017_case01,IGM,IGM_patient017_0058.jpg,1,1.0,moderate_50_to_75,149,106,0.6973684210526315,0.7114093959731543,0.6973684210526315,0.5435897435897435,1,False
HYBRID_TALON,1,patient017,patient017_case01,IGM,IGM_patient017_0058.jpg,2,,off_target_fp,2,0,0.0,0.0,0.0,0.0,0,False
HYBRID_TALON,1,patient017,patient017_case01,IGM,IGM_patient017_0058.jpg,3,,off_target_fp,2,0,0.0,0.0,0.0,0.0,0,False
HYBRID_TALON,1,patient017,patient017_case01,IGM,IGM_patient017_0058.jpg,4,,off_target_fp,1,0,0.0,0.0,0.0,0.0,0,False
HYBRID_TALON,1,patient017,patient017_case01,IGM,IGM_patient017_0059.jpg,1,,off_target_fp,8,0,0.0,0.0,0.0,0.0,0,False
HYBRID_TALON,1,patient017,patient017_case01,IGM,IGM_patient017_0059.jpg,2,,off_target_fp,2,0,0.0,0.0,0.0,0.0,0,False
HYBRID_TALON,1,patient017,patient017_case01,IGM,IGM_patient017_0059.jpg,3,1.0,moderate_50_to_75,166,107,0.7642857142857142,0.6445783132530121,0.6445783132530121,0.5376884422110553,1,False
HYBRID_TALON,1,patient017,patient017_case01,IGM,IGM_patient017_0060.jpg,1,,off_target_fp,41,0,0.0,0.0,0.0,0.0,0,False
HYBRID_TALON,1,patient017,patient017_case01,IGM,IGM_patient017_0060.jpg,2,,off_target_fp,2,0,0.0,0.0,0.0,0.0,0,False
HYBRID_TALON,1,patient017,patient017_case01,IGM,IGM_patient017_0060.jpg,3,1.0,low_25_to_50,136,121,0.3734567901234568,0.8897058823529411,0.3734567901234568,0.35693215339233036,1,False
HYBRID_TALON,1,patient017,patient017_case01,IGM,IGM_patient017_0060.jpg,4,,off_target_fp,1,0,0.0,0.0,0.0,0.0,0,False
HYBRID_TALON,1,patient017,patient017_case01,IGM,IGM_patient017_0061.jpg,1,,off_target_fp,2,0,0.0,0.0,0.0,0.0,0,False
HYBRID_TALON,1,patient017,patient017_case01,IGM,IGM_patient017_0061.jpg,2,,off_target_fp,6,0,0.0,0.0,0.0,0.0,0,False
HYBRID_TALON,1,patient017,patient017_case01,IGM,IGM_patient017_0061.jpg,3,,off_target_fp,30,0,0.0,0.0,0.0,0.0,0,False
HYBRID_TALON,1,patient017,patient017_case01,IGM,IGM_patient017_0061.jpg,4,1.0,moderate_50_to_75,104,91,0.5986842105263158,0.875,0.5986842105263158,0.5515151515151515,1,False
HYBRID_TALON,1,patient017,patient017_case01,IGM,IGM_patient017_0062.jpg,1,,off_target_fp,1,0,0.0,0.0,0.0,0.0,0,False
HYBRID_TALON,1,patient017,patient017_case01,IGM,IGM_patient017_0062.jpg,2,,off_target_fp,26,0,0.0,0.0,0.0,0.0,0,False
HYBRID_TALON,1,patient017,patient017_case01,IGM,IGM_patient017_0062.jpg,3,1.0,low_25_to_50,118,116,0.3717948717948718,0.9830508474576272,0.3717948717948718,0.36942675159235666,1,False
HYBRID_TALON,1,patient017,patient017_case01,IGM,IGM_patient017_0063.jpg,1,,off_target_fp,3,0,0.0,0.0,0.0,0.0,0,False
HYBRID_TALON,1,patient017,patient017_case01,IGM,IGM_patient017_0063.jpg,2,1.0,partial_below_25,71,67,0.24632352941176472,0.9436619718309859,0.24632352941176472,0.2427536231884058,1,False
HYBRID_TALON,1,patient017,patient017_case01,IGM,IGM_patient017_0065.jpg,1,,off_target_fp,149,0,0.0,0.0,0.0,0.0,0,False
HYBRID_TALON,1,patient017,patient017_case01,IGM,IGM_patient017_0065.jpg,2,,off_target_fp,42,0,0.0,0.0,0.0,0.0,0,False
HYBRID_TALON,1,patient017,patient017_case01,IGM,IGM_patient017_0066.jpg,1,,off_target_fp,75,0,0.0,0.0,0.0,0.0,0,False
HYBRID_TALON,1,patient017,patient017_case01,IGM,IGM_patient017_0067.jpg,1,,off_target_fp,41,0,0.0,0.0,0.0,0.0,0,False
HYBRID_TALON,1,patient023,patient023_case01,IBC,IBC_patient020_0043.jpg,1,,off_target_fp,5,0,0.0,0.0,0.0,0.0,0,False
HYBRID_TALON,1,patient023,patient023_case01,IBC,IBC_patient020_0043.jpg,2,1.0,strong_75_plus,130,99,0.7983870967741935,0.7615384615384615,0.7615384615384615,0.6387096774193548,1,False
HYBRID_TALON,1,patient023,patient023_case01,IBC,IBC_patient020_0044.jpg,1,,off_target_fp,94,0,0.0,0.0,0.0,0.0,0,False
HYBRID_TALON,1,patient023,patient023_case01,IBC,IBC_patient020_0044.jpg,2,1.0,strong_75_plus,237,203,0.9398148148148148,0.8565400843881856,0.8565400843881856,0.812,1,False
HYBRID_TALON,1,patient023,patient023_case01,IBC,IBC_patient020_0045.jpg,1,1.0,strong_75_plus,294,272,0.918918918918919,0.9251700680272109,0.918918918918919,0.8553459119496856,1,False
HYBRID_TALON,1,patient023,patient023_case01,IBC,IBC_patient020_0046.jpg,1,,off_target_fp,10,0,0.0,0.0,0.0,0.0,0,False
HYBRID_TALON,1,patient023,patient023_case01,IBC,IBC_patient020_0046.jpg,2,1.0,strong_75_plus,238,200,0.9090909090909091,0.8403361344537815,0.8403361344537815,0.7751937984496124,1,False
HYBRID_TALON,1,patient023,patient023_case01,IBC,IBC_patient020_0047.jpg,1,,off_target_fp,44,0,0.0,0.0,0.0,0.0,0,False
HYBRID_TALON,1,patient023,patient023_case01,IBC,IBC_patient020_0047.jpg,2,1.0,strong_75_plus,143,128,0.8205128205128205,0.8951048951048951,0.8205128205128205,0.7485380116959064,1,False
HYBRID_TALON,1,patient025,patient025_case01,IBC,IBC_patient021_0061.jpg,1,1.0,strong_75_plus,70,69,0.75,0.9857142857142858,0.75,0.7419354838709677,1,False
HYBRID_TALON,1,patient025,patient025_case01,IBC,IBC_patient021_0062.jpg,1,1.0,strong_75_plus,137,130,0.7738095238095238,0.948905109489051,0.7738095238095238,0.7428571428571429,1,False
HYBRID_TALON,1,patient025,patient025_case01,IBC,IBC_patient021_0063.jpg,1,1.0,strong_75_plus,181,181,0.8537735849056604,1.0,0.8537735849056604,0.8537735849056604,1,False
HYBRID_TALON,1,patient025,patient025_case01,IBC,IBC_patient021_0064.jpg,1,1.0,strong_75_plus,227,224,0.8484848484848485,0.986784140969163,0.8484848484848485,0.8389513108614233,1,False
HYBRID_TALON,1,patient025,patient025_case01,IBC,IBC_patient021_0065.jpg,1,1.0,strong_75_plus,252,224,0.9032258064516129,0.8888888888888888,0.8888888888888888,0.8115942028985508,1,False
HYBRID_TALON,1,patient025,patient025_case01,IBC,IBC_patient021_0066.jpg,1,,off_target_fp,134,0,0.0,0.0,0.0,0.0,0,False
HYBRID_TALON,1,patient025,patient025_case01,IBC,IBC_patient021_0066.jpg,2,,off_target_fp,2,0,0.0,0.0,0.0,0.0,0,False
HYBRID_TALON,1,patient025,patient025_case01,IBC,IBC_patient021_0066.jpg,3,,off_target_fp,1,0,0.0,0.0,0.0,0.0,0,False
HYBRID_TALON,1,patient025,patient025_case01,IBC,IBC_patient021_0066.jpg,4,1.0,strong_75_plus,163,157,0.8351063829787234,0.9631901840490797,0.8351063829787234,0.8092783505154639,1,False
HYBRID_TALON,1,patient025,patient025_case01,IBC,IBC_patient021_0067.jpg,1,,off_target_fp,106,0,0.0,0.0,0.0,0.0,0,False
HYBRID_TALON,1,patient025,patient025_case01,IBC,IBC_patient021_0067.jpg,2,1.0,moderate_50_to_75,50,49,0.6805555555555556,0.98,0.6805555555555556,0.6712328767123288,1,False
HYBRID_TALON,1,patient036,patient036_case01,IGM,IGM_patient029_0052.jpg,1,,off_target_fp,13,0,0.0,0.0,0.0,0.0,0,False
HYBRID_TALON,1,patient036,patient036_case01,IGM,IGM_patient029_0053.jpg,1,1.0,low_25_to_50,46,37,0.2803030303030303,0.8043478260869565,0.2803030303030303,0.2624113475177305,1,False
HYBRID_TALON,1,patient036,patient036_case01,IGM,IGM_patient029_0054.jpg,1,1.0,strong_75_plus,129,114,0.8382352941176471,0.8837209302325582,0.8382352941176471,0.7549668874172185,1,False
HYBRID_TALON,1,patient036,patient036_case01,IGM,IGM_patient029_0055.jpg,1,1.0,strong_75_plus,144,112,0.875,0.7777777777777778,0.7777777777777778,0.7,1,False
HYBRID_TALON,1,patient036,patient036_case01,IGM,IGM_patient029_0055.jpg,2,,off_target_fp,7,0,0.0,0.0,0.0,0.0,0,False
HYBRID_TALON,1,patient036,patient036_case01,IGM,IGM_patient029_0056.jpg,1,1.0,moderate_50_to_75,115,70,0.8333333333333334,0.6086956521739131,0.6086956521739131,0.5426356589147286,1,False
HYBRID_TALON,1,patient045,patient045_case01,IBC,IBC_patient033_0064.jpg,1,,off_target_fp,97,0,0.0,0.0,0.0,0.0,0,False
HYBRID_TALON,1,patient045,patient045_case01,IBC,IBC_patient033_0064.jpg,2,,off_target_fp,72,0,0.0,0.0,0.0,0.0,0,False
HYBRID_TALON,1,patient045,patient045_case01,IBC,IBC_patient033_0065.jpg,1,,off_target_fp,64,0,0.0,0.0,0.0,0.0,0,False
HYBRID_TALON,1,patient045,patient045_case01,IBC,IBC_patient033_0065.jpg,2,1.0,partial_below_25,192,11,0.08333333333333333,0.057291666666666664,0.057291666666666664,0.03514376996805112,1,False
HYBRID_TALON,1,patient045,patient045_case01,IBC,IBC_patient033_0066.jpg,1,1.0,moderate_50_to_75,263,218,0.689873417721519,0.8288973384030418,0.689873417721519,0.6038781163434903,1,False
HYBRID_TALON,1,patient045,patient045_case01,IBC,IBC_patient033_0067.jpg,1,,off_target_fp,170,0,0.0,0.0,0.0,0.0,0,False
HYBRID_TALON,1,patient045,patient045_case01,IBC,IBC_patient033_0067.jpg,2,1.0,moderate_50_to_75,339,242,0.9307692307692308,0.7138643067846607,0.7138643067846607,0.6778711484593838,1,False
HYBRID_TALON,1,patient045,patient045_case01,IBC,IBC_patient033_0068.jpg,1,,off_target_fp,170,0,0.0,0.0,0.0,0.0,0,False
HYBRID_TALON,1,patient045,patient045_case01,IBC,IBC_patient033_0068.jpg,2,,off_target_fp,46,0,0.0,0.0,0.0,0.0,0,False
HYBRID_TALON,1,patient045,patient045_case01,IBC,IBC_patient033_0068.jpg,3,1.0,strong_75_plus,238,213,0.9181034482758621,0.8949579831932774,0.8949579831932774,0.8287937743190662,1,False
HYBRID_TALON,1,patient045,patient045_case01,IBC,IBC_patient033_0069.jpg,1,,off_target_fp,130,0,0.0,0.0,0.0,0.0,0,False
HYBRID_TALON,1,patient045,patient045_case01,IBC,IBC_patient033_0069.jpg,2,,off_target_fp,24,0,0.0,0.0,0.0,0.0,0,False
HYBRID_TALON,1,patient045,patient045_case01,IBC,IBC_patient033_0069.jpg,3,1.0,partial_below_25,8,8,0.05555555555555555,1.0,0.05555555555555555,0.05555555555555555,1,False
HYBRID_TALON,1,patient045,patient045_case01,IBC,IBC_patient033_0069.jpg,4,1.0,partial_below_25,6,6,0.041666666666666664,1.0,0.041666666666666664,0.041666666666666664,1,False
HYBRID_TALON,1,patient047,patient047_case01,IBC,IBC_patient035_0130.jpg,1,,off_target_fp,166,0,0.0,0.0,0.0,0.0,0,False
HYBRID_TALON,1,patient047,patient047_case01,IBC,IBC_patient035_0130.jpg,2,1.0,moderate_50_to_75,210,201,0.6360759493670886,0.9571428571428572,0.6360759493670886,0.6184615384615385,1,False
HYBRID_TALON,1,patient047,patient047_case01,IBC,IBC_patient035_0131.jpg,1,,off_target_fp,107,0,0.0,0.0,0.0,0.0,0,False
HYBRID_TALON,1,patient047,patient047_case01,IBC,IBC_patient035_0131.jpg,2,,off_target_fp,129,0,0.0,0.0,0.0,0.0,0,False
HYBRID_TALON,1,patient047,patient047_case01,IBC,IBC_patient035_0131.jpg,3,1.0,moderate_50_to_75,258,251,0.7296511627906976,0.9728682170542635,0.7296511627906976,0.7150997150997151,1,False
HYBRID_TALON,1,patient047,patient047_case01,IBC,IBC_patient035_0132.jpg,1,,off_target_fp,267,0,0.0,0.0,0.0,0.0,0,False
HYBRID_TALON,1,patient047,patient047_case01,IBC,IBC_patient035_0132.jpg,2,,off_target_fp,100,0,0.0,0.0,0.0,0.0,0,False
HYBRID_TALON,1,patient047,patient047_case01,IBC,IBC_patient035_0132.jpg,3,1.0,strong_75_plus,309,296,0.8809523809523809,0.9579288025889967,0.8809523809523809,0.8481375358166189,1,False
HYBRID_TALON,1,patient047,patient047_case01,IBC,IBC_patient035_0133.jpg,1,,off_target_fp,79,0,0.0,0.0,0.0,0.0,0,False
HYBRID_TALON,1,patient047,patient047_case01,IBC,IBC_patient035_0133.jpg,2,,off_target_fp,1,0,0.0,0.0,0.0,0.0,0,False
HYBRID_TALON,1,patient047,patient047_case01,IBC,IBC_patient035_0133.jpg,3,,off_target_fp,29,0,0.0,0.0,0.0,0.0,0,False
HYBRID_TALON,1,patient047,patient047_case01,IBC,IBC_patient035_0133.jpg,4,,off_target_fp,6,0,0.0,0.0,0.0,0.0,0,False
HYBRID_TALON,1,patient047,patient047_case01,IBC,IBC_patient035_0133.jpg,5,1.0,strong_75_plus,344,338,0.8125,0.9825581395348837,0.8125,0.8009478672985783,1,False
HYBRID_TALON,1,patient047,patient047_case01,IBC,IBC_patient035_0134.jpg,1,,off_target_fp,73,0,0.0,0.0,0.0,0.0,0,False
HYBRID_TALON,1,patient047,patient047_case01,IBC,IBC_patient035_0134.jpg,2,,off_target_fp,72,0,0.0,0.0,0.0,0.0,0,False
HYBRID_TALON,1,patient047,patient047_case01,IBC,IBC_patient035_0134.jpg,3,,off_target_fp,4,0,0.0,0.0,0.0,0.0,0,False
HYBRID_TALON,1,patient047,patient047_case01,IBC,IBC_patient035_0134.jpg,4,1.0,strong_75_plus,365,348,0.87,0.9534246575342465,0.87,0.8345323741007195,1,False
HYBRID_TALON,1,patient047,patient047_case01,IBC,IBC_patient035_0135.jpg,1,,off_target_fp,80,0,0.0,0.0,0.0,0.0,0,False
HYBRID_TALON,1,patient047,patient047_case01,IBC,IBC_patient035_0135.jpg,2,,off_target_fp,148,0,0.0,0.0,0.0,0.0,0,False
HYBRID_TALON,1,patient047,patient047_case01,IBC,IBC_patient035_0135.jpg,3,1.0,strong_75_plus,367,343,0.8661616161616161,0.9346049046321526,0.8661616161616161,0.8166666666666667,1,False
HYBRID_TALON,1,patient047,patient047_case01,IBC,IBC_patient035_0136.jpg,1,,off_target_fp,4,0,0.0,0.0,0.0,0.0,0,False
HYBRID_TALON,1,patient047,patient047_case01,IBC,IBC_patient035_0136.jpg,2,,off_target_fp,84,0,0.0,0.0,0.0,0.0,0,False
HYBRID_TALON,1,patient047,patient047_case01,IBC,IBC_patient035_0136.jpg,3,,off_target_fp,186,0,0.0,0.0,0.0,0.0,0,False
HYBRID_TALON,1,patient047,patient047_case01,IBC,IBC_patient035_0136.jpg,4,1.0,strong_75_plus,308,278,0.8273809523809523,0.9025974025974026,0.8273809523809523,0.7595628415300546,1,False
HYBRID_TALON,1,patient047,patient047_case01,IBC,IBC_patient035_0137.jpg,1,,off_target_fp,65,0,0.0,0.0,0.0,0.0,0,False
HYBRID_TALON,1,patient047,patient047_case01,IBC,IBC_patient035_0137.jpg,2,,off_target_fp,204,0,0.0,0.0,0.0,0.0,0,False
HYBRID_TALON,1,patient047,patient047_case01,IBC,IBC_patient035_0137.jpg,3,,off_target_fp,26,0,0.0,0.0,0.0,0.0,0,False
HYBRID_TALON,1,patient047,patient047_case01,IBC,IBC_patient035_0137.jpg,4,1.0,moderate_50_to_75,222,196,0.6447368421052632,0.8828828828828829,0.6447368421052632,0.593939393939394,1,False
HYBRID_TALON,1,patient047,patient047_case01,IBC,IBC_patient035_0137.jpg,5,,off_target_fp,3,0,0.0,0.0,0.0,0.0,0,False
HYBRID_TALON,1,patient047,patient047_case01,IBC,IBC_patient035_0138.jpg,1,,off_target_fp,195,0,0.0,0.0,0.0,0.0,0,False
HYBRID_TALON,1,patient047,patient047_case01,IBC,IBC_patient035_0138.jpg,2,,off_target_fp,5,0,0.0,0.0,0.0,0.0,0,False
HYBRID_TALON,1,patient047,patient047_case01,IBC,IBC_patient035_0138.jpg,3,,off_target_fp,10,0,0.0,0.0,0.0,0.0,0,False
HYBRID_TALON,1,patient047,patient047_case01,IBC,IBC_patient035_0138.jpg,4,,off_target_fp,5,0,0.0,0.0,0.0,0.0,0,False
HYBRID_TALON,1,patient047,patient047_case01,IBC,IBC_patient035_0138.jpg,5,,off_target_fp,414,0,0.0,0.0,0.0,0.0,0,False
HYBRID_TALON,1,patient047,patient047_case01,IBC,IBC_patient035_0138.jpg,6,1.0,low_25_to_50,150,133,0.4889705882352941,0.8866666666666667,0.4889705882352941,0.4602076124567474,1,False
HYBRID_TALON,1,patient047,patient047_case01,IBC,IBC_patient035_0138.jpg,7,,off_target_fp,118,0,0.0,0.0,0.0,0.0,0,False
HYBRID_TALON,1,patient047,patient047_case01,IBC,IBC_patient035_0139.jpg,1,,off_target_fp,160,0,0.0,0.0,0.0,0.0,0,False
HYBRID_TALON,1,patient047,patient047_case01,IBC,IBC_patient035_0139.jpg,2,,off_target_fp,5,0,0.0,0.0,0.0,0.0,0,False
HYBRID_TALON,1,patient047,patient047_case01,IBC,IBC_patient035_0139.jpg,3,,off_target_fp,27,0,0.0,0.0,0.0,0.0,0,False
HYBRID_TALON,1,patient047,patient047_case01,IBC,IBC_patient035_0139.jpg,4,,off_target_fp,24,0,0.0,0.0,0.0,0.0,0,False
HYBRID_TALON,1,patient047,patient047_case01,IBC,IBC_patient035_0139.jpg,5,,off_target_fp,591,0,0.0,0.0,0.0,0.0,0,False
HYBRID_TALON,1,patient047,patient047_case01,IBC,IBC_patient035_0139.jpg,6,1.0,strong_75_plus,206,180,0.8181818181818182,0.8737864077669902,0.8181818181818182,0.7317073170731707,1,False
HYBRID_TALON,1,patient047,patient047_case01,IBC,IBC_patient035_0139.jpg,7,,off_target_fp,1,0,0.0,0.0,0.0,0.0,0,False
HYBRID_TALON,1,patient047,patient047_case01,IBC,IBC_patient035_0139.jpg,8,,off_target_fp,16,0,0.0,0.0,0.0,0.0,0,False
HYBRID_TALON,1,patient047,patient047_case01,IBC,IBC_patient035_0140.jpg,1,,off_target_fp,110,0,0.0,0.0,0.0,0.0,0,False
HYBRID_TALON,1,patient047,patient047_case01,IBC,IBC_patient035_0140.jpg,2,,off_target_fp,57,0,0.0,0.0,0.0,0.0,0,False
HYBRID_TALON,1,patient047,patient047_case01,IBC,IBC_patient035_0140.jpg,3,,off_target_fp,836,0,0.0,0.0,0.0,0.0,0,False
HYBRID_TALON,1,patient047,patient047_case01,IBC,IBC_patient035_0140.jpg,4,1.0,strong_75_plus,147,112,0.8235294117647058,0.7619047619047619,0.7619047619047619,0.6549707602339181,1,False
HYBRID_TALON,1,patient047,patient047_case01,IBC,IBC_patient035_0140.jpg,5,,off_target_fp,3,0,0.0,0.0,0.0,0.0,0,False
HYBRID_TALON,1,patient049,patient049_case01,IBC,IBC_patient036_0048.jpg,1,1.0,strong_75_plus,307,270,0.9,0.8794788273615635,0.8794788273615635,0.8011869436201781,1,False
HYBRID_TALON,1,patient049,patient049_case01,IBC,IBC_patient036_0049.jpg,1,1.0,strong_75_plus,498,472,0.959349593495935,0.9477911646586346,0.9477911646586346,0.9111969111969112,1,False
HYBRID_TALON,1,patient049,patient049_case01,IBC,IBC_patient036_0050.jpg,1,1.0,strong_75_plus,657,588,0.9607843137254902,0.8949771689497716,0.8949771689497716,0.8634361233480177,1,False
HYBRID_TALON,1,patient049,patient049_case01,IBC,IBC_patient036_0051.jpg,1,1.0,strong_75_plus,600,576,0.8834355828220859,0.96,0.8834355828220859,0.8520710059171598,1,False
HYBRID_TALON,1,patient049,patient049_case01,IBC,IBC_patient036_0051.jpg,2,,off_target_fp,160,0,0.0,0.0,0.0,0.0,0,False
HYBRID_TALON,1,patient049,patient049_case01,IBC,IBC_patient036_0052.jpg,1,1.0,strong_75_plus,606,597,0.8384831460674157,0.9851485148514851,0.8384831460674157,0.8280166435506241,1,False
HYBRID_TALON,1,patient049,patient049_case01,IBC,IBC_patient036_0052.jpg,2,,off_target_fp,280,0,0.0,0.0,0.0,0.0,0,False
HYBRID_TALON,1,patient049,patient049_case01,IBC,IBC_patient036_0053.jpg,1,1.0,strong_75_plus,708,664,0.9378531073446328,0.9378531073446328,0.9378531073446328,0.8829787234042553,1,False
HYBRID_TALON,1,patient049,patient049_case01,IBC,IBC_patient036_0053.jpg,2,,off_target_fp,226,0,0.0,0.0,0.0,0.0,0,False
HYBRID_TALON,1,patient049,patient049_case01,IBC,IBC_patient036_0054.jpg,1,1.0,strong_75_plus,655,626,0.9046242774566474,0.9557251908396946,0.9046242774566474,0.8682385575589459,1,False
HYBRID_TALON,1,patient049,patient049_case01,IBC,IBC_patient036_0054.jpg,2,,off_target_fp,198,0,0.0,0.0,0.0,0.0,0,False
HYBRID_TALON,1,patient049,patient049_case01,IBC,IBC_patient036_0055.jpg,1,1.0,strong_75_plus,578,571,0.7843406593406593,0.9878892733564014,0.7843406593406593,0.7768707482993197,1,False
HYBRID_TALON,1,patient049,patient049_case01,IBC,IBC_patient036_0055.jpg,2,,off_target_fp,30,0,0.0,0.0,0.0,0.0,0,False
HYBRID_TALON,1,patient049,patient049_case01,IBC,IBC_patient036_0055.jpg,3,,off_target_fp,6,0,0.0,0.0,0.0,0.0,0,False
HYBRID_TALON,1,patient049,patient049_case01,IBC,IBC_patient036_0055.jpg,4,,off_target_fp,163,0,0.0,0.0,0.0,0.0,0,False
HYBRID_TALON,1,patient049,patient049_case01,IBC,IBC_patient036_0055.jpg,5,,off_target_fp,1,0,0.0,0.0,0.0,0.0,0,False
HYBRID_TALON,1,patient049,patient049_case01,IBC,IBC_patient036_0056.jpg,1,1.0,strong_75_plus,526,478,0.9122137404580153,0.908745247148289,0.908745247148289,0.8356643356643356,1,False
HYBRID_TALON,1,patient049,patient049_case01,IBC,IBC_patient036_0056.jpg,2,,off_target_fp,222,0,0.0,0.0,0.0,0.0,0,False
HYBRID_TALON,1,patient049,patient049_case01,IBC,IBC_patient036_0056.jpg,3,,off_target_fp,135,0,0.0,0.0,0.0,0.0,0,False
HYBRID_TALON,1,patient049,patient049_case01,IBC,IBC_patient036_0056.jpg,4,,off_target_fp,6,0,0.0,0.0,0.0,0.0,0,False
HYBRID_TALON,1,patient049,patient049_case01,IBC,IBC_patient036_0056.jpg,5,,off_target_fp,8,0,0.0,0.0,0.0,0.0,0,False
HYBRID_TALON,1,patient049,patient049_case01,IBC,IBC_patient036_0057.jpg,1,1.0,strong_75_plus,520,451,0.9241803278688525,0.8673076923076923,0.8673076923076923,0.8096947935368043,1,False
HYBRID_TALON,1,patient049,patient049_case01,IBC,IBC_patient036_0057.jpg,2,,off_target_fp,312,0,0.0,0.0,0.0,0.0,0,False
HYBRID_TALON,1,patient049,patient049_case01,IBC,IBC_patient036_0057.jpg,3,,off_target_fp,30,0,0.0,0.0,0.0,0.0,0,False
HYBRID_TALON,1,patient049,patient049_case01,IBC,IBC_patient036_0058.jpg,1,,off_target_fp,417,0,0.0,0.0,0.0,0.0,0,False
HYBRID_TALON,1,patient049,patient049_case01,IBC,IBC_patient036_0058.jpg,2,1.0,low_25_to_50,203,203,0.4572072072072072,1.0,0.4572072072072072,0.4572072072072072,1,False
HYBRID_TALON,1,patient049,patient049_case01,IBC,IBC_patient036_0058.jpg,3,,off_target_fp,117,0,0.0,0.0,0.0,0.0,0,False
HYBRID_TALON,1,patient049,patient049_case01,IBC,IBC_patient036_0059.jpg,1,,off_target_fp,486,0,0.0,0.0,0.0,0.0,0,False
HYBRID_TALON,1,patient049,patient049_case01,IBC,IBC_patient036_0059.jpg,2,1.0,partial_below_25,51,51,0.09042553191489362,1.0,0.09042553191489362,0.09042553191489362,1,False
HYBRID_TALON,1,patient049,patient049_case01,IBC,IBC_patient036_0059.jpg,3,,off_target_fp,2,0,0.0,0.0,0.0,0.0,0,False
HYBRID_TALON,1,patient049,patient049_case01,IBC,IBC_patient036_0059.jpg,4,,off_target_fp,83,0,0.0,0.0,0.0,0.0,0,False
HYBRID_TALON,1,patient049,patient049_case01,IBC,IBC_patient036_0060.jpg,1,,off_target_fp,508,0,0.0,0.0,0.0,0.0,0,False
HYBRID_TALON,1,patient049,patient049_case01,IBC,IBC_patient036_0060.jpg,2,,off_target_fp,46,0,0.0,0.0,0.0,0.0,0,False
HYBRID_TALON,1,patient049,patient049_case01,IBC,IBC_patient036_0060.jpg,3,,off_target_fp,12,0,0.0,0.0,0.0,0.0,0,False
HYBRID_TALON,1,patient049,patient049_case01,IBC,IBC_patient036_0060.jpg,4,,off_target_fp,1,0,0.0,0.0,0.0,0.0,0,False
HYBRID_TALON,1,patient049,patient049_case01,IBC,IBC_patient036_0061.jpg,1,1.0,partial_below_25,595,53,0.12383177570093458,0.08907563025210084,0.08907563025210084,0.05463917525773196,1,False
HYBRID_TALON,1,patient049,patient049_case01,IBC,IBC_patient036_0061.jpg,2,1.0,partial_below_25,105,105,0.24532710280373832,1.0,0.24532710280373832,0.24532710280373832,1,False
HYBRID_TALON,1,patient049,patient049_case01,IBC,IBC_patient036_0061.jpg,3,,off_target_fp,128,0,0.0,0.0,0.0,0.0,0,False
HYBRID_TALON,1,patient049,patient049_case01,IBC,IBC_patient036_0062.jpg,1,1.0,partial_below_25,426,36,0.09183673469387756,0.08450704225352113,0.08450704225352113,0.04603580562659847,1,False
HYBRID_TALON,1,patient049,patient049_case01,IBC,IBC_patient036_0062.jpg,2,1.0,partial_below_25,39,39,0.09948979591836735,1.0,0.09948979591836735,0.09948979591836735,1,False
HYBRID_TALON,1,patient049,patient049_case01,IBC,IBC_patient036_0062.jpg,3,,off_target_fp,158,0,0.0,0.0,0.0,0.0,0,False
HYBRID_TALON,1,patient049,patient049_case01,IBC,IBC_patient036_0063.jpg,1,1.0,moderate_50_to_75,228,222,0.7115384615384616,0.9736842105263158,0.7115384615384616,0.6981132075471698,1,False
HYBRID_TALON,1,patient049,patient049_case01,IBC,IBC_patient036_0063.jpg,2,,off_target_fp,5,0,0.0,0.0,0.0,0.0,0,False
HYBRID_TALON,1,patient049,patient049_case01,IBC,IBC_patient036_0063.jpg,3,,off_target_fp,152,0,0.0,0.0,0.0,0.0,0,False
HYBRID_TALON,1,patient049,patient049_case01,IBC,IBC_patient036_0064.jpg,1,1.0,moderate_50_to_75,106,106,0.6794871794871795,1.0,0.6794871794871795,0.6794871794871795,1,False
HYBRID_TALON,1,patient049,patient049_case01,IBC,IBC_patient036_0065.jpg,1,,off_target_fp,5,0,0.0,0.0,0.0,0.0,0,False
HYBRID_TALON,1,patient049,patient049_case01,IBC,IBC_patient036_0065.jpg,2,,off_target_fp,25,0,0.0,0.0,0.0,0.0,0,False
HYBRID_TALON,1,patient052,patient052_case01,IGM,IGM_patient037_0053.jpg,1,,off_target_fp,3,0,0.0,0.0,0.0,0.0,0,False
HYBRID_TALON,1,patient052,patient052_case01,IGM,IGM_patient037_0053.jpg,2,1.0,strong_75_plus,91,88,0.7857142857142857,0.967032967032967,0.7857142857142857,0.7652173913043478,1,False
HYBRID_TALON,1,patient052,patient052_case01,IGM,IGM_patient037_0053.jpg,3,,off_target_fp,53,0,0.0,0.0,0.0,0.0,0,False
HYBRID_TALON,1,patient052,patient052_case01,IGM,IGM_patient037_0054.jpg,1,,off_target_fp,21,0,0.0,0.0,0.0,0.0,0,False
HYBRID_TALON,1,patient052,patient052_case01,IGM,IGM_patient037_0054.jpg,2,1.0,strong_75_plus,179,167,0.907608695652174,0.9329608938547486,0.907608695652174,0.8520408163265306,1,False
HYBRID_TALON,1,patient052,patient052_case01,IGM,IGM_patient037_0054.jpg,3,,off_target_fp,11,0,0.0,0.0,0.0,0.0,0,False
HYBRID_TALON,1,patient052,patient052_case01,IGM,IGM_patient037_0055.jpg,1,,off_target_fp,2,0,0.0,0.0,0.0,0.0,0,False
HYBRID_TALON,1,patient052,patient052_case01,IGM,IGM_patient037_0055.jpg,2,,off_target_fp,13,0,0.0,0.0,0.0,0.0,0,False
HYBRID_TALON,1,patient052,patient052_case01,IGM,IGM_patient037_0055.jpg,3,1.0,strong_75_plus,190,146,0.8902439024390244,0.7684210526315789,0.7684210526315789,0.7019230769230769,1,False
HYBRID_TALON,1,patient052,patient052_case01,IGM,IGM_patient037_0055.jpg,4,,off_target_fp,1,0,0.0,0.0,0.0,0.0,0,False
HYBRID_TALON,1,patient052,patient052_case01,IGM,IGM_patient037_0055.jpg,5,,off_target_fp,24,0,0.0,0.0,0.0,0.0,0,False
HYBRID_TALON,1,patient052,patient052_case01,IGM,IGM_patient037_0056.jpg,1,1.0,low_25_to_50,140,69,0.8625,0.4928571428571429,0.4928571428571429,0.45695364238410596,1,False
HYBRID_TALON,1,patient052,patient052_case01,IGM,IGM_patient037_0056.jpg,2,,off_target_fp,51,0,0.0,0.0,0.0,0.0,0,False
HYBRID_TALON,1,patient052,patient052_case01,IGM,IGM_patient037_0056.jpg,3,,off_target_fp,56,0,0.0,0.0,0.0,0.0,0,False
HYBRID_TALON,1,patient052,patient052_case01,IGM,IGM_patient037_0057.jpg,1,,off_target_fp,2,0,0.0,0.0,0.0,0.0,0,False
HYBRID_TALON,1,patient052,patient052_case01,IGM,IGM_patient037_0057.jpg,2,1.0,low_25_to_50,66,60,0.4838709677419355,0.9090909090909091,0.4838709677419355,0.46153846153846156,1,False
HYBRID_TALON,1,patient052,patient052_case01,IGM,IGM_patient037_0057.jpg,3,,off_target_fp,69,0,0.0,0.0,0.0,0.0,0,False
HYBRID_TALON,1,patient052,patient052_case01,IGM,IGM_patient037_0058.jpg,1,1.0,low_25_to_50,39,39,0.375,1.0,0.375,0.375,1,False
HYBRID_TALON,1,patient052,patient052_case01,IGM,IGM_patient037_0058.jpg,2,1.0,partial_below_25,22,16,0.15384615384615385,0.7272727272727273,0.15384615384615385,0.14545454545454545,1,False
HYBRID_TALON,1,patient052,patient052_case01,IGM,IGM_patient037_0058.jpg,3,,off_target_fp,74,0,0.0,0.0,0.0,0.0,0,False
HYBRID_TALON,1,patient075,patient075_case01,IGM,IGM_patient049_0044.jpg,1,,off_target_fp,4,0,0.0,0.0,0.0,0.0,0,False
HYBRID_TALON,1,patient075,patient075_case01,IGM,IGM_patient049_0045.jpg,1,1.0,moderate_50_to_75,185,165,0.6653225806451613,0.8918918918918919,0.6653225806451613,0.6156716417910447,1,False
HYBRID_TALON,1,patient075,patient075_case01,IGM,IGM_patient049_0046.jpg,1,1.0,moderate_50_to_75,274,259,0.7038043478260869,0.9452554744525548,0.7038043478260869,0.6762402088772846,1,False
HYBRID_TALON,1,patient075,patient075_case01,IGM,IGM_patient049_0047.jpg,1,1.0,moderate_50_to_75,220,203,0.6265432098765432,0.9227272727272727,0.6265432098765432,0.5953079178885631,1,False
HYBRID_TALON,1,patient075,patient075_case01,IGM,IGM_patient049_0048.jpg,1,1.0,moderate_50_to_75,167,152,0.5352112676056338,0.9101796407185628,0.5352112676056338,0.5083612040133779,1,False
HYBRID_TALON,1,patient075,patient075_case01,IGM,IGM_patient049_0054.jpg,1,,off_target_fp,93,0,0.0,0.0,0.0,0.0,0,False
HYBRID_TALON,1,patient075,patient075_case01,IGM,IGM_patient049_0054.jpg,2,,off_target_fp,118,0,0.0,0.0,0.0,0.0,0,False
HYBRID_TALON,1,patient075,patient075_case01,IGM,IGM_patient049_0054.jpg,3,,off_target_fp,2,0,0.0,0.0,0.0,0.0,0,False
HYBRID_TALON,1,patient075,patient075_case01,IGM,IGM_patient049_0054.jpg,4,1.0,strong_75_plus,255,233,0.9395161290322581,0.9137254901960784,0.9137254901960784,0.8629629629629629,1,False
HYBRID_TALON,1,patient075,patient075_case01,IGM,IGM_patient049_0055.jpg,1,,off_target_fp,288,0,0.0,0.0,0.0,0.0,0,False
HYBRID_TALON,1,patient075,patient075_case01,IGM,IGM_patient049_0055.jpg,2,,off_target_fp,8,0,0.0,0.0,0.0,0.0,0,False
HYBRID_TALON,1,patient075,patient075_case01,IGM,IGM_patient049_0055.jpg,3,1.0,strong_75_plus,199,183,0.7754237288135594,0.9195979899497487,0.7754237288135594,0.7261904761904762,1,False
HYBRID_TALON,1,patient075,patient075_case01,IGM,IGM_patient049_0056.jpg,1,,off_target_fp,262,0,0.0,0.0,0.0,0.0,0,False
HYBRID_TALON,1,patient075,patient075_case01,IGM,IGM_patient049_0056.jpg,2,1.0,low_25_to_50,129,120,0.4838709677419355,0.9302325581395349,0.4838709677419355,0.4669260700389105,1,False
HYBRID_TALON,1,patient075,patient075_case01,IGM,IGM_patient049_0057.jpg,1,,off_target_fp,21,0,0.0,0.0,0.0,0.0,0,False
HYBRID_TALON,1,patient075,patient075_case01,IGM,IGM_patient049_0057.jpg,2,,off_target_fp,155,0,0.0,0.0,0.0,0.0,0,False
HYBRID_TALON,1,patient075,patient075_case01,IGM,IGM_patient049_0057.jpg,3,1.0,low_25_to_50,141,133,0.4318181818181818,0.9432624113475178,0.4318181818181818,0.4208860759493671,1,False
HYBRID_TALON,1,patient075,patient075_case01,IGM,IGM_patient049_0058.jpg,1,1.0,low_25_to_50,161,144,0.45,0.8944099378881988,0.45,0.42729970326409494,1,False
HYBRID_TALON,1,patient075,patient075_case01,IGM,IGM_patient049_0058.jpg,2,,off_target_fp,3,0,0.0,0.0,0.0,0.0,0,False
HYBRID_TALON,1,patient075,patient075_case01,IGM,IGM_patient049_0058.jpg,3,,off_target_fp,2,0,0.0,0.0,0.0,0.0,0,False
HYBRID_TALON,1,patient093,patient093_case01,IBC,IBC_patient005_0107.jpg,1,1.0,low_25_to_50,74,74,0.44047619047619047,1.0,0.44047619047619047,0.44047619047619047,1,False
HYBRID_TALON,1,patient093,patient093_case01,IBC,IBC_patient005_0107.jpg,2,,off_target_fp,88,0,0.0,0.0,0.0,0.0,0,False
HYBRID_TALON,1,patient093,patient093_case01,IBC,IBC_patient005_0107.jpg,3,,off_target_fp,39,0,0.0,0.0,0.0,0.0,0,False
HYBRID_TALON,1,patient093,patient093_case01,IBC,IBC_patient005_0108.jpg,1,1.0,moderate_50_to_75,122,119,0.6918604651162791,0.9754098360655737,0.6918604651162791,0.68,1,False
HYBRID_TALON,1,patient093,patient093_case01,IBC,IBC_patient005_0108.jpg,2,,off_target_fp,149,0,0.0,0.0,0.0,0.0,0,False
HYBRID_TALON,1,patient093,patient093_case01,IBC,IBC_patient005_0108.jpg,3,,off_target_fp,63,0,0.0,0.0,0.0,0.0,0,False
HYBRID_TALON,1,patient093,patient093_case01,IBC,IBC_patient005_0108.jpg,4,,off_target_fp,41,0,0.0,0.0,0.0,0.0,0,False
HYBRID_TALON,1,patient093,patient093_case01,IBC,IBC_patient005_0109.jpg,1,1.0,low_25_to_50,404,158,0.8229166666666666,0.3910891089108911,0.3910891089108911,0.3607305936073059,1,False
HYBRID_TALON,1,patient093,patient093_case01,IBC,IBC_patient005_0109.jpg,2,,off_target_fp,143,0,0.0,0.0,0.0,0.0,0,False
HYBRID_TALON,1,patient093,patient093_case01,IBC,IBC_patient005_0109.jpg,3,,off_target_fp,18,0,0.0,0.0,0.0,0.0,0,False
HYBRID_TALON,1,patient093,patient093_case01,IBC,IBC_patient005_0110.jpg,1,1.0,low_25_to_50,516,187,0.8820754716981132,0.3624031007751938,0.3624031007751938,0.3456561922365989,1,False
HYBRID_TALON,1,patient093,patient093_case01,IBC,IBC_patient005_0110.jpg,2,,off_target_fp,20,0,0.0,0.0,0.0,0.0,0,False
HYBRID_TALON,1,patient093,patient093_case01,IBC,IBC_patient005_0111.jpg,1,1.0,low_25_to_50,604,231,0.9314516129032258,0.3824503311258278,0.3824503311258278,0.3719806763285024,1,False
HYBRID_TALON,1,patient093,patient093_case01,IBC,IBC_patient005_0112.jpg,1,1.0,low_25_to_50,667,248,0.9538461538461539,0.37181409295352325,0.37181409295352325,0.36524300441826213,1,False
HYBRID_TALON,1,patient093,patient093_case01,IBC,IBC_patient005_0113.jpg,1,1.0,low_25_to_50,704,240,0.967741935483871,0.3409090909090909,0.3409090909090909,0.33707865168539325,1,False
HYBRID_TALON,1,patient093,patient093_case01,IBC,IBC_patient005_0114.jpg,1,1.0,low_25_to_50,698,255,0.9239130434782609,0.3653295128939828,0.3653295128939828,0.35465924895688455,1,False
HYBRID_TALON,1,patient093,patient093_case01,IBC,IBC_patient005_0115.jpg,1,1.0,low_25_to_50,696,241,0.94140625,0.34626436781609193,0.34626436781609193,0.3389592123769339,1,False
HYBRID_TALON,1,patient093,patient093_case01,IBC,IBC_patient005_0116.jpg,1,,off_target_fp,3,0,0.0,0.0,0.0,0.0,0,False
HYBRID_TALON,1,patient093,patient093_case01,IBC,IBC_patient005_0116.jpg,2,1.0,low_25_to_50,700,231,0.9467213114754098,0.33,0.33,0.32398316970546986,1,False
HYBRID_TALON,1,patient093,patient093_case01,IBC,IBC_patient005_0117.jpg,1,1.0,low_25_to_50,698,221,0.9057377049180327,0.3166189111747851,0.3166189111747851,0.3065187239944521,1,False
HYBRID_TALON,1,patient093,patient093_case01,IBC,IBC_patient005_0118.jpg,1,1.0,low_25_to_50,630,233,0.91015625,0.36984126984126986,0.36984126984126986,0.3568147013782542,1,False
HYBRID_TALON,1,patient093,patient093_case01,IBC,IBC_patient005_0119.jpg,1,1.0,moderate_50_to_75,313,216,0.8852459016393442,0.6900958466453674,0.6900958466453674,0.6334310850439883,1,False
HYBRID_TALON,1,patient093,patient093_case01,IBC,IBC_patient005_0119.jpg,2,,off_target_fp,236,0,0.0,0.0,0.0,0.0,0,False
HYBRID_TALON,1,patient093,patient093_case01,IBC,IBC_patient005_0120.jpg,1,1.0,strong_75_plus,239,203,0.90625,0.8493723849372385,0.8493723849372385,0.7807692307692308,1,False
HYBRID_TALON,1,patient093,patient093_case01,IBC,IBC_patient005_0120.jpg,2,,off_target_fp,24,0,0.0,0.0,0.0,0.0,0,False
HYBRID_TALON,1,patient093,patient093_case01,IBC,IBC_patient005_0120.jpg,3,,off_target_fp,1,0,0.0,0.0,0.0,0.0,0,False
HYBRID_TALON,1,patient093,patient093_case01,IBC,IBC_patient005_0120.jpg,4,,off_target_fp,213,0,0.0,0.0,0.0,0.0,0,False
HYBRID_TALON,1,patient093,patient093_case01,IBC,IBC_patient005_0121.jpg,1,1.0,strong_75_plus,205,179,0.7850877192982456,0.8731707317073171,0.7850877192982456,0.7047244094488189,1,False
HYBRID_TALON,1,patient093,patient093_case01,IBC,IBC_patient005_0121.jpg,2,,off_target_fp,25,0,0.0,0.0,0.0,0.0,0,False
HYBRID_TALON,1,patient093,patient093_case01,IBC,IBC_patient005_0121.jpg,3,,off_target_fp,200,0,0.0,0.0,0.0,0.0,0,False
HYBRID_TALON,1,patient093,patient093_case01,IBC,IBC_patient005_0122.jpg,1,1.0,partial_below_25,43,40,0.23255813953488372,0.9302325581395349,0.23255813953488372,0.22857142857142856,1,False
HYBRID_TALON,1,patient093,patient093_case01,IBC,IBC_patient005_0122.jpg,2,1.0,low_25_to_50,44,44,0.2558139534883721,1.0,0.2558139534883721,0.2558139534883721,1,False
HYBRID_TALON,1,patient093,patient093_case01,IBC,IBC_patient005_0122.jpg,3,,off_target_fp,245,0,0.0,0.0,0.0,0.0,0,False
HYBRID_TALON,1,patient093,patient093_case01,IBC,IBC_patient005_0122.jpg,4,,off_target_fp,7,0,0.0,0.0,0.0,0.0,0,False
HYBRID_TALON,1,patient093,patient093_case01,IBC,IBC_patient005_0123.jpg,1,,off_target_fp,13,0,0.0,0.0,0.0,0.0,0,False
HYBRID_TALON,1,patient093,patient093_case01,IBC,IBC_patient005_0123.jpg,2,,off_target_fp,185,0,0.0,0.0,0.0,0.0,0,False
HYBRID_TALON,1,patient093,patient093_case01,IBC,IBC_patient005_0123.jpg,3,,off_target_fp,17,0,0.0,0.0,0.0,0.0,0,False
HYBRID_TALON,1,patient094,patient094_case01,IGM,IGM_patient005_0044.jpg,1,,off_target_fp,87,0,0.0,0.0,0.0,0.0,0,False
HYBRID_TALON,1,patient094,patient094_case01,IGM,IGM_patient005_0044.jpg,2,1.0,strong_75_plus,111,97,0.9326923076923077,0.8738738738738738,0.8738738738738738,0.8220338983050848,1,False
HYBRID_TALON,1,patient094,patient094_case01,IGM,IGM_patient005_0044.jpg,3,,off_target_fp,21,0,0.0,0.0,0.0,0.0,0,False
HYBRID_TALON,1,patient094,patient094_case01,IGM,IGM_patient005_0045.jpg,1,1.0,moderate_50_to_75,178,129,0.9772727272727273,0.7247191011235955,0.7247191011235955,0.712707182320442,1,False
HYBRID_TALON,1,patient094,patient094_case01,IGM,IGM_patient005_0046.jpg,1,1.0,moderate_50_to_75,234,159,0.9464285714285714,0.6794871794871795,0.6794871794871795,0.654320987654321,1,False
HYBRID_TALON,1,patient094,patient094_case01,IGM,IGM_patient005_0046.jpg,2,,off_target_fp,3,0,0.0,0.0,0.0,0.0,0,False
HYBRID_TALON,1,patient094,patient094_case01,IGM,IGM_patient005_0046.jpg,3,,off_target_fp,5,0,0.0,0.0,0.0,0.0,0,False
HYBRID_TALON,1,patient094,patient094_case01,IGM,IGM_patient005_0047.jpg,1,1.0,moderate_50_to_75,257,147,0.8963414634146342,0.5719844357976653,0.5719844357976653,0.5364963503649635,1,False
HYBRID_TALON,1,patient094,patient094_case01,IGM,IGM_patient005_0047.jpg,2,,off_target_fp,131,0,0.0,0.0,0.0,0.0,0,False
HYBRID_TALON,1,patient094,patient094_case01,IGM,IGM_patient005_0048.jpg,1,1.0,moderate_50_to_75,239,133,0.95,0.5564853556485355,0.5564853556485355,0.540650406504065,1,False
HYBRID_TALON,1,patient094,patient094_case01,IGM,IGM_patient005_0048.jpg,2,,off_target_fp,176,0,0.0,0.0,0.0,0.0,0,False
HYBRID_TALON,1,patient094,patient094_case01,IGM,IGM_patient005_0049.jpg,1,1.0,moderate_50_to_75,260,145,0.9539473684210527,0.5576923076923077,0.5576923076923077,0.5430711610486891,1,False
HYBRID_TALON,1,patient094,patient094_case01,IGM,IGM_patient005_0049.jpg,2,,off_target_fp,280,0,0.0,0.0,0.0,0.0,0,False
HYBRID_TALON,1,patient094,patient094_case01,IGM,IGM_patient005_0050.jpg,1,1.0,low_25_to_50,246,103,0.9903846153846154,0.4186991869918699,0.4186991869918699,0.41700404858299595,1,False
HYBRID_TALON,1,patient094,patient094_case01,IGM,IGM_patient005_0050.jpg,2,,off_target_fp,290,0,0.0,0.0,0.0,0.0,0,False
HYBRID_TALON,1,patient094,patient094_case01,IGM,IGM_patient005_0051.jpg,1,1.0,moderate_50_to_75,143,91,0.9479166666666666,0.6363636363636364,0.6363636363636364,0.6148648648648649,1,False
HYBRID_TALON,1,patient094,patient094_case01,IGM,IGM_patient005_0051.jpg,2,,off_target_fp,14,0,0.0,0.0,0.0,0.0,0,False
HYBRID_TALON,1,patient094,patient094_case01,IGM,IGM_patient005_0051.jpg,3,,off_target_fp,124,0,0.0,0.0,0.0,0.0,0,False
HYBRID_TALON,1,patient094,patient094_case01,IGM,IGM_patient005_0051.jpg,4,,off_target_fp,28,0,0.0,0.0,0.0,0.0,0,False
HYBRID_TALON,1,patient094,patient094_case01,IGM,IGM_patient005_0051.jpg,5,,off_target_fp,1,0,0.0,0.0,0.0,0.0,0,False
HYBRID_TALON,1,patient094,patient094_case01,IGM,IGM_patient005_0052.jpg,1,1.0,moderate_50_to_75,72,44,1.0,0.6111111111111112,0.6111111111111112,0.6111111111111112,1,False
HYBRID_TALON,1,patient094,patient094_case01,IGM,IGM_patient005_0052.jpg,2,,off_target_fp,17,0,0.0,0.0,0.0,0.0,0,False
HYBRID_TALON,1,patient094,patient094_case01,IGM,IGM_patient005_0052.jpg,3,,off_target_fp,134,0,0.0,0.0,0.0,0.0,0,False
HYBRID_TALON,1,patient094,patient094_case01,IGM,IGM_patient005_0052.jpg,4,,off_target_fp,67,0,0.0,0.0,0.0,0.0,0,False
HYBRID_TALON,1,patient094,patient094_case01,IGM,IGM_patient005_0053.jpg,1,,off_target_fp,92,0,0.0,0.0,0.0,0.0,0,False
HYBRID_TALON,1,patient094,patient094_case01,IGM,IGM_patient005_0053.jpg,2,,off_target_fp,116,0,0.0,0.0,0.0,0.0,0,False
HYBRID_TALON,1,patient083,patient083_case01,IGM,IGM_patient052_0059.jpg,1,1.0,strong_75_plus,78,75,0.75,0.9615384615384616,0.75,0.7281553398058253,1,False
HYBRID_TALON,1,patient083,patient083_case01,IGM,IGM_patient052_0059.jpg,2,,off_target_fp,3,0,0.0,0.0,0.0,0.0,0,False
HYBRID_TALON,1,patient083,patient083_case01,IGM,IGM_patient052_0059.jpg,3,,off_target_fp,1,0,0.0,0.0,0.0,0.0,0,False
HYBRID_TALON,1,patient083,patient083_case01,IGM,IGM_patient052_0060.jpg,1,1.0,moderate_50_to_75,133,121,0.6875,0.9097744360902256,0.6875,0.6436170212765957,1,False
HYBRID_TALON,1,patient083,patient083_case01,IGM,IGM_patient052_0061.jpg,1,1.0,strong_75_plus,187,179,0.7991071428571429,0.9572192513368984,0.7991071428571429,0.771551724137931,1,False
HYBRID_TALON,1,patient083,patient083_case01,IGM,IGM_patient052_0062.jpg,1,1.0,strong_75_plus,233,222,0.8671875,0.9527896995708155,0.8671875,0.8314606741573034,1,False
HYBRID_TALON,1,patient083,patient083_case01,IGM,IGM_patient052_0062.jpg,2,,off_target_fp,2,0,0.0,0.0,0.0,0.0,0,False
HYBRID_TALON,1,patient083,patient083_case01,IGM,IGM_patient052_0062.jpg,3,,off_target_fp,1,0,0.0,0.0,0.0,0.0,0,False
HYBRID_TALON,1,patient083,patient083_case01,IGM,IGM_patient052_0062.jpg,4,,off_target_fp,12,0,0.0,0.0,0.0,0.0,0,False
HYBRID_TALON,1,patient083,patient083_case01,IGM,IGM_patient052_0063.jpg,1,1.0,strong_75_plus,261,242,0.9029850746268657,0.9272030651340997,0.9029850746268657,0.8432055749128919,1,False
HYBRID_TALON,1,patient083,patient083_case01,IGM,IGM_patient052_0063.jpg,2,,off_target_fp,4,0,0.0,0.0,0.0,0.0,0,False
HYBRID_TALON,1,patient083,patient083_case01,IGM,IGM_patient052_0063.jpg,3,,off_target_fp,2,0,0.0,0.0,0.0,0.0,0,False
HYBRID_TALON,1,patient083,patient083_case01,IGM,IGM_patient052_0063.jpg,4,,off_target_fp,75,0,0.0,0.0,0.0,0.0,0,False
HYBRID_TALON,1,patient083,patient083_case01,IGM,IGM_patient052_0064.jpg,1,1.0,strong_75_plus,259,244,0.953125,0.9420849420849421,0.9420849420849421,0.9003690036900369,1,False
HYBRID_TALON,1,patient083,patient083_case01,IGM,IGM_patient052_0064.jpg,2,,off_target_fp,199,0,0.0,0.0,0.0,0.0,0,False
HYBRID_TALON,1,patient083,patient083_case01,IGM,IGM_patient052_0065.jpg,1,1.0,moderate_50_to_75,198,189,0.7269230769230769,0.9545454545454546,0.7269230769230769,0.7026022304832714,1,False
HYBRID_TALON,1,patient083,patient083_case01,IGM,IGM_patient052_0065.jpg,2,,off_target_fp,209,0,0.0,0.0,0.0,0.0,0,False
HYBRID_TALON,1,patient083,patient083_case01,IGM,IGM_patient052_0066.jpg,1,,off_target_fp,6,0,0.0,0.0,0.0,0.0,0,False
HYBRID_TALON,1,patient083,patient083_case01,IGM,IGM_patient052_0066.jpg,2,,off_target_fp,2,0,0.0,0.0,0.0,0.0,0,False
HYBRID_TALON,1,patient083,patient083_case01,IGM,IGM_patient052_0066.jpg,3,1.0,strong_75_plus,137,131,0.8851351351351351,0.9562043795620438,0.8851351351351351,0.8506493506493507,1,False
HYBRID_TALON,1,patient083,patient083_case01,IGM,IGM_patient052_0066.jpg,4,,off_target_fp,118,0,0.0,0.0,0.0,0.0,0,False
HYBRID_TALON,1,patient083,patient083_case01,IGM,IGM_patient052_0067.jpg,1,1.0,low_25_to_50,83,77,0.41847826086956524,0.927710843373494,0.41847826086956524,0.4052631578947368,1,False
HYBRID_TALON,1,patient083,patient083_case01,IGM,IGM_patient052_0067.jpg,2,1.0,low_25_to_50,71,68,0.3695652173913043,0.9577464788732394,0.3695652173913043,0.36363636363636365,1,False
HYBRID_TALON,1,patient083,patient083_case01,IGM,IGM_patient052_0067.jpg,3,,off_target_fp,34,0,0.0,0.0,0.0,0.0,0,False
HYBRID_TALON,1,patient083,patient083_case01,IGM,IGM_patient052_0067.jpg,4,,off_target_fp,21,0,0.0,0.0,0.0,0.0,0,False
HYBRID_TALON,1,patient083,patient083_case01,IGM,IGM_patient052_0068.jpg,1,1.0,strong_75_plus,122,113,0.8308823529411765,0.9262295081967213,0.8308823529411765,0.7793103448275862,1,False
HYBRID_TALON,1,patient083,patient083_case01,IGM,IGM_patient052_0068.jpg,2,,off_target_fp,5,0,0.0,0.0,0.0,0.0,0,False
HYBRID_TALON,1,patient083,patient083_case01,IGM,IGM_patient052_0068.jpg,3,,off_target_fp,1,0,0.0,0.0,0.0,0.0,0,False
HYBRID_TALON,1,patient083,patient083_case01,IGM,IGM_patient052_0068.jpg,4,,off_target_fp,38,0,0.0,0.0,0.0,0.0,0,False
HYBRID_TALON,1,patient083,patient083_case01,IGM,IGM_patient052_0068.jpg,5,,off_target_fp,4,0,0.0,0.0,0.0,0.0,0,False
HYBRID_TALON,1,patient083,patient083_case01,IGM,IGM_patient052_0069.jpg,1,1.0,strong_75_plus,159,146,0.9125,0.9182389937106918,0.9125,0.8439306358381503,1,False
HYBRID_TALON,1,patient083,patient083_case01,IGM,IGM_patient052_0069.jpg,2,,off_target_fp,1,0,0.0,0.0,0.0,0.0,0,False
HYBRID_TALON,1,patient083,patient083_case01,IGM,IGM_patient052_0069.jpg,3,,off_target_fp,3,0,0.0,0.0,0.0,0.0,0,False
HYBRID_TALON,1,patient083,patient083_case01,IGM,IGM_patient052_0069.jpg,4,,off_target_fp,1,0,0.0,0.0,0.0,0.0,0,False
HYBRID_TALON,1,patient083,patient083_case01,IGM,IGM_patient052_0069.jpg,5,,off_target_fp,18,0,0.0,0.0,0.0,0.0,0,False
HYBRID_TALON,1,patient083,patient083_case01,IGM,IGM_patient052_0070.jpg,1,1.0,strong_75_plus,154,136,0.8947368421052632,0.8831168831168831,0.8831168831168831,0.8,1,False
HYBRID_TALON,1,patient083,patient083_case01,IGM,IGM_patient052_0070.jpg,2,,off_target_fp,35,0,0.0,0.0,0.0,0.0,0,False
HYBRID_TALON,1,patient083,patient083_case01,IGM,IGM_patient052_0071.jpg,1,1.0,strong_75_plus,147,133,0.8525641025641025,0.9047619047619048,0.8525641025641025,0.7823529411764706,1,False
HYBRID_TALON,1,patient083,patient083_case01,IGM,IGM_patient052_0071.jpg,2,,off_target_fp,40,0,0.0,0.0,0.0,0.0,0,False
HYBRID_TALON,1,patient083,patient083_case01,IGM,IGM_patient052_0072.jpg,1,1.0,moderate_50_to_75,91,84,0.5526315789473685,0.9230769230769231,0.5526315789473685,0.5283018867924528,1,False
HYBRID_TALON,1,patient083,patient083_case01,IGM,IGM_patient052_0072.jpg,2,,off_target_fp,34,0,0.0,0.0,0.0,0.0,0,False
HYBRID_TALON,1,patient083,patient083_case01,IGM,IGM_patient052_0072.jpg,3,,off_target_fp,6,0,0.0,0.0,0.0,0.0,0,False
HYBRID_TALON,1,patient083,patient083_case01,IGM,IGM_patient052_0072.jpg,4,,off_target_fp,6,0,0.0,0.0,0.0,0.0,0,False
HYBRID_TALON,1,patient083,patient083_case01,IGM,IGM_patient052_0072.jpg,5,,off_target_fp,16,0,0.0,0.0,0.0,0.0,0,False
HYBRID_TALON,1,patient083,patient083_case01,IGM,IGM_patient052_0072.jpg,6,,off_target_fp,7,0,0.0,0.0,0.0,0.0,0,False
HYBRID_TALON,1,patient091,patient091_case01,IBC,IBC_patient056_0040.jpg,1,1.0,moderate_50_to_75,45,42,0.7,0.9333333333333333,0.7,0.6666666666666666,1,False
HYBRID_TALON,1,patient091,patient091_case01,IBC,IBC_patient056_0041.jpg,1,1.0,partial_below_25,2,2,0.03125,1.0,0.03125,0.03125,1,False
HYBRID_TALON,1,patient091,patient091_case01,IBC,IBC_patient056_0041.jpg,2,1.0,partial_below_25,3,3,0.046875,1.0,0.046875,0.046875,1,False
HYBRID_TALON,1,patient091,patient091_case01,IBC,IBC_patient056_0041.jpg,3,1.0,partial_below_25,3,3,0.046875,1.0,0.046875,0.046875,1,False
HYBRID_TALON,1,patient091,patient091_case01,IBC,IBC_patient056_0042.jpg,1,1.0,strong_75_plus,58,51,0.75,0.8793103448275862,0.75,0.68,1,False
HYBRID_TALON,1,patient091,patient091_case01,IBC,IBC_patient056_0045.jpg,1,,off_target_fp,209,0,0.0,0.0,0.0,0.0,0,False
HYBRID_TALON,1,patient091,patient091_case01,IBC,IBC_patient056_0046.jpg,1,,off_target_fp,492,0,0.0,0.0,0.0,0.0,0,False
HYBRID_TALON,1,patient091,patient091_case01,IBC,IBC_patient056_0047.jpg,1,,off_target_fp,685,0,0.0,0.0,0.0,0.0,0,False
HYBRID_TALON,1,patient095,patient095_case01,IBC,IBC_patient006_0137.jpg,1,,off_target_fp,200,0,0.0,0.0,0.0,0.0,0,False
HYBRID_TALON,1,patient095,patient095_case01,IBC,IBC_patient006_0137.jpg,2,1.0,moderate_50_to_75,96,49,0.875,0.5104166666666666,0.5104166666666666,0.47572815533980584,1,False
HYBRID_TALON,1,patient095,patient095_case01,IBC,IBC_patient006_0137.jpg,3,,off_target_fp,115,0,0.0,0.0,0.0,0.0,0,False
HYBRID_TALON,1,patient095,patient095_case01,IBC,IBC_patient006_0137.jpg,4,,off_target_fp,2,0,0.0,0.0,0.0,0.0,0,False
HYBRID_TALON,1,patient095,patient095_case01,IBC,IBC_patient006_0138.jpg,1,,off_target_fp,208,0,0.0,0.0,0.0,0.0,0,False
HYBRID_TALON,1,patient095,patient095_case01,IBC,IBC_patient006_0138.jpg,2,1.0,low_25_to_50,123,60,1.0,0.4878048780487805,0.4878048780487805,0.4878048780487805,1,False
HYBRID_TALON,1,patient095,patient095_case01,IBC,IBC_patient006_0138.jpg,3,,off_target_fp,65,0,0.0,0.0,0.0,0.0,0,False
HYBRID_TALON,1,patient095,patient095_case01,IBC,IBC_patient006_0138.jpg,4,,off_target_fp,9,0,0.0,0.0,0.0,0.0,0,False
HYBRID_TALON,1,patient095,patient095_case01,IBC,IBC_patient006_0139.jpg,1,,off_target_fp,198,0,0.0,0.0,0.0,0.0,0,False
HYBRID_TALON,1,patient095,patient095_case01,IBC,IBC_patient006_0139.jpg,2,1.0,low_25_to_50,188,76,1.0,0.40425531914893614,0.40425531914893614,0.40425531914893614,1,False
HYBRID_TALON,1,patient095,patient095_case01,IBC,IBC_patient006_0139.jpg,3,,off_target_fp,6,0,0.0,0.0,0.0,0.0,0,False
HYBRID_TALON,1,patient095,patient095_case01,IBC,IBC_patient006_0139.jpg,4,,off_target_fp,4,0,0.0,0.0,0.0,0.0,0,False
HYBRID_TALON,1,patient095,patient095_case01,IBC,IBC_patient006_0140.jpg,1,,off_target_fp,282,0,0.0,0.0,0.0,0.0,0,False
HYBRID_TALON,1,patient095,patient095_case01,IBC,IBC_patient006_0140.jpg,2,1.0,low_25_to_50,287,108,1.0,0.37630662020905925,0.37630662020905925,0.37630662020905925,1,False
HYBRID_TALON,1,patient095,patient095_case01,IBC,IBC_patient006_0141.jpg,1,,off_target_fp,340,0,0.0,0.0,0.0,0.0,0,False
HYBRID_TALON,1,patient095,patient095_case01,IBC,IBC_patient006_0141.jpg,2,1.0,moderate_50_to_75,370,228,1.0,0.6162162162162163,0.6162162162162163,0.6162162162162163,1,False
HYBRID_TALON,1,patient095,patient095_case01,IBC,IBC_patient006_0142.jpg,1,,off_target_fp,339,0,0.0,0.0,0.0,0.0,0,False
HYBRID_TALON,1,patient095,patient095_case01,IBC,IBC_patient006_0142.jpg,2,1.0,moderate_50_to_75,389,254,0.9921875,0.6529562982005142,0.6529562982005142,0.649616368286445,1,False
HYBRID_TALON,1,patient095,patient095_case01,IBC,IBC_patient006_0143.jpg,1,,off_target_fp,317,0,0.0,0.0,0.0,0.0,0,False
HYBRID_TALON,1,patient095,patient095_case01,IBC,IBC_patient006_0143.jpg,2,1.0,moderate_50_to_75,408,288,0.9863013698630136,0.7058823529411765,0.7058823529411765,0.6990291262135923,1,False
HYBRID_TALON,1,patient095,patient095_case01,IBC,IBC_patient006_0144.jpg,1,1.0,moderate_50_to_75,435,308,1.0,0.7080459770114943,0.7080459770114943,0.7080459770114943,1,False
HYBRID_TALON,1,patient095,patient095_case01,IBC,IBC_patient006_0144.jpg,2,,off_target_fp,127,0,0.0,0.0,0.0,0.0,0,False
HYBRID_TALON,1,patient095,patient095_case01,IBC,IBC_patient006_0145.jpg,1,1.0,moderate_50_to_75,472,325,0.9789156626506024,0.6885593220338984,0.6885593220338984,0.6784968684759917,1,False
HYBRID_TALON,1,patient095,patient095_case01,IBC,IBC_patient006_0146.jpg,1,1.0,moderate_50_to_75,483,284,1.0,0.587991718426501,0.587991718426501,0.587991718426501,1,False
HYBRID_TALON,1,patient095,patient095_case01,IBC,IBC_patient006_0146.jpg,2,,off_target_fp,28,0,0.0,0.0,0.0,0.0,0,False
HYBRID_TALON,1,patient095,patient095_case01,IBC,IBC_patient006_0146.jpg,3,,off_target_fp,24,0,0.0,0.0,0.0,0.0,0,False
HYBRID_TALON,1,patient095,patient095_case01,IBC,IBC_patient006_0147.jpg,1,1.0,moderate_50_to_75,397,265,0.8717105263157895,0.6675062972292192,0.6675062972292192,0.6077981651376146,1,False
HYBRID_TALON,1,patient095,patient095_case01,IBC,IBC_patient006_0147.jpg,2,,off_target_fp,46,0,0.0,0.0,0.0,0.0,0,False
HYBRID_TALON,1,patient095,patient095_case01,IBC,IBC_patient006_0147.jpg,3,,off_target_fp,29,0,0.0,0.0,0.0,0.0,0,False
HYBRID_TALON,1,patient095,patient095_case01,IBC,IBC_patient006_0147.jpg,4,,off_target_fp,3,0,0.0,0.0,0.0,0.0,0,False
HYBRID_TALON,1,patient099,patient099_case01,IGM,IGM_patient008_0049.jpg,1,,off_target_fp,26,0,0.0,0.0,0.0,0.0,0,False
HYBRID_TALON,1,patient099,patient099_case01,IGM,IGM_patient008_0049.jpg,2,,off_target_fp,6,0,0.0,0.0,0.0,0.0,0,False
HYBRID_TALON,1,patient099,patient099_case01,IGM,IGM_patient008_0049.jpg,3,,off_target_fp,3,0,0.0,0.0,0.0,0.0,0,False
HYBRID_TALON,1,patient099,patient099_case01,IGM,IGM_patient008_0049.jpg,4,,off_target_fp,12,0,0.0,0.0,0.0,0.0,0,False
HYBRID_TALON,1,patient099,patient099_case01,IGM,IGM_patient008_0049.jpg,5,1.0,partial_below_25,15,14,0.16666666666666666,0.9333333333333333,0.16666666666666666,0.16470588235294117,1,False
HYBRID_TALON,1,patient099,patient099_case01,IGM,IGM_patient008_0049.jpg,6,,off_target_fp,61,0,0.0,0.0,0.0,0.0,0,False
HYBRID_TALON,1,patient099,patient099_case01,IGM,IGM_patient008_0050.jpg,1,,off_target_fp,2,0,0.0,0.0,0.0,0.0,0,False
HYBRID_TALON,1,patient099,patient099_case01,IGM,IGM_patient008_0050.jpg,2,1.0,low_25_to_50,33,31,0.2672413793103448,0.9393939393939394,0.2672413793103448,0.2627118644067797,1,False
HYBRID_TALON,1,patient099,patient099_case01,IGM,IGM_patient008_0050.jpg,3,,off_target_fp,35,0,0.0,0.0,0.0,0.0,0,False
HYBRID_TALON,1,patient099,patient099_case01,IGM,IGM_patient008_0051.jpg,1,,off_target_fp,11,0,0.0,0.0,0.0,0.0,0,False
HYBRID_TALON,1,patient099,patient099_case01,IGM,IGM_patient008_0051.jpg,2,,off_target_fp,7,0,0.0,0.0,0.0,0.0,0,False
HYBRID_TALON,1,patient099,patient099_case01,IGM,IGM_patient008_0052.jpg,1,1.0,moderate_50_to_75,108,100,0.6756756756756757,0.9259259259259259,0.6756756756756757,0.6410256410256411,1,False
HYBRID_TALON,1,patient099,patient099_case01,IGM,IGM_patient008_0053.jpg,1,1.0,moderate_50_to_75,100,94,0.7121212121212122,0.94,0.7121212121212122,0.6811594202898551,1,False
HYBRID_TALON,1,patient099,patient099_case01,IGM,IGM_patient008_0054.jpg,1,1.0,moderate_50_to_75,102,96,0.7272727272727273,0.9411764705882353,0.7272727272727273,0.6956521739130435,1,False
HYBRID_TALON,1,patient099,patient099_case01,IGM,IGM_patient008_0055.jpg,1,,off_target_fp,55,0,0.0,0.0,0.0,0.0,0,False
HYBRID_TALON,1,patient099,patient099_case01,IGM,IGM_patient008_0055.jpg,2,1.0,strong_75_plus,141,120,0.8823529411764706,0.851063829787234,0.851063829787234,0.7643312101910829,1,False
HYBRID_TALON,1,patient099,patient099_case01,IGM,IGM_patient008_0056.jpg,1,,off_target_fp,95,0,0.0,0.0,0.0,0.0,0,False
HYBRID_TALON,1,patient099,patient099_case01,IGM,IGM_patient008_0056.jpg,2,,off_target_fp,55,0,0.0,0.0,0.0,0.0,0,False
HYBRID_TALON,1,patient099,patient099_case01,IGM,IGM_patient008_0056.jpg,3,1.0,moderate_50_to_75,147,133,0.7388888888888889,0.9047619047619048,0.7388888888888889,0.6855670103092784,1,False
HYBRID_TALON,1,patient099,patient099_case01,IGM,IGM_patient008_0057.jpg,1,,off_target_fp,12,0,0.0,0.0,0.0,0.0,0,False
HYBRID_TALON,1,patient099,patient099_case01,IGM,IGM_patient008_0057.jpg,2,,off_target_fp,150,0,0.0,0.0,0.0,0.0,0,False
HYBRID_TALON,1,patient099,patient099_case01,IGM,IGM_patient008_0057.jpg,3,1.0,strong_75_plus,149,143,0.89375,0.959731543624161,0.89375,0.8614457831325302,1,False
HYBRID_TALON,1,patient099,patient099_case01,IGM,IGM_patient008_0058.jpg,1,,off_target_fp,174,0,0.0,0.0,0.0,0.0,0,False
HYBRID_TALON,1,patient099,patient099_case01,IGM,IGM_patient008_0058.jpg,2,1.0,strong_75_plus,77,72,0.782608695652174,0.935064935064935,0.782608695652174,0.7422680412371134,1,False
HYBRID_TALON,1,patient099,patient099_case01,IGM,IGM_patient008_0058.jpg,3,,off_target_fp,122,0,0.0,0.0,0.0,0.0,0,False
HYBRID_TALON,1,patient102,patient102_case01,IGM,IGM_patient009_0053.jpg,1,,off_target_fp,37,0,0.0,0.0,0.0,0.0,0,False
HYBRID_TALON,1,patient102,patient102_case01,IGM,IGM_patient009_0053.jpg,2,1.0,low_25_to_50,34,32,0.42105263157894735,0.9411764705882353,0.42105263157894735,0.41025641025641024,1,False
HYBRID_TALON,1,patient102,patient102_case01,IGM,IGM_patient009_0054.jpg,1,,off_target_fp,100,0,0.0,0.0,0.0,0.0,0,False
HYBRID_TALON,1,patient102,patient102_case01,IGM,IGM_patient009_0054.jpg,2,,off_target_fp,32,0,0.0,0.0,0.0,0.0,0,False
HYBRID_TALON,1,patient102,patient102_case01,IGM,IGM_patient009_0054.jpg,3,1.0,strong_75_plus,185,173,0.8317307692307693,0.9351351351351351,0.8317307692307693,0.7863636363636364,1,False
HYBRID_TALON,1,patient102,patient102_case01,IGM,IGM_patient009_0055.jpg,1,,off_target_fp,3,0,0.0,0.0,0.0,0.0,0,False
HYBRID_TALON,1,patient102,patient102_case01,IGM,IGM_patient009_0055.jpg,2,1.0,strong_75_plus,372,302,0.8988095238095238,0.8118279569892473,0.8118279569892473,0.7438423645320197,1,False
HYBRID_TALON,1,patient102,patient102_case01,IGM,IGM_patient009_0056.jpg,1,,off_target_fp,20,0,0.0,0.0,0.0,0.0,0,False
HYBRID_TALON,1,patient102,patient102_case01,IGM,IGM_patient009_0056.jpg,2,1.0,moderate_50_to_75,268,246,0.6988636363636364,0.917910447761194,0.6988636363636364,0.6577540106951871,1,False
HYBRID_TALON,1,patient102,patient102_case01,IGM,IGM_patient009_0057.jpg,1,,off_target_fp,10,0,0.0,0.0,0.0,0.0,0,False
HYBRID_TALON,1,patient102,patient102_case01,IGM,IGM_patient009_0057.jpg,2,,off_target_fp,3,0,0.0,0.0,0.0,0.0,0,False
HYBRID_TALON,1,patient102,patient102_case01,IGM,IGM_patient009_0057.jpg,3,,off_target_fp,36,0,0.0,0.0,0.0,0.0,0,False
HYBRID_TALON,1,patient102,patient102_case01,IGM,IGM_patient009_0057.jpg,4,1.0,strong_75_plus,219,172,0.7543859649122807,0.7853881278538812,0.7543859649122807,0.6254545454545455,1,False
HYBRID_TALON,1,patient102,patient102_case01,IGM,IGM_patient009_0058.jpg,1,,off_target_fp,186,0,0.0,0.0,0.0,0.0,0,False
HYBRID_TALON,1,patient102,patient102_case01,IGM,IGM_patient009_0058.jpg,2,1.0,strong_75_plus,178,170,0.7589285714285714,0.9550561797752809,0.7589285714285714,0.7327586206896551,1,False
HYBRID_TALON,1,patient102,patient102_case01,IGM,IGM_patient009_0058.jpg,3,,off_target_fp,6,0,0.0,0.0,0.0,0.0,0,False
HYBRID_TALON,10,patient003,patient003_case01,IBC,IBC_patient010_0139.jpg,1,1.0,moderate_50_to_75,477,322,0.7,0.6750524109014675,0.6750524109014675,0.5235772357723577,1,False
HYBRID_TALON,10,patient003,patient003_case01,IBC,IBC_patient010_0140.jpg,1,1.0,strong_75_plus,669,549,0.940068493150685,0.820627802690583,0.820627802690583,0.7798295454545454,1,False
HYBRID_TALON,10,patient003,patient003_case01,IBC,IBC_patient010_0141.jpg,1,1.0,strong_75_plus,700,591,0.9471153846153846,0.8442857142857143,0.8442857142857143,0.8062755798090041,1,False
HYBRID_TALON,10,patient003,patient003_case01,IBC,IBC_patient010_0142.jpg,1,1.0,strong_75_plus,744,650,0.9672619047619048,0.8736559139784946,0.8736559139784946,0.8485639686684073,1,False
HYBRID_TALON,10,patient003,patient003_case01,IBC,IBC_patient010_0143.jpg,1,1.0,strong_75_plus,802,713,0.9141025641025641,0.8890274314214464,0.8890274314214464,0.8204833141542003,1,False
HYBRID_TALON,10,patient003,patient003_case01,IBC,IBC_patient010_0144.jpg,1,1.0,moderate_50_to_75,845,602,0.9772727272727273,0.7124260355029586,0.7124260355029586,0.7008149010477299,1,False
HYBRID_TALON,10,patient003,patient003_case01,IBC,IBC_patient010_0145.jpg,1,1.0,moderate_50_to_75,907,627,0.9616564417177914,0.6912899669239251,0.6912899669239251,0.6727467811158798,1,False
HYBRID_TALON,10,patient003,patient003_case01,IBC,IBC_patient010_0146.jpg,1,1.0,moderate_50_to_75,894,668,0.9823529411764705,0.7472035794183445,0.7472035794183445,0.7373068432671082,1,False
HYBRID_TALON,10,patient003,patient003_case01,IBC,IBC_patient010_0147.jpg,1,1.0,moderate_50_to_75,869,621,0.9764150943396226,0.714614499424626,0.714614499424626,0.7024886877828054,1,False
HYBRID_TALON,10,patient003,patient003_case01,IBC,IBC_patient010_0148.jpg,1,,off_target_fp,17,0,0.0,0.0,0.0,0.0,0,False
HYBRID_TALON,10,patient003,patient003_case01,IBC,IBC_patient010_0148.jpg,2,1.0,moderate_50_to_75,875,612,0.9935064935064936,0.6994285714285714,0.6994285714285714,0.6962457337883959,1,False
HYBRID_TALON,10,patient003,patient003_case01,IBC,IBC_patient010_0149.jpg,1,,off_target_fp,24,0,0.0,0.0,0.0,0.0,0,False
HYBRID_TALON,10,patient003,patient003_case01,IBC,IBC_patient010_0149.jpg,2,1.0,moderate_50_to_75,868,584,1.0,0.6728110599078341,0.6728110599078341,0.6728110599078341,1,False
HYBRID_TALON,10,patient003,patient003_case01,IBC,IBC_patient010_0150.jpg,1,,off_target_fp,86,0,0.0,0.0,0.0,0.0,0,False
HYBRID_TALON,10,patient003,patient003_case01,IBC,IBC_patient010_0150.jpg,2,1.0,moderate_50_to_75,861,510,0.9883720930232558,0.5923344947735192,0.5923344947735192,0.5882352941176471,1,False
HYBRID_TALON,10,patient003,patient003_case01,IBC,IBC_patient010_0151.jpg,1,,off_target_fp,76,0,0.0,0.0,0.0,0.0,0,False
HYBRID_TALON,10,patient003,patient003_case01,IBC,IBC_patient010_0151.jpg,2,1.0,moderate_50_to_75,847,456,0.957983193277311,0.538370720188902,0.538370720188902,0.5259515570934256,1,False
HYBRID_TALON,10,patient003,patient003_case01,IBC,IBC_patient010_0152.jpg,1,,off_target_fp,54,0,0.0,0.0,0.0,0.0,0,False
HYBRID_TALON,10,patient003,patient003_case01,IBC,IBC_patient010_0152.jpg,2,,off_target_fp,12,0,0.0,0.0,0.0,0.0,0,False
HYBRID_TALON,10,patient003,patient003_case01,IBC,IBC_patient010_0152.jpg,3,1.0,low_25_to_50,896,430,0.86,0.4799107142857143,0.4799107142857143,0.4451345755693582,1,False
HYBRID_TALON,10,patient003,patient003_case01,IBC,IBC_patient010_0152.jpg,4,,off_target_fp,72,0,0.0,0.0,0.0,0.0,0,False
HYBRID_TALON,10,patient003,patient003_case01,IBC,IBC_patient010_0153.jpg,1,,off_target_fp,21,0,0.0,0.0,0.0,0.0,0,False
HYBRID_TALON,10,patient003,patient003_case01,IBC,IBC_patient010_0153.jpg,2,,off_target_fp,25,0,0.0,0.0,0.0,0.0,0,False
HYBRID_TALON,10,patient003,patient003_case01,IBC,IBC_patient010_0153.jpg,3,1.0,low_25_to_50,802,381,0.79375,0.47506234413965087,0.47506234413965087,0.42286348501664817,1,False
HYBRID_TALON,10,patient003,patient003_case01,IBC,IBC_patient010_0153.jpg,4,,off_target_fp,107,0,0.0,0.0,0.0,0.0,0,False
HYBRID_TALON,10,patient003,patient003_case01,IBC,IBC_patient010_0154.jpg,1,1.0,low_25_to_50,709,324,0.6532258064516129,0.45698166431593795,0.45698166431593795,0.3677639046538025,1,False
HYBRID_TALON,10,patient003,patient003_case01,IBC,IBC_patient010_0154.jpg,2,,off_target_fp,128,0,0.0,0.0,0.0,0.0,0,False
HYBRID_TALON,10,patient003,patient003_case01,IBC,IBC_patient010_0155.jpg,1,,off_target_fp,12,0,0.0,0.0,0.0,0.0,0,False
HYBRID_TALON,10,patient003,patient003_case01,IBC,IBC_patient010_0155.jpg,2,1.0,low_25_to_50,758,376,0.7768595041322314,0.49604221635883905,0.49604221635883905,0.4341801385681293,1,False
HYBRID_TALON,10,patient003,patient003_case01,IBC,IBC_patient010_0155.jpg,3,,off_target_fp,131,0,0.0,0.0,0.0,0.0,0,False
HYBRID_TALON,10,patient003,patient003_case01,IBC,IBC_patient010_0156.jpg,1,1.0,low_25_to_50,748,372,0.8942307692307693,0.49732620320855614,0.49732620320855614,0.4696969696969697,1,False
HYBRID_TALON,10,patient003,patient003_case01,IBC,IBC_patient010_0156.jpg,2,,off_target_fp,128,0,0.0,0.0,0.0,0.0,0,False
HYBRID_TALON,10,patient003,patient003_case01,IBC,IBC_patient010_0157.jpg,1,1.0,low_25_to_50,602,266,0.8525641025641025,0.4418604651162791,0.4418604651162791,0.4104938271604938,1,False
HYBRID_TALON,10,patient003,patient003_case01,IBC,IBC_patient010_0157.jpg,2,,off_target_fp,47,0,0.0,0.0,0.0,0.0,0,False
HYBRID_TALON,10,patient003,patient003_case01,IBC,IBC_patient010_0158.jpg,1,1.0,partial_below_25,26,26,0.08024691358024691,1.0,0.08024691358024691,0.08024691358024691,1,False
HYBRID_TALON,10,patient003,patient003_case01,IBC,IBC_patient010_0158.jpg,2,1.0,partial_below_25,152,23,0.07098765432098765,0.1513157894736842,0.07098765432098765,0.05077262693156733,1,False
HYBRID_TALON,10,patient003,patient003_case01,IBC,IBC_patient010_0159.jpg,1,,off_target_fp,10,0,0.0,0.0,0.0,0.0,0,False
HYBRID_TALON,10,patient003,patient003_case01,IBC,IBC_patient010_0160.jpg,1,1.0,partial_below_25,10,10,0.033783783783783786,1.0,0.033783783783783786,0.033783783783783786,1,False
HYBRID_TALON,10,patient007,patient007_case01,IGM,IGM_patient012_0059.jpg,1,,off_target_fp,114,0,0.0,0.0,0.0,0.0,0,False
HYBRID_TALON,10,patient007,patient007_case01,IGM,IGM_patient012_0059.jpg,2,1.0,moderate_50_to_75,255,149,0.9085365853658537,0.5843137254901961,0.5843137254901961,0.5518518518518518,1,False
HYBRID_TALON,10,patient007,patient007_case01,IGM,IGM_patient012_0060.jpg,1,,off_target_fp,10,0,0.0,0.0,0.0,0.0,0,False
HYBRID_TALON,10,patient007,patient007_case01,IGM,IGM_patient012_0060.jpg,2,,off_target_fp,84,0,0.0,0.0,0.0,0.0,0,False
HYBRID_TALON,10,patient007,patient007_case01,IGM,IGM_patient012_0060.jpg,3,,off_target_fp,14,0,0.0,0.0,0.0,0.0,0,False
HYBRID_TALON,10,patient007,patient007_case01,IGM,IGM_patient012_0060.jpg,4,1.0,strong_75_plus,242,190,0.9134615384615384,0.7851239669421488,0.7851239669421488,0.7307692307692307,1,False
HYBRID_TALON,10,patient007,patient007_case01,IGM,IGM_patient012_0060.jpg,5,,off_target_fp,92,0,0.0,0.0,0.0,0.0,0,False
HYBRID_TALON,10,patient007,patient007_case01,IGM,IGM_patient012_0061.jpg,1,,off_target_fp,28,0,0.0,0.0,0.0,0.0,0,False
HYBRID_TALON,10,patient007,patient007_case01,IGM,IGM_patient012_0061.jpg,2,1.0,strong_75_plus,286,227,0.9153225806451613,0.7937062937062938,0.7937062937062938,0.739413680781759,1,False
HYBRID_TALON,10,patient007,patient007_case01,IGM,IGM_patient012_0061.jpg,3,,off_target_fp,142,0,0.0,0.0,0.0,0.0,0,False
HYBRID_TALON,10,patient007,patient007_case01,IGM,IGM_patient012_0062.jpg,1,1.0,strong_75_plus,289,221,0.876984126984127,0.7647058823529411,0.7647058823529411,0.690625,1,False
HYBRID_TALON,10,patient007,patient007_case01,IGM,IGM_patient012_0062.jpg,2,,off_target_fp,104,0,0.0,0.0,0.0,0.0,0,False
HYBRID_TALON,10,patient007,patient007_case01,IGM,IGM_patient012_0063.jpg,1,1.0,moderate_50_to_75,173,133,0.6785714285714286,0.7687861271676301,0.6785714285714286,0.5635593220338984,1,False
HYBRID_TALON,10,patient007,patient007_case01,IGM,IGM_patient012_0063.jpg,2,,off_target_fp,44,0,0.0,0.0,0.0,0.0,0,False
HYBRID_TALON,10,patient007,patient007_case01,IGM,IGM_patient012_0064.jpg,1,,off_target_fp,51,0,0.0,0.0,0.0,0.0,0,False
HYBRID_TALON,10,patient007,patient007_case01,IGM,IGM_patient012_0064.jpg,2,,off_target_fp,12,0,0.0,0.0,0.0,0.0,0,False
HYBRID_TALON,10,patient007,patient007_case01,IGM,IGM_patient012_0064.jpg,3,1.0,moderate_50_to_75,67,46,0.8214285714285714,0.6865671641791045,0.6865671641791045,0.5974025974025974,1,False
HYBRID_TALON,10,patient011,patient011_case01,IBC,IBC_patient014_0059.jpg,1,,off_target_fp,232,0,0.0,0.0,0.0,0.0,0,False
HYBRID_TALON,10,patient011,patient011_case01,IBC,IBC_patient014_0060.jpg,1,,off_target_fp,67,0,0.0,0.0,0.0,0.0,0,False
HYBRID_TALON,10,patient011,patient011_case01,IBC,IBC_patient014_0060.jpg,2,1.0,moderate_50_to_75,144,144,0.5806451612903226,1.0,0.5806451612903226,0.5806451612903226,1,False
HYBRID_TALON,10,patient011,patient011_case01,IBC,IBC_patient014_0061.jpg,1,,off_target_fp,16,0,0.0,0.0,0.0,0.0,0,False
HYBRID_TALON,10,patient011,patient011_case01,IBC,IBC_patient014_0061.jpg,2,1.0,strong_75_plus,376,352,0.9072164948453608,0.9361702127659575,0.9072164948453608,0.8543689320388349,1,False
HYBRID_TALON,10,patient011,patient011_case01,IBC,IBC_patient014_0062.jpg,1,1.0,strong_75_plus,552,515,0.9262589928057554,0.9329710144927537,0.9262589928057554,0.8684654300168634,1,False
HYBRID_TALON,10,patient011,patient011_case01,IBC,IBC_patient014_0063.jpg,1,,off_target_fp,25,0,0.0,0.0,0.0,0.0,0,False
HYBRID_TALON,10,patient011,patient011_case01,IBC,IBC_patient014_0063.jpg,2,1.0,strong_75_plus,688,626,0.9542682926829268,0.9098837209302325,0.9098837209302325,0.871866295264624,1,False
HYBRID_TALON,10,patient011,patient011_case01,IBC,IBC_patient014_0064.jpg,1,,off_target_fp,83,0,0.0,0.0,0.0,0.0,0,False
HYBRID_TALON,10,patient011,patient011_case01,IBC,IBC_patient014_0064.jpg,2,1.0,strong_75_plus,792,736,0.9484536082474226,0.9292929292929293,0.9292929292929293,0.8846153846153846,1,False
HYBRID_TALON,10,patient011,patient011_case01,IBC,IBC_patient014_0065.jpg,1,,off_target_fp,23,0,0.0,0.0,0.0,0.0,0,False
HYBRID_TALON,10,patient011,patient011_case01,IBC,IBC_patient014_0065.jpg,2,,off_target_fp,64,0,0.0,0.0,0.0,0.0,0,False
HYBRID_TALON,10,patient011,patient011_case01,IBC,IBC_patient014_0065.jpg,3,1.0,strong_75_plus,906,753,0.970360824742268,0.8311258278145696,0.8311258278145696,0.8105489773950484,1,False
HYBRID_TALON,10,patient011,patient011_case01,IBC,IBC_patient014_0066.jpg,1,,off_target_fp,170,0,0.0,0.0,0.0,0.0,0,False
HYBRID_TALON,10,patient011,patient011_case01,IBC,IBC_patient014_0066.jpg,2,1.0,strong_75_plus,900,726,0.9552631578947368,0.8066666666666666,0.8066666666666666,0.7773019271948608,1,False
HYBRID_TALON,10,patient011,patient011_case01,IBC,IBC_patient014_0067.jpg,1,,off_target_fp,90,0,0.0,0.0,0.0,0.0,0,False
HYBRID_TALON,10,patient011,patient011_case01,IBC,IBC_patient014_0067.jpg,2,1.0,strong_75_plus,927,756,0.9692307692307692,0.8155339805825242,0.8155339805825242,0.7949526813880127,1,False
HYBRID_TALON,10,patient011,patient011_case01,IBC,IBC_patient014_0067.jpg,3,,off_target_fp,238,0,0.0,0.0,0.0,0.0,0,False
HYBRID_TALON,10,patient011,patient011_case01,IBC,IBC_patient014_0068.jpg,1,1.0,strong_75_plus,779,651,0.9863636363636363,0.8356867779204108,0.8356867779204108,0.8261421319796954,1,False
HYBRID_TALON,10,patient011,patient011_case01,IBC,IBC_patient014_0068.jpg,2,,off_target_fp,32,0,0.0,0.0,0.0,0.0,0,False
HYBRID_TALON,10,patient011,patient011_case01,IBC,IBC_patient014_0069.jpg,1,1.0,strong_75_plus,716,557,0.9537671232876712,0.7779329608938548,0.7779329608938548,0.7496635262449529,1,False
HYBRID_TALON,10,patient011,patient011_case01,IBC,IBC_patient014_0070.jpg,1,1.0,moderate_50_to_75,677,436,0.9396551724137931,0.6440177252584933,0.6440177252584933,0.6184397163120567,1,False
HYBRID_TALON,10,patient011,patient011_case01,IBC,IBC_patient014_0071.jpg,1,1.0,low_25_to_50,439,190,0.7421875,0.4328018223234624,0.4328018223234624,0.37623762376237624,1,False
HYBRID_TALON,10,patient011,patient011_case01,IBC,IBC_patient014_0071.jpg,2,,off_target_fp,25,0,0.0,0.0,0.0,0.0,0,False
HYBRID_TALON,10,patient012,patient012_case01,IBC,IBC_patient015_0138.jpg,1,1.0,low_25_to_50,44,42,0.45652173913043476,0.9545454545454546,0.45652173913043476,0.44680851063829785,1,False
HYBRID_TALON,10,patient012,patient012_case01,IBC,IBC_patient015_0139.jpg,1,1.0,moderate_50_to_75,100,97,0.6928571428571428,0.97,0.6928571428571428,0.6783216783216783,1,False
HYBRID_TALON,10,patient012,patient012_case01,IBC,IBC_patient015_0140.jpg,1,1.0,strong_75_plus,169,145,0.7712765957446809,0.8579881656804734,0.7712765957446809,0.6839622641509434,1,False
HYBRID_TALON,10,patient012,patient012_case01,IBC,IBC_patient015_0141.jpg,1,,off_target_fp,16,0,0.0,0.0,0.0,0.0,0,False
HYBRID_TALON,10,patient012,patient012_case01,IBC,IBC_patient015_0141.jpg,2,1.0,strong_75_plus,217,199,0.8577586206896551,0.9170506912442397,0.8577586206896551,0.796,1,False
HYBRID_TALON,10,patient012,patient012_case01,IBC,IBC_patient015_0142.jpg,1,,off_target_fp,13,0,0.0,0.0,0.0,0.0,0,False
HYBRID_TALON,10,patient012,patient012_case01,IBC,IBC_patient015_0142.jpg,2,1.0,strong_75_plus,273,230,0.8333333333333334,0.8424908424908425,0.8333333333333334,0.7210031347962382,1,False
HYBRID_TALON,10,patient012,patient012_case01,IBC,IBC_patient015_0142.jpg,3,,off_target_fp,15,0,0.0,0.0,0.0,0.0,0,False
HYBRID_TALON,10,patient012,patient012_case01,IBC,IBC_patient015_0143.jpg,1,,off_target_fp,50,0,0.0,0.0,0.0,0.0,0,False
HYBRID_TALON,10,patient012,patient012_case01,IBC,IBC_patient015_0143.jpg,2,1.0,strong_75_plus,332,303,0.8706896551724138,0.9126506024096386,0.8706896551724138,0.8037135278514589,1,False
HYBRID_TALON,10,patient012,patient012_case01,IBC,IBC_patient015_0143.jpg,3,,off_target_fp,23,0,0.0,0.0,0.0,0.0,0,False
HYBRID_TALON,10,patient012,patient012_case01,IBC,IBC_patient015_0144.jpg,1,,off_target_fp,90,0,0.0,0.0,0.0,0.0,0,False
HYBRID_TALON,10,patient012,patient012_case01,IBC,IBC_patient015_0144.jpg,2,1.0,strong_75_plus,343,313,0.8151041666666666,0.9125364431486881,0.8151041666666666,0.7560386473429952,1,False
HYBRID_TALON,10,patient012,patient012_case01,IBC,IBC_patient015_0144.jpg,3,,off_target_fp,14,0,0.0,0.0,0.0,0.0,0,False
HYBRID_TALON,10,patient012,patient012_case01,IBC,IBC_patient015_0145.jpg,1,,off_target_fp,142,0,0.0,0.0,0.0,0.0,0,False
HYBRID_TALON,10,patient012,patient012_case01,IBC,IBC_patient015_0145.jpg,2,1.0,moderate_50_to_75,314,289,0.7083333333333334,0.9203821656050956,0.7083333333333334,0.6674364896073903,1,False
HYBRID_TALON,10,patient012,patient012_case01,IBC,IBC_patient015_0146.jpg,1,,off_target_fp,151,0,0.0,0.0,0.0,0.0,0,False
HYBRID_TALON,10,patient012,patient012_case01,IBC,IBC_patient015_0146.jpg,2,1.0,strong_75_plus,307,257,0.8132911392405063,0.8371335504885994,0.8132911392405063,0.7021857923497268,1,False
HYBRID_TALON,10,patient012,patient012_case01,IBC,IBC_patient015_0147.jpg,1,,off_target_fp,112,0,0.0,0.0,0.0,0.0,0,False
HYBRID_TALON,10,patient012,patient012_case01,IBC,IBC_patient015_0147.jpg,2,1.0,low_25_to_50,101,86,0.25595238095238093,0.8514851485148515,0.25595238095238093,0.245014245014245,1,False
HYBRID_TALON,10,patient012,patient012_case01,IBC,IBC_patient015_0147.jpg,3,1.0,low_25_to_50,98,98,0.2916666666666667,1.0,0.2916666666666667,0.2916666666666667,1,False
HYBRID_TALON,10,patient012,patient012_case01,IBC,IBC_patient015_0148.jpg,1,,off_target_fp,114,0,0.0,0.0,0.0,0.0,0,False
HYBRID_TALON,10,patient012,patient012_case01,IBC,IBC_patient015_0148.jpg,2,1.0,low_25_to_50,125,123,0.4270833333333333,0.984,0.4270833333333333,0.4241379310344828,1,False
HYBRID_TALON,10,patient012,patient012_case01,IBC,IBC_patient015_0149.jpg,1,,off_target_fp,131,0,0.0,0.0,0.0,0.0,0,False
HYBRID_TALON,10,patient012,patient012_case01,IBC,IBC_patient015_0149.jpg,2,1.0,partial_below_25,161,40,0.37037037037037035,0.2484472049689441,0.2484472049689441,0.17467248908296942,1,False
HYBRID_TALON,10,patient012,patient012_case01,IBC,IBC_patient015_0150.jpg,1,,off_target_fp,100,0,0.0,0.0,0.0,0.0,0,False
HYBRID_TALON,10,patient012,patient012_case01,IBC,IBC_patient015_0150.jpg,2,1.0,partial_below_25,157,18,0.18,0.11464968152866242,0.11464968152866242,0.07531380753138076,1,False
HYBRID_TALON,10,patient017,patient017_case01,IGM,IGM_patient017_0055.jpg,1,,off_target_fp,20,0,0.0,0.0,0.0,0.0,0,False
HYBRID_TALON,10,patient017,patient017_case01,IGM,IGM_patient017_0055.jpg,2,,off_target_fp,13,0,0.0,0.0,0.0,0.0,0,False
HYBRID_TALON,10,patient017,patient017_case01,IGM,IGM_patient017_0055.jpg,3,,off_target_fp,11,0,0.0,0.0,0.0,0.0,0,False
HYBRID_TALON,10,patient017,patient017_case01,IGM,IGM_patient017_0056.jpg,1,,off_target_fp,13,0,0.0,0.0,0.0,0.0,0,False
HYBRID_TALON,10,patient017,patient017_case01,IGM,IGM_patient017_0056.jpg,2,1.0,moderate_50_to_75,119,79,0.6810344827586207,0.6638655462184874,0.6638655462184874,0.5064102564102564,1,False
HYBRID_TALON,10,patient017,patient017_case01,IGM,IGM_patient017_0057.jpg,1,,off_target_fp,54,0,0.0,0.0,0.0,0.0,0,False
HYBRID_TALON,10,patient017,patient017_case01,IGM,IGM_patient017_0057.jpg,2,1.0,moderate_50_to_75,122,89,0.6742424242424242,0.7295081967213115,0.6742424242424242,0.5393939393939394,1,False
HYBRID_TALON,10,patient017,patient017_case01,IGM,IGM_patient017_0058.jpg,1,1.0,moderate_50_to_75,149,106,0.6973684210526315,0.7114093959731543,0.6973684210526315,0.5435897435897435,1,False
HYBRID_TALON,10,patient017,patient017_case01,IGM,IGM_patient017_0059.jpg,1,1.0,moderate_50_to_75,166,107,0.7642857142857142,0.6445783132530121,0.6445783132530121,0.5376884422110553,1,False
HYBRID_TALON,10,patient017,patient017_case01,IGM,IGM_patient017_0060.jpg,1,,off_target_fp,41,0,0.0,0.0,0.0,0.0,0,False
HYBRID_TALON,10,patient017,patient017_case01,IGM,IGM_patient017_0060.jpg,2,1.0,low_25_to_50,136,121,0.3734567901234568,0.8897058823529411,0.3734567901234568,0.35693215339233036,1,False
HYBRID_TALON,10,patient017,patient017_case01,IGM,IGM_patient017_0061.jpg,1,,off_target_fp,30,0,0.0,0.0,0.0,0.0,0,False
HYBRID_TALON,10,patient017,patient017_case01,IGM,IGM_patient017_0061.jpg,2,1.0,moderate_50_to_75,104,91,0.5986842105263158,0.875,0.5986842105263158,0.5515151515151515,1,False
HYBRID_TALON,10,patient017,patient017_case01,IGM,IGM_patient017_0062.jpg,1,,off_target_fp,26,0,0.0,0.0,0.0,0.0,0,False
HYBRID_TALON,10,patient017,patient017_case01,IGM,IGM_patient017_0062.jpg,2,1.0,low_25_to_50,118,116,0.3717948717948718,0.9830508474576272,0.3717948717948718,0.36942675159235666,1,False
HYBRID_TALON,10,patient017,patient017_case01,IGM,IGM_patient017_0063.jpg,1,1.0,partial_below_25,71,67,0.24632352941176472,0.9436619718309859,0.24632352941176472,0.2427536231884058,1,False
HYBRID_TALON,10,patient017,patient017_case01,IGM,IGM_patient017_0065.jpg,1,,off_target_fp,149,0,0.0,0.0,0.0,0.0,0,False
HYBRID_TALON,10,patient017,patient017_case01,IGM,IGM_patient017_0065.jpg,2,,off_target_fp,42,0,0.0,0.0,0.0,0.0,0,False
HYBRID_TALON,10,patient017,patient017_case01,IGM,IGM_patient017_0066.jpg,1,,off_target_fp,75,0,0.0,0.0,0.0,0.0,0,False
HYBRID_TALON,10,patient017,patient017_case01,IGM,IGM_patient017_0067.jpg,1,,off_target_fp,41,0,0.0,0.0,0.0,0.0,0,False
HYBRID_TALON,10,patient023,patient023_case01,IBC,IBC_patient020_0043.jpg,1,1.0,strong_75_plus,130,99,0.7983870967741935,0.7615384615384615,0.7615384615384615,0.6387096774193548,1,False
HYBRID_TALON,10,patient023,patient023_case01,IBC,IBC_patient020_0044.jpg,1,,off_target_fp,94,0,0.0,0.0,0.0,0.0,0,False
HYBRID_TALON,10,patient023,patient023_case01,IBC,IBC_patient020_0044.jpg,2,1.0,strong_75_plus,237,203,0.9398148148148148,0.8565400843881856,0.8565400843881856,0.812,1,False
HYBRID_TALON,10,patient023,patient023_case01,IBC,IBC_patient020_0045.jpg,1,1.0,strong_75_plus,294,272,0.918918918918919,0.9251700680272109,0.918918918918919,0.8553459119496856,1,False
HYBRID_TALON,10,patient023,patient023_case01,IBC,IBC_patient020_0046.jpg,1,,off_target_fp,10,0,0.0,0.0,0.0,0.0,0,False
HYBRID_TALON,10,patient023,patient023_case01,IBC,IBC_patient020_0046.jpg,2,1.0,strong_75_plus,238,200,0.9090909090909091,0.8403361344537815,0.8403361344537815,0.7751937984496124,1,False
HYBRID_TALON,10,patient023,patient023_case01,IBC,IBC_patient020_0047.jpg,1,,off_target_fp,44,0,0.0,0.0,0.0,0.0,0,False
HYBRID_TALON,10,patient023,patient023_case01,IBC,IBC_patient020_0047.jpg,2,1.0,strong_75_plus,143,128,0.8205128205128205,0.8951048951048951,0.8205128205128205,0.7485380116959064,1,False
HYBRID_TALON,10,patient025,patient025_case01,IBC,IBC_patient021_0061.jpg,1,1.0,strong_75_plus,70,69,0.75,0.9857142857142858,0.75,0.7419354838709677,1,False
HYBRID_TALON,10,patient025,patient025_case01,IBC,IBC_patient021_0062.jpg,1,1.0,strong_75_plus,137,130,0.7738095238095238,0.948905109489051,0.7738095238095238,0.7428571428571429,1,False
HYBRID_TALON,10,patient025,patient025_case01,IBC,IBC_patient021_0063.jpg,1,1.0,strong_75_plus,181,181,0.8537735849056604,1.0,0.8537735849056604,0.8537735849056604,1,False
HYBRID_TALON,10,patient025,patient025_case01,IBC,IBC_patient021_0064.jpg,1,1.0,strong_75_plus,227,224,0.8484848484848485,0.986784140969163,0.8484848484848485,0.8389513108614233,1,False
HYBRID_TALON,10,patient025,patient025_case01,IBC,IBC_patient021_0065.jpg,1,1.0,strong_75_plus,252,224,0.9032258064516129,0.8888888888888888,0.8888888888888888,0.8115942028985508,1,False
HYBRID_TALON,10,patient025,patient025_case01,IBC,IBC_patient021_0066.jpg,1,,off_target_fp,134,0,0.0,0.0,0.0,0.0,0,False
HYBRID_TALON,10,patient025,patient025_case01,IBC,IBC_patient021_0066.jpg,2,1.0,strong_75_plus,163,157,0.8351063829787234,0.9631901840490797,0.8351063829787234,0.8092783505154639,1,False
HYBRID_TALON,10,patient025,patient025_case01,IBC,IBC_patient021_0067.jpg,1,,off_target_fp,106,0,0.0,0.0,0.0,0.0,0,False
HYBRID_TALON,10,patient025,patient025_case01,IBC,IBC_patient021_0067.jpg,2,1.0,moderate_50_to_75,50,49,0.6805555555555556,0.98,0.6805555555555556,0.6712328767123288,1,False
HYBRID_TALON,10,patient036,patient036_case01,IGM,IGM_patient029_0052.jpg,1,,off_target_fp,13,0,0.0,0.0,0.0,0.0,0,False
HYBRID_TALON,10,patient036,patient036_case01,IGM,IGM_patient029_0053.jpg,1,1.0,low_25_to_50,46,37,0.2803030303030303,0.8043478260869565,0.2803030303030303,0.2624113475177305,1,False
HYBRID_TALON,10,patient036,patient036_case01,IGM,IGM_patient029_0054.jpg,1,1.0,strong_75_plus,129,114,0.8382352941176471,0.8837209302325582,0.8382352941176471,0.7549668874172185,1,False
HYBRID_TALON,10,patient036,patient036_case01,IGM,IGM_patient029_0055.jpg,1,1.0,strong_75_plus,144,112,0.875,0.7777777777777778,0.7777777777777778,0.7,1,False
HYBRID_TALON,10,patient036,patient036_case01,IGM,IGM_patient029_0056.jpg,1,1.0,moderate_50_to_75,115,70,0.8333333333333334,0.6086956521739131,0.6086956521739131,0.5426356589147286,1,False
HYBRID_TALON,10,patient045,patient045_case01,IBC,IBC_patient033_0064.jpg,1,,off_target_fp,97,0,0.0,0.0,0.0,0.0,0,False
HYBRID_TALON,10,patient045,patient045_case01,IBC,IBC_patient033_0064.jpg,2,,off_target_fp,72,0,0.0,0.0,0.0,0.0,0,False
HYBRID_TALON,10,patient045,patient045_case01,IBC,IBC_patient033_0065.jpg,1,,off_target_fp,64,0,0.0,0.0,0.0,0.0,0,False
HYBRID_TALON,10,patient045,patient045_case01,IBC,IBC_patient033_0065.jpg,2,1.0,partial_below_25,192,11,0.08333333333333333,0.057291666666666664,0.057291666666666664,0.03514376996805112,1,False
HYBRID_TALON,10,patient045,patient045_case01,IBC,IBC_patient033_0066.jpg,1,1.0,moderate_50_to_75,263,218,0.689873417721519,0.8288973384030418,0.689873417721519,0.6038781163434903,1,False
HYBRID_TALON,10,patient045,patient045_case01,IBC,IBC_patient033_0067.jpg,1,,off_target_fp,170,0,0.0,0.0,0.0,0.0,0,False
HYBRID_TALON,10,patient045,patient045_case01,IBC,IBC_patient033_0067.jpg,2,1.0,moderate_50_to_75,339,242,0.9307692307692308,0.7138643067846607,0.7138643067846607,0.6778711484593838,1,False
HYBRID_TALON,10,patient045,patient045_case01,IBC,IBC_patient033_0068.jpg,1,,off_target_fp,170,0,0.0,0.0,0.0,0.0,0,False
HYBRID_TALON,10,patient045,patient045_case01,IBC,IBC_patient033_0068.jpg,2,,off_target_fp,46,0,0.0,0.0,0.0,0.0,0,False
HYBRID_TALON,10,patient045,patient045_case01,IBC,IBC_patient033_0068.jpg,3,1.0,strong_75_plus,238,213,0.9181034482758621,0.8949579831932774,0.8949579831932774,0.8287937743190662,1,False
HYBRID_TALON,10,patient045,patient045_case01,IBC,IBC_patient033_0069.jpg,1,,off_target_fp,130,0,0.0,0.0,0.0,0.0,0,False
HYBRID_TALON,10,patient045,patient045_case01,IBC,IBC_patient033_0069.jpg,2,,off_target_fp,24,0,0.0,0.0,0.0,0.0,0,False
HYBRID_TALON,10,patient047,patient047_case01,IBC,IBC_patient035_0130.jpg,1,,off_target_fp,166,0,0.0,0.0,0.0,0.0,0,False
HYBRID_TALON,10,patient047,patient047_case01,IBC,IBC_patient035_0130.jpg,2,1.0,moderate_50_to_75,210,201,0.6360759493670886,0.9571428571428572,0.6360759493670886,0.6184615384615385,1,False
HYBRID_TALON,10,patient047,patient047_case01,IBC,IBC_patient035_0131.jpg,1,,off_target_fp,107,0,0.0,0.0,0.0,0.0,0,False
HYBRID_TALON,10,patient047,patient047_case01,IBC,IBC_patient035_0131.jpg,2,,off_target_fp,129,0,0.0,0.0,0.0,0.0,0,False
HYBRID_TALON,10,patient047,patient047_case01,IBC,IBC_patient035_0131.jpg,3,1.0,moderate_50_to_75,258,251,0.7296511627906976,0.9728682170542635,0.7296511627906976,0.7150997150997151,1,False
HYBRID_TALON,10,patient047,patient047_case01,IBC,IBC_patient035_0132.jpg,1,,off_target_fp,267,0,0.0,0.0,0.0,0.0,0,False
HYBRID_TALON,10,patient047,patient047_case01,IBC,IBC_patient035_0132.jpg,2,,off_target_fp,100,0,0.0,0.0,0.0,0.0,0,False
HYBRID_TALON,10,patient047,patient047_case01,IBC,IBC_patient035_0132.jpg,3,1.0,strong_75_plus,309,296,0.8809523809523809,0.9579288025889967,0.8809523809523809,0.8481375358166189,1,False
HYBRID_TALON,10,patient047,patient047_case01,IBC,IBC_patient035_0133.jpg,1,,off_target_fp,79,0,0.0,0.0,0.0,0.0,0,False
HYBRID_TALON,10,patient047,patient047_case01,IBC,IBC_patient035_0133.jpg,2,,off_target_fp,29,0,0.0,0.0,0.0,0.0,0,False
HYBRID_TALON,10,patient047,patient047_case01,IBC,IBC_patient035_0133.jpg,3,1.0,strong_75_plus,344,338,0.8125,0.9825581395348837,0.8125,0.8009478672985783,1,False
HYBRID_TALON,10,patient047,patient047_case01,IBC,IBC_patient035_0134.jpg,1,,off_target_fp,73,0,0.0,0.0,0.0,0.0,0,False
HYBRID_TALON,10,patient047,patient047_case01,IBC,IBC_patient035_0134.jpg,2,,off_target_fp,72,0,0.0,0.0,0.0,0.0,0,False
HYBRID_TALON,10,patient047,patient047_case01,IBC,IBC_patient035_0134.jpg,3,1.0,strong_75_plus,365,348,0.87,0.9534246575342465,0.87,0.8345323741007195,1,False
HYBRID_TALON,10,patient047,patient047_case01,IBC,IBC_patient035_0135.jpg,1,,off_target_fp,80,0,0.0,0.0,0.0,0.0,0,False
HYBRID_TALON,10,patient047,patient047_case01,IBC,IBC_patient035_0135.jpg,2,,off_target_fp,148,0,0.0,0.0,0.0,0.0,0,False
HYBRID_TALON,10,patient047,patient047_case01,IBC,IBC_patient035_0135.jpg,3,1.0,strong_75_plus,367,343,0.8661616161616161,0.9346049046321526,0.8661616161616161,0.8166666666666667,1,False
HYBRID_TALON,10,patient047,patient047_case01,IBC,IBC_patient035_0136.jpg,1,,off_target_fp,84,0,0.0,0.0,0.0,0.0,0,False
HYBRID_TALON,10,patient047,patient047_case01,IBC,IBC_patient035_0136.jpg,2,,off_target_fp,186,0,0.0,0.0,0.0,0.0,0,False
HYBRID_TALON,10,patient047,patient047_case01,IBC,IBC_patient035_0136.jpg,3,1.0,strong_75_plus,308,278,0.8273809523809523,0.9025974025974026,0.8273809523809523,0.7595628415300546,1,False
HYBRID_TALON,10,patient047,patient047_case01,IBC,IBC_patient035_0137.jpg,1,,off_target_fp,65,0,0.0,0.0,0.0,0.0,0,False
HYBRID_TALON,10,patient047,patient047_case01,IBC,IBC_patient035_0137.jpg,2,,off_target_fp,204,0,0.0,0.0,0.0,0.0,0,False
HYBRID_TALON,10,patient047,patient047_case01,IBC,IBC_patient035_0137.jpg,3,,off_target_fp,26,0,0.0,0.0,0.0,0.0,0,False
HYBRID_TALON,10,patient047,patient047_case01,IBC,IBC_patient035_0137.jpg,4,1.0,moderate_50_to_75,222,196,0.6447368421052632,0.8828828828828829,0.6447368421052632,0.593939393939394,1,False
HYBRID_TALON,10,patient047,patient047_case01,IBC,IBC_patient035_0138.jpg,1,,off_target_fp,195,0,0.0,0.0,0.0,0.0,0,False
HYBRID_TALON,10,patient047,patient047_case01,IBC,IBC_patient035_0138.jpg,2,,off_target_fp,10,0,0.0,0.0,0.0,0.0,0,False
HYBRID_TALON,10,patient047,patient047_case01,IBC,IBC_patient035_0138.jpg,3,,off_target_fp,414,0,0.0,0.0,0.0,0.0,0,False
HYBRID_TALON,10,patient047,patient047_case01,IBC,IBC_patient035_0138.jpg,4,1.0,low_25_to_50,150,133,0.4889705882352941,0.8866666666666667,0.4889705882352941,0.4602076124567474,1,False
HYBRID_TALON,10,patient047,patient047_case01,IBC,IBC_patient035_0138.jpg,5,,off_target_fp,118,0,0.0,0.0,0.0,0.0,0,False
HYBRID_TALON,10,patient047,patient047_case01,IBC,IBC_patient035_0139.jpg,1,,off_target_fp,160,0,0.0,0.0,0.0,0.0,0,False
HYBRID_TALON,10,patient047,patient047_case01,IBC,IBC_patient035_0139.jpg,2,,off_target_fp,27,0,0.0,0.0,0.0,0.0,0,False
HYBRID_TALON,10,patient047,patient047_case01,IBC,IBC_patient035_0139.jpg,3,,off_target_fp,24,0,0.0,0.0,0.0,0.0,0,False
HYBRID_TALON,10,patient047,patient047_case01,IBC,IBC_patient035_0139.jpg,4,,off_target_fp,591,0,0.0,0.0,0.0,0.0,0,False
HYBRID_TALON,10,patient047,patient047_case01,IBC,IBC_patient035_0139.jpg,5,1.0,strong_75_plus,206,180,0.8181818181818182,0.8737864077669902,0.8181818181818182,0.7317073170731707,1,False
HYBRID_TALON,10,patient047,patient047_case01,IBC,IBC_patient035_0139.jpg,6,,off_target_fp,16,0,0.0,0.0,0.0,0.0,0,False
HYBRID_TALON,10,patient047,patient047_case01,IBC,IBC_patient035_0140.jpg,1,,off_target_fp,110,0,0.0,0.0,0.0,0.0,0,False
HYBRID_TALON,10,patient047,patient047_case01,IBC,IBC_patient035_0140.jpg,2,,off_target_fp,57,0,0.0,0.0,0.0,0.0,0,False
HYBRID_TALON,10,patient047,patient047_case01,IBC,IBC_patient035_0140.jpg,3,,off_target_fp,836,0,0.0,0.0,0.0,0.0,0,False
HYBRID_TALON,10,patient047,patient047_case01,IBC,IBC_patient035_0140.jpg,4,1.0,strong_75_plus,147,112,0.8235294117647058,0.7619047619047619,0.7619047619047619,0.6549707602339181,1,False
HYBRID_TALON,10,patient049,patient049_case01,IBC,IBC_patient036_0048.jpg,1,1.0,strong_75_plus,307,270,0.9,0.8794788273615635,0.8794788273615635,0.8011869436201781,1,False
HYBRID_TALON,10,patient049,patient049_case01,IBC,IBC_patient036_0049.jpg,1,1.0,strong_75_plus,498,472,0.959349593495935,0.9477911646586346,0.9477911646586346,0.9111969111969112,1,False
HYBRID_TALON,10,patient049,patient049_case01,IBC,IBC_patient036_0050.jpg,1,1.0,strong_75_plus,657,588,0.9607843137254902,0.8949771689497716,0.8949771689497716,0.8634361233480177,1,False
HYBRID_TALON,10,patient049,patient049_case01,IBC,IBC_patient036_0051.jpg,1,1.0,strong_75_plus,600,576,0.8834355828220859,0.96,0.8834355828220859,0.8520710059171598,1,False
HYBRID_TALON,10,patient049,patient049_case01,IBC,IBC_patient036_0051.jpg,2,,off_target_fp,160,0,0.0,0.0,0.0,0.0,0,False
HYBRID_TALON,10,patient049,patient049_case01,IBC,IBC_patient036_0052.jpg,1,1.0,strong_75_plus,606,597,0.8384831460674157,0.9851485148514851,0.8384831460674157,0.8280166435506241,1,False
HYBRID_TALON,10,patient049,patient049_case01,IBC,IBC_patient036_0052.jpg,2,,off_target_fp,280,0,0.0,0.0,0.0,0.0,0,False
HYBRID_TALON,10,patient049,patient049_case01,IBC,IBC_patient036_0053.jpg,1,1.0,strong_75_plus,708,664,0.9378531073446328,0.9378531073446328,0.9378531073446328,0.8829787234042553,1,False
HYBRID_TALON,10,patient049,patient049_case01,IBC,IBC_patient036_0053.jpg,2,,off_target_fp,226,0,0.0,0.0,0.0,0.0,0,False
HYBRID_TALON,10,patient049,patient049_case01,IBC,IBC_patient036_0054.jpg,1,1.0,strong_75_plus,655,626,0.9046242774566474,0.9557251908396946,0.9046242774566474,0.8682385575589459,1,False
HYBRID_TALON,10,patient049,patient049_case01,IBC,IBC_patient036_0054.jpg,2,,off_target_fp,198,0,0.0,0.0,0.0,0.0,0,False
HYBRID_TALON,10,patient049,patient049_case01,IBC,IBC_patient036_0055.jpg,1,1.0,strong_75_plus,578,571,0.7843406593406593,0.9878892733564014,0.7843406593406593,0.7768707482993197,1,False
HYBRID_TALON,10,patient049,patient049_case01,IBC,IBC_patient036_0055.jpg,2,,off_target_fp,30,0,0.0,0.0,0.0,0.0,0,False
HYBRID_TALON,10,patient049,patient049_case01,IBC,IBC_patient036_0055.jpg,3,,off_target_fp,163,0,0.0,0.0,0.0,0.0,0,False
HYBRID_TALON,10,patient049,patient049_case01,IBC,IBC_patient036_0056.jpg,1,1.0,strong_75_plus,526,478,0.9122137404580153,0.908745247148289,0.908745247148289,0.8356643356643356,1,False
HYBRID_TALON,10,patient049,patient049_case01,IBC,IBC_patient036_0056.jpg,2,,off_target_fp,222,0,0.0,0.0,0.0,0.0,0,False
HYBRID_TALON,10,patient049,patient049_case01,IBC,IBC_patient036_0056.jpg,3,,off_target_fp,135,0,0.0,0.0,0.0,0.0,0,False
HYBRID_TALON,10,patient049,patient049_case01,IBC,IBC_patient036_0057.jpg,1,1.0,strong_75_plus,520,451,0.9241803278688525,0.8673076923076923,0.8673076923076923,0.8096947935368043,1,False
HYBRID_TALON,10,patient049,patient049_case01,IBC,IBC_patient036_0057.jpg,2,,off_target_fp,312,0,0.0,0.0,0.0,0.0,0,False
HYBRID_TALON,10,patient049,patient049_case01,IBC,IBC_patient036_0057.jpg,3,,off_target_fp,30,0,0.0,0.0,0.0,0.0,0,False
HYBRID_TALON,10,patient049,patient049_case01,IBC,IBC_patient036_0058.jpg,1,,off_target_fp,417,0,0.0,0.0,0.0,0.0,0,False
HYBRID_TALON,10,patient049,patient049_case01,IBC,IBC_patient036_0058.jpg,2,1.0,low_25_to_50,203,203,0.4572072072072072,1.0,0.4572072072072072,0.4572072072072072,1,False
HYBRID_TALON,10,patient049,patient049_case01,IBC,IBC_patient036_0058.jpg,3,,off_target_fp,117,0,0.0,0.0,0.0,0.0,0,False
HYBRID_TALON,10,patient049,patient049_case01,IBC,IBC_patient036_0059.jpg,1,,off_target_fp,486,0,0.0,0.0,0.0,0.0,0,False
HYBRID_TALON,10,patient049,patient049_case01,IBC,IBC_patient036_0059.jpg,2,1.0,partial_below_25,51,51,0.09042553191489362,1.0,0.09042553191489362,0.09042553191489362,1,False
HYBRID_TALON,10,patient049,patient049_case01,IBC,IBC_patient036_0059.jpg,3,,off_target_fp,83,0,0.0,0.0,0.0,0.0,0,False
HYBRID_TALON,10,patient049,patient049_case01,IBC,IBC_patient036_0060.jpg,1,,off_target_fp,508,0,0.0,0.0,0.0,0.0,0,False
HYBRID_TALON,10,patient049,patient049_case01,IBC,IBC_patient036_0060.jpg,2,,off_target_fp,46,0,0.0,0.0,0.0,0.0,0,False
HYBRID_TALON,10,patient049,patient049_case01,IBC,IBC_patient036_0060.jpg,3,,off_target_fp,12,0,0.0,0.0,0.0,0.0,0,False
HYBRID_TALON,10,patient049,patient049_case01,IBC,IBC_patient036_0061.jpg,1,1.0,partial_below_25,595,53,0.12383177570093458,0.08907563025210084,0.08907563025210084,0.05463917525773196,1,False
HYBRID_TALON,10,patient049,patient049_case01,IBC,IBC_patient036_0061.jpg,2,1.0,partial_below_25,105,105,0.24532710280373832,1.0,0.24532710280373832,0.24532710280373832,1,False
HYBRID_TALON,10,patient049,patient049_case01,IBC,IBC_patient036_0061.jpg,3,,off_target_fp,128,0,0.0,0.0,0.0,0.0,0,False
HYBRID_TALON,10,patient049,patient049_case01,IBC,IBC_patient036_0062.jpg,1,1.0,partial_below_25,426,36,0.09183673469387756,0.08450704225352113,0.08450704225352113,0.04603580562659847,1,False
HYBRID_TALON,10,patient049,patient049_case01,IBC,IBC_patient036_0062.jpg,2,1.0,partial_below_25,39,39,0.09948979591836735,1.0,0.09948979591836735,0.09948979591836735,1,False
HYBRID_TALON,10,patient049,patient049_case01,IBC,IBC_patient036_0062.jpg,3,,off_target_fp,158,0,0.0,0.0,0.0,0.0,0,False
HYBRID_TALON,10,patient049,patient049_case01,IBC,IBC_patient036_0063.jpg,1,1.0,moderate_50_to_75,228,222,0.7115384615384616,0.9736842105263158,0.7115384615384616,0.6981132075471698,1,False
HYBRID_TALON,10,patient049,patient049_case01,IBC,IBC_patient036_0063.jpg,2,,off_target_fp,152,0,0.0,0.0,0.0,0.0,0,False
HYBRID_TALON,10,patient049,patient049_case01,IBC,IBC_patient036_0064.jpg,1,1.0,moderate_50_to_75,106,106,0.6794871794871795,1.0,0.6794871794871795,0.6794871794871795,1,False
HYBRID_TALON,10,patient049,patient049_case01,IBC,IBC_patient036_0065.jpg,1,,off_target_fp,25,0,0.0,0.0,0.0,0.0,0,False
HYBRID_TALON,10,patient052,patient052_case01,IGM,IGM_patient037_0053.jpg,1,1.0,strong_75_plus,91,88,0.7857142857142857,0.967032967032967,0.7857142857142857,0.7652173913043478,1,False
HYBRID_TALON,10,patient052,patient052_case01,IGM,IGM_patient037_0053.jpg,2,,off_target_fp,53,0,0.0,0.0,0.0,0.0,0,False
HYBRID_TALON,10,patient052,patient052_case01,IGM,IGM_patient037_0054.jpg,1,,off_target_fp,21,0,0.0,0.0,0.0,0.0,0,False
HYBRID_TALON,10,patient052,patient052_case01,IGM,IGM_patient037_0054.jpg,2,1.0,strong_75_plus,179,167,0.907608695652174,0.9329608938547486,0.907608695652174,0.8520408163265306,1,False
HYBRID_TALON,10,patient052,patient052_case01,IGM,IGM_patient037_0054.jpg,3,,off_target_fp,11,0,0.0,0.0,0.0,0.0,0,False
HYBRID_TALON,10,patient052,patient052_case01,IGM,IGM_patient037_0055.jpg,1,,off_target_fp,13,0,0.0,0.0,0.0,0.0,0,False
HYBRID_TALON,10,patient052,patient052_case01,IGM,IGM_patient037_0055.jpg,2,1.0,strong_75_plus,190,146,0.8902439024390244,0.7684210526315789,0.7684210526315789,0.7019230769230769,1,False
HYBRID_TALON,10,patient052,patient052_case01,IGM,IGM_patient037_0055.jpg,3,,off_target_fp,24,0,0.0,0.0,0.0,0.0,0,False
HYBRID_TALON,10,patient052,patient052_case01,IGM,IGM_patient037_0056.jpg,1,1.0,low_25_to_50,140,69,0.8625,0.4928571428571429,0.4928571428571429,0.45695364238410596,1,False
HYBRID_TALON,10,patient052,patient052_case01,IGM,IGM_patient037_0056.jpg,2,,off_target_fp,51,0,0.0,0.0,0.0,0.0,0,False
HYBRID_TALON,10,patient052,patient052_case01,IGM,IGM_patient037_0056.jpg,3,,off_target_fp,56,0,0.0,0.0,0.0,0.0,0,False
HYBRID_TALON,10,patient052,patient052_case01,IGM,IGM_patient037_0057.jpg,1,1.0,low_25_to_50,66,60,0.4838709677419355,0.9090909090909091,0.4838709677419355,0.46153846153846156,1,False
HYBRID_TALON,10,patient052,patient052_case01,IGM,IGM_patient037_0057.jpg,2,,off_target_fp,69,0,0.0,0.0,0.0,0.0,0,False
HYBRID_TALON,10,patient052,patient052_case01,IGM,IGM_patient037_0058.jpg,1,1.0,low_25_to_50,39,39,0.375,1.0,0.375,0.375,1,False
HYBRID_TALON,10,patient052,patient052_case01,IGM,IGM_patient037_0058.jpg,2,1.0,partial_below_25,22,16,0.15384615384615385,0.7272727272727273,0.15384615384615385,0.14545454545454545,1,False
HYBRID_TALON,10,patient052,patient052_case01,IGM,IGM_patient037_0058.jpg,3,,off_target_fp,74,0,0.0,0.0,0.0,0.0,0,False
HYBRID_TALON,10,patient075,patient075_case01,IGM,IGM_patient049_0045.jpg,1,1.0,moderate_50_to_75,185,165,0.6653225806451613,0.8918918918918919,0.6653225806451613,0.6156716417910447,1,False
HYBRID_TALON,10,patient075,patient075_case01,IGM,IGM_patient049_0046.jpg,1,1.0,moderate_50_to_75,274,259,0.7038043478260869,0.9452554744525548,0.7038043478260869,0.6762402088772846,1,False
HYBRID_TALON,10,patient075,patient075_case01,IGM,IGM_patient049_0047.jpg,1,1.0,moderate_50_to_75,220,203,0.6265432098765432,0.9227272727272727,0.6265432098765432,0.5953079178885631,1,False
HYBRID_TALON,10,patient075,patient075_case01,IGM,IGM_patient049_0048.jpg,1,1.0,moderate_50_to_75,167,152,0.5352112676056338,0.9101796407185628,0.5352112676056338,0.5083612040133779,1,False
HYBRID_TALON,10,patient075,patient075_case01,IGM,IGM_patient049_0054.jpg,1,,off_target_fp,93,0,0.0,0.0,0.0,0.0,0,False
HYBRID_TALON,10,patient075,patient075_case01,IGM,IGM_patient049_0054.jpg,2,,off_target_fp,118,0,0.0,0.0,0.0,0.0,0,False
HYBRID_TALON,10,patient075,patient075_case01,IGM,IGM_patient049_0054.jpg,3,1.0,strong_75_plus,255,233,0.9395161290322581,0.9137254901960784,0.9137254901960784,0.8629629629629629,1,False
HYBRID_TALON,10,patient075,patient075_case01,IGM,IGM_patient049_0055.jpg,1,,off_target_fp,288,0,0.0,0.0,0.0,0.0,0,False
HYBRID_TALON,10,patient075,patient075_case01,IGM,IGM_patient049_0055.jpg,2,1.0,strong_75_plus,199,183,0.7754237288135594,0.9195979899497487,0.7754237288135594,0.7261904761904762,1,False
HYBRID_TALON,10,patient075,patient075_case01,IGM,IGM_patient049_0056.jpg,1,,off_target_fp,262,0,0.0,0.0,0.0,0.0,0,False
HYBRID_TALON,10,patient075,patient075_case01,IGM,IGM_patient049_0056.jpg,2,1.0,low_25_to_50,129,120,0.4838709677419355,0.9302325581395349,0.4838709677419355,0.4669260700389105,1,False
HYBRID_TALON,10,patient075,patient075_case01,IGM,IGM_patient049_0057.jpg,1,,off_target_fp,21,0,0.0,0.0,0.0,0.0,0,False
HYBRID_TALON,10,patient075,patient075_case01,IGM,IGM_patient049_0057.jpg,2,,off_target_fp,155,0,0.0,0.0,0.0,0.0,0,False
HYBRID_TALON,10,patient075,patient075_case01,IGM,IGM_patient049_0057.jpg,3,1.0,low_25_to_50,141,133,0.4318181818181818,0.9432624113475178,0.4318181818181818,0.4208860759493671,1,False
HYBRID_TALON,10,patient075,patient075_case01,IGM,IGM_patient049_0058.jpg,1,1.0,low_25_to_50,161,144,0.45,0.8944099378881988,0.45,0.42729970326409494,1,False
HYBRID_TALON,10,patient093,patient093_case01,IBC,IBC_patient005_0107.jpg,1,1.0,low_25_to_50,74,74,0.44047619047619047,1.0,0.44047619047619047,0.44047619047619047,1,False
HYBRID_TALON,10,patient093,patient093_case01,IBC,IBC_patient005_0107.jpg,2,,off_target_fp,88,0,0.0,0.0,0.0,0.0,0,False
HYBRID_TALON,10,patient093,patient093_case01,IBC,IBC_patient005_0107.jpg,3,,off_target_fp,39,0,0.0,0.0,0.0,0.0,0,False
HYBRID_TALON,10,patient093,patient093_case01,IBC,IBC_patient005_0108.jpg,1,1.0,moderate_50_to_75,122,119,0.6918604651162791,0.9754098360655737,0.6918604651162791,0.68,1,False
HYBRID_TALON,10,patient093,patient093_case01,IBC,IBC_patient005_0108.jpg,2,,off_target_fp,149,0,0.0,0.0,0.0,0.0,0,False
HYBRID_TALON,10,patient093,patient093_case01,IBC,IBC_patient005_0108.jpg,3,,off_target_fp,63,0,0.0,0.0,0.0,0.0,0,False
HYBRID_TALON,10,patient093,patient093_case01,IBC,IBC_patient005_0108.jpg,4,,off_target_fp,41,0,0.0,0.0,0.0,0.0,0,False
HYBRID_TALON,10,patient093,patient093_case01,IBC,IBC_patient005_0109.jpg,1,1.0,low_25_to_50,404,158,0.8229166666666666,0.3910891089108911,0.3910891089108911,0.3607305936073059,1,False
HYBRID_TALON,10,patient093,patient093_case01,IBC,IBC_patient005_0109.jpg,2,,off_target_fp,143,0,0.0,0.0,0.0,0.0,0,False
HYBRID_TALON,10,patient093,patient093_case01,IBC,IBC_patient005_0109.jpg,3,,off_target_fp,18,0,0.0,0.0,0.0,0.0,0,False
HYBRID_TALON,10,patient093,patient093_case01,IBC,IBC_patient005_0110.jpg,1,1.0,low_25_to_50,516,187,0.8820754716981132,0.3624031007751938,0.3624031007751938,0.3456561922365989,1,False
HYBRID_TALON,10,patient093,patient093_case01,IBC,IBC_patient005_0110.jpg,2,,off_target_fp,20,0,0.0,0.0,0.0,0.0,0,False
HYBRID_TALON,10,patient093,patient093_case01,IBC,IBC_patient005_0111.jpg,1,1.0,low_25_to_50,604,231,0.9314516129032258,0.3824503311258278,0.3824503311258278,0.3719806763285024,1,False
HYBRID_TALON,10,patient093,patient093_case01,IBC,IBC_patient005_0112.jpg,1,1.0,low_25_to_50,667,248,0.9538461538461539,0.37181409295352325,0.37181409295352325,0.36524300441826213,1,False
HYBRID_TALON,10,patient093,patient093_case01,IBC,IBC_patient005_0113.jpg,1,1.0,low_25_to_50,704,240,0.967741935483871,0.3409090909090909,0.3409090909090909,0.33707865168539325,1,False
HYBRID_TALON,10,patient093,patient093_case01,IBC,IBC_patient005_0114.jpg,1,1.0,low_25_to_50,698,255,0.9239130434782609,0.3653295128939828,0.3653295128939828,0.35465924895688455,1,False
HYBRID_TALON,10,patient093,patient093_case01,IBC,IBC_patient005_0115.jpg,1,1.0,low_25_to_50,696,241,0.94140625,0.34626436781609193,0.34626436781609193,0.3389592123769339,1,False
HYBRID_TALON,10,patient093,patient093_case01,IBC,IBC_patient005_0116.jpg,1,1.0,low_25_to_50,700,231,0.9467213114754098,0.33,0.33,0.32398316970546986,1,False
HYBRID_TALON,10,patient093,patient093_case01,IBC,IBC_patient005_0117.jpg,1,1.0,low_25_to_50,698,221,0.9057377049180327,0.3166189111747851,0.3166189111747851,0.3065187239944521,1,False
HYBRID_TALON,10,patient093,patient093_case01,IBC,IBC_patient005_0118.jpg,1,1.0,low_25_to_50,630,233,0.91015625,0.36984126984126986,0.36984126984126986,0.3568147013782542,1,False
HYBRID_TALON,10,patient093,patient093_case01,IBC,IBC_patient005_0119.jpg,1,1.0,moderate_50_to_75,313,216,0.8852459016393442,0.6900958466453674,0.6900958466453674,0.6334310850439883,1,False
HYBRID_TALON,10,patient093,patient093_case01,IBC,IBC_patient005_0119.jpg,2,,off_target_fp,236,0,0.0,0.0,0.0,0.0,0,False
HYBRID_TALON,10,patient093,patient093_case01,IBC,IBC_patient005_0120.jpg,1,1.0,strong_75_plus,239,203,0.90625,0.8493723849372385,0.8493723849372385,0.7807692307692308,1,False
HYBRID_TALON,10,patient093,patient093_case01,IBC,IBC_patient005_0120.jpg,2,,off_target_fp,24,0,0.0,0.0,0.0,0.0,0,False
HYBRID_TALON,10,patient093,patient093_case01,IBC,IBC_patient005_0120.jpg,3,,off_target_fp,213,0,0.0,0.0,0.0,0.0,0,False
HYBRID_TALON,10,patient093,patient093_case01,IBC,IBC_patient005_0121.jpg,1,1.0,strong_75_plus,205,179,0.7850877192982456,0.8731707317073171,0.7850877192982456,0.7047244094488189,1,False
HYBRID_TALON,10,patient093,patient093_case01,IBC,IBC_patient005_0121.jpg,2,,off_target_fp,25,0,0.0,0.0,0.0,0.0,0,False
HYBRID_TALON,10,patient093,patient093_case01,IBC,IBC_patient005_0121.jpg,3,,off_target_fp,200,0,0.0,0.0,0.0,0.0,0,False
HYBRID_TALON,10,patient093,patient093_case01,IBC,IBC_patient005_0122.jpg,1,1.0,partial_below_25,43,40,0.23255813953488372,0.9302325581395349,0.23255813953488372,0.22857142857142856,1,False
HYBRID_TALON,10,patient093,patient093_case01,IBC,IBC_patient005_0122.jpg,2,1.0,low_25_to_50,44,44,0.2558139534883721,1.0,0.2558139534883721,0.2558139534883721,1,False
HYBRID_TALON,10,patient093,patient093_case01,IBC,IBC_patient005_0122.jpg,3,,off_target_fp,245,0,0.0,0.0,0.0,0.0,0,False
HYBRID_TALON,10,patient093,patient093_case01,IBC,IBC_patient005_0123.jpg,1,,off_target_fp,13,0,0.0,0.0,0.0,0.0,0,False
HYBRID_TALON,10,patient093,patient093_case01,IBC,IBC_patient005_0123.jpg,2,,off_target_fp,185,0,0.0,0.0,0.0,0.0,0,False
HYBRID_TALON,10,patient093,patient093_case01,IBC,IBC_patient005_0123.jpg,3,,off_target_fp,17,0,0.0,0.0,0.0,0.0,0,False
HYBRID_TALON,10,patient094,patient094_case01,IGM,IGM_patient005_0044.jpg,1,,off_target_fp,87,0,0.0,0.0,0.0,0.0,0,False
HYBRID_TALON,10,patient094,patient094_case01,IGM,IGM_patient005_0044.jpg,2,1.0,strong_75_plus,111,97,0.9326923076923077,0.8738738738738738,0.8738738738738738,0.8220338983050848,1,False
HYBRID_TALON,10,patient094,patient094_case01,IGM,IGM_patient005_0044.jpg,3,,off_target_fp,21,0,0.0,0.0,0.0,0.0,0,False
HYBRID_TALON,10,patient094,patient094_case01,IGM,IGM_patient005_0045.jpg,1,1.0,moderate_50_to_75,178,129,0.9772727272727273,0.7247191011235955,0.7247191011235955,0.712707182320442,1,False
HYBRID_TALON,10,patient094,patient094_case01,IGM,IGM_patient005_0046.jpg,1,1.0,moderate_50_to_75,234,159,0.9464285714285714,0.6794871794871795,0.6794871794871795,0.654320987654321,1,False
HYBRID_TALON,10,patient094,patient094_case01,IGM,IGM_patient005_0047.jpg,1,1.0,moderate_50_to_75,257,147,0.8963414634146342,0.5719844357976653,0.5719844357976653,0.5364963503649635,1,False
HYBRID_TALON,10,patient094,patient094_case01,IGM,IGM_patient005_0047.jpg,2,,off_target_fp,131,0,0.0,0.0,0.0,0.0,0,False
HYBRID_TALON,10,patient094,patient094_case01,IGM,IGM_patient005_0048.jpg,1,1.0,moderate_50_to_75,239,133,0.95,0.5564853556485355,0.5564853556485355,0.540650406504065,1,False
HYBRID_TALON,10,patient094,patient094_case01,IGM,IGM_patient005_0048.jpg,2,,off_target_fp,176,0,0.0,0.0,0.0,0.0,0,False
HYBRID_TALON,10,patient094,patient094_case01,IGM,IGM_patient005_0049.jpg,1,1.0,moderate_50_to_75,260,145,0.9539473684210527,0.5576923076923077,0.5576923076923077,0.5430711610486891,1,False
HYBRID_TALON,10,patient094,patient094_case01,IGM,IGM_patient005_0049.jpg,2,,off_target_fp,280,0,0.0,0.0,0.0,0.0,0,False
HYBRID_TALON,10,patient094,patient094_case01,IGM,IGM_patient005_0050.jpg,1,1.0,low_25_to_50,246,103,0.9903846153846154,0.4186991869918699,0.4186991869918699,0.41700404858299595,1,False
HYBRID_TALON,10,patient094,patient094_case01,IGM,IGM_patient005_0050.jpg,2,,off_target_fp,290,0,0.0,0.0,0.0,0.0,0,False
HYBRID_TALON,10,patient094,patient094_case01,IGM,IGM_patient005_0051.jpg,1,1.0,moderate_50_to_75,143,91,0.9479166666666666,0.6363636363636364,0.6363636363636364,0.6148648648648649,1,False
HYBRID_TALON,10,patient094,patient094_case01,IGM,IGM_patient005_0051.jpg,2,,off_target_fp,14,0,0.0,0.0,0.0,0.0,0,False
HYBRID_TALON,10,patient094,patient094_case01,IGM,IGM_patient005_0051.jpg,3,,off_target_fp,124,0,0.0,0.0,0.0,0.0,0,False
HYBRID_TALON,10,patient094,patient094_case01,IGM,IGM_patient005_0051.jpg,4,,off_target_fp,28,0,0.0,0.0,0.0,0.0,0,False
HYBRID_TALON,10,patient094,patient094_case01,IGM,IGM_patient005_0052.jpg,1,1.0,moderate_50_to_75,72,44,1.0,0.6111111111111112,0.6111111111111112,0.6111111111111112,1,False
HYBRID_TALON,10,patient094,patient094_case01,IGM,IGM_patient005_0052.jpg,2,,off_target_fp,17,0,0.0,0.0,0.0,0.0,0,False
HYBRID_TALON,10,patient094,patient094_case01,IGM,IGM_patient005_0052.jpg,3,,off_target_fp,134,0,0.0,0.0,0.0,0.0,0,False
HYBRID_TALON,10,patient094,patient094_case01,IGM,IGM_patient005_0052.jpg,4,,off_target_fp,67,0,0.0,0.0,0.0,0.0,0,False
HYBRID_TALON,10,patient094,patient094_case01,IGM,IGM_patient005_0053.jpg,1,,off_target_fp,92,0,0.0,0.0,0.0,0.0,0,False
HYBRID_TALON,10,patient094,patient094_case01,IGM,IGM_patient005_0053.jpg,2,,off_target_fp,116,0,0.0,0.0,0.0,0.0,0,False
HYBRID_TALON,10,patient083,patient083_case01,IGM,IGM_patient052_0059.jpg,1,1.0,strong_75_plus,78,75,0.75,0.9615384615384616,0.75,0.7281553398058253,1,False
HYBRID_TALON,10,patient083,patient083_case01,IGM,IGM_patient052_0060.jpg,1,1.0,moderate_50_to_75,133,121,0.6875,0.9097744360902256,0.6875,0.6436170212765957,1,False
HYBRID_TALON,10,patient083,patient083_case01,IGM,IGM_patient052_0061.jpg,1,1.0,strong_75_plus,187,179,0.7991071428571429,0.9572192513368984,0.7991071428571429,0.771551724137931,1,False
HYBRID_TALON,10,patient083,patient083_case01,IGM,IGM_patient052_0062.jpg,1,1.0,strong_75_plus,233,222,0.8671875,0.9527896995708155,0.8671875,0.8314606741573034,1,False
HYBRID_TALON,10,patient083,patient083_case01,IGM,IGM_patient052_0062.jpg,2,,off_target_fp,12,0,0.0,0.0,0.0,0.0,0,False
HYBRID_TALON,10,patient083,patient083_case01,IGM,IGM_patient052_0063.jpg,1,1.0,strong_75_plus,261,242,0.9029850746268657,0.9272030651340997,0.9029850746268657,0.8432055749128919,1,False
HYBRID_TALON,10,patient083,patient083_case01,IGM,IGM_patient052_0063.jpg,2,,off_target_fp,75,0,0.0,0.0,0.0,0.0,0,False
HYBRID_TALON,10,patient083,patient083_case01,IGM,IGM_patient052_0064.jpg,1,1.0,strong_75_plus,259,244,0.953125,0.9420849420849421,0.9420849420849421,0.9003690036900369,1,False
HYBRID_TALON,10,patient083,patient083_case01,IGM,IGM_patient052_0064.jpg,2,,off_target_fp,199,0,0.0,0.0,0.0,0.0,0,False
HYBRID_TALON,10,patient083,patient083_case01,IGM,IGM_patient052_0065.jpg,1,1.0,moderate_50_to_75,198,189,0.7269230769230769,0.9545454545454546,0.7269230769230769,0.7026022304832714,1,False
HYBRID_TALON,10,patient083,patient083_case01,IGM,IGM_patient052_0065.jpg,2,,off_target_fp,209,0,0.0,0.0,0.0,0.0,0,False
HYBRID_TALON,10,patient083,patient083_case01,IGM,IGM_patient052_0066.jpg,1,1.0,strong_75_plus,137,131,0.8851351351351351,0.9562043795620438,0.8851351351351351,0.8506493506493507,1,False
HYBRID_TALON,10,patient083,patient083_case01,IGM,IGM_patient052_0066.jpg,2,,off_target_fp,118,0,0.0,0.0,0.0,0.0,0,False
HYBRID_TALON,10,patient083,patient083_case01,IGM,IGM_patient052_0067.jpg,1,1.0,low_25_to_50,83,77,0.41847826086956524,0.927710843373494,0.41847826086956524,0.4052631578947368,1,False
HYBRID_TALON,10,patient083,patient083_case01,IGM,IGM_patient052_0067.jpg,2,1.0,low_25_to_50,71,68,0.3695652173913043,0.9577464788732394,0.3695652173913043,0.36363636363636365,1,False
HYBRID_TALON,10,patient083,patient083_case01,IGM,IGM_patient052_0067.jpg,3,,off_target_fp,34,0,0.0,0.0,0.0,0.0,0,False
HYBRID_TALON,10,patient083,patient083_case01,IGM,IGM_patient052_0067.jpg,4,,off_target_fp,21,0,0.0,0.0,0.0,0.0,0,False
HYBRID_TALON,10,patient083,patient083_case01,IGM,IGM_patient052_0068.jpg,1,1.0,strong_75_plus,122,113,0.8308823529411765,0.9262295081967213,0.8308823529411765,0.7793103448275862,1,False
HYBRID_TALON,10,patient083,patient083_case01,IGM,IGM_patient052_0068.jpg,2,,off_target_fp,38,0,0.0,0.0,0.0,0.0,0,False
HYBRID_TALON,10,patient083,patient083_case01,IGM,IGM_patient052_0069.jpg,1,1.0,strong_75_plus,159,146,0.9125,0.9182389937106918,0.9125,0.8439306358381503,1,False
HYBRID_TALON,10,patient083,patient083_case01,IGM,IGM_patient052_0069.jpg,2,,off_target_fp,18,0,0.0,0.0,0.0,0.0,0,False
HYBRID_TALON,10,patient083,patient083_case01,IGM,IGM_patient052_0070.jpg,1,1.0,strong_75_plus,154,136,0.8947368421052632,0.8831168831168831,0.8831168831168831,0.8,1,False
HYBRID_TALON,10,patient083,patient083_case01,IGM,IGM_patient052_0070.jpg,2,,off_target_fp,35,0,0.0,0.0,0.0,0.0,0,False
HYBRID_TALON,10,patient083,patient083_case01,IGM,IGM_patient052_0071.jpg,1,1.0,strong_75_plus,147,133,0.8525641025641025,0.9047619047619048,0.8525641025641025,0.7823529411764706,1,False
HYBRID_TALON,10,patient083,patient083_case01,IGM,IGM_patient052_0071.jpg,2,,off_target_fp,40,0,0.0,0.0,0.0,0.0,0,False
HYBRID_TALON,10,patient083,patient083_case01,IGM,IGM_patient052_0072.jpg,1,1.0,moderate_50_to_75,91,84,0.5526315789473685,0.9230769230769231,0.5526315789473685,0.5283018867924528,1,False
HYBRID_TALON,10,patient083,patient083_case01,IGM,IGM_patient052_0072.jpg,2,,off_target_fp,34,0,0.0,0.0,0.0,0.0,0,False
HYBRID_TALON,10,patient083,patient083_case01,IGM,IGM_patient052_0072.jpg,3,,off_target_fp,16,0,0.0,0.0,0.0,0.0,0,False
HYBRID_TALON,10,patient091,patient091_case01,IBC,IBC_patient056_0040.jpg,1,1.0,moderate_50_to_75,45,42,0.7,0.9333333333333333,0.7,0.6666666666666666,1,False
HYBRID_TALON,10,patient091,patient091_case01,IBC,IBC_patient056_0042.jpg,1,1.0,strong_75_plus,58,51,0.75,0.8793103448275862,0.75,0.68,1,False
HYBRID_TALON,10,patient091,patient091_case01,IBC,IBC_patient056_0045.jpg,1,,off_target_fp,209,0,0.0,0.0,0.0,0.0,0,False
HYBRID_TALON,10,patient091,patient091_case01,IBC,IBC_patient056_0046.jpg,1,,off_target_fp,492,0,0.0,0.0,0.0,0.0,0,False
HYBRID_TALON,10,patient091,patient091_case01,IBC,IBC_patient056_0047.jpg,1,,off_target_fp,685,0,0.0,0.0,0.0,0.0,0,False
HYBRID_TALON,10,patient095,patient095_case01,IBC,IBC_patient006_0137.jpg,1,,off_target_fp,200,0,0.0,0.0,0.0,0.0,0,False
HYBRID_TALON,10,patient095,patient095_case01,IBC,IBC_patient006_0137.jpg,2,1.0,moderate_50_to_75,96,49,0.875,0.5104166666666666,0.5104166666666666,0.47572815533980584,1,False
HYBRID_TALON,10,patient095,patient095_case01,IBC,IBC_patient006_0137.jpg,3,,off_target_fp,115,0,0.0,0.0,0.0,0.0,0,False
HYBRID_TALON,10,patient095,patient095_case01,IBC,IBC_patient006_0138.jpg,1,,off_target_fp,208,0,0.0,0.0,0.0,0.0,0,False
HYBRID_TALON,10,patient095,patient095_case01,IBC,IBC_patient006_0138.jpg,2,1.0,low_25_to_50,123,60,1.0,0.4878048780487805,0.4878048780487805,0.4878048780487805,1,False
HYBRID_TALON,10,patient095,patient095_case01,IBC,IBC_patient006_0138.jpg,3,,off_target_fp,65,0,0.0,0.0,0.0,0.0,0,False
HYBRID_TALON,10,patient095,patient095_case01,IBC,IBC_patient006_0139.jpg,1,,off_target_fp,198,0,0.0,0.0,0.0,0.0,0,False
HYBRID_TALON,10,patient095,patient095_case01,IBC,IBC_patient006_0139.jpg,2,1.0,low_25_to_50,188,76,1.0,0.40425531914893614,0.40425531914893614,0.40425531914893614,1,False
HYBRID_TALON,10,patient095,patient095_case01,IBC,IBC_patient006_0140.jpg,1,,off_target_fp,282,0,0.0,0.0,0.0,0.0,0,False
HYBRID_TALON,10,patient095,patient095_case01,IBC,IBC_patient006_0140.jpg,2,1.0,low_25_to_50,287,108,1.0,0.37630662020905925,0.37630662020905925,0.37630662020905925,1,False
HYBRID_TALON,10,patient095,patient095_case01,IBC,IBC_patient006_0141.jpg,1,,off_target_fp,340,0,0.0,0.0,0.0,0.0,0,False
HYBRID_TALON,10,patient095,patient095_case01,IBC,IBC_patient006_0141.jpg,2,1.0,moderate_50_to_75,370,228,1.0,0.6162162162162163,0.6162162162162163,0.6162162162162163,1,False
HYBRID_TALON,10,patient095,patient095_case01,IBC,IBC_patient006_0142.jpg,1,,off_target_fp,339,0,0.0,0.0,0.0,0.0,0,False
HYBRID_TALON,10,patient095,patient095_case01,IBC,IBC_patient006_0142.jpg,2,1.0,moderate_50_to_75,389,254,0.9921875,0.6529562982005142,0.6529562982005142,0.649616368286445,1,False
HYBRID_TALON,10,patient095,patient095_case01,IBC,IBC_patient006_0143.jpg,1,,off_target_fp,317,0,0.0,0.0,0.0,0.0,0,False
HYBRID_TALON,10,patient095,patient095_case01,IBC,IBC_patient006_0143.jpg,2,1.0,moderate_50_to_75,408,288,0.9863013698630136,0.7058823529411765,0.7058823529411765,0.6990291262135923,1,False
HYBRID_TALON,10,patient095,patient095_case01,IBC,IBC_patient006_0144.jpg,1,1.0,moderate_50_to_75,435,308,1.0,0.7080459770114943,0.7080459770114943,0.7080459770114943,1,False
HYBRID_TALON,10,patient095,patient095_case01,IBC,IBC_patient006_0144.jpg,2,,off_target_fp,127,0,0.0,0.0,0.0,0.0,0,False
HYBRID_TALON,10,patient095,patient095_case01,IBC,IBC_patient006_0145.jpg,1,1.0,moderate_50_to_75,472,325,0.9789156626506024,0.6885593220338984,0.6885593220338984,0.6784968684759917,1,False
HYBRID_TALON,10,patient095,patient095_case01,IBC,IBC_patient006_0146.jpg,1,1.0,moderate_50_to_75,483,284,1.0,0.587991718426501,0.587991718426501,0.587991718426501,1,False
HYBRID_TALON,10,patient095,patient095_case01,IBC,IBC_patient006_0146.jpg,2,,off_target_fp,28,0,0.0,0.0,0.0,0.0,0,False
HYBRID_TALON,10,patient095,patient095_case01,IBC,IBC_patient006_0146.jpg,3,,off_target_fp,24,0,0.0,0.0,0.0,0.0,0,False
HYBRID_TALON,10,patient095,patient095_case01,IBC,IBC_patient006_0147.jpg,1,1.0,moderate_50_to_75,397,265,0.8717105263157895,0.6675062972292192,0.6675062972292192,0.6077981651376146,1,False
HYBRID_TALON,10,patient095,patient095_case01,IBC,IBC_patient006_0147.jpg,2,,off_target_fp,46,0,0.0,0.0,0.0,0.0,0,False
HYBRID_TALON,10,patient095,patient095_case01,IBC,IBC_patient006_0147.jpg,3,,off_target_fp,29,0,0.0,0.0,0.0,0.0,0,False
HYBRID_TALON,10,patient099,patient099_case01,IGM,IGM_patient008_0049.jpg,1,,off_target_fp,26,0,0.0,0.0,0.0,0.0,0,False
HYBRID_TALON,10,patient099,patient099_case01,IGM,IGM_patient008_0049.jpg,2,,off_target_fp,12,0,0.0,0.0,0.0,0.0,0,False
HYBRID_TALON,10,patient099,patient099_case01,IGM,IGM_patient008_0049.jpg,3,1.0,partial_below_25,15,14,0.16666666666666666,0.9333333333333333,0.16666666666666666,0.16470588235294117,1,False
HYBRID_TALON,10,patient099,patient099_case01,IGM,IGM_patient008_0049.jpg,4,,off_target_fp,61,0,0.0,0.0,0.0,0.0,0,False
HYBRID_TALON,10,patient099,patient099_case01,IGM,IGM_patient008_0050.jpg,1,1.0,low_25_to_50,33,31,0.2672413793103448,0.9393939393939394,0.2672413793103448,0.2627118644067797,1,False
HYBRID_TALON,10,patient099,patient099_case01,IGM,IGM_patient008_0050.jpg,2,,off_target_fp,35,0,0.0,0.0,0.0,0.0,0,False
HYBRID_TALON,10,patient099,patient099_case01,IGM,IGM_patient008_0051.jpg,1,,off_target_fp,11,0,0.0,0.0,0.0,0.0,0,False
HYBRID_TALON,10,patient099,patient099_case01,IGM,IGM_patient008_0052.jpg,1,1.0,moderate_50_to_75,108,100,0.6756756756756757,0.9259259259259259,0.6756756756756757,0.6410256410256411,1,False
HYBRID_TALON,10,patient099,patient099_case01,IGM,IGM_patient008_0053.jpg,1,1.0,moderate_50_to_75,100,94,0.7121212121212122,0.94,0.7121212121212122,0.6811594202898551,1,False
HYBRID_TALON,10,patient099,patient099_case01,IGM,IGM_patient008_0054.jpg,1,1.0,moderate_50_to_75,102,96,0.7272727272727273,0.9411764705882353,0.7272727272727273,0.6956521739130435,1,False
HYBRID_TALON,10,patient099,patient099_case01,IGM,IGM_patient008_0055.jpg,1,,off_target_fp,55,0,0.0,0.0,0.0,0.0,0,False
HYBRID_TALON,10,patient099,patient099_case01,IGM,IGM_patient008_0055.jpg,2,1.0,strong_75_plus,141,120,0.8823529411764706,0.851063829787234,0.851063829787234,0.7643312101910829,1,False
HYBRID_TALON,10,patient099,patient099_case01,IGM,IGM_patient008_0056.jpg,1,,off_target_fp,95,0,0.0,0.0,0.0,0.0,0,False
HYBRID_TALON,10,patient099,patient099_case01,IGM,IGM_patient008_0056.jpg,2,,off_target_fp,55,0,0.0,0.0,0.0,0.0,0,False
HYBRID_TALON,10,patient099,patient099_case01,IGM,IGM_patient008_0056.jpg,3,1.0,moderate_50_to_75,147,133,0.7388888888888889,0.9047619047619048,0.7388888888888889,0.6855670103092784,1,False
HYBRID_TALON,10,patient099,patient099_case01,IGM,IGM_patient008_0057.jpg,1,,off_target_fp,12,0,0.0,0.0,0.0,0.0,0,False
HYBRID_TALON,10,patient099,patient099_case01,IGM,IGM_patient008_0057.jpg,2,,off_target_fp,150,0,0.0,0.0,0.0,0.0,0,False
HYBRID_TALON,10,patient099,patient099_case01,IGM,IGM_patient008_0057.jpg,3,1.0,strong_75_plus,149,143,0.89375,0.959731543624161,0.89375,0.8614457831325302,1,False
HYBRID_TALON,10,patient099,patient099_case01,IGM,IGM_patient008_0058.jpg,1,,off_target_fp,174,0,0.0,0.0,0.0,0.0,0,False
HYBRID_TALON,10,patient099,patient099_case01,IGM,IGM_patient008_0058.jpg,2,1.0,strong_75_plus,77,72,0.782608695652174,0.935064935064935,0.782608695652174,0.7422680412371134,1,False
HYBRID_TALON,10,patient099,patient099_case01,IGM,IGM_patient008_0058.jpg,3,,off_target_fp,122,0,0.0,0.0,0.0,0.0,0,False
HYBRID_TALON,10,patient102,patient102_case01,IGM,IGM_patient009_0053.jpg,1,,off_target_fp,37,0,0.0,0.0,0.0,0.0,0,False
HYBRID_TALON,10,patient102,patient102_case01,IGM,IGM_patient009_0053.jpg,2,1.0,low_25_to_50,34,32,0.42105263157894735,0.9411764705882353,0.42105263157894735,0.41025641025641024,1,False
HYBRID_TALON,10,patient102,patient102_case01,IGM,IGM_patient009_0054.jpg,1,,off_target_fp,100,0,0.0,0.0,0.0,0.0,0,False
HYBRID_TALON,10,patient102,patient102_case01,IGM,IGM_patient009_0054.jpg,2,,off_target_fp,32,0,0.0,0.0,0.0,0.0,0,False
HYBRID_TALON,10,patient102,patient102_case01,IGM,IGM_patient009_0054.jpg,3,1.0,strong_75_plus,185,173,0.8317307692307693,0.9351351351351351,0.8317307692307693,0.7863636363636364,1,False
HYBRID_TALON,10,patient102,patient102_case01,IGM,IGM_patient009_0055.jpg,1,1.0,strong_75_plus,372,302,0.8988095238095238,0.8118279569892473,0.8118279569892473,0.7438423645320197,1,False
HYBRID_TALON,10,patient102,patient102_case01,IGM,IGM_patient009_0056.jpg,1,,off_target_fp,20,0,0.0,0.0,0.0,0.0,0,False
HYBRID_TALON,10,patient102,patient102_case01,IGM,IGM_patient009_0056.jpg,2,1.0,moderate_50_to_75,268,246,0.6988636363636364,0.917910447761194,0.6988636363636364,0.6577540106951871,1,False
HYBRID_TALON,10,patient102,patient102_case01,IGM,IGM_patient009_0057.jpg,1,,off_target_fp,10,0,0.0,0.0,0.0,0.0,0,False
HYBRID_TALON,10,patient102,patient102_case01,IGM,IGM_patient009_0057.jpg,2,,off_target_fp,36,0,0.0,0.0,0.0,0.0,0,False
HYBRID_TALON,10,patient102,patient102_case01,IGM,IGM_patient009_0057.jpg,3,1.0,strong_75_plus,219,172,0.7543859649122807,0.7853881278538812,0.7543859649122807,0.6254545454545455,1,False
HYBRID_TALON,10,patient102,patient102_case01,IGM,IGM_patient009_0058.jpg,1,,off_target_fp,186,0,0.0,0.0,0.0,0.0,0,False
HYBRID_TALON,10,patient102,patient102_case01,IGM,IGM_patient009_0058.jpg,2,1.0,strong_75_plus,178,170,0.7589285714285714,0.9550561797752809,0.7589285714285714,0.7327586206896551,1,False
HYBRID_TALON,25,patient003,patient003_case01,IBC,IBC_patient010_0139.jpg,1,1.0,moderate_50_to_75,477,322,0.7,0.6750524109014675,0.6750524109014675,0.5235772357723577,1,False
HYBRID_TALON,25,patient003,patient003_case01,IBC,IBC_patient010_0140.jpg,1,1.0,strong_75_plus,669,549,0.940068493150685,0.820627802690583,0.820627802690583,0.7798295454545454,1,False
HYBRID_TALON,25,patient003,patient003_case01,IBC,IBC_patient010_0141.jpg,1,1.0,strong_75_plus,700,591,0.9471153846153846,0.8442857142857143,0.8442857142857143,0.8062755798090041,1,False
HYBRID_TALON,25,patient003,patient003_case01,IBC,IBC_patient010_0142.jpg,1,1.0,strong_75_plus,744,650,0.9672619047619048,0.8736559139784946,0.8736559139784946,0.8485639686684073,1,False
HYBRID_TALON,25,patient003,patient003_case01,IBC,IBC_patient010_0143.jpg,1,1.0,strong_75_plus,802,713,0.9141025641025641,0.8890274314214464,0.8890274314214464,0.8204833141542003,1,False
HYBRID_TALON,25,patient003,patient003_case01,IBC,IBC_patient010_0144.jpg,1,1.0,moderate_50_to_75,845,602,0.9772727272727273,0.7124260355029586,0.7124260355029586,0.7008149010477299,1,False
HYBRID_TALON,25,patient003,patient003_case01,IBC,IBC_patient010_0145.jpg,1,1.0,moderate_50_to_75,907,627,0.9616564417177914,0.6912899669239251,0.6912899669239251,0.6727467811158798,1,False
HYBRID_TALON,25,patient003,patient003_case01,IBC,IBC_patient010_0146.jpg,1,1.0,moderate_50_to_75,894,668,0.9823529411764705,0.7472035794183445,0.7472035794183445,0.7373068432671082,1,False
HYBRID_TALON,25,patient003,patient003_case01,IBC,IBC_patient010_0147.jpg,1,1.0,moderate_50_to_75,869,621,0.9764150943396226,0.714614499424626,0.714614499424626,0.7024886877828054,1,False
HYBRID_TALON,25,patient003,patient003_case01,IBC,IBC_patient010_0148.jpg,1,1.0,moderate_50_to_75,875,612,0.9935064935064936,0.6994285714285714,0.6994285714285714,0.6962457337883959,1,False
HYBRID_TALON,25,patient003,patient003_case01,IBC,IBC_patient010_0149.jpg,1,1.0,moderate_50_to_75,868,584,1.0,0.6728110599078341,0.6728110599078341,0.6728110599078341,1,False
HYBRID_TALON,25,patient003,patient003_case01,IBC,IBC_patient010_0150.jpg,1,,off_target_fp,86,0,0.0,0.0,0.0,0.0,0,False
HYBRID_TALON,25,patient003,patient003_case01,IBC,IBC_patient010_0150.jpg,2,1.0,moderate_50_to_75,861,510,0.9883720930232558,0.5923344947735192,0.5923344947735192,0.5882352941176471,1,False
HYBRID_TALON,25,patient003,patient003_case01,IBC,IBC_patient010_0151.jpg,1,,off_target_fp,76,0,0.0,0.0,0.0,0.0,0,False
HYBRID_TALON,25,patient003,patient003_case01,IBC,IBC_patient010_0151.jpg,2,1.0,moderate_50_to_75,847,456,0.957983193277311,0.538370720188902,0.538370720188902,0.5259515570934256,1,False
HYBRID_TALON,25,patient003,patient003_case01,IBC,IBC_patient010_0152.jpg,1,,off_target_fp,54,0,0.0,0.0,0.0,0.0,0,False
HYBRID_TALON,25,patient003,patient003_case01,IBC,IBC_patient010_0152.jpg,2,1.0,low_25_to_50,896,430,0.86,0.4799107142857143,0.4799107142857143,0.4451345755693582,1,False
HYBRID_TALON,25,patient003,patient003_case01,IBC,IBC_patient010_0152.jpg,3,,off_target_fp,72,0,0.0,0.0,0.0,0.0,0,False
HYBRID_TALON,25,patient003,patient003_case01,IBC,IBC_patient010_0153.jpg,1,,off_target_fp,25,0,0.0,0.0,0.0,0.0,0,False
HYBRID_TALON,25,patient003,patient003_case01,IBC,IBC_patient010_0153.jpg,2,1.0,low_25_to_50,802,381,0.79375,0.47506234413965087,0.47506234413965087,0.42286348501664817,1,False
HYBRID_TALON,25,patient003,patient003_case01,IBC,IBC_patient010_0153.jpg,3,,off_target_fp,107,0,0.0,0.0,0.0,0.0,0,False
HYBRID_TALON,25,patient003,patient003_case01,IBC,IBC_patient010_0154.jpg,1,1.0,low_25_to_50,709,324,0.6532258064516129,0.45698166431593795,0.45698166431593795,0.3677639046538025,1,False
HYBRID_TALON,25,patient003,patient003_case01,IBC,IBC_patient010_0154.jpg,2,,off_target_fp,128,0,0.0,0.0,0.0,0.0,0,False
HYBRID_TALON,25,patient003,patient003_case01,IBC,IBC_patient010_0155.jpg,1,1.0,low_25_to_50,758,376,0.7768595041322314,0.49604221635883905,0.49604221635883905,0.4341801385681293,1,False
HYBRID_TALON,25,patient003,patient003_case01,IBC,IBC_patient010_0155.jpg,2,,off_target_fp,131,0,0.0,0.0,0.0,0.0,0,False
HYBRID_TALON,25,patient003,patient003_case01,IBC,IBC_patient010_0156.jpg,1,1.0,low_25_to_50,748,372,0.8942307692307693,0.49732620320855614,0.49732620320855614,0.4696969696969697,1,False
HYBRID_TALON,25,patient003,patient003_case01,IBC,IBC_patient010_0156.jpg,2,,off_target_fp,128,0,0.0,0.0,0.0,0.0,0,False
HYBRID_TALON,25,patient003,patient003_case01,IBC,IBC_patient010_0157.jpg,1,1.0,low_25_to_50,602,266,0.8525641025641025,0.4418604651162791,0.4418604651162791,0.4104938271604938,1,False
HYBRID_TALON,25,patient003,patient003_case01,IBC,IBC_patient010_0157.jpg,2,,off_target_fp,47,0,0.0,0.0,0.0,0.0,0,False
HYBRID_TALON,25,patient003,patient003_case01,IBC,IBC_patient010_0158.jpg,1,1.0,partial_below_25,26,26,0.08024691358024691,1.0,0.08024691358024691,0.08024691358024691,1,False
HYBRID_TALON,25,patient003,patient003_case01,IBC,IBC_patient010_0158.jpg,2,1.0,partial_below_25,152,23,0.07098765432098765,0.1513157894736842,0.07098765432098765,0.05077262693156733,1,False
HYBRID_TALON,25,patient007,patient007_case01,IGM,IGM_patient012_0059.jpg,1,,off_target_fp,114,0,0.0,0.0,0.0,0.0,0,False
HYBRID_TALON,25,patient007,patient007_case01,IGM,IGM_patient012_0059.jpg,2,1.0,moderate_50_to_75,255,149,0.9085365853658537,0.5843137254901961,0.5843137254901961,0.5518518518518518,1,False
HYBRID_TALON,25,patient007,patient007_case01,IGM,IGM_patient012_0060.jpg,1,,off_target_fp,84,0,0.0,0.0,0.0,0.0,0,False
HYBRID_TALON,25,patient007,patient007_case01,IGM,IGM_patient012_0060.jpg,2,1.0,strong_75_plus,242,190,0.9134615384615384,0.7851239669421488,0.7851239669421488,0.7307692307692307,1,False
HYBRID_TALON,25,patient007,patient007_case01,IGM,IGM_patient012_0060.jpg,3,,off_target_fp,92,0,0.0,0.0,0.0,0.0,0,False
HYBRID_TALON,25,patient007,patient007_case01,IGM,IGM_patient012_0061.jpg,1,,off_target_fp,28,0,0.0,0.0,0.0,0.0,0,False
HYBRID_TALON,25,patient007,patient007_case01,IGM,IGM_patient012_0061.jpg,2,1.0,strong_75_plus,286,227,0.9153225806451613,0.7937062937062938,0.7937062937062938,0.739413680781759,1,False
HYBRID_TALON,25,patient007,patient007_case01,IGM,IGM_patient012_0061.jpg,3,,off_target_fp,142,0,0.0,0.0,0.0,0.0,0,False
HYBRID_TALON,25,patient007,patient007_case01,IGM,IGM_patient012_0062.jpg,1,1.0,strong_75_plus,289,221,0.876984126984127,0.7647058823529411,0.7647058823529411,0.690625,1,False
HYBRID_TALON,25,patient007,patient007_case01,IGM,IGM_patient012_0062.jpg,2,,off_target_fp,104,0,0.0,0.0,0.0,0.0,0,False
HYBRID_TALON,25,patient007,patient007_case01,IGM,IGM_patient012_0063.jpg,1,1.0,moderate_50_to_75,173,133,0.6785714285714286,0.7687861271676301,0.6785714285714286,0.5635593220338984,1,False
HYBRID_TALON,25,patient007,patient007_case01,IGM,IGM_patient012_0063.jpg,2,,off_target_fp,44,0,0.0,0.0,0.0,0.0,0,False
HYBRID_TALON,25,patient007,patient007_case01,IGM,IGM_patient012_0064.jpg,1,,off_target_fp,51,0,0.0,0.0,0.0,0.0,0,False
HYBRID_TALON,25,patient007,patient007_case01,IGM,IGM_patient012_0064.jpg,2,1.0,moderate_50_to_75,67,46,0.8214285714285714,0.6865671641791045,0.6865671641791045,0.5974025974025974,1,False
HYBRID_TALON,25,patient011,patient011_case01,IBC,IBC_patient014_0059.jpg,1,,off_target_fp,232,0,0.0,0.0,0.0,0.0,0,False
HYBRID_TALON,25,patient011,patient011_case01,IBC,IBC_patient014_0060.jpg,1,,off_target_fp,67,0,0.0,0.0,0.0,0.0,0,False
HYBRID_TALON,25,patient011,patient011_case01,IBC,IBC_patient014_0060.jpg,2,1.0,moderate_50_to_75,144,144,0.5806451612903226,1.0,0.5806451612903226,0.5806451612903226,1,False
HYBRID_TALON,25,patient011,patient011_case01,IBC,IBC_patient014_0061.jpg,1,1.0,strong_75_plus,376,352,0.9072164948453608,0.9361702127659575,0.9072164948453608,0.8543689320388349,1,False
HYBRID_TALON,25,patient011,patient011_case01,IBC,IBC_patient014_0062.jpg,1,1.0,strong_75_plus,552,515,0.9262589928057554,0.9329710144927537,0.9262589928057554,0.8684654300168634,1,False
HYBRID_TALON,25,patient011,patient011_case01,IBC,IBC_patient014_0063.jpg,1,,off_target_fp,25,0,0.0,0.0,0.0,0.0,0,False
HYBRID_TALON,25,patient011,patient011_case01,IBC,IBC_patient014_0063.jpg,2,1.0,strong_75_plus,688,626,0.9542682926829268,0.9098837209302325,0.9098837209302325,0.871866295264624,1,False
HYBRID_TALON,25,patient011,patient011_case01,IBC,IBC_patient014_0064.jpg,1,,off_target_fp,83,0,0.0,0.0,0.0,0.0,0,False
HYBRID_TALON,25,patient011,patient011_case01,IBC,IBC_patient014_0064.jpg,2,1.0,strong_75_plus,792,736,0.9484536082474226,0.9292929292929293,0.9292929292929293,0.8846153846153846,1,False
HYBRID_TALON,25,patient011,patient011_case01,IBC,IBC_patient014_0065.jpg,1,,off_target_fp,64,0,0.0,0.0,0.0,0.0,0,False
HYBRID_TALON,25,patient011,patient011_case01,IBC,IBC_patient014_0065.jpg,2,1.0,strong_75_plus,906,753,0.970360824742268,0.8311258278145696,0.8311258278145696,0.8105489773950484,1,False
HYBRID_TALON,25,patient011,patient011_case01,IBC,IBC_patient014_0066.jpg,1,,off_target_fp,170,0,0.0,0.0,0.0,0.0,0,False
HYBRID_TALON,25,patient011,patient011_case01,IBC,IBC_patient014_0066.jpg,2,1.0,strong_75_plus,900,726,0.9552631578947368,0.8066666666666666,0.8066666666666666,0.7773019271948608,1,False
HYBRID_TALON,25,patient011,patient011_case01,IBC,IBC_patient014_0067.jpg,1,,off_target_fp,90,0,0.0,0.0,0.0,0.0,0,False
HYBRID_TALON,25,patient011,patient011_case01,IBC,IBC_patient014_0067.jpg,2,1.0,strong_75_plus,927,756,0.9692307692307692,0.8155339805825242,0.8155339805825242,0.7949526813880127,1,False
HYBRID_TALON,25,patient011,patient011_case01,IBC,IBC_patient014_0067.jpg,3,,off_target_fp,238,0,0.0,0.0,0.0,0.0,0,False
HYBRID_TALON,25,patient011,patient011_case01,IBC,IBC_patient014_0068.jpg,1,1.0,strong_75_plus,779,651,0.9863636363636363,0.8356867779204108,0.8356867779204108,0.8261421319796954,1,False
HYBRID_TALON,25,patient011,patient011_case01,IBC,IBC_patient014_0068.jpg,2,,off_target_fp,32,0,0.0,0.0,0.0,0.0,0,False
HYBRID_TALON,25,patient011,patient011_case01,IBC,IBC_patient014_0069.jpg,1,1.0,strong_75_plus,716,557,0.9537671232876712,0.7779329608938548,0.7779329608938548,0.7496635262449529,1,False
HYBRID_TALON,25,patient011,patient011_case01,IBC,IBC_patient014_0070.jpg,1,1.0,moderate_50_to_75,677,436,0.9396551724137931,0.6440177252584933,0.6440177252584933,0.6184397163120567,1,False
HYBRID_TALON,25,patient011,patient011_case01,IBC,IBC_patient014_0071.jpg,1,1.0,low_25_to_50,439,190,0.7421875,0.4328018223234624,0.4328018223234624,0.37623762376237624,1,False
HYBRID_TALON,25,patient011,patient011_case01,IBC,IBC_patient014_0071.jpg,2,,off_target_fp,25,0,0.0,0.0,0.0,0.0,0,False
HYBRID_TALON,25,patient012,patient012_case01,IBC,IBC_patient015_0138.jpg,1,1.0,low_25_to_50,44,42,0.45652173913043476,0.9545454545454546,0.45652173913043476,0.44680851063829785,1,False
HYBRID_TALON,25,patient012,patient012_case01,IBC,IBC_patient015_0139.jpg,1,1.0,moderate_50_to_75,100,97,0.6928571428571428,0.97,0.6928571428571428,0.6783216783216783,1,False
HYBRID_TALON,25,patient012,patient012_case01,IBC,IBC_patient015_0140.jpg,1,1.0,strong_75_plus,169,145,0.7712765957446809,0.8579881656804734,0.7712765957446809,0.6839622641509434,1,False
HYBRID_TALON,25,patient012,patient012_case01,IBC,IBC_patient015_0141.jpg,1,1.0,strong_75_plus,217,199,0.8577586206896551,0.9170506912442397,0.8577586206896551,0.796,1,False
HYBRID_TALON,25,patient012,patient012_case01,IBC,IBC_patient015_0142.jpg,1,1.0,strong_75_plus,273,230,0.8333333333333334,0.8424908424908425,0.8333333333333334,0.7210031347962382,1,False
HYBRID_TALON,25,patient012,patient012_case01,IBC,IBC_patient015_0143.jpg,1,,off_target_fp,50,0,0.0,0.0,0.0,0.0,0,False
HYBRID_TALON,25,patient012,patient012_case01,IBC,IBC_patient015_0143.jpg,2,1.0,strong_75_plus,332,303,0.8706896551724138,0.9126506024096386,0.8706896551724138,0.8037135278514589,1,False
HYBRID_TALON,25,patient012,patient012_case01,IBC,IBC_patient015_0144.jpg,1,,off_target_fp,90,0,0.0,0.0,0.0,0.0,0,False
HYBRID_TALON,25,patient012,patient012_case01,IBC,IBC_patient015_0144.jpg,2,1.0,strong_75_plus,343,313,0.8151041666666666,0.9125364431486881,0.8151041666666666,0.7560386473429952,1,False
HYBRID_TALON,25,patient012,patient012_case01,IBC,IBC_patient015_0145.jpg,1,,off_target_fp,142,0,0.0,0.0,0.0,0.0,0,False
HYBRID_TALON,25,patient012,patient012_case01,IBC,IBC_patient015_0145.jpg,2,1.0,moderate_50_to_75,314,289,0.7083333333333334,0.9203821656050956,0.7083333333333334,0.6674364896073903,1,False
HYBRID_TALON,25,patient012,patient012_case01,IBC,IBC_patient015_0146.jpg,1,,off_target_fp,151,0,0.0,0.0,0.0,0.0,0,False
HYBRID_TALON,25,patient012,patient012_case01,IBC,IBC_patient015_0146.jpg,2,1.0,strong_75_plus,307,257,0.8132911392405063,0.8371335504885994,0.8132911392405063,0.7021857923497268,1,False
HYBRID_TALON,25,patient012,patient012_case01,IBC,IBC_patient015_0147.jpg,1,,off_target_fp,112,0,0.0,0.0,0.0,0.0,0,False
HYBRID_TALON,25,patient012,patient012_case01,IBC,IBC_patient015_0147.jpg,2,1.0,low_25_to_50,101,86,0.25595238095238093,0.8514851485148515,0.25595238095238093,0.245014245014245,1,False
HYBRID_TALON,25,patient012,patient012_case01,IBC,IBC_patient015_0147.jpg,3,1.0,low_25_to_50,98,98,0.2916666666666667,1.0,0.2916666666666667,0.2916666666666667,1,False
HYBRID_TALON,25,patient012,patient012_case01,IBC,IBC_patient015_0148.jpg,1,,off_target_fp,114,0,0.0,0.0,0.0,0.0,0,False
HYBRID_TALON,25,patient012,patient012_case01,IBC,IBC_patient015_0148.jpg,2,1.0,low_25_to_50,125,123,0.4270833333333333,0.984,0.4270833333333333,0.4241379310344828,1,False
HYBRID_TALON,25,patient012,patient012_case01,IBC,IBC_patient015_0149.jpg,1,,off_target_fp,131,0,0.0,0.0,0.0,0.0,0,False
HYBRID_TALON,25,patient012,patient012_case01,IBC,IBC_patient015_0149.jpg,2,1.0,partial_below_25,161,40,0.37037037037037035,0.2484472049689441,0.2484472049689441,0.17467248908296942,1,False
HYBRID_TALON,25,patient012,patient012_case01,IBC,IBC_patient015_0150.jpg,1,,off_target_fp,100,0,0.0,0.0,0.0,0.0,0,False
HYBRID_TALON,25,patient012,patient012_case01,IBC,IBC_patient015_0150.jpg,2,1.0,partial_below_25,157,18,0.18,0.11464968152866242,0.11464968152866242,0.07531380753138076,1,False
HYBRID_TALON,25,patient017,patient017_case01,IGM,IGM_patient017_0056.jpg,1,1.0,moderate_50_to_75,119,79,0.6810344827586207,0.6638655462184874,0.6638655462184874,0.5064102564102564,1,False
HYBRID_TALON,25,patient017,patient017_case01,IGM,IGM_patient017_0057.jpg,1,,off_target_fp,54,0,0.0,0.0,0.0,0.0,0,False
HYBRID_TALON,25,patient017,patient017_case01,IGM,IGM_patient017_0057.jpg,2,1.0,moderate_50_to_75,122,89,0.6742424242424242,0.7295081967213115,0.6742424242424242,0.5393939393939394,1,False
HYBRID_TALON,25,patient017,patient017_case01,IGM,IGM_patient017_0058.jpg,1,1.0,moderate_50_to_75,149,106,0.6973684210526315,0.7114093959731543,0.6973684210526315,0.5435897435897435,1,False
HYBRID_TALON,25,patient017,patient017_case01,IGM,IGM_patient017_0059.jpg,1,1.0,moderate_50_to_75,166,107,0.7642857142857142,0.6445783132530121,0.6445783132530121,0.5376884422110553,1,False
HYBRID_TALON,25,patient017,patient017_case01,IGM,IGM_patient017_0060.jpg,1,,off_target_fp,41,0,0.0,0.0,0.0,0.0,0,False
HYBRID_TALON,25,patient017,patient017_case01,IGM,IGM_patient017_0060.jpg,2,1.0,low_25_to_50,136,121,0.3734567901234568,0.8897058823529411,0.3734567901234568,0.35693215339233036,1,False
HYBRID_TALON,25,patient017,patient017_case01,IGM,IGM_patient017_0061.jpg,1,,off_target_fp,30,0,0.0,0.0,0.0,0.0,0,False
HYBRID_TALON,25,patient017,patient017_case01,IGM,IGM_patient017_0061.jpg,2,1.0,moderate_50_to_75,104,91,0.5986842105263158,0.875,0.5986842105263158,0.5515151515151515,1,False
HYBRID_TALON,25,patient017,patient017_case01,IGM,IGM_patient017_0062.jpg,1,,off_target_fp,26,0,0.0,0.0,0.0,0.0,0,False
HYBRID_TALON,25,patient017,patient017_case01,IGM,IGM_patient017_0062.jpg,2,1.0,low_25_to_50,118,116,0.3717948717948718,0.9830508474576272,0.3717948717948718,0.36942675159235666,1,False
HYBRID_TALON,25,patient017,patient017_case01,IGM,IGM_patient017_0063.jpg,1,1.0,partial_below_25,71,67,0.24632352941176472,0.9436619718309859,0.24632352941176472,0.2427536231884058,1,False
HYBRID_TALON,25,patient017,patient017_case01,IGM,IGM_patient017_0065.jpg,1,,off_target_fp,149,0,0.0,0.0,0.0,0.0,0,False
HYBRID_TALON,25,patient017,patient017_case01,IGM,IGM_patient017_0065.jpg,2,,off_target_fp,42,0,0.0,0.0,0.0,0.0,0,False
HYBRID_TALON,25,patient017,patient017_case01,IGM,IGM_patient017_0066.jpg,1,,off_target_fp,75,0,0.0,0.0,0.0,0.0,0,False
HYBRID_TALON,25,patient017,patient017_case01,IGM,IGM_patient017_0067.jpg,1,,off_target_fp,41,0,0.0,0.0,0.0,0.0,0,False
HYBRID_TALON,25,patient023,patient023_case01,IBC,IBC_patient020_0043.jpg,1,1.0,strong_75_plus,130,99,0.7983870967741935,0.7615384615384615,0.7615384615384615,0.6387096774193548,1,False
HYBRID_TALON,25,patient023,patient023_case01,IBC,IBC_patient020_0044.jpg,1,,off_target_fp,94,0,0.0,0.0,0.0,0.0,0,False
HYBRID_TALON,25,patient023,patient023_case01,IBC,IBC_patient020_0044.jpg,2,1.0,strong_75_plus,237,203,0.9398148148148148,0.8565400843881856,0.8565400843881856,0.812,1,False
HYBRID_TALON,25,patient023,patient023_case01,IBC,IBC_patient020_0045.jpg,1,1.0,strong_75_plus,294,272,0.918918918918919,0.9251700680272109,0.918918918918919,0.8553459119496856,1,False
HYBRID_TALON,25,patient023,patient023_case01,IBC,IBC_patient020_0046.jpg,1,1.0,strong_75_plus,238,200,0.9090909090909091,0.8403361344537815,0.8403361344537815,0.7751937984496124,1,False
HYBRID_TALON,25,patient023,patient023_case01,IBC,IBC_patient020_0047.jpg,1,,off_target_fp,44,0,0.0,0.0,0.0,0.0,0,False
HYBRID_TALON,25,patient023,patient023_case01,IBC,IBC_patient020_0047.jpg,2,1.0,strong_75_plus,143,128,0.8205128205128205,0.8951048951048951,0.8205128205128205,0.7485380116959064,1,False
HYBRID_TALON,25,patient025,patient025_case01,IBC,IBC_patient021_0061.jpg,1,1.0,strong_75_plus,70,69,0.75,0.9857142857142858,0.75,0.7419354838709677,1,False
HYBRID_TALON,25,patient025,patient025_case01,IBC,IBC_patient021_0062.jpg,1,1.0,strong_75_plus,137,130,0.7738095238095238,0.948905109489051,0.7738095238095238,0.7428571428571429,1,False
HYBRID_TALON,25,patient025,patient025_case01,IBC,IBC_patient021_0063.jpg,1,1.0,strong_75_plus,181,181,0.8537735849056604,1.0,0.8537735849056604,0.8537735849056604,1,False
HYBRID_TALON,25,patient025,patient025_case01,IBC,IBC_patient021_0064.jpg,1,1.0,strong_75_plus,227,224,0.8484848484848485,0.986784140969163,0.8484848484848485,0.8389513108614233,1,False
HYBRID_TALON,25,patient025,patient025_case01,IBC,IBC_patient021_0065.jpg,1,1.0,strong_75_plus,252,224,0.9032258064516129,0.8888888888888888,0.8888888888888888,0.8115942028985508,1,False
HYBRID_TALON,25,patient025,patient025_case01,IBC,IBC_patient021_0066.jpg,1,,off_target_fp,134,0,0.0,0.0,0.0,0.0,0,False
HYBRID_TALON,25,patient025,patient025_case01,IBC,IBC_patient021_0066.jpg,2,1.0,strong_75_plus,163,157,0.8351063829787234,0.9631901840490797,0.8351063829787234,0.8092783505154639,1,False
HYBRID_TALON,25,patient025,patient025_case01,IBC,IBC_patient021_0067.jpg,1,,off_target_fp,106,0,0.0,0.0,0.0,0.0,0,False
HYBRID_TALON,25,patient025,patient025_case01,IBC,IBC_patient021_0067.jpg,2,1.0,moderate_50_to_75,50,49,0.6805555555555556,0.98,0.6805555555555556,0.6712328767123288,1,False
HYBRID_TALON,25,patient036,patient036_case01,IGM,IGM_patient029_0053.jpg,1,1.0,low_25_to_50,46,37,0.2803030303030303,0.8043478260869565,0.2803030303030303,0.2624113475177305,1,False
HYBRID_TALON,25,patient036,patient036_case01,IGM,IGM_patient029_0054.jpg,1,1.0,strong_75_plus,129,114,0.8382352941176471,0.8837209302325582,0.8382352941176471,0.7549668874172185,1,False
HYBRID_TALON,25,patient036,patient036_case01,IGM,IGM_patient029_0055.jpg,1,1.0,strong_75_plus,144,112,0.875,0.7777777777777778,0.7777777777777778,0.7,1,False
HYBRID_TALON,25,patient036,patient036_case01,IGM,IGM_patient029_0056.jpg,1,1.0,moderate_50_to_75,115,70,0.8333333333333334,0.6086956521739131,0.6086956521739131,0.5426356589147286,1,False
HYBRID_TALON,25,patient045,patient045_case01,IBC,IBC_patient033_0064.jpg,1,,off_target_fp,97,0,0.0,0.0,0.0,0.0,0,False
HYBRID_TALON,25,patient045,patient045_case01,IBC,IBC_patient033_0064.jpg,2,,off_target_fp,72,0,0.0,0.0,0.0,0.0,0,False
HYBRID_TALON,25,patient045,patient045_case01,IBC,IBC_patient033_0065.jpg,1,,off_target_fp,64,0,0.0,0.0,0.0,0.0,0,False
HYBRID_TALON,25,patient045,patient045_case01,IBC,IBC_patient033_0065.jpg,2,1.0,partial_below_25,192,11,0.08333333333333333,0.057291666666666664,0.057291666666666664,0.03514376996805112,1,False
HYBRID_TALON,25,patient045,patient045_case01,IBC,IBC_patient033_0066.jpg,1,1.0,moderate_50_to_75,263,218,0.689873417721519,0.8288973384030418,0.689873417721519,0.6038781163434903,1,False
HYBRID_TALON,25,patient045,patient045_case01,IBC,IBC_patient033_0067.jpg,1,,off_target_fp,170,0,0.0,0.0,0.0,0.0,0,False
HYBRID_TALON,25,patient045,patient045_case01,IBC,IBC_patient033_0067.jpg,2,1.0,moderate_50_to_75,339,242,0.9307692307692308,0.7138643067846607,0.7138643067846607,0.6778711484593838,1,False
HYBRID_TALON,25,patient045,patient045_case01,IBC,IBC_patient033_0068.jpg,1,,off_target_fp,170,0,0.0,0.0,0.0,0.0,0,False
HYBRID_TALON,25,patient045,patient045_case01,IBC,IBC_patient033_0068.jpg,2,,off_target_fp,46,0,0.0,0.0,0.0,0.0,0,False
HYBRID_TALON,25,patient045,patient045_case01,IBC,IBC_patient033_0068.jpg,3,1.0,strong_75_plus,238,213,0.9181034482758621,0.8949579831932774,0.8949579831932774,0.8287937743190662,1,False
HYBRID_TALON,25,patient045,patient045_case01,IBC,IBC_patient033_0069.jpg,1,,off_target_fp,130,0,0.0,0.0,0.0,0.0,0,False
HYBRID_TALON,25,patient047,patient047_case01,IBC,IBC_patient035_0130.jpg,1,,off_target_fp,166,0,0.0,0.0,0.0,0.0,0,False
HYBRID_TALON,25,patient047,patient047_case01,IBC,IBC_patient035_0130.jpg,2,1.0,moderate_50_to_75,210,201,0.6360759493670886,0.9571428571428572,0.6360759493670886,0.6184615384615385,1,False
HYBRID_TALON,25,patient047,patient047_case01,IBC,IBC_patient035_0131.jpg,1,,off_target_fp,107,0,0.0,0.0,0.0,0.0,0,False
HYBRID_TALON,25,patient047,patient047_case01,IBC,IBC_patient035_0131.jpg,2,,off_target_fp,129,0,0.0,0.0,0.0,0.0,0,False
HYBRID_TALON,25,patient047,patient047_case01,IBC,IBC_patient035_0131.jpg,3,1.0,moderate_50_to_75,258,251,0.7296511627906976,0.9728682170542635,0.7296511627906976,0.7150997150997151,1,False
HYBRID_TALON,25,patient047,patient047_case01,IBC,IBC_patient035_0132.jpg,1,,off_target_fp,267,0,0.0,0.0,0.0,0.0,0,False
HYBRID_TALON,25,patient047,patient047_case01,IBC,IBC_patient035_0132.jpg,2,,off_target_fp,100,0,0.0,0.0,0.0,0.0,0,False
HYBRID_TALON,25,patient047,patient047_case01,IBC,IBC_patient035_0132.jpg,3,1.0,strong_75_plus,309,296,0.8809523809523809,0.9579288025889967,0.8809523809523809,0.8481375358166189,1,False
HYBRID_TALON,25,patient047,patient047_case01,IBC,IBC_patient035_0133.jpg,1,,off_target_fp,79,0,0.0,0.0,0.0,0.0,0,False
HYBRID_TALON,25,patient047,patient047_case01,IBC,IBC_patient035_0133.jpg,2,,off_target_fp,29,0,0.0,0.0,0.0,0.0,0,False
HYBRID_TALON,25,patient047,patient047_case01,IBC,IBC_patient035_0133.jpg,3,1.0,strong_75_plus,344,338,0.8125,0.9825581395348837,0.8125,0.8009478672985783,1,False
HYBRID_TALON,25,patient047,patient047_case01,IBC,IBC_patient035_0134.jpg,1,,off_target_fp,73,0,0.0,0.0,0.0,0.0,0,False
HYBRID_TALON,25,patient047,patient047_case01,IBC,IBC_patient035_0134.jpg,2,,off_target_fp,72,0,0.0,0.0,0.0,0.0,0,False
HYBRID_TALON,25,patient047,patient047_case01,IBC,IBC_patient035_0134.jpg,3,1.0,strong_75_plus,365,348,0.87,0.9534246575342465,0.87,0.8345323741007195,1,False
HYBRID_TALON,25,patient047,patient047_case01,IBC,IBC_patient035_0135.jpg,1,,off_target_fp,80,0,0.0,0.0,0.0,0.0,0,False
HYBRID_TALON,25,patient047,patient047_case01,IBC,IBC_patient035_0135.jpg,2,,off_target_fp,148,0,0.0,0.0,0.0,0.0,0,False
HYBRID_TALON,25,patient047,patient047_case01,IBC,IBC_patient035_0135.jpg,3,1.0,strong_75_plus,367,343,0.8661616161616161,0.9346049046321526,0.8661616161616161,0.8166666666666667,1,False
HYBRID_TALON,25,patient047,patient047_case01,IBC,IBC_patient035_0136.jpg,1,,off_target_fp,84,0,0.0,0.0,0.0,0.0,0,False
HYBRID_TALON,25,patient047,patient047_case01,IBC,IBC_patient035_0136.jpg,2,,off_target_fp,186,0,0.0,0.0,0.0,0.0,0,False
HYBRID_TALON,25,patient047,patient047_case01,IBC,IBC_patient035_0136.jpg,3,1.0,strong_75_plus,308,278,0.8273809523809523,0.9025974025974026,0.8273809523809523,0.7595628415300546,1,False
HYBRID_TALON,25,patient047,patient047_case01,IBC,IBC_patient035_0137.jpg,1,,off_target_fp,65,0,0.0,0.0,0.0,0.0,0,False
HYBRID_TALON,25,patient047,patient047_case01,IBC,IBC_patient035_0137.jpg,2,,off_target_fp,204,0,0.0,0.0,0.0,0.0,0,False
HYBRID_TALON,25,patient047,patient047_case01,IBC,IBC_patient035_0137.jpg,3,,off_target_fp,26,0,0.0,0.0,0.0,0.0,0,False
HYBRID_TALON,25,patient047,patient047_case01,IBC,IBC_patient035_0137.jpg,4,1.0,moderate_50_to_75,222,196,0.6447368421052632,0.8828828828828829,0.6447368421052632,0.593939393939394,1,False
HYBRID_TALON,25,patient047,patient047_case01,IBC,IBC_patient035_0138.jpg,1,,off_target_fp,195,0,0.0,0.0,0.0,0.0,0,False
HYBRID_TALON,25,patient047,patient047_case01,IBC,IBC_patient035_0138.jpg,2,,off_target_fp,414,0,0.0,0.0,0.0,0.0,0,False
HYBRID_TALON,25,patient047,patient047_case01,IBC,IBC_patient035_0138.jpg,3,1.0,low_25_to_50,150,133,0.4889705882352941,0.8866666666666667,0.4889705882352941,0.4602076124567474,1,False
HYBRID_TALON,25,patient047,patient047_case01,IBC,IBC_patient035_0138.jpg,4,,off_target_fp,118,0,0.0,0.0,0.0,0.0,0,False
HYBRID_TALON,25,patient047,patient047_case01,IBC,IBC_patient035_0139.jpg,1,,off_target_fp,160,0,0.0,0.0,0.0,0.0,0,False
HYBRID_TALON,25,patient047,patient047_case01,IBC,IBC_patient035_0139.jpg,2,,off_target_fp,27,0,0.0,0.0,0.0,0.0,0,False
HYBRID_TALON,25,patient047,patient047_case01,IBC,IBC_patient035_0139.jpg,3,,off_target_fp,591,0,0.0,0.0,0.0,0.0,0,False
HYBRID_TALON,25,patient047,patient047_case01,IBC,IBC_patient035_0139.jpg,4,1.0,strong_75_plus,206,180,0.8181818181818182,0.8737864077669902,0.8181818181818182,0.7317073170731707,1,False
HYBRID_TALON,25,patient047,patient047_case01,IBC,IBC_patient035_0140.jpg,1,,off_target_fp,110,0,0.0,0.0,0.0,0.0,0,False
HYBRID_TALON,25,patient047,patient047_case01,IBC,IBC_patient035_0140.jpg,2,,off_target_fp,57,0,0.0,0.0,0.0,0.0,0,False
HYBRID_TALON,25,patient047,patient047_case01,IBC,IBC_patient035_0140.jpg,3,,off_target_fp,836,0,0.0,0.0,0.0,0.0,0,False
HYBRID_TALON,25,patient047,patient047_case01,IBC,IBC_patient035_0140.jpg,4,1.0,strong_75_plus,147,112,0.8235294117647058,0.7619047619047619,0.7619047619047619,0.6549707602339181,1,False
HYBRID_TALON,25,patient049,patient049_case01,IBC,IBC_patient036_0048.jpg,1,1.0,strong_75_plus,307,270,0.9,0.8794788273615635,0.8794788273615635,0.8011869436201781,1,False
HYBRID_TALON,25,patient049,patient049_case01,IBC,IBC_patient036_0049.jpg,1,1.0,strong_75_plus,498,472,0.959349593495935,0.9477911646586346,0.9477911646586346,0.9111969111969112,1,False
HYBRID_TALON,25,patient049,patient049_case01,IBC,IBC_patient036_0050.jpg,1,1.0,strong_75_plus,657,588,0.9607843137254902,0.8949771689497716,0.8949771689497716,0.8634361233480177,1,False
HYBRID_TALON,25,patient049,patient049_case01,IBC,IBC_patient036_0051.jpg,1,1.0,strong_75_plus,600,576,0.8834355828220859,0.96,0.8834355828220859,0.8520710059171598,1,False
HYBRID_TALON,25,patient049,patient049_case01,IBC,IBC_patient036_0051.jpg,2,,off_target_fp,160,0,0.0,0.0,0.0,0.0,0,False
HYBRID_TALON,25,patient049,patient049_case01,IBC,IBC_patient036_0052.jpg,1,1.0,strong_75_plus,606,597,0.8384831460674157,0.9851485148514851,0.8384831460674157,0.8280166435506241,1,False
HYBRID_TALON,25,patient049,patient049_case01,IBC,IBC_patient036_0052.jpg,2,,off_target_fp,280,0,0.0,0.0,0.0,0.0,0,False
HYBRID_TALON,25,patient049,patient049_case01,IBC,IBC_patient036_0053.jpg,1,1.0,strong_75_plus,708,664,0.9378531073446328,0.9378531073446328,0.9378531073446328,0.8829787234042553,1,False
HYBRID_TALON,25,patient049,patient049_case01,IBC,IBC_patient036_0053.jpg,2,,off_target_fp,226,0,0.0,0.0,0.0,0.0,0,False
HYBRID_TALON,25,patient049,patient049_case01,IBC,IBC_patient036_0054.jpg,1,1.0,strong_75_plus,655,626,0.9046242774566474,0.9557251908396946,0.9046242774566474,0.8682385575589459,1,False
HYBRID_TALON,25,patient049,patient049_case01,IBC,IBC_patient036_0054.jpg,2,,off_target_fp,198,0,0.0,0.0,0.0,0.0,0,False
HYBRID_TALON,25,patient049,patient049_case01,IBC,IBC_patient036_0055.jpg,1,1.0,strong_75_plus,578,571,0.7843406593406593,0.9878892733564014,0.7843406593406593,0.7768707482993197,1,False
HYBRID_TALON,25,patient049,patient049_case01,IBC,IBC_patient036_0055.jpg,2,,off_target_fp,30,0,0.0,0.0,0.0,0.0,0,False
HYBRID_TALON,25,patient049,patient049_case01,IBC,IBC_patient036_0055.jpg,3,,off_target_fp,163,0,0.0,0.0,0.0,0.0,0,False
HYBRID_TALON,25,patient049,patient049_case01,IBC,IBC_patient036_0056.jpg,1,1.0,strong_75_plus,526,478,0.9122137404580153,0.908745247148289,0.908745247148289,0.8356643356643356,1,False
HYBRID_TALON,25,patient049,patient049_case01,IBC,IBC_patient036_0056.jpg,2,,off_target_fp,222,0,0.0,0.0,0.0,0.0,0,False
HYBRID_TALON,25,patient049,patient049_case01,IBC,IBC_patient036_0056.jpg,3,,off_target_fp,135,0,0.0,0.0,0.0,0.0,0,False
HYBRID_TALON,25,patient049,patient049_case01,IBC,IBC_patient036_0057.jpg,1,1.0,strong_75_plus,520,451,0.9241803278688525,0.8673076923076923,0.8673076923076923,0.8096947935368043,1,False
HYBRID_TALON,25,patient049,patient049_case01,IBC,IBC_patient036_0057.jpg,2,,off_target_fp,312,0,0.0,0.0,0.0,0.0,0,False
HYBRID_TALON,25,patient049,patient049_case01,IBC,IBC_patient036_0057.jpg,3,,off_target_fp,30,0,0.0,0.0,0.0,0.0,0,False
HYBRID_TALON,25,patient049,patient049_case01,IBC,IBC_patient036_0058.jpg,1,,off_target_fp,417,0,0.0,0.0,0.0,0.0,0,False
HYBRID_TALON,25,patient049,patient049_case01,IBC,IBC_patient036_0058.jpg,2,1.0,low_25_to_50,203,203,0.4572072072072072,1.0,0.4572072072072072,0.4572072072072072,1,False
HYBRID_TALON,25,patient049,patient049_case01,IBC,IBC_patient036_0058.jpg,3,,off_target_fp,117,0,0.0,0.0,0.0,0.0,0,False
HYBRID_TALON,25,patient049,patient049_case01,IBC,IBC_patient036_0059.jpg,1,,off_target_fp,486,0,0.0,0.0,0.0,0.0,0,False
HYBRID_TALON,25,patient049,patient049_case01,IBC,IBC_patient036_0059.jpg,2,1.0,partial_below_25,51,51,0.09042553191489362,1.0,0.09042553191489362,0.09042553191489362,1,False
HYBRID_TALON,25,patient049,patient049_case01,IBC,IBC_patient036_0059.jpg,3,,off_target_fp,83,0,0.0,0.0,0.0,0.0,0,False
HYBRID_TALON,25,patient049,patient049_case01,IBC,IBC_patient036_0060.jpg,1,,off_target_fp,508,0,0.0,0.0,0.0,0.0,0,False
HYBRID_TALON,25,patient049,patient049_case01,IBC,IBC_patient036_0060.jpg,2,,off_target_fp,46,0,0.0,0.0,0.0,0.0,0,False
HYBRID_TALON,25,patient049,patient049_case01,IBC,IBC_patient036_0061.jpg,1,1.0,partial_below_25,595,53,0.12383177570093458,0.08907563025210084,0.08907563025210084,0.05463917525773196,1,False
HYBRID_TALON,25,patient049,patient049_case01,IBC,IBC_patient036_0061.jpg,2,1.0,partial_below_25,105,105,0.24532710280373832,1.0,0.24532710280373832,0.24532710280373832,1,False
HYBRID_TALON,25,patient049,patient049_case01,IBC,IBC_patient036_0061.jpg,3,,off_target_fp,128,0,0.0,0.0,0.0,0.0,0,False
HYBRID_TALON,25,patient049,patient049_case01,IBC,IBC_patient036_0062.jpg,1,1.0,partial_below_25,426,36,0.09183673469387756,0.08450704225352113,0.08450704225352113,0.04603580562659847,1,False
HYBRID_TALON,25,patient049,patient049_case01,IBC,IBC_patient036_0062.jpg,2,1.0,partial_below_25,39,39,0.09948979591836735,1.0,0.09948979591836735,0.09948979591836735,1,False
HYBRID_TALON,25,patient049,patient049_case01,IBC,IBC_patient036_0062.jpg,3,,off_target_fp,158,0,0.0,0.0,0.0,0.0,0,False
HYBRID_TALON,25,patient049,patient049_case01,IBC,IBC_patient036_0063.jpg,1,1.0,moderate_50_to_75,228,222,0.7115384615384616,0.9736842105263158,0.7115384615384616,0.6981132075471698,1,False
HYBRID_TALON,25,patient049,patient049_case01,IBC,IBC_patient036_0063.jpg,2,,off_target_fp,152,0,0.0,0.0,0.0,0.0,0,False
HYBRID_TALON,25,patient049,patient049_case01,IBC,IBC_patient036_0064.jpg,1,1.0,moderate_50_to_75,106,106,0.6794871794871795,1.0,0.6794871794871795,0.6794871794871795,1,False
HYBRID_TALON,25,patient049,patient049_case01,IBC,IBC_patient036_0065.jpg,1,,off_target_fp,25,0,0.0,0.0,0.0,0.0,0,False
HYBRID_TALON,25,patient052,patient052_case01,IGM,IGM_patient037_0053.jpg,1,1.0,strong_75_plus,91,88,0.7857142857142857,0.967032967032967,0.7857142857142857,0.7652173913043478,1,False
HYBRID_TALON,25,patient052,patient052_case01,IGM,IGM_patient037_0053.jpg,2,,off_target_fp,53,0,0.0,0.0,0.0,0.0,0,False
HYBRID_TALON,25,patient052,patient052_case01,IGM,IGM_patient037_0054.jpg,1,1.0,strong_75_plus,179,167,0.907608695652174,0.9329608938547486,0.907608695652174,0.8520408163265306,1,False
HYBRID_TALON,25,patient052,patient052_case01,IGM,IGM_patient037_0055.jpg,1,1.0,strong_75_plus,190,146,0.8902439024390244,0.7684210526315789,0.7684210526315789,0.7019230769230769,1,False
HYBRID_TALON,25,patient052,patient052_case01,IGM,IGM_patient037_0056.jpg,1,1.0,low_25_to_50,140,69,0.8625,0.4928571428571429,0.4928571428571429,0.45695364238410596,1,False
HYBRID_TALON,25,patient052,patient052_case01,IGM,IGM_patient037_0056.jpg,2,,off_target_fp,51,0,0.0,0.0,0.0,0.0,0,False
HYBRID_TALON,25,patient052,patient052_case01,IGM,IGM_patient037_0056.jpg,3,,off_target_fp,56,0,0.0,0.0,0.0,0.0,0,False
HYBRID_TALON,25,patient052,patient052_case01,IGM,IGM_patient037_0057.jpg,1,1.0,low_25_to_50,66,60,0.4838709677419355,0.9090909090909091,0.4838709677419355,0.46153846153846156,1,False
HYBRID_TALON,25,patient052,patient052_case01,IGM,IGM_patient037_0057.jpg,2,,off_target_fp,69,0,0.0,0.0,0.0,0.0,0,False
HYBRID_TALON,25,patient052,patient052_case01,IGM,IGM_patient037_0058.jpg,1,1.0,low_25_to_50,39,39,0.375,1.0,0.375,0.375,1,False
HYBRID_TALON,25,patient052,patient052_case01,IGM,IGM_patient037_0058.jpg,2,,off_target_fp,74,0,0.0,0.0,0.0,0.0,0,False
HYBRID_TALON,25,patient075,patient075_case01,IGM,IGM_patient049_0045.jpg,1,1.0,moderate_50_to_75,185,165,0.6653225806451613,0.8918918918918919,0.6653225806451613,0.6156716417910447,1,False
HYBRID_TALON,25,patient075,patient075_case01,IGM,IGM_patient049_0046.jpg,1,1.0,moderate_50_to_75,274,259,0.7038043478260869,0.9452554744525548,0.7038043478260869,0.6762402088772846,1,False
HYBRID_TALON,25,patient075,patient075_case01,IGM,IGM_patient049_0047.jpg,1,1.0,moderate_50_to_75,220,203,0.6265432098765432,0.9227272727272727,0.6265432098765432,0.5953079178885631,1,False
HYBRID_TALON,25,patient075,patient075_case01,IGM,IGM_patient049_0048.jpg,1,1.0,moderate_50_to_75,167,152,0.5352112676056338,0.9101796407185628,0.5352112676056338,0.5083612040133779,1,False
HYBRID_TALON,25,patient075,patient075_case01,IGM,IGM_patient049_0054.jpg,1,,off_target_fp,93,0,0.0,0.0,0.0,0.0,0,False
HYBRID_TALON,25,patient075,patient075_case01,IGM,IGM_patient049_0054.jpg,2,,off_target_fp,118,0,0.0,0.0,0.0,0.0,0,False
HYBRID_TALON,25,patient075,patient075_case01,IGM,IGM_patient049_0054.jpg,3,1.0,strong_75_plus,255,233,0.9395161290322581,0.9137254901960784,0.9137254901960784,0.8629629629629629,1,False
HYBRID_TALON,25,patient075,patient075_case01,IGM,IGM_patient049_0055.jpg,1,,off_target_fp,288,0,0.0,0.0,0.0,0.0,0,False
HYBRID_TALON,25,patient075,patient075_case01,IGM,IGM_patient049_0055.jpg,2,1.0,strong_75_plus,199,183,0.7754237288135594,0.9195979899497487,0.7754237288135594,0.7261904761904762,1,False
HYBRID_TALON,25,patient075,patient075_case01,IGM,IGM_patient049_0056.jpg,1,,off_target_fp,262,0,0.0,0.0,0.0,0.0,0,False
HYBRID_TALON,25,patient075,patient075_case01,IGM,IGM_patient049_0056.jpg,2,1.0,low_25_to_50,129,120,0.4838709677419355,0.9302325581395349,0.4838709677419355,0.4669260700389105,1,False
HYBRID_TALON,25,patient075,patient075_case01,IGM,IGM_patient049_0057.jpg,1,,off_target_fp,155,0,0.0,0.0,0.0,0.0,0,False
HYBRID_TALON,25,patient075,patient075_case01,IGM,IGM_patient049_0057.jpg,2,1.0,low_25_to_50,141,133,0.4318181818181818,0.9432624113475178,0.4318181818181818,0.4208860759493671,1,False
HYBRID_TALON,25,patient075,patient075_case01,IGM,IGM_patient049_0058.jpg,1,1.0,low_25_to_50,161,144,0.45,0.8944099378881988,0.45,0.42729970326409494,1,False
HYBRID_TALON,25,patient093,patient093_case01,IBC,IBC_patient005_0107.jpg,1,1.0,low_25_to_50,74,74,0.44047619047619047,1.0,0.44047619047619047,0.44047619047619047,1,False
HYBRID_TALON,25,patient093,patient093_case01,IBC,IBC_patient005_0107.jpg,2,,off_target_fp,88,0,0.0,0.0,0.0,0.0,0,False
HYBRID_TALON,25,patient093,patient093_case01,IBC,IBC_patient005_0107.jpg,3,,off_target_fp,39,0,0.0,0.0,0.0,0.0,0,False
HYBRID_TALON,25,patient093,patient093_case01,IBC,IBC_patient005_0108.jpg,1,1.0,moderate_50_to_75,122,119,0.6918604651162791,0.9754098360655737,0.6918604651162791,0.68,1,False
HYBRID_TALON,25,patient093,patient093_case01,IBC,IBC_patient005_0108.jpg,2,,off_target_fp,149,0,0.0,0.0,0.0,0.0,0,False
HYBRID_TALON,25,patient093,patient093_case01,IBC,IBC_patient005_0108.jpg,3,,off_target_fp,63,0,0.0,0.0,0.0,0.0,0,False
HYBRID_TALON,25,patient093,patient093_case01,IBC,IBC_patient005_0108.jpg,4,,off_target_fp,41,0,0.0,0.0,0.0,0.0,0,False
HYBRID_TALON,25,patient093,patient093_case01,IBC,IBC_patient005_0109.jpg,1,1.0,low_25_to_50,404,158,0.8229166666666666,0.3910891089108911,0.3910891089108911,0.3607305936073059,1,False
HYBRID_TALON,25,patient093,patient093_case01,IBC,IBC_patient005_0109.jpg,2,,off_target_fp,143,0,0.0,0.0,0.0,0.0,0,False
HYBRID_TALON,25,patient093,patient093_case01,IBC,IBC_patient005_0110.jpg,1,1.0,low_25_to_50,516,187,0.8820754716981132,0.3624031007751938,0.3624031007751938,0.3456561922365989,1,False
HYBRID_TALON,25,patient093,patient093_case01,IBC,IBC_patient005_0111.jpg,1,1.0,low_25_to_50,604,231,0.9314516129032258,0.3824503311258278,0.3824503311258278,0.3719806763285024,1,False
HYBRID_TALON,25,patient093,patient093_case01,IBC,IBC_patient005_0112.jpg,1,1.0,low_25_to_50,667,248,0.9538461538461539,0.37181409295352325,0.37181409295352325,0.36524300441826213,1,False
HYBRID_TALON,25,patient093,patient093_case01,IBC,IBC_patient005_0113.jpg,1,1.0,low_25_to_50,704,240,0.967741935483871,0.3409090909090909,0.3409090909090909,0.33707865168539325,1,False
HYBRID_TALON,25,patient093,patient093_case01,IBC,IBC_patient005_0114.jpg,1,1.0,low_25_to_50,698,255,0.9239130434782609,0.3653295128939828,0.3653295128939828,0.35465924895688455,1,False
HYBRID_TALON,25,patient093,patient093_case01,IBC,IBC_patient005_0115.jpg,1,1.0,low_25_to_50,696,241,0.94140625,0.34626436781609193,0.34626436781609193,0.3389592123769339,1,False
HYBRID_TALON,25,patient093,patient093_case01,IBC,IBC_patient005_0116.jpg,1,1.0,low_25_to_50,700,231,0.9467213114754098,0.33,0.33,0.32398316970546986,1,False
HYBRID_TALON,25,patient093,patient093_case01,IBC,IBC_patient005_0117.jpg,1,1.0,low_25_to_50,698,221,0.9057377049180327,0.3166189111747851,0.3166189111747851,0.3065187239944521,1,False
HYBRID_TALON,25,patient093,patient093_case01,IBC,IBC_patient005_0118.jpg,1,1.0,low_25_to_50,630,233,0.91015625,0.36984126984126986,0.36984126984126986,0.3568147013782542,1,False
HYBRID_TALON,25,patient093,patient093_case01,IBC,IBC_patient005_0119.jpg,1,1.0,moderate_50_to_75,313,216,0.8852459016393442,0.6900958466453674,0.6900958466453674,0.6334310850439883,1,False
HYBRID_TALON,25,patient093,patient093_case01,IBC,IBC_patient005_0119.jpg,2,,off_target_fp,236,0,0.0,0.0,0.0,0.0,0,False
HYBRID_TALON,25,patient093,patient093_case01,IBC,IBC_patient005_0120.jpg,1,1.0,strong_75_plus,239,203,0.90625,0.8493723849372385,0.8493723849372385,0.7807692307692308,1,False
HYBRID_TALON,25,patient093,patient093_case01,IBC,IBC_patient005_0120.jpg,2,,off_target_fp,213,0,0.0,0.0,0.0,0.0,0,False
HYBRID_TALON,25,patient093,patient093_case01,IBC,IBC_patient005_0121.jpg,1,1.0,strong_75_plus,205,179,0.7850877192982456,0.8731707317073171,0.7850877192982456,0.7047244094488189,1,False
HYBRID_TALON,25,patient093,patient093_case01,IBC,IBC_patient005_0121.jpg,2,,off_target_fp,25,0,0.0,0.0,0.0,0.0,0,False
HYBRID_TALON,25,patient093,patient093_case01,IBC,IBC_patient005_0121.jpg,3,,off_target_fp,200,0,0.0,0.0,0.0,0.0,0,False
HYBRID_TALON,25,patient093,patient093_case01,IBC,IBC_patient005_0122.jpg,1,1.0,partial_below_25,43,40,0.23255813953488372,0.9302325581395349,0.23255813953488372,0.22857142857142856,1,False
HYBRID_TALON,25,patient093,patient093_case01,IBC,IBC_patient005_0122.jpg,2,1.0,low_25_to_50,44,44,0.2558139534883721,1.0,0.2558139534883721,0.2558139534883721,1,False
HYBRID_TALON,25,patient093,patient093_case01,IBC,IBC_patient005_0122.jpg,3,,off_target_fp,245,0,0.0,0.0,0.0,0.0,0,False
HYBRID_TALON,25,patient093,patient093_case01,IBC,IBC_patient005_0123.jpg,1,,off_target_fp,185,0,0.0,0.0,0.0,0.0,0,False
HYBRID_TALON,25,patient094,patient094_case01,IGM,IGM_patient005_0044.jpg,1,,off_target_fp,87,0,0.0,0.0,0.0,0.0,0,False
HYBRID_TALON,25,patient094,patient094_case01,IGM,IGM_patient005_0044.jpg,2,1.0,strong_75_plus,111,97,0.9326923076923077,0.8738738738738738,0.8738738738738738,0.8220338983050848,1,False
HYBRID_TALON,25,patient094,patient094_case01,IGM,IGM_patient005_0045.jpg,1,1.0,moderate_50_to_75,178,129,0.9772727272727273,0.7247191011235955,0.7247191011235955,0.712707182320442,1,False
HYBRID_TALON,25,patient094,patient094_case01,IGM,IGM_patient005_0046.jpg,1,1.0,moderate_50_to_75,234,159,0.9464285714285714,0.6794871794871795,0.6794871794871795,0.654320987654321,1,False
HYBRID_TALON,25,patient094,patient094_case01,IGM,IGM_patient005_0047.jpg,1,1.0,moderate_50_to_75,257,147,0.8963414634146342,0.5719844357976653,0.5719844357976653,0.5364963503649635,1,False
HYBRID_TALON,25,patient094,patient094_case01,IGM,IGM_patient005_0047.jpg,2,,off_target_fp,131,0,0.0,0.0,0.0,0.0,0,False
HYBRID_TALON,25,patient094,patient094_case01,IGM,IGM_patient005_0048.jpg,1,1.0,moderate_50_to_75,239,133,0.95,0.5564853556485355,0.5564853556485355,0.540650406504065,1,False
HYBRID_TALON,25,patient094,patient094_case01,IGM,IGM_patient005_0048.jpg,2,,off_target_fp,176,0,0.0,0.0,0.0,0.0,0,False
HYBRID_TALON,25,patient094,patient094_case01,IGM,IGM_patient005_0049.jpg,1,1.0,moderate_50_to_75,260,145,0.9539473684210527,0.5576923076923077,0.5576923076923077,0.5430711610486891,1,False
HYBRID_TALON,25,patient094,patient094_case01,IGM,IGM_patient005_0049.jpg,2,,off_target_fp,280,0,0.0,0.0,0.0,0.0,0,False
HYBRID_TALON,25,patient094,patient094_case01,IGM,IGM_patient005_0050.jpg,1,1.0,low_25_to_50,246,103,0.9903846153846154,0.4186991869918699,0.4186991869918699,0.41700404858299595,1,False
HYBRID_TALON,25,patient094,patient094_case01,IGM,IGM_patient005_0050.jpg,2,,off_target_fp,290,0,0.0,0.0,0.0,0.0,0,False
HYBRID_TALON,25,patient094,patient094_case01,IGM,IGM_patient005_0051.jpg,1,1.0,moderate_50_to_75,143,91,0.9479166666666666,0.6363636363636364,0.6363636363636364,0.6148648648648649,1,False
HYBRID_TALON,25,patient094,patient094_case01,IGM,IGM_patient005_0051.jpg,2,,off_target_fp,124,0,0.0,0.0,0.0,0.0,0,False
HYBRID_TALON,25,patient094,patient094_case01,IGM,IGM_patient005_0051.jpg,3,,off_target_fp,28,0,0.0,0.0,0.0,0.0,0,False
HYBRID_TALON,25,patient094,patient094_case01,IGM,IGM_patient005_0052.jpg,1,1.0,moderate_50_to_75,72,44,1.0,0.6111111111111112,0.6111111111111112,0.6111111111111112,1,False
HYBRID_TALON,25,patient094,patient094_case01,IGM,IGM_patient005_0052.jpg,2,,off_target_fp,134,0,0.0,0.0,0.0,0.0,0,False
HYBRID_TALON,25,patient094,patient094_case01,IGM,IGM_patient005_0052.jpg,3,,off_target_fp,67,0,0.0,0.0,0.0,0.0,0,False
HYBRID_TALON,25,patient094,patient094_case01,IGM,IGM_patient005_0053.jpg,1,,off_target_fp,92,0,0.0,0.0,0.0,0.0,0,False
HYBRID_TALON,25,patient094,patient094_case01,IGM,IGM_patient005_0053.jpg,2,,off_target_fp,116,0,0.0,0.0,0.0,0.0,0,False
HYBRID_TALON,25,patient083,patient083_case01,IGM,IGM_patient052_0059.jpg,1,1.0,strong_75_plus,78,75,0.75,0.9615384615384616,0.75,0.7281553398058253,1,False
HYBRID_TALON,25,patient083,patient083_case01,IGM,IGM_patient052_0060.jpg,1,1.0,moderate_50_to_75,133,121,0.6875,0.9097744360902256,0.6875,0.6436170212765957,1,False
HYBRID_TALON,25,patient083,patient083_case01,IGM,IGM_patient052_0061.jpg,1,1.0,strong_75_plus,187,179,0.7991071428571429,0.9572192513368984,0.7991071428571429,0.771551724137931,1,False
HYBRID_TALON,25,patient083,patient083_case01,IGM,IGM_patient052_0062.jpg,1,1.0,strong_75_plus,233,222,0.8671875,0.9527896995708155,0.8671875,0.8314606741573034,1,False
HYBRID_TALON,25,patient083,patient083_case01,IGM,IGM_patient052_0063.jpg,1,1.0,strong_75_plus,261,242,0.9029850746268657,0.9272030651340997,0.9029850746268657,0.8432055749128919,1,False
HYBRID_TALON,25,patient083,patient083_case01,IGM,IGM_patient052_0063.jpg,2,,off_target_fp,75,0,0.0,0.0,0.0,0.0,0,False
HYBRID_TALON,25,patient083,patient083_case01,IGM,IGM_patient052_0064.jpg,1,1.0,strong_75_plus,259,244,0.953125,0.9420849420849421,0.9420849420849421,0.9003690036900369,1,False
HYBRID_TALON,25,patient083,patient083_case01,IGM,IGM_patient052_0064.jpg,2,,off_target_fp,199,0,0.0,0.0,0.0,0.0,0,False
HYBRID_TALON,25,patient083,patient083_case01,IGM,IGM_patient052_0065.jpg,1,1.0,moderate_50_to_75,198,189,0.7269230769230769,0.9545454545454546,0.7269230769230769,0.7026022304832714,1,False
HYBRID_TALON,25,patient083,patient083_case01,IGM,IGM_patient052_0065.jpg,2,,off_target_fp,209,0,0.0,0.0,0.0,0.0,0,False
HYBRID_TALON,25,patient083,patient083_case01,IGM,IGM_patient052_0066.jpg,1,1.0,strong_75_plus,137,131,0.8851351351351351,0.9562043795620438,0.8851351351351351,0.8506493506493507,1,False
HYBRID_TALON,25,patient083,patient083_case01,IGM,IGM_patient052_0066.jpg,2,,off_target_fp,118,0,0.0,0.0,0.0,0.0,0,False
HYBRID_TALON,25,patient083,patient083_case01,IGM,IGM_patient052_0067.jpg,1,1.0,low_25_to_50,83,77,0.41847826086956524,0.927710843373494,0.41847826086956524,0.4052631578947368,1,False
HYBRID_TALON,25,patient083,patient083_case01,IGM,IGM_patient052_0067.jpg,2,1.0,low_25_to_50,71,68,0.3695652173913043,0.9577464788732394,0.3695652173913043,0.36363636363636365,1,False
HYBRID_TALON,25,patient083,patient083_case01,IGM,IGM_patient052_0067.jpg,3,,off_target_fp,34,0,0.0,0.0,0.0,0.0,0,False
HYBRID_TALON,25,patient083,patient083_case01,IGM,IGM_patient052_0068.jpg,1,1.0,strong_75_plus,122,113,0.8308823529411765,0.9262295081967213,0.8308823529411765,0.7793103448275862,1,False
HYBRID_TALON,25,patient083,patient083_case01,IGM,IGM_patient052_0068.jpg,2,,off_target_fp,38,0,0.0,0.0,0.0,0.0,0,False
HYBRID_TALON,25,patient083,patient083_case01,IGM,IGM_patient052_0069.jpg,1,1.0,strong_75_plus,159,146,0.9125,0.9182389937106918,0.9125,0.8439306358381503,1,False
HYBRID_TALON,25,patient083,patient083_case01,IGM,IGM_patient052_0070.jpg,1,1.0,strong_75_plus,154,136,0.8947368421052632,0.8831168831168831,0.8831168831168831,0.8,1,False
HYBRID_TALON,25,patient083,patient083_case01,IGM,IGM_patient052_0070.jpg,2,,off_target_fp,35,0,0.0,0.0,0.0,0.0,0,False
HYBRID_TALON,25,patient083,patient083_case01,IGM,IGM_patient052_0071.jpg,1,1.0,strong_75_plus,147,133,0.8525641025641025,0.9047619047619048,0.8525641025641025,0.7823529411764706,1,False
HYBRID_TALON,25,patient083,patient083_case01,IGM,IGM_patient052_0071.jpg,2,,off_target_fp,40,0,0.0,0.0,0.0,0.0,0,False
HYBRID_TALON,25,patient083,patient083_case01,IGM,IGM_patient052_0072.jpg,1,1.0,moderate_50_to_75,91,84,0.5526315789473685,0.9230769230769231,0.5526315789473685,0.5283018867924528,1,False
HYBRID_TALON,25,patient083,patient083_case01,IGM,IGM_patient052_0072.jpg,2,,off_target_fp,34,0,0.0,0.0,0.0,0.0,0,False
HYBRID_TALON,25,patient091,patient091_case01,IBC,IBC_patient056_0040.jpg,1,1.0,moderate_50_to_75,45,42,0.7,0.9333333333333333,0.7,0.6666666666666666,1,False
HYBRID_TALON,25,patient091,patient091_case01,IBC,IBC_patient056_0042.jpg,1,1.0,strong_75_plus,58,51,0.75,0.8793103448275862,0.75,0.68,1,False
HYBRID_TALON,25,patient091,patient091_case01,IBC,IBC_patient056_0045.jpg,1,,off_target_fp,209,0,0.0,0.0,0.0,0.0,0,False
HYBRID_TALON,25,patient091,patient091_case01,IBC,IBC_patient056_0046.jpg,1,,off_target_fp,492,0,0.0,0.0,0.0,0.0,0,False
HYBRID_TALON,25,patient091,patient091_case01,IBC,IBC_patient056_0047.jpg,1,,off_target_fp,685,0,0.0,0.0,0.0,0.0,0,False
HYBRID_TALON,25,patient095,patient095_case01,IBC,IBC_patient006_0137.jpg,1,,off_target_fp,200,0,0.0,0.0,0.0,0.0,0,False
HYBRID_TALON,25,patient095,patient095_case01,IBC,IBC_patient006_0137.jpg,2,1.0,moderate_50_to_75,96,49,0.875,0.5104166666666666,0.5104166666666666,0.47572815533980584,1,False
HYBRID_TALON,25,patient095,patient095_case01,IBC,IBC_patient006_0137.jpg,3,,off_target_fp,115,0,0.0,0.0,0.0,0.0,0,False
HYBRID_TALON,25,patient095,patient095_case01,IBC,IBC_patient006_0138.jpg,1,,off_target_fp,208,0,0.0,0.0,0.0,0.0,0,False
HYBRID_TALON,25,patient095,patient095_case01,IBC,IBC_patient006_0138.jpg,2,1.0,low_25_to_50,123,60,1.0,0.4878048780487805,0.4878048780487805,0.4878048780487805,1,False
HYBRID_TALON,25,patient095,patient095_case01,IBC,IBC_patient006_0138.jpg,3,,off_target_fp,65,0,0.0,0.0,0.0,0.0,0,False
HYBRID_TALON,25,patient095,patient095_case01,IBC,IBC_patient006_0139.jpg,1,,off_target_fp,198,0,0.0,0.0,0.0,0.0,0,False
HYBRID_TALON,25,patient095,patient095_case01,IBC,IBC_patient006_0139.jpg,2,1.0,low_25_to_50,188,76,1.0,0.40425531914893614,0.40425531914893614,0.40425531914893614,1,False
HYBRID_TALON,25,patient095,patient095_case01,IBC,IBC_patient006_0140.jpg,1,,off_target_fp,282,0,0.0,0.0,0.0,0.0,0,False
HYBRID_TALON,25,patient095,patient095_case01,IBC,IBC_patient006_0140.jpg,2,1.0,low_25_to_50,287,108,1.0,0.37630662020905925,0.37630662020905925,0.37630662020905925,1,False
HYBRID_TALON,25,patient095,patient095_case01,IBC,IBC_patient006_0141.jpg,1,,off_target_fp,340,0,0.0,0.0,0.0,0.0,0,False
HYBRID_TALON,25,patient095,patient095_case01,IBC,IBC_patient006_0141.jpg,2,1.0,moderate_50_to_75,370,228,1.0,0.6162162162162163,0.6162162162162163,0.6162162162162163,1,False
HYBRID_TALON,25,patient095,patient095_case01,IBC,IBC_patient006_0142.jpg,1,,off_target_fp,339,0,0.0,0.0,0.0,0.0,0,False
HYBRID_TALON,25,patient095,patient095_case01,IBC,IBC_patient006_0142.jpg,2,1.0,moderate_50_to_75,389,254,0.9921875,0.6529562982005142,0.6529562982005142,0.649616368286445,1,False
HYBRID_TALON,25,patient095,patient095_case01,IBC,IBC_patient006_0143.jpg,1,,off_target_fp,317,0,0.0,0.0,0.0,0.0,0,False
HYBRID_TALON,25,patient095,patient095_case01,IBC,IBC_patient006_0143.jpg,2,1.0,moderate_50_to_75,408,288,0.9863013698630136,0.7058823529411765,0.7058823529411765,0.6990291262135923,1,False
HYBRID_TALON,25,patient095,patient095_case01,IBC,IBC_patient006_0144.jpg,1,1.0,moderate_50_to_75,435,308,1.0,0.7080459770114943,0.7080459770114943,0.7080459770114943,1,False
HYBRID_TALON,25,patient095,patient095_case01,IBC,IBC_patient006_0144.jpg,2,,off_target_fp,127,0,0.0,0.0,0.0,0.0,0,False
HYBRID_TALON,25,patient095,patient095_case01,IBC,IBC_patient006_0145.jpg,1,1.0,moderate_50_to_75,472,325,0.9789156626506024,0.6885593220338984,0.6885593220338984,0.6784968684759917,1,False
HYBRID_TALON,25,patient095,patient095_case01,IBC,IBC_patient006_0146.jpg,1,1.0,moderate_50_to_75,483,284,1.0,0.587991718426501,0.587991718426501,0.587991718426501,1,False
HYBRID_TALON,25,patient095,patient095_case01,IBC,IBC_patient006_0146.jpg,2,,off_target_fp,28,0,0.0,0.0,0.0,0.0,0,False
HYBRID_TALON,25,patient095,patient095_case01,IBC,IBC_patient006_0147.jpg,1,1.0,moderate_50_to_75,397,265,0.8717105263157895,0.6675062972292192,0.6675062972292192,0.6077981651376146,1,False
HYBRID_TALON,25,patient095,patient095_case01,IBC,IBC_patient006_0147.jpg,2,,off_target_fp,46,0,0.0,0.0,0.0,0.0,0,False
HYBRID_TALON,25,patient095,patient095_case01,IBC,IBC_patient006_0147.jpg,3,,off_target_fp,29,0,0.0,0.0,0.0,0.0,0,False
HYBRID_TALON,25,patient099,patient099_case01,IGM,IGM_patient008_0049.jpg,1,,off_target_fp,26,0,0.0,0.0,0.0,0.0,0,False
HYBRID_TALON,25,patient099,patient099_case01,IGM,IGM_patient008_0049.jpg,2,,off_target_fp,61,0,0.0,0.0,0.0,0.0,0,False
HYBRID_TALON,25,patient099,patient099_case01,IGM,IGM_patient008_0050.jpg,1,1.0,low_25_to_50,33,31,0.2672413793103448,0.9393939393939394,0.2672413793103448,0.2627118644067797,1,False
HYBRID_TALON,25,patient099,patient099_case01,IGM,IGM_patient008_0050.jpg,2,,off_target_fp,35,0,0.0,0.0,0.0,0.0,0,False
HYBRID_TALON,25,patient099,patient099_case01,IGM,IGM_patient008_0052.jpg,1,1.0,moderate_50_to_75,108,100,0.6756756756756757,0.9259259259259259,0.6756756756756757,0.6410256410256411,1,False
HYBRID_TALON,25,patient099,patient099_case01,IGM,IGM_patient008_0053.jpg,1,1.0,moderate_50_to_75,100,94,0.7121212121212122,0.94,0.7121212121212122,0.6811594202898551,1,False
HYBRID_TALON,25,patient099,patient099_case01,IGM,IGM_patient008_0054.jpg,1,1.0,moderate_50_to_75,102,96,0.7272727272727273,0.9411764705882353,0.7272727272727273,0.6956521739130435,1,False
HYBRID_TALON,25,patient099,patient099_case01,IGM,IGM_patient008_0055.jpg,1,,off_target_fp,55,0,0.0,0.0,0.0,0.0,0,False
HYBRID_TALON,25,patient099,patient099_case01,IGM,IGM_patient008_0055.jpg,2,1.0,strong_75_plus,141,120,0.8823529411764706,0.851063829787234,0.851063829787234,0.7643312101910829,1,False
HYBRID_TALON,25,patient099,patient099_case01,IGM,IGM_patient008_0056.jpg,1,,off_target_fp,95,0,0.0,0.0,0.0,0.0,0,False
HYBRID_TALON,25,patient099,patient099_case01,IGM,IGM_patient008_0056.jpg,2,,off_target_fp,55,0,0.0,0.0,0.0,0.0,0,False
HYBRID_TALON,25,patient099,patient099_case01,IGM,IGM_patient008_0056.jpg,3,1.0,moderate_50_to_75,147,133,0.7388888888888889,0.9047619047619048,0.7388888888888889,0.6855670103092784,1,False
HYBRID_TALON,25,patient099,patient099_case01,IGM,IGM_patient008_0057.jpg,1,,off_target_fp,150,0,0.0,0.0,0.0,0.0,0,False
HYBRID_TALON,25,patient099,patient099_case01,IGM,IGM_patient008_0057.jpg,2,1.0,strong_75_plus,149,143,0.89375,0.959731543624161,0.89375,0.8614457831325302,1,False
HYBRID_TALON,25,patient099,patient099_case01,IGM,IGM_patient008_0058.jpg,1,,off_target_fp,174,0,0.0,0.0,0.0,0.0,0,False
HYBRID_TALON,25,patient099,patient099_case01,IGM,IGM_patient008_0058.jpg,2,1.0,strong_75_plus,77,72,0.782608695652174,0.935064935064935,0.782608695652174,0.7422680412371134,1,False
HYBRID_TALON,25,patient099,patient099_case01,IGM,IGM_patient008_0058.jpg,3,,off_target_fp,122,0,0.0,0.0,0.0,0.0,0,False
HYBRID_TALON,25,patient102,patient102_case01,IGM,IGM_patient009_0053.jpg,1,,off_target_fp,37,0,0.0,0.0,0.0,0.0,0,False
HYBRID_TALON,25,patient102,patient102_case01,IGM,IGM_patient009_0053.jpg,2,1.0,low_25_to_50,34,32,0.42105263157894735,0.9411764705882353,0.42105263157894735,0.41025641025641024,1,False
HYBRID_TALON,25,patient102,patient102_case01,IGM,IGM_patient009_0054.jpg,1,,off_target_fp,100,0,0.0,0.0,0.0,0.0,0,False
HYBRID_TALON,25,patient102,patient102_case01,IGM,IGM_patient009_0054.jpg,2,,off_target_fp,32,0,0.0,0.0,0.0,0.0,0,False
HYBRID_TALON,25,patient102,patient102_case01,IGM,IGM_patient009_0054.jpg,3,1.0,strong_75_plus,185,173,0.8317307692307693,0.9351351351351351,0.8317307692307693,0.7863636363636364,1,False
HYBRID_TALON,25,patient102,patient102_case01,IGM,IGM_patient009_0055.jpg,1,1.0,strong_75_plus,372,302,0.8988095238095238,0.8118279569892473,0.8118279569892473,0.7438423645320197,1,False
HYBRID_TALON,25,patient102,patient102_case01,IGM,IGM_patient009_0056.jpg,1,1.0,moderate_50_to_75,268,246,0.6988636363636364,0.917910447761194,0.6988636363636364,0.6577540106951871,1,False
HYBRID_TALON,25,patient102,patient102_case01,IGM,IGM_patient009_0057.jpg,1,,off_target_fp,36,0,0.0,0.0,0.0,0.0,0,False
HYBRID_TALON,25,patient102,patient102_case01,IGM,IGM_patient009_0057.jpg,2,1.0,strong_75_plus,219,172,0.7543859649122807,0.7853881278538812,0.7543859649122807,0.6254545454545455,1,False
HYBRID_TALON,25,patient102,patient102_case01,IGM,IGM_patient009_0058.jpg,1,,off_target_fp,186,0,0.0,0.0,0.0,0.0,0,False
HYBRID_TALON,25,patient102,patient102_case01,IGM,IGM_patient009_0058.jpg,2,1.0,strong_75_plus,178,170,0.7589285714285714,0.9550561797752809,0.7589285714285714,0.7327586206896551,1,False
UNET_MTL_MASK_GUIDED,1,patient003,patient003_case01,IBC,IBC_patient010_0139.jpg,1,,off_target_fp,21,0,0.0,0.0,0.0,0.0,0,False
UNET_MTL_MASK_GUIDED,1,patient003,patient003_case01,IBC,IBC_patient010_0139.jpg,2,1.0,moderate_50_to_75,615,376,0.8173913043478261,0.6113821138211382,0.6113821138211382,0.5379113018597997,1,False
UNET_MTL_MASK_GUIDED,1,patient003,patient003_case01,IBC,IBC_patient010_0140.jpg,1,1.0,strong_75_plus,678,545,0.9332191780821918,0.803834808259587,0.803834808259587,0.7601115760111576,1,False
UNET_MTL_MASK_GUIDED,1,patient003,patient003_case01,IBC,IBC_patient010_0140.jpg,2,,off_target_fp,1,0,0.0,0.0,0.0,0.0,0,False
UNET_MTL_MASK_GUIDED,1,patient003,patient003_case01,IBC,IBC_patient010_0140.jpg,3,,off_target_fp,49,0,0.0,0.0,0.0,0.0,0,False
UNET_MTL_MASK_GUIDED,1,patient003,patient003_case01,IBC,IBC_patient010_0141.jpg,1,1.0,strong_75_plus,758,591,0.9471153846153846,0.7796833773087071,0.7796833773087071,0.7471554993678887,1,False
UNET_MTL_MASK_GUIDED,1,patient003,patient003_case01,IBC,IBC_patient010_0141.jpg,2,,off_target_fp,26,0,0.0,0.0,0.0,0.0,0,False
UNET_MTL_MASK_GUIDED,1,patient003,patient003_case01,IBC,IBC_patient010_0142.jpg,1,1.0,strong_75_plus,786,648,0.9642857142857143,0.8244274809160306,0.8244274809160306,0.8,1,False
UNET_MTL_MASK_GUIDED,1,patient003,patient003_case01,IBC,IBC_patient010_0142.jpg,2,,off_target_fp,16,0,0.0,0.0,0.0,0.0,0,False
UNET_MTL_MASK_GUIDED,1,patient003,patient003_case01,IBC,IBC_patient010_0143.jpg,1,1.0,strong_75_plus,827,722,0.9256410256410257,0.8730350665054414,0.8730350665054414,0.8158192090395481,1,False
UNET_MTL_MASK_GUIDED,1,patient003,patient003_case01,IBC,IBC_patient010_0143.jpg,2,,off_target_fp,17,0,0.0,0.0,0.0,0.0,0,False
UNET_MTL_MASK_GUIDED,1,patient003,patient003_case01,IBC,IBC_patient010_0144.jpg,1,1.0,moderate_50_to_75,867,608,0.987012987012987,0.7012687427912342,0.7012687427912342,0.6948571428571428,1,False
UNET_MTL_MASK_GUIDED,1,patient003,patient003_case01,IBC,IBC_patient010_0144.jpg,2,,off_target_fp,16,0,0.0,0.0,0.0,0.0,0,False
UNET_MTL_MASK_GUIDED,1,patient003,patient003_case01,IBC,IBC_patient010_0145.jpg,1,,off_target_fp,292,0,0.0,0.0,0.0,0.0,0,False
UNET_MTL_MASK_GUIDED,1,patient003,patient003_case01,IBC,IBC_patient010_0145.jpg,2,1.0,moderate_50_to_75,908,632,0.9693251533742331,0.6960352422907489,0.6960352422907489,0.6810344827586207,1,False
UNET_MTL_MASK_GUIDED,1,patient003,patient003_case01,IBC,IBC_patient010_0145.jpg,3,,off_target_fp,9,0,0.0,0.0,0.0,0.0,0,False
UNET_MTL_MASK_GUIDED,1,patient003,patient003_case01,IBC,IBC_patient010_0146.jpg,1,,off_target_fp,346,0,0.0,0.0,0.0,0.0,0,False
UNET_MTL_MASK_GUIDED,1,patient003,patient003_case01,IBC,IBC_patient010_0146.jpg,2,1.0,moderate_50_to_75,947,677,0.9955882352941177,0.7148891235480465,0.7148891235480465,0.7126315789473684,1,False
UNET_MTL_MASK_GUIDED,1,patient003,patient003_case01,IBC,IBC_patient010_0147.jpg,1,,off_target_fp,251,0,0.0,0.0,0.0,0.0,0,False
UNET_MTL_MASK_GUIDED,1,patient003,patient003_case01,IBC,IBC_patient010_0147.jpg,2,1.0,moderate_50_to_75,915,631,0.9921383647798742,0.6896174863387978,0.6896174863387978,0.6858695652173913,1,False
UNET_MTL_MASK_GUIDED,1,patient003,patient003_case01,IBC,IBC_patient010_0148.jpg,1,,off_target_fp,213,0,0.0,0.0,0.0,0.0,0,False
UNET_MTL_MASK_GUIDED,1,patient003,patient003_case01,IBC,IBC_patient010_0148.jpg,2,1.0,moderate_50_to_75,877,612,0.9935064935064936,0.6978335233751425,0.6978335233751425,0.6946651532349603,1,False
UNET_MTL_MASK_GUIDED,1,patient003,patient003_case01,IBC,IBC_patient010_0149.jpg,1,,off_target_fp,294,0,0.0,0.0,0.0,0.0,0,False
UNET_MTL_MASK_GUIDED,1,patient003,patient003_case01,IBC,IBC_patient010_0149.jpg,2,1.0,moderate_50_to_75,862,582,0.9965753424657534,0.6751740139211136,0.6751740139211136,0.6736111111111112,1,False
UNET_MTL_MASK_GUIDED,1,patient003,patient003_case01,IBC,IBC_patient010_0150.jpg,1,,off_target_fp,264,0,0.0,0.0,0.0,0.0,0,False
UNET_MTL_MASK_GUIDED,1,patient003,patient003_case01,IBC,IBC_patient010_0150.jpg,2,1.0,moderate_50_to_75,824,514,0.9961240310077519,0.6237864077669902,0.6237864077669902,0.6222760290556901,1,False
UNET_MTL_MASK_GUIDED,1,patient003,patient003_case01,IBC,IBC_patient010_0151.jpg,1,1.0,moderate_50_to_75,671,459,0.9642857142857143,0.684053651266766,0.684053651266766,0.6671511627906976,1,False
UNET_MTL_MASK_GUIDED,1,patient003,patient003_case01,IBC,IBC_patient010_0151.jpg,2,,off_target_fp,4,0,0.0,0.0,0.0,0.0,0,False
UNET_MTL_MASK_GUIDED,1,patient003,patient003_case01,IBC,IBC_patient010_0152.jpg,1,1.0,strong_75_plus,411,400,0.8,0.9732360097323601,0.8,0.7827788649706457,1,False
UNET_MTL_MASK_GUIDED,1,patient003,patient003_case01,IBC,IBC_patient010_0152.jpg,2,,off_target_fp,120,0,0.0,0.0,0.0,0.0,0,False
UNET_MTL_MASK_GUIDED,1,patient003,patient003_case01,IBC,IBC_patient010_0153.jpg,1,1.0,moderate_50_to_75,302,294,0.6125,0.9735099337748344,0.6125,0.6024590163934426,1,False
UNET_MTL_MASK_GUIDED,1,patient003,patient003_case01,IBC,IBC_patient010_0153.jpg,2,,off_target_fp,85,0,0.0,0.0,0.0,0.0,0,False
UNET_MTL_MASK_GUIDED,1,patient003,patient003_case01,IBC,IBC_patient010_0153.jpg,3,,off_target_fp,2,0,0.0,0.0,0.0,0.0,0,False
UNET_MTL_MASK_GUIDED,1,patient003,patient003_case01,IBC,IBC_patient010_0153.jpg,4,,off_target_fp,135,0,0.0,0.0,0.0,0.0,0,False
UNET_MTL_MASK_GUIDED,1,patient003,patient003_case01,IBC,IBC_patient010_0154.jpg,1,1.0,low_25_to_50,250,246,0.4959677419354839,0.984,0.4959677419354839,0.492,1,False
UNET_MTL_MASK_GUIDED,1,patient003,patient003_case01,IBC,IBC_patient010_0154.jpg,2,,off_target_fp,122,0,0.0,0.0,0.0,0.0,0,False
UNET_MTL_MASK_GUIDED,1,patient003,patient003_case01,IBC,IBC_patient010_0154.jpg,3,,off_target_fp,30,0,0.0,0.0,0.0,0.0,0,False
UNET_MTL_MASK_GUIDED,1,patient003,patient003_case01,IBC,IBC_patient010_0154.jpg,4,,off_target_fp,167,0,0.0,0.0,0.0,0.0,0,False
UNET_MTL_MASK_GUIDED,1,patient003,patient003_case01,IBC,IBC_patient010_0154.jpg,5,,off_target_fp,10,0,0.0,0.0,0.0,0.0,0,False
UNET_MTL_MASK_GUIDED,1,patient003,patient003_case01,IBC,IBC_patient010_0155.jpg,1,1.0,moderate_50_to_75,279,277,0.5723140495867769,0.992831541218638,0.5723140495867769,0.5699588477366255,1,False
UNET_MTL_MASK_GUIDED,1,patient003,patient003_case01,IBC,IBC_patient010_0155.jpg,2,,off_target_fp,119,0,0.0,0.0,0.0,0.0,0,False
UNET_MTL_MASK_GUIDED,1,patient003,patient003_case01,IBC,IBC_patient010_0155.jpg,3,,off_target_fp,22,0,0.0,0.0,0.0,0.0,0,False
UNET_MTL_MASK_GUIDED,1,patient003,patient003_case01,IBC,IBC_patient010_0155.jpg,4,1.0,partial_below_25,194,2,0.004132231404958678,0.010309278350515464,0.004132231404958678,0.0029585798816568047,1,False
UNET_MTL_MASK_GUIDED,1,patient003,patient003_case01,IBC,IBC_patient010_0156.jpg,1,1.0,moderate_50_to_75,252,236,0.5673076923076923,0.9365079365079365,0.5673076923076923,0.5462962962962963,1,False
UNET_MTL_MASK_GUIDED,1,patient003,patient003_case01,IBC,IBC_patient010_0156.jpg,2,,off_target_fp,101,0,0.0,0.0,0.0,0.0,0,False
UNET_MTL_MASK_GUIDED,1,patient003,patient003_case01,IBC,IBC_patient010_0156.jpg,3,,off_target_fp,11,0,0.0,0.0,0.0,0.0,0,False
UNET_MTL_MASK_GUIDED,1,patient003,patient003_case01,IBC,IBC_patient010_0156.jpg,4,1.0,partial_below_25,182,8,0.019230769230769232,0.04395604395604396,0.019230769230769232,0.013559322033898305,1,False
UNET_MTL_MASK_GUIDED,1,patient003,patient003_case01,IBC,IBC_patient010_0156.jpg,5,,off_target_fp,3,0,0.0,0.0,0.0,0.0,0,False
UNET_MTL_MASK_GUIDED,1,patient003,patient003_case01,IBC,IBC_patient010_0157.jpg,1,1.0,moderate_50_to_75,379,226,0.7243589743589743,0.5963060686015831,0.5963060686015831,0.4860215053763441,1,False
UNET_MTL_MASK_GUIDED,1,patient003,patient003_case01,IBC,IBC_patient010_0157.jpg,2,,off_target_fp,72,0,0.0,0.0,0.0,0.0,0,False
UNET_MTL_MASK_GUIDED,1,patient003,patient003_case01,IBC,IBC_patient010_0158.jpg,1,1.0,low_25_to_50,159,155,0.4783950617283951,0.9748427672955975,0.4783950617283951,0.4725609756097561,1,False
UNET_MTL_MASK_GUIDED,1,patient003,patient003_case01,IBC,IBC_patient010_0158.jpg,2,1.0,partial_below_25,48,19,0.05864197530864197,0.3958333333333333,0.05864197530864197,0.053824362606232294,1,False
UNET_MTL_MASK_GUIDED,1,patient004,patient004_case01,IBC,IBC_patient011_0074.jpg,1,,off_target_fp,26,0,0.0,0.0,0.0,0.0,0,False
UNET_MTL_MASK_GUIDED,1,patient004,patient004_case01,IBC,IBC_patient011_0075.jpg,1,,off_target_fp,476,0,0.0,0.0,0.0,0.0,0,False
UNET_MTL_MASK_GUIDED,1,patient004,patient004_case01,IBC,IBC_patient011_0075.jpg,2,,off_target_fp,183,0,0.0,0.0,0.0,0.0,0,False
UNET_MTL_MASK_GUIDED,1,patient004,patient004_case01,IBC,IBC_patient011_0076.jpg,1,,off_target_fp,904,0,0.0,0.0,0.0,0.0,0,False
UNET_MTL_MASK_GUIDED,1,patient004,patient004_case01,IBC,IBC_patient011_0076.jpg,2,,off_target_fp,87,0,0.0,0.0,0.0,0.0,0,False
UNET_MTL_MASK_GUIDED,1,patient004,patient004_case01,IBC,IBC_patient011_0076.jpg,3,,off_target_fp,33,0,0.0,0.0,0.0,0.0,0,False
UNET_MTL_MASK_GUIDED,1,patient004,patient004_case01,IBC,IBC_patient011_0077.jpg,1,,off_target_fp,974,0,0.0,0.0,0.0,0.0,0,False
UNET_MTL_MASK_GUIDED,1,patient004,patient004_case01,IBC,IBC_patient011_0077.jpg,2,,off_target_fp,1,0,0.0,0.0,0.0,0.0,0,False
UNET_MTL_MASK_GUIDED,1,patient004,patient004_case01,IBC,IBC_patient011_0078.jpg,1,,off_target_fp,756,0,0.0,0.0,0.0,0.0,0,False
UNET_MTL_MASK_GUIDED,1,patient004,patient004_case01,IBC,IBC_patient011_0079.jpg,1,,off_target_fp,42,0,0.0,0.0,0.0,0.0,0,False
UNET_MTL_MASK_GUIDED,1,patient004,patient004_case01,IBC,IBC_patient011_0079.jpg,2,,off_target_fp,218,0,0.0,0.0,0.0,0.0,0,False
UNET_MTL_MASK_GUIDED,1,patient004,patient004_case01,IBC,IBC_patient011_0080.jpg,1,,off_target_fp,131,0,0.0,0.0,0.0,0.0,0,False
UNET_MTL_MASK_GUIDED,1,patient004,patient004_case01,IBC,IBC_patient011_0081.jpg,1,,off_target_fp,26,0,0.0,0.0,0.0,0.0,0,False
UNET_MTL_MASK_GUIDED,1,patient004,patient004_case01,IBC,IBC_patient011_0081.jpg,2,,off_target_fp,1,0,0.0,0.0,0.0,0.0,0,False
UNET_MTL_MASK_GUIDED,1,patient004,patient004_case01,IBC,IBC_patient011_0082.jpg,1,,off_target_fp,345,0,0.0,0.0,0.0,0.0,0,False
UNET_MTL_MASK_GUIDED,1,patient004,patient004_case01,IBC,IBC_patient011_0082.jpg,2,,off_target_fp,174,0,0.0,0.0,0.0,0.0,0,False
UNET_MTL_MASK_GUIDED,1,patient004,patient004_case01,IBC,IBC_patient011_0082.jpg,3,,off_target_fp,78,0,0.0,0.0,0.0,0.0,0,False
UNET_MTL_MASK_GUIDED,1,patient004,patient004_case01,IBC,IBC_patient011_0082.jpg,4,,off_target_fp,156,0,0.0,0.0,0.0,0.0,0,False
UNET_MTL_MASK_GUIDED,1,patient004,patient004_case01,IBC,IBC_patient011_0083.jpg,1,,off_target_fp,715,0,0.0,0.0,0.0,0.0,0,False
UNET_MTL_MASK_GUIDED,1,patient004,patient004_case01,IBC,IBC_patient011_0083.jpg,2,,off_target_fp,726,0,0.0,0.0,0.0,0.0,0,False
UNET_MTL_MASK_GUIDED,1,patient004,patient004_case01,IBC,IBC_patient011_0083.jpg,3,,off_target_fp,87,0,0.0,0.0,0.0,0.0,0,False
UNET_MTL_MASK_GUIDED,1,patient004,patient004_case01,IBC,IBC_patient011_0083.jpg,4,,off_target_fp,172,0,0.0,0.0,0.0,0.0,0,False
UNET_MTL_MASK_GUIDED,1,patient004,patient004_case01,IBC,IBC_patient011_0084.jpg,1,,off_target_fp,652,0,0.0,0.0,0.0,0.0,0,False
UNET_MTL_MASK_GUIDED,1,patient004,patient004_case01,IBC,IBC_patient011_0084.jpg,2,,off_target_fp,44,0,0.0,0.0,0.0,0.0,0,False
UNET_MTL_MASK_GUIDED,1,patient004,patient004_case01,IBC,IBC_patient011_0084.jpg,3,,off_target_fp,938,0,0.0,0.0,0.0,0.0,0,False
UNET_MTL_MASK_GUIDED,1,patient004,patient004_case01,IBC,IBC_patient011_0084.jpg,4,,off_target_fp,43,0,0.0,0.0,0.0,0.0,0,False
UNET_MTL_MASK_GUIDED,1,patient004,patient004_case01,IBC,IBC_patient011_0084.jpg,5,,off_target_fp,1,0,0.0,0.0,0.0,0.0,0,False
UNET_MTL_MASK_GUIDED,1,patient004,patient004_case01,IBC,IBC_patient011_0085.jpg,1,,off_target_fp,579,0,0.0,0.0,0.0,0.0,0,False
UNET_MTL_MASK_GUIDED,1,patient004,patient004_case01,IBC,IBC_patient011_0085.jpg,2,,off_target_fp,4,0,0.0,0.0,0.0,0.0,0,False
UNET_MTL_MASK_GUIDED,1,patient004,patient004_case01,IBC,IBC_patient011_0085.jpg,3,,off_target_fp,1061,0,0.0,0.0,0.0,0.0,0,False
UNET_MTL_MASK_GUIDED,1,patient004,patient004_case01,IBC,IBC_patient011_0085.jpg,4,,off_target_fp,2,0,0.0,0.0,0.0,0.0,0,False
UNET_MTL_MASK_GUIDED,1,patient004,patient004_case01,IBC,IBC_patient011_0085.jpg,5,,off_target_fp,30,0,0.0,0.0,0.0,0.0,0,False
UNET_MTL_MASK_GUIDED,1,patient004,patient004_case01,IBC,IBC_patient011_0086.jpg,1,,off_target_fp,634,0,0.0,0.0,0.0,0.0,0,False
UNET_MTL_MASK_GUIDED,1,patient004,patient004_case01,IBC,IBC_patient011_0086.jpg,2,,off_target_fp,1238,0,0.0,0.0,0.0,0.0,0,False
UNET_MTL_MASK_GUIDED,1,patient004,patient004_case01,IBC,IBC_patient011_0086.jpg,3,,off_target_fp,8,0,0.0,0.0,0.0,0.0,0,False
UNET_MTL_MASK_GUIDED,1,patient004,patient004_case01,IBC,IBC_patient011_0087.jpg,1,,off_target_fp,530,0,0.0,0.0,0.0,0.0,0,False
UNET_MTL_MASK_GUIDED,1,patient004,patient004_case01,IBC,IBC_patient011_0087.jpg,2,,off_target_fp,168,0,0.0,0.0,0.0,0.0,0,False
UNET_MTL_MASK_GUIDED,1,patient004,patient004_case01,IBC,IBC_patient011_0087.jpg,3,,off_target_fp,1150,0,0.0,0.0,0.0,0.0,0,False
UNET_MTL_MASK_GUIDED,1,patient004,patient004_case01,IBC,IBC_patient011_0088.jpg,1,,off_target_fp,514,0,0.0,0.0,0.0,0.0,0,False
UNET_MTL_MASK_GUIDED,1,patient004,patient004_case01,IBC,IBC_patient011_0088.jpg,2,,off_target_fp,912,0,0.0,0.0,0.0,0.0,0,False
UNET_MTL_MASK_GUIDED,1,patient004,patient004_case01,IBC,IBC_patient011_0089.jpg,1,,off_target_fp,415,0,0.0,0.0,0.0,0.0,0,False
UNET_MTL_MASK_GUIDED,1,patient004,patient004_case01,IBC,IBC_patient011_0089.jpg,2,,off_target_fp,26,0,0.0,0.0,0.0,0.0,0,False
UNET_MTL_MASK_GUIDED,1,patient004,patient004_case01,IBC,IBC_patient011_0089.jpg,3,,off_target_fp,24,0,0.0,0.0,0.0,0.0,0,False
UNET_MTL_MASK_GUIDED,1,patient004,patient004_case01,IBC,IBC_patient011_0089.jpg,4,,off_target_fp,572,0,0.0,0.0,0.0,0.0,0,False
UNET_MTL_MASK_GUIDED,1,patient004,patient004_case01,IBC,IBC_patient011_0090.jpg,1,,off_target_fp,406,0,0.0,0.0,0.0,0.0,0,False
UNET_MTL_MASK_GUIDED,1,patient004,patient004_case01,IBC,IBC_patient011_0090.jpg,2,,off_target_fp,44,0,0.0,0.0,0.0,0.0,0,False
UNET_MTL_MASK_GUIDED,1,patient004,patient004_case01,IBC,IBC_patient011_0090.jpg,3,,off_target_fp,4,0,0.0,0.0,0.0,0.0,0,False
UNET_MTL_MASK_GUIDED,1,patient004,patient004_case01,IBC,IBC_patient011_0090.jpg,4,,off_target_fp,44,0,0.0,0.0,0.0,0.0,0,False
UNET_MTL_MASK_GUIDED,1,patient004,patient004_case01,IBC,IBC_patient011_0090.jpg,5,,off_target_fp,146,0,0.0,0.0,0.0,0.0,0,False
UNET_MTL_MASK_GUIDED,1,patient004,patient004_case01,IBC,IBC_patient011_0091.jpg,1,,off_target_fp,268,0,0.0,0.0,0.0,0.0,0,False
UNET_MTL_MASK_GUIDED,1,patient004,patient004_case01,IBC,IBC_patient011_0091.jpg,2,,off_target_fp,38,0,0.0,0.0,0.0,0.0,0,False
UNET_MTL_MASK_GUIDED,1,patient004,patient004_case01,IBC,IBC_patient011_0091.jpg,3,,off_target_fp,4,0,0.0,0.0,0.0,0.0,0,False
UNET_MTL_MASK_GUIDED,1,patient007,patient007_case01,IGM,IGM_patient012_0059.jpg,1,,off_target_fp,91,0,0.0,0.0,0.0,0.0,0,False
UNET_MTL_MASK_GUIDED,1,patient007,patient007_case01,IGM,IGM_patient012_0059.jpg,2,1.0,moderate_50_to_75,216,144,0.8780487804878049,0.6666666666666666,0.6666666666666666,0.6101694915254238,1,False
UNET_MTL_MASK_GUIDED,1,patient007,patient007_case01,IGM,IGM_patient012_0059.jpg,3,,off_target_fp,159,0,0.0,0.0,0.0,0.0,0,False
UNET_MTL_MASK_GUIDED,1,patient007,patient007_case01,IGM,IGM_patient012_0059.jpg,4,,off_target_fp,3,0,0.0,0.0,0.0,0.0,0,False
UNET_MTL_MASK_GUIDED,1,patient007,patient007_case01,IGM,IGM_patient012_0059.jpg,5,,off_target_fp,14,0,0.0,0.0,0.0,0.0,0,False
UNET_MTL_MASK_GUIDED,1,patient007,patient007_case01,IGM,IGM_patient012_0060.jpg,1,,off_target_fp,53,0,0.0,0.0,0.0,0.0,0,False
UNET_MTL_MASK_GUIDED,1,patient007,patient007_case01,IGM,IGM_patient012_0060.jpg,2,1.0,strong_75_plus,214,176,0.8461538461538461,0.822429906542056,0.822429906542056,0.7154471544715447,1,False
UNET_MTL_MASK_GUIDED,1,patient007,patient007_case01,IGM,IGM_patient012_0060.jpg,3,,off_target_fp,101,0,0.0,0.0,0.0,0.0,0,False
UNET_MTL_MASK_GUIDED,1,patient007,patient007_case01,IGM,IGM_patient012_0061.jpg,1,,off_target_fp,20,0,0.0,0.0,0.0,0.0,0,False
UNET_MTL_MASK_GUIDED,1,patient007,patient007_case01,IGM,IGM_patient012_0061.jpg,2,1.0,strong_75_plus,272,221,0.8911290322580645,0.8125,0.8125,0.7391304347826086,1,False
UNET_MTL_MASK_GUIDED,1,patient007,patient007_case01,IGM,IGM_patient012_0061.jpg,3,,off_target_fp,46,0,0.0,0.0,0.0,0.0,0,False
UNET_MTL_MASK_GUIDED,1,patient007,patient007_case01,IGM,IGM_patient012_0061.jpg,4,,off_target_fp,164,0,0.0,0.0,0.0,0.0,0,False
UNET_MTL_MASK_GUIDED,1,patient007,patient007_case01,IGM,IGM_patient012_0062.jpg,1,1.0,strong_75_plus,286,218,0.8650793650793651,0.7622377622377622,0.7622377622377622,0.68125,1,False
UNET_MTL_MASK_GUIDED,1,patient007,patient007_case01,IGM,IGM_patient012_0062.jpg,2,,off_target_fp,146,0,0.0,0.0,0.0,0.0,0,False
UNET_MTL_MASK_GUIDED,1,patient007,patient007_case01,IGM,IGM_patient012_0063.jpg,1,1.0,moderate_50_to_75,171,129,0.6581632653061225,0.7543859649122807,0.6581632653061225,0.542016806722689,1,False
UNET_MTL_MASK_GUIDED,1,patient007,patient007_case01,IGM,IGM_patient012_0063.jpg,2,,off_target_fp,77,0,0.0,0.0,0.0,0.0,0,False
UNET_MTL_MASK_GUIDED,1,patient007,patient007_case01,IGM,IGM_patient012_0063.jpg,3,,off_target_fp,2,0,0.0,0.0,0.0,0.0,0,False
UNET_MTL_MASK_GUIDED,1,patient007,patient007_case01,IGM,IGM_patient012_0064.jpg,1,1.0,low_25_to_50,40,26,0.4642857142857143,0.65,0.4642857142857143,0.37142857142857144,1,False
UNET_MTL_MASK_GUIDED,1,patient007,patient007_case01,IGM,IGM_patient012_0064.jpg,2,,off_target_fp,584,0,0.0,0.0,0.0,0.0,0,False
UNET_MTL_MASK_GUIDED,1,patient007,patient007_case01,IGM,IGM_patient012_0064.jpg,3,,off_target_fp,2,0,0.0,0.0,0.0,0.0,0,False
UNET_MTL_MASK_GUIDED,1,patient011,patient011_case01,IBC,IBC_patient014_0059.jpg,1,,off_target_fp,305,0,0.0,0.0,0.0,0.0,0,False
UNET_MTL_MASK_GUIDED,1,patient011,patient011_case01,IBC,IBC_patient014_0060.jpg,1,1.0,moderate_50_to_75,174,173,0.6975806451612904,0.9942528735632183,0.6975806451612904,0.6947791164658634,1,False
UNET_MTL_MASK_GUIDED,1,patient011,patient011_case01,IBC,IBC_patient014_0061.jpg,1,1.0,strong_75_plus,394,357,0.9201030927835051,0.9060913705583756,0.9060913705583756,0.84,1,False
UNET_MTL_MASK_GUIDED,1,patient011,patient011_case01,IBC,IBC_patient014_0062.jpg,1,1.0,strong_75_plus,582,527,0.947841726618705,0.9054982817869416,0.9054982817869416,0.8625204582651391,1,False
UNET_MTL_MASK_GUIDED,1,patient011,patient011_case01,IBC,IBC_patient014_0063.jpg,1,1.0,strong_75_plus,750,642,0.9786585365853658,0.856,0.856,0.8403141361256544,1,False
UNET_MTL_MASK_GUIDED,1,patient011,patient011_case01,IBC,IBC_patient014_0064.jpg,1,,off_target_fp,109,0,0.0,0.0,0.0,0.0,0,False
UNET_MTL_MASK_GUIDED,1,patient011,patient011_case01,IBC,IBC_patient014_0064.jpg,2,1.0,strong_75_plus,895,754,0.9716494845360825,0.8424581005586592,0.8424581005586592,0.822246455834242,1,False
UNET_MTL_MASK_GUIDED,1,patient011,patient011_case01,IBC,IBC_patient014_0064.jpg,3,,off_target_fp,241,0,0.0,0.0,0.0,0.0,0,False
UNET_MTL_MASK_GUIDED,1,patient011,patient011_case01,IBC,IBC_patient014_0065.jpg,1,,off_target_fp,18,0,0.0,0.0,0.0,0.0,0,False
UNET_MTL_MASK_GUIDED,1,patient011,patient011_case01,IBC,IBC_patient014_0065.jpg,2,1.0,strong_75_plus,980,763,0.9832474226804123,0.7785714285714286,0.7785714285714286,0.7683786505538771,1,False
UNET_MTL_MASK_GUIDED,1,patient011,patient011_case01,IBC,IBC_patient014_0065.jpg,3,,off_target_fp,9,0,0.0,0.0,0.0,0.0,0,False
UNET_MTL_MASK_GUIDED,1,patient011,patient011_case01,IBC,IBC_patient014_0065.jpg,4,,off_target_fp,584,0,0.0,0.0,0.0,0.0,0,False
UNET_MTL_MASK_GUIDED,1,patient011,patient011_case01,IBC,IBC_patient014_0066.jpg,1,,off_target_fp,5,0,0.0,0.0,0.0,0.0,0,False
UNET_MTL_MASK_GUIDED,1,patient011,patient011_case01,IBC,IBC_patient014_0066.jpg,2,1.0,strong_75_plus,993,745,0.9802631578947368,0.7502517623363545,0.7502517623363545,0.7390873015873016,1,False
UNET_MTL_MASK_GUIDED,1,patient011,patient011_case01,IBC,IBC_patient014_0066.jpg,3,,off_target_fp,45,0,0.0,0.0,0.0,0.0,0,False
UNET_MTL_MASK_GUIDED,1,patient011,patient011_case01,IBC,IBC_patient014_0066.jpg,4,,off_target_fp,537,0,0.0,0.0,0.0,0.0,0,False
UNET_MTL_MASK_GUIDED,1,patient011,patient011_case01,IBC,IBC_patient014_0067.jpg,1,,off_target_fp,253,0,0.0,0.0,0.0,0.0,0,False
UNET_MTL_MASK_GUIDED,1,patient011,patient011_case01,IBC,IBC_patient014_0067.jpg,2,1.0,strong_75_plus,965,761,0.9756410256410256,0.78860103626943,0.78860103626943,0.7733739837398373,1,False
UNET_MTL_MASK_GUIDED,1,patient011,patient011_case01,IBC,IBC_patient014_0067.jpg,3,,off_target_fp,409,0,0.0,0.0,0.0,0.0,0,False
UNET_MTL_MASK_GUIDED,1,patient011,patient011_case01,IBC,IBC_patient014_0068.jpg,1,1.0,strong_75_plus,869,658,0.996969696969697,0.757192174913694,0.757192174913694,0.7554535017221584,1,False
UNET_MTL_MASK_GUIDED,1,patient011,patient011_case01,IBC,IBC_patient014_0069.jpg,1,,off_target_fp,66,0,0.0,0.0,0.0,0.0,0,False
UNET_MTL_MASK_GUIDED,1,patient011,patient011_case01,IBC,IBC_patient014_0069.jpg,2,1.0,strong_75_plus,726,564,0.9657534246575342,0.7768595041322314,0.7768595041322314,0.7560321715817694,1,False
UNET_MTL_MASK_GUIDED,1,patient011,patient011_case01,IBC,IBC_patient014_0070.jpg,1,1.0,strong_75_plus,524,419,0.9030172413793104,0.799618320610687,0.799618320610687,0.7363796133567663,1,False
UNET_MTL_MASK_GUIDED,1,patient011,patient011_case01,IBC,IBC_patient014_0071.jpg,1,1.0,moderate_50_to_75,361,181,0.70703125,0.5013850415512465,0.5013850415512465,0.4151376146788991,1,False
UNET_MTL_MASK_GUIDED,1,patient011,patient011_case01,IBC,IBC_patient014_0071.jpg,2,,off_target_fp,3,0,0.0,0.0,0.0,0.0,0,False
UNET_MTL_MASK_GUIDED,1,patient012,patient012_case01,IBC,IBC_patient015_0139.jpg,1,1.0,moderate_50_to_75,72,72,0.5142857142857142,1.0,0.5142857142857142,0.5142857142857142,1,False
UNET_MTL_MASK_GUIDED,1,patient012,patient012_case01,IBC,IBC_patient015_0139.jpg,2,,off_target_fp,14,0,0.0,0.0,0.0,0.0,0,False
UNET_MTL_MASK_GUIDED,1,patient012,patient012_case01,IBC,IBC_patient015_0140.jpg,1,1.0,moderate_50_to_75,138,133,0.7074468085106383,0.9637681159420289,0.7074468085106383,0.689119170984456,1,False
UNET_MTL_MASK_GUIDED,1,patient012,patient012_case01,IBC,IBC_patient015_0140.jpg,2,,off_target_fp,54,0,0.0,0.0,0.0,0.0,0,False
UNET_MTL_MASK_GUIDED,1,patient012,patient012_case01,IBC,IBC_patient015_0141.jpg,1,1.0,strong_75_plus,213,199,0.8577586206896551,0.9342723004694836,0.8577586206896551,0.8089430894308943,1,False
UNET_MTL_MASK_GUIDED,1,patient012,patient012_case01,IBC,IBC_patient015_0141.jpg,2,,off_target_fp,2,0,0.0,0.0,0.0,0.0,0,False
UNET_MTL_MASK_GUIDED,1,patient012,patient012_case01,IBC,IBC_patient015_0141.jpg,3,,off_target_fp,27,0,0.0,0.0,0.0,0.0,0,False
UNET_MTL_MASK_GUIDED,1,patient012,patient012_case01,IBC,IBC_patient015_0142.jpg,1,1.0,strong_75_plus,310,259,0.9384057971014492,0.8354838709677419,0.8354838709677419,0.7920489296636085,1,False
UNET_MTL_MASK_GUIDED,1,patient012,patient012_case01,IBC,IBC_patient015_0143.jpg,1,,off_target_fp,57,0,0.0,0.0,0.0,0.0,0,False
UNET_MTL_MASK_GUIDED,1,patient012,patient012_case01,IBC,IBC_patient015_0143.jpg,2,1.0,strong_75_plus,366,324,0.9310344827586207,0.8852459016393442,0.8852459016393442,0.8307692307692308,1,False
UNET_MTL_MASK_GUIDED,1,patient012,patient012_case01,IBC,IBC_patient015_0144.jpg,1,,off_target_fp,104,0,0.0,0.0,0.0,0.0,0,False
UNET_MTL_MASK_GUIDED,1,patient012,patient012_case01,IBC,IBC_patient015_0144.jpg,2,1.0,strong_75_plus,423,366,0.953125,0.8652482269503546,0.8652482269503546,0.8299319727891157,1,False
UNET_MTL_MASK_GUIDED,1,patient012,patient012_case01,IBC,IBC_patient015_0145.jpg,1,,off_target_fp,155,0,0.0,0.0,0.0,0.0,0,False
UNET_MTL_MASK_GUIDED,1,patient012,patient012_case01,IBC,IBC_patient015_0145.jpg,2,1.0,strong_75_plus,437,382,0.9362745098039216,0.8741418764302059,0.8741418764302059,0.8250539956803455,1,False
UNET_MTL_MASK_GUIDED,1,patient012,patient012_case01,IBC,IBC_patient015_0146.jpg,1,,off_target_fp,159,0,0.0,0.0,0.0,0.0,0,False
UNET_MTL_MASK_GUIDED,1,patient012,patient012_case01,IBC,IBC_patient015_0146.jpg,2,1.0,moderate_50_to_75,414,309,0.9778481012658228,0.7463768115942029,0.7463768115942029,0.7339667458432304,1,False
UNET_MTL_MASK_GUIDED,1,patient012,patient012_case01,IBC,IBC_patient015_0147.jpg,1,,off_target_fp,138,0,0.0,0.0,0.0,0.0,0,False
UNET_MTL_MASK_GUIDED,1,patient012,patient012_case01,IBC,IBC_patient015_0147.jpg,2,1.0,strong_75_plus,362,293,0.8720238095238095,0.8093922651933702,0.8093922651933702,0.7234567901234568,1,False
UNET_MTL_MASK_GUIDED,1,patient012,patient012_case01,IBC,IBC_patient015_0148.jpg,1,,off_target_fp,128,0,0.0,0.0,0.0,0.0,0,False
UNET_MTL_MASK_GUIDED,1,patient012,patient012_case01,IBC,IBC_patient015_0148.jpg,2,1.0,moderate_50_to_75,368,258,0.8958333333333334,0.7010869565217391,0.7010869565217391,0.6482412060301508,1,False
UNET_MTL_MASK_GUIDED,1,patient012,patient012_case01,IBC,IBC_patient015_0149.jpg,1,,off_target_fp,100,0,0.0,0.0,0.0,0.0,0,False
UNET_MTL_MASK_GUIDED,1,patient012,patient012_case01,IBC,IBC_patient015_0149.jpg,2,1.0,low_25_to_50,357,107,0.9907407407407407,0.29971988795518206,0.29971988795518206,0.2988826815642458,1,False
UNET_MTL_MASK_GUIDED,1,patient012,patient012_case01,IBC,IBC_patient015_0150.jpg,1,,off_target_fp,92,0,0.0,0.0,0.0,0.0,0,False
UNET_MTL_MASK_GUIDED,1,patient012,patient012_case01,IBC,IBC_patient015_0150.jpg,2,1.0,partial_below_25,349,86,0.86,0.24641833810888253,0.24641833810888253,0.2369146005509642,1,False
UNET_MTL_MASK_GUIDED,1,patient017,patient017_case01,IGM,IGM_patient017_0054.jpg,1,,off_target_fp,20,0,0.0,0.0,0.0,0.0,0,False
UNET_MTL_MASK_GUIDED,1,patient017,patient017_case01,IGM,IGM_patient017_0054.jpg,2,,off_target_fp,27,0,0.0,0.0,0.0,0.0,0,False
UNET_MTL_MASK_GUIDED,1,patient017,patient017_case01,IGM,IGM_patient017_0056.jpg,1,,off_target_fp,45,0,0.0,0.0,0.0,0.0,0,False
UNET_MTL_MASK_GUIDED,1,patient017,patient017_case01,IGM,IGM_patient017_0057.jpg,1,,off_target_fp,53,0,0.0,0.0,0.0,0.0,0,False
UNET_MTL_MASK_GUIDED,1,patient017,patient017_case01,IGM,IGM_patient017_0057.jpg,2,,off_target_fp,98,0,0.0,0.0,0.0,0.0,0,False
UNET_MTL_MASK_GUIDED,1,patient017,patient017_case01,IGM,IGM_patient017_0057.jpg,3,,off_target_fp,10,0,0.0,0.0,0.0,0.0,0,False
UNET_MTL_MASK_GUIDED,1,patient017,patient017_case01,IGM,IGM_patient017_0058.jpg,1,,off_target_fp,76,0,0.0,0.0,0.0,0.0,0,False
UNET_MTL_MASK_GUIDED,1,patient017,patient017_case01,IGM,IGM_patient017_0058.jpg,2,,off_target_fp,73,0,0.0,0.0,0.0,0.0,0,False
UNET_MTL_MASK_GUIDED,1,patient017,patient017_case01,IGM,IGM_patient017_0058.jpg,3,,off_target_fp,26,0,0.0,0.0,0.0,0.0,0,False
UNET_MTL_MASK_GUIDED,1,patient017,patient017_case01,IGM,IGM_patient017_0058.jpg,4,1.0,partial_below_25,24,15,0.09868421052631579,0.625,0.09868421052631579,0.09316770186335403,1,False
UNET_MTL_MASK_GUIDED,1,patient017,patient017_case01,IGM,IGM_patient017_0059.jpg,1,,off_target_fp,84,0,0.0,0.0,0.0,0.0,0,False
UNET_MTL_MASK_GUIDED,1,patient017,patient017_case01,IGM,IGM_patient017_0059.jpg,2,,off_target_fp,73,0,0.0,0.0,0.0,0.0,0,False
UNET_MTL_MASK_GUIDED,1,patient017,patient017_case01,IGM,IGM_patient017_0059.jpg,3,,off_target_fp,77,0,0.0,0.0,0.0,0.0,0,False
UNET_MTL_MASK_GUIDED,1,patient017,patient017_case01,IGM,IGM_patient017_0060.jpg,1,,off_target_fp,31,0,0.0,0.0,0.0,0.0,0,False
UNET_MTL_MASK_GUIDED,1,patient017,patient017_case01,IGM,IGM_patient017_0060.jpg,2,,off_target_fp,52,0,0.0,0.0,0.0,0.0,0,False
UNET_MTL_MASK_GUIDED,1,patient017,patient017_case01,IGM,IGM_patient017_0060.jpg,3,1.0,partial_below_25,20,19,0.05864197530864197,0.95,0.05864197530864197,0.05846153846153846,1,False
UNET_MTL_MASK_GUIDED,1,patient017,patient017_case01,IGM,IGM_patient017_0061.jpg,1,,off_target_fp,59,0,0.0,0.0,0.0,0.0,0,False
UNET_MTL_MASK_GUIDED,1,patient017,patient017_case01,IGM,IGM_patient017_0061.jpg,2,,off_target_fp,32,0,0.0,0.0,0.0,0.0,0,False
UNET_MTL_MASK_GUIDED,1,patient017,patient017_case01,IGM,IGM_patient017_0061.jpg,3,,off_target_fp,39,0,0.0,0.0,0.0,0.0,0,False
UNET_MTL_MASK_GUIDED,1,patient017,patient017_case01,IGM,IGM_patient017_0061.jpg,4,1.0,partial_below_25,7,7,0.046052631578947366,1.0,0.046052631578947366,0.046052631578947366,1,False
UNET_MTL_MASK_GUIDED,1,patient017,patient017_case01,IGM,IGM_patient017_0062.jpg,1,,off_target_fp,45,0,0.0,0.0,0.0,0.0,0,False
UNET_MTL_MASK_GUIDED,1,patient017,patient017_case01,IGM,IGM_patient017_0062.jpg,2,,off_target_fp,187,0,0.0,0.0,0.0,0.0,0,False
UNET_MTL_MASK_GUIDED,1,patient017,patient017_case01,IGM,IGM_patient017_0063.jpg,1,,off_target_fp,112,0,0.0,0.0,0.0,0.0,0,False
UNET_MTL_MASK_GUIDED,1,patient017,patient017_case01,IGM,IGM_patient017_0063.jpg,2,,off_target_fp,293,0,0.0,0.0,0.0,0.0,0,False
UNET_MTL_MASK_GUIDED,1,patient017,patient017_case01,IGM,IGM_patient017_0064.jpg,1,,off_target_fp,457,0,0.0,0.0,0.0,0.0,0,False
UNET_MTL_MASK_GUIDED,1,patient017,patient017_case01,IGM,IGM_patient017_0065.jpg,1,,off_target_fp,394,0,0.0,0.0,0.0,0.0,0,False
UNET_MTL_MASK_GUIDED,1,patient017,patient017_case01,IGM,IGM_patient017_0065.jpg,2,,off_target_fp,72,0,0.0,0.0,0.0,0.0,0,False
UNET_MTL_MASK_GUIDED,1,patient017,patient017_case01,IGM,IGM_patient017_0066.jpg,1,,off_target_fp,377,0,0.0,0.0,0.0,0.0,0,False
UNET_MTL_MASK_GUIDED,1,patient017,patient017_case01,IGM,IGM_patient017_0067.jpg,1,,off_target_fp,277,0,0.0,0.0,0.0,0.0,0,False
UNET_MTL_MASK_GUIDED,1,patient017,patient017_case01,IGM,IGM_patient017_0067.jpg,2,,off_target_fp,149,0,0.0,0.0,0.0,0.0,0,False
UNET_MTL_MASK_GUIDED,1,patient023,patient023_case01,IBC,IBC_patient020_0044.jpg,1,1.0,strong_75_plus,230,198,0.9166666666666666,0.8608695652173913,0.8608695652173913,0.7983870967741935,1,False
UNET_MTL_MASK_GUIDED,1,patient023,patient023_case01,IBC,IBC_patient020_0045.jpg,1,1.0,strong_75_plus,299,277,0.9358108108108109,0.9264214046822743,0.9264214046822743,0.8710691823899371,1,False
UNET_MTL_MASK_GUIDED,1,patient023,patient023_case01,IBC,IBC_patient020_0046.jpg,1,1.0,strong_75_plus,250,205,0.9318181818181818,0.82,0.82,0.7735849056603774,1,False
UNET_MTL_MASK_GUIDED,1,patient023,patient023_case01,IBC,IBC_patient020_0047.jpg,1,1.0,strong_75_plus,148,131,0.8397435897435898,0.8851351351351351,0.8397435897435898,0.7572254335260116,1,False
UNET_MTL_MASK_GUIDED,1,patient025,patient025_case01,IBC,IBC_patient021_0061.jpg,1,1.0,low_25_to_50,42,42,0.45652173913043476,1.0,0.45652173913043476,0.45652173913043476,1,False
UNET_MTL_MASK_GUIDED,1,patient025,patient025_case01,IBC,IBC_patient021_0061.jpg,2,,off_target_fp,9,0,0.0,0.0,0.0,0.0,0,False
UNET_MTL_MASK_GUIDED,1,patient025,patient025_case01,IBC,IBC_patient021_0062.jpg,1,1.0,strong_75_plus,166,148,0.8809523809523809,0.891566265060241,0.8809523809523809,0.7956989247311828,1,False
UNET_MTL_MASK_GUIDED,1,patient025,patient025_case01,IBC,IBC_patient021_0063.jpg,1,1.0,strong_75_plus,209,199,0.9386792452830188,0.9521531100478469,0.9386792452830188,0.8963963963963963,1,False
UNET_MTL_MASK_GUIDED,1,patient025,patient025_case01,IBC,IBC_patient021_0064.jpg,1,1.0,strong_75_plus,252,239,0.9053030303030303,0.9484126984126984,0.9053030303030303,0.8628158844765343,1,False
UNET_MTL_MASK_GUIDED,1,patient025,patient025_case01,IBC,IBC_patient021_0065.jpg,1,1.0,strong_75_plus,292,236,0.9516129032258065,0.8082191780821918,0.8082191780821918,0.7763157894736842,1,False
UNET_MTL_MASK_GUIDED,1,patient025,patient025_case01,IBC,IBC_patient021_0065.jpg,2,,off_target_fp,78,0,0.0,0.0,0.0,0.0,0,False
UNET_MTL_MASK_GUIDED,1,patient025,patient025_case01,IBC,IBC_patient021_0066.jpg,1,,off_target_fp,24,0,0.0,0.0,0.0,0.0,0,False
UNET_MTL_MASK_GUIDED,1,patient025,patient025_case01,IBC,IBC_patient021_0066.jpg,2,,off_target_fp,133,0,0.0,0.0,0.0,0.0,0,False
UNET_MTL_MASK_GUIDED,1,patient025,patient025_case01,IBC,IBC_patient021_0066.jpg,3,,off_target_fp,186,0,0.0,0.0,0.0,0.0,0,False
UNET_MTL_MASK_GUIDED,1,patient025,patient025_case01,IBC,IBC_patient021_0066.jpg,4,1.0,strong_75_plus,177,170,0.9042553191489362,0.96045197740113,0.9042553191489362,0.8717948717948718,1,False
UNET_MTL_MASK_GUIDED,1,patient025,patient025_case01,IBC,IBC_patient021_0067.jpg,1,,off_target_fp,30,0,0.0,0.0,0.0,0.0,0,False
UNET_MTL_MASK_GUIDED,1,patient025,patient025_case01,IBC,IBC_patient021_0067.jpg,2,,off_target_fp,164,0,0.0,0.0,0.0,0.0,0,False
UNET_MTL_MASK_GUIDED,1,patient036,patient036_case01,IGM,IGM_patient029_0052.jpg,1,,off_target_fp,93,0,0.0,0.0,0.0,0.0,0,False
UNET_MTL_MASK_GUIDED,1,patient036,patient036_case01,IGM,IGM_patient029_0052.jpg,2,,off_target_fp,55,0,0.0,0.0,0.0,0.0,0,False
UNET_MTL_MASK_GUIDED,1,patient036,patient036_case01,IGM,IGM_patient029_0052.jpg,3,,off_target_fp,158,0,0.0,0.0,0.0,0.0,0,False
UNET_MTL_MASK_GUIDED,1,patient036,patient036_case01,IGM,IGM_patient029_0053.jpg,1,1.0,moderate_50_to_75,144,101,0.7651515151515151,0.7013888888888888,0.7013888888888888,0.5771428571428572,1,False
UNET_MTL_MASK_GUIDED,1,patient036,patient036_case01,IGM,IGM_patient029_0053.jpg,2,,off_target_fp,55,0,0.0,0.0,0.0,0.0,0,False
UNET_MTL_MASK_GUIDED,1,patient036,patient036_case01,IGM,IGM_patient029_0053.jpg,3,,off_target_fp,9,0,0.0,0.0,0.0,0.0,0,False
UNET_MTL_MASK_GUIDED,1,patient036,patient036_case01,IGM,IGM_patient029_0054.jpg,1,1.0,moderate_50_to_75,182,134,0.9852941176470589,0.7362637362637363,0.7362637362637363,0.7282608695652174,1,False
UNET_MTL_MASK_GUIDED,1,patient036,patient036_case01,IGM,IGM_patient029_0054.jpg,2,,off_target_fp,35,0,0.0,0.0,0.0,0.0,0,False
UNET_MTL_MASK_GUIDED,1,patient036,patient036_case01,IGM,IGM_patient029_0055.jpg,1,1.0,strong_75_plus,159,123,0.9609375,0.7735849056603774,0.7735849056603774,0.75,1,False
UNET_MTL_MASK_GUIDED,1,patient036,patient036_case01,IGM,IGM_patient029_0056.jpg,1,1.0,moderate_50_to_75,100,68,0.8095238095238095,0.68,0.68,0.5862068965517241,1,False
UNET_MTL_MASK_GUIDED,1,patient045,patient045_case01,IBC,IBC_patient033_0064.jpg,1,,off_target_fp,83,0,0.0,0.0,0.0,0.0,0,False
UNET_MTL_MASK_GUIDED,1,patient045,patient045_case01,IBC,IBC_patient033_0064.jpg,2,,off_target_fp,119,0,0.0,0.0,0.0,0.0,0,False
UNET_MTL_MASK_GUIDED,1,patient045,patient045_case01,IBC,IBC_patient033_0064.jpg,3,,off_target_fp,4,0,0.0,0.0,0.0,0.0,0,False
UNET_MTL_MASK_GUIDED,1,patient045,patient045_case01,IBC,IBC_patient033_0065.jpg,1,,off_target_fp,114,0,0.0,0.0,0.0,0.0,0,False
UNET_MTL_MASK_GUIDED,1,patient045,patient045_case01,IBC,IBC_patient033_0065.jpg,2,1.0,low_25_to_50,378,124,0.9393939393939394,0.328042328042328,0.328042328042328,0.32124352331606215,1,False
UNET_MTL_MASK_GUIDED,1,patient045,patient045_case01,IBC,IBC_patient033_0065.jpg,3,,off_target_fp,18,0,0.0,0.0,0.0,0.0,0,False
UNET_MTL_MASK_GUIDED,1,patient045,patient045_case01,IBC,IBC_patient033_0066.jpg,1,,off_target_fp,83,0,0.0,0.0,0.0,0.0,0,False
UNET_MTL_MASK_GUIDED,1,patient045,patient045_case01,IBC,IBC_patient033_0066.jpg,2,1.0,moderate_50_to_75,399,297,0.939873417721519,0.7443609022556391,0.7443609022556391,0.7105263157894737,1,False
UNET_MTL_MASK_GUIDED,1,patient045,patient045_case01,IBC,IBC_patient033_0067.jpg,1,,off_target_fp,195,0,0.0,0.0,0.0,0.0,0,False
UNET_MTL_MASK_GUIDED,1,patient045,patient045_case01,IBC,IBC_patient033_0067.jpg,2,1.0,moderate_50_to_75,365,247,0.95,0.6767123287671233,0.6767123287671233,0.6534391534391535,1,False
UNET_MTL_MASK_GUIDED,1,patient045,patient045_case01,IBC,IBC_patient033_0068.jpg,1,,off_target_fp,210,0,0.0,0.0,0.0,0.0,0,False
UNET_MTL_MASK_GUIDED,1,patient045,patient045_case01,IBC,IBC_patient033_0068.jpg,2,,off_target_fp,87,0,0.0,0.0,0.0,0.0,0,False
UNET_MTL_MASK_GUIDED,1,patient045,patient045_case01,IBC,IBC_patient033_0068.jpg,3,,off_target_fp,129,0,0.0,0.0,0.0,0.0,0,False
UNET_MTL_MASK_GUIDED,1,patient045,patient045_case01,IBC,IBC_patient033_0068.jpg,4,1.0,strong_75_plus,276,224,0.9655172413793104,0.8115942028985508,0.8115942028985508,0.7887323943661971,1,False
UNET_MTL_MASK_GUIDED,1,patient045,patient045_case01,IBC,IBC_patient033_0069.jpg,1,,off_target_fp,1,0,0.0,0.0,0.0,0.0,0,False
UNET_MTL_MASK_GUIDED,1,patient045,patient045_case01,IBC,IBC_patient033_0069.jpg,2,,off_target_fp,5,0,0.0,0.0,0.0,0.0,0,False
UNET_MTL_MASK_GUIDED,1,patient045,patient045_case01,IBC,IBC_patient033_0069.jpg,3,,off_target_fp,80,0,0.0,0.0,0.0,0.0,0,False
UNET_MTL_MASK_GUIDED,1,patient045,patient045_case01,IBC,IBC_patient033_0069.jpg,4,1.0,strong_75_plus,135,125,0.8680555555555556,0.9259259259259259,0.8680555555555556,0.8116883116883117,1,False
UNET_MTL_MASK_GUIDED,1,patient047,patient047_case01,IBC,IBC_patient035_0130.jpg,1,1.0,partial_below_25,21,21,0.06645569620253164,1.0,0.06645569620253164,0.06645569620253164,1,False
UNET_MTL_MASK_GUIDED,1,patient047,patient047_case01,IBC,IBC_patient035_0131.jpg,1,,off_target_fp,1,0,0.0,0.0,0.0,0.0,0,False
UNET_MTL_MASK_GUIDED,1,patient047,patient047_case01,IBC,IBC_patient035_0131.jpg,2,,off_target_fp,2,0,0.0,0.0,0.0,0.0,0,False
UNET_MTL_MASK_GUIDED,1,patient047,patient047_case01,IBC,IBC_patient035_0131.jpg,3,1.0,strong_75_plus,315,299,0.8691860465116279,0.9492063492063492,0.8691860465116279,0.8305555555555556,1,False
UNET_MTL_MASK_GUIDED,1,patient047,patient047_case01,IBC,IBC_patient035_0132.jpg,1,,off_target_fp,16,0,0.0,0.0,0.0,0.0,0,False
UNET_MTL_MASK_GUIDED,1,patient047,patient047_case01,IBC,IBC_patient035_0132.jpg,2,,off_target_fp,109,0,0.0,0.0,0.0,0.0,0,False
UNET_MTL_MASK_GUIDED,1,patient047,patient047_case01,IBC,IBC_patient035_0132.jpg,3,,off_target_fp,2,0,0.0,0.0,0.0,0.0,0,False
UNET_MTL_MASK_GUIDED,1,patient047,patient047_case01,IBC,IBC_patient035_0132.jpg,4,,off_target_fp,1,0,0.0,0.0,0.0,0.0,0,False
UNET_MTL_MASK_GUIDED,1,patient047,patient047_case01,IBC,IBC_patient035_0132.jpg,5,1.0,strong_75_plus,371,325,0.9672619047619048,0.876010781671159,0.876010781671159,0.8507853403141361,1,False
UNET_MTL_MASK_GUIDED,1,patient047,patient047_case01,IBC,IBC_patient035_0132.jpg,6,,off_target_fp,9,0,0.0,0.0,0.0,0.0,0,False
UNET_MTL_MASK_GUIDED,1,patient047,patient047_case01,IBC,IBC_patient035_0133.jpg,1,,off_target_fp,341,0,0.0,0.0,0.0,0.0,0,False
UNET_MTL_MASK_GUIDED,1,patient047,patient047_case01,IBC,IBC_patient035_0133.jpg,2,1.0,strong_75_plus,387,366,0.8798076923076923,0.9457364341085271,0.8798076923076923,0.8375286041189931,1,False
UNET_MTL_MASK_GUIDED,1,patient047,patient047_case01,IBC,IBC_patient035_0133.jpg,3,,off_target_fp,90,0,0.0,0.0,0.0,0.0,0,False
UNET_MTL_MASK_GUIDED,1,patient047,patient047_case01,IBC,IBC_patient035_0134.jpg,1,,off_target_fp,39,0,0.0,0.0,0.0,0.0,0,False
UNET_MTL_MASK_GUIDED,1,patient047,patient047_case01,IBC,IBC_patient035_0134.jpg,2,,off_target_fp,331,0,0.0,0.0,0.0,0.0,0,False
UNET_MTL_MASK_GUIDED,1,patient047,patient047_case01,IBC,IBC_patient035_0134.jpg,3,1.0,strong_75_plus,419,370,0.925,0.883054892601432,0.883054892601432,0.8240534521158129,1,False
UNET_MTL_MASK_GUIDED,1,patient047,patient047_case01,IBC,IBC_patient035_0134.jpg,4,,off_target_fp,88,0,0.0,0.0,0.0,0.0,0,False
UNET_MTL_MASK_GUIDED,1,patient047,patient047_case01,IBC,IBC_patient035_0135.jpg,1,,off_target_fp,66,0,0.0,0.0,0.0,0.0,0,False
UNET_MTL_MASK_GUIDED,1,patient047,patient047_case01,IBC,IBC_patient035_0135.jpg,2,,off_target_fp,368,0,0.0,0.0,0.0,0.0,0,False
UNET_MTL_MASK_GUIDED,1,patient047,patient047_case01,IBC,IBC_patient035_0135.jpg,3,1.0,strong_75_plus,395,351,0.8863636363636364,0.8886075949367088,0.8863636363636364,0.7977272727272727,1,False
UNET_MTL_MASK_GUIDED,1,patient047,patient047_case01,IBC,IBC_patient035_0135.jpg,4,,off_target_fp,11,0,0.0,0.0,0.0,0.0,0,False
UNET_MTL_MASK_GUIDED,1,patient047,patient047_case01,IBC,IBC_patient035_0136.jpg,1,,off_target_fp,88,0,0.0,0.0,0.0,0.0,0,False
UNET_MTL_MASK_GUIDED,1,patient047,patient047_case01,IBC,IBC_patient035_0136.jpg,2,,off_target_fp,6,0,0.0,0.0,0.0,0.0,0,False
UNET_MTL_MASK_GUIDED,1,patient047,patient047_case01,IBC,IBC_patient035_0136.jpg,3,,off_target_fp,306,0,0.0,0.0,0.0,0.0,0,False
UNET_MTL_MASK_GUIDED,1,patient047,patient047_case01,IBC,IBC_patient035_0136.jpg,4,1.0,moderate_50_to_75,215,193,0.5744047619047619,0.8976744186046511,0.5744047619047619,0.5391061452513967,1,False
UNET_MTL_MASK_GUIDED,1,patient047,patient047_case01,IBC,IBC_patient035_0137.jpg,1,,off_target_fp,50,0,0.0,0.0,0.0,0.0,0,False
UNET_MTL_MASK_GUIDED,1,patient047,patient047_case01,IBC,IBC_patient035_0137.jpg,2,,off_target_fp,107,0,0.0,0.0,0.0,0.0,0,False
UNET_MTL_MASK_GUIDED,1,patient047,patient047_case01,IBC,IBC_patient035_0137.jpg,3,,off_target_fp,33,0,0.0,0.0,0.0,0.0,0,False
UNET_MTL_MASK_GUIDED,1,patient047,patient047_case01,IBC,IBC_patient035_0139.jpg,1,,off_target_fp,98,0,0.0,0.0,0.0,0.0,0,False
UNET_MTL_MASK_GUIDED,1,patient049,patient049_case01,IBC,IBC_patient036_0048.jpg,1,1.0,strong_75_plus,295,271,0.9033333333333333,0.9186440677966101,0.9033333333333333,0.8364197530864198,1,False
UNET_MTL_MASK_GUIDED,1,patient049,patient049_case01,IBC,IBC_patient036_0049.jpg,1,1.0,strong_75_plus,545,489,0.9939024390243902,0.8972477064220183,0.8972477064220183,0.8923357664233577,1,False
UNET_MTL_MASK_GUIDED,1,patient049,patient049_case01,IBC,IBC_patient036_0050.jpg,1,1.0,strong_75_plus,719,606,0.9901960784313726,0.8428372739916551,0.8428372739916551,0.8358620689655173,1,False
UNET_MTL_MASK_GUIDED,1,patient049,patient049_case01,IBC,IBC_patient036_0050.jpg,2,,off_target_fp,2,0,0.0,0.0,0.0,0.0,0,False
UNET_MTL_MASK_GUIDED,1,patient049,patient049_case01,IBC,IBC_patient036_0050.jpg,3,,off_target_fp,168,0,0.0,0.0,0.0,0.0,0,False
UNET_MTL_MASK_GUIDED,1,patient049,patient049_case01,IBC,IBC_patient036_0050.jpg,4,,off_target_fp,23,0,0.0,0.0,0.0,0.0,0,False
UNET_MTL_MASK_GUIDED,1,patient049,patient049_case01,IBC,IBC_patient036_0051.jpg,1,1.0,strong_75_plus,720,629,0.9647239263803681,0.8736111111111111,0.8736111111111111,0.8465679676985195,1,False
UNET_MTL_MASK_GUIDED,1,patient049,patient049_case01,IBC,IBC_patient036_0051.jpg,2,,off_target_fp,67,0,0.0,0.0,0.0,0.0,0,False
UNET_MTL_MASK_GUIDED,1,patient049,patient049_case01,IBC,IBC_patient036_0051.jpg,3,,off_target_fp,159,0,0.0,0.0,0.0,0.0,0,False
UNET_MTL_MASK_GUIDED,1,patient049,patient049_case01,IBC,IBC_patient036_0051.jpg,4,,off_target_fp,31,0,0.0,0.0,0.0,0.0,0,False
UNET_MTL_MASK_GUIDED,1,patient049,patient049_case01,IBC,IBC_patient036_0051.jpg,5,,off_target_fp,7,0,0.0,0.0,0.0,0.0,0,False
UNET_MTL_MASK_GUIDED,1,patient049,patient049_case01,IBC,IBC_patient036_0052.jpg,1,1.0,strong_75_plus,793,707,0.9929775280898876,0.8915510718789408,0.8915510718789408,0.8859649122807017,1,False
UNET_MTL_MASK_GUIDED,1,patient049,patient049_case01,IBC,IBC_patient036_0052.jpg,2,,off_target_fp,308,0,0.0,0.0,0.0,0.0,0,False
UNET_MTL_MASK_GUIDED,1,patient049,patient049_case01,IBC,IBC_patient036_0053.jpg,1,1.0,strong_75_plus,872,701,0.9901129943502824,0.8038990825688074,0.8038990825688074,0.7974971558589306,1,False
UNET_MTL_MASK_GUIDED,1,patient049,patient049_case01,IBC,IBC_patient036_0053.jpg,2,,off_target_fp,196,0,0.0,0.0,0.0,0.0,0,False
UNET_MTL_MASK_GUIDED,1,patient049,patient049_case01,IBC,IBC_patient036_0053.jpg,3,,off_target_fp,355,0,0.0,0.0,0.0,0.0,0,False
UNET_MTL_MASK_GUIDED,1,patient049,patient049_case01,IBC,IBC_patient036_0053.jpg,4,,off_target_fp,4,0,0.0,0.0,0.0,0.0,0,False
UNET_MTL_MASK_GUIDED,1,patient049,patient049_case01,IBC,IBC_patient036_0054.jpg,1,1.0,strong_75_plus,789,680,0.9826589595375722,0.861850443599493,0.861850443599493,0.8489388264669163,1,False
UNET_MTL_MASK_GUIDED,1,patient049,patient049_case01,IBC,IBC_patient036_0054.jpg,2,,off_target_fp,22,0,0.0,0.0,0.0,0.0,0,False
UNET_MTL_MASK_GUIDED,1,patient049,patient049_case01,IBC,IBC_patient036_0054.jpg,3,,off_target_fp,375,0,0.0,0.0,0.0,0.0,0,False
UNET_MTL_MASK_GUIDED,1,patient049,patient049_case01,IBC,IBC_patient036_0055.jpg,1,1.0,strong_75_plus,748,685,0.9409340659340659,0.9157754010695187,0.9157754010695187,0.865992414664981,1,False
UNET_MTL_MASK_GUIDED,1,patient049,patient049_case01,IBC,IBC_patient036_0055.jpg,2,,off_target_fp,156,0,0.0,0.0,0.0,0.0,0,False
UNET_MTL_MASK_GUIDED,1,patient049,patient049_case01,IBC,IBC_patient036_0055.jpg,3,,off_target_fp,2,0,0.0,0.0,0.0,0.0,0,False
UNET_MTL_MASK_GUIDED,1,patient049,patient049_case01,IBC,IBC_patient036_0055.jpg,4,,off_target_fp,361,0,0.0,0.0,0.0,0.0,0,False
UNET_MTL_MASK_GUIDED,1,patient049,patient049_case01,IBC,IBC_patient036_0055.jpg,5,,off_target_fp,23,0,0.0,0.0,0.0,0.0,0,False
UNET_MTL_MASK_GUIDED,1,patient049,patient049_case01,IBC,IBC_patient036_0056.jpg,1,1.0,strong_75_plus,673,520,0.9923664122137404,0.7726597325408618,0.7726597325408618,0.7680945347119645,1,False
UNET_MTL_MASK_GUIDED,1,patient049,patient049_case01,IBC,IBC_patient036_0056.jpg,2,,off_target_fp,526,0,0.0,0.0,0.0,0.0,0,False
UNET_MTL_MASK_GUIDED,1,patient049,patient049_case01,IBC,IBC_patient036_0056.jpg,3,,off_target_fp,2,0,0.0,0.0,0.0,0.0,0,False
UNET_MTL_MASK_GUIDED,1,patient049,patient049_case01,IBC,IBC_patient036_0056.jpg,4,,off_target_fp,362,0,0.0,0.0,0.0,0.0,0,False
UNET_MTL_MASK_GUIDED,1,patient049,patient049_case01,IBC,IBC_patient036_0056.jpg,5,,off_target_fp,315,0,0.0,0.0,0.0,0.0,0,False
UNET_MTL_MASK_GUIDED,1,patient049,patient049_case01,IBC,IBC_patient036_0056.jpg,6,,off_target_fp,473,0,0.0,0.0,0.0,0.0,0,False
UNET_MTL_MASK_GUIDED,1,patient049,patient049_case01,IBC,IBC_patient036_0056.jpg,7,,off_target_fp,64,0,0.0,0.0,0.0,0.0,0,False
UNET_MTL_MASK_GUIDED,1,patient049,patient049_case01,IBC,IBC_patient036_0056.jpg,8,,off_target_fp,278,0,0.0,0.0,0.0,0.0,0,False
UNET_MTL_MASK_GUIDED,1,patient049,patient049_case01,IBC,IBC_patient036_0057.jpg,1,1.0,moderate_50_to_75,676,484,0.9918032786885246,0.7159763313609467,0.7159763313609467,0.711764705882353,1,False
UNET_MTL_MASK_GUIDED,1,patient049,patient049_case01,IBC,IBC_patient036_0057.jpg,2,,off_target_fp,444,0,0.0,0.0,0.0,0.0,0,False
UNET_MTL_MASK_GUIDED,1,patient049,patient049_case01,IBC,IBC_patient036_0057.jpg,3,,off_target_fp,410,0,0.0,0.0,0.0,0.0,0,False
UNET_MTL_MASK_GUIDED,1,patient049,patient049_case01,IBC,IBC_patient036_0057.jpg,4,,off_target_fp,172,0,0.0,0.0,0.0,0.0,0,False
UNET_MTL_MASK_GUIDED,1,patient049,patient049_case01,IBC,IBC_patient036_0057.jpg,5,,off_target_fp,743,0,0.0,0.0,0.0,0.0,0,False
UNET_MTL_MASK_GUIDED,1,patient049,patient049_case01,IBC,IBC_patient036_0057.jpg,6,,off_target_fp,27,0,0.0,0.0,0.0,0.0,0,False
UNET_MTL_MASK_GUIDED,1,patient049,patient049_case01,IBC,IBC_patient036_0057.jpg,7,,off_target_fp,199,0,0.0,0.0,0.0,0.0,0,False
UNET_MTL_MASK_GUIDED,1,patient049,patient049_case01,IBC,IBC_patient036_0058.jpg,1,1.0,low_25_to_50,1098,418,0.9414414414414415,0.3806921675774135,0.3806921675774135,0.3718861209964413,1,False
UNET_MTL_MASK_GUIDED,1,patient049,patient049_case01,IBC,IBC_patient036_0058.jpg,2,,off_target_fp,131,0,0.0,0.0,0.0,0.0,0,False
UNET_MTL_MASK_GUIDED,1,patient049,patient049_case01,IBC,IBC_patient036_0058.jpg,3,,off_target_fp,851,0,0.0,0.0,0.0,0.0,0,False
UNET_MTL_MASK_GUIDED,1,patient049,patient049_case01,IBC,IBC_patient036_0058.jpg,4,,off_target_fp,27,0,0.0,0.0,0.0,0.0,0,False
UNET_MTL_MASK_GUIDED,1,patient049,patient049_case01,IBC,IBC_patient036_0058.jpg,5,,off_target_fp,14,0,0.0,0.0,0.0,0.0,0,False
UNET_MTL_MASK_GUIDED,1,patient049,patient049_case01,IBC,IBC_patient036_0058.jpg,6,,off_target_fp,178,0,0.0,0.0,0.0,0.0,0,False
UNET_MTL_MASK_GUIDED,1,patient049,patient049_case01,IBC,IBC_patient036_0059.jpg,1,,off_target_fp,664,0,0.0,0.0,0.0,0.0,0,False
UNET_MTL_MASK_GUIDED,1,patient049,patient049_case01,IBC,IBC_patient036_0059.jpg,2,1.0,strong_75_plus,527,509,0.9024822695035462,0.9658444022770398,0.9024822695035462,0.8745704467353952,1,False
UNET_MTL_MASK_GUIDED,1,patient049,patient049_case01,IBC,IBC_patient036_0059.jpg,3,,off_target_fp,11,0,0.0,0.0,0.0,0.0,0,False
UNET_MTL_MASK_GUIDED,1,patient049,patient049_case01,IBC,IBC_patient036_0059.jpg,4,,off_target_fp,214,0,0.0,0.0,0.0,0.0,0,False
UNET_MTL_MASK_GUIDED,1,patient049,patient049_case01,IBC,IBC_patient036_0059.jpg,5,,off_target_fp,190,0,0.0,0.0,0.0,0.0,0,False
UNET_MTL_MASK_GUIDED,1,patient049,patient049_case01,IBC,IBC_patient036_0059.jpg,6,,off_target_fp,82,0,0.0,0.0,0.0,0.0,0,False
UNET_MTL_MASK_GUIDED,1,patient049,patient049_case01,IBC,IBC_patient036_0059.jpg,7,,off_target_fp,39,0,0.0,0.0,0.0,0.0,0,False
UNET_MTL_MASK_GUIDED,1,patient049,patient049_case01,IBC,IBC_patient036_0060.jpg,1,1.0,low_25_to_50,964,253,0.4392361111111111,0.262448132780083,0.262448132780083,0.19658119658119658,1,False
UNET_MTL_MASK_GUIDED,1,patient049,patient049_case01,IBC,IBC_patient036_0060.jpg,2,,off_target_fp,512,0,0.0,0.0,0.0,0.0,0,False
UNET_MTL_MASK_GUIDED,1,patient049,patient049_case01,IBC,IBC_patient036_0060.jpg,3,,off_target_fp,227,0,0.0,0.0,0.0,0.0,0,False
UNET_MTL_MASK_GUIDED,1,patient049,patient049_case01,IBC,IBC_patient036_0061.jpg,1,1.0,low_25_to_50,1086,404,0.9439252336448598,0.3720073664825046,0.3720073664825046,0.36396396396396397,1,False
UNET_MTL_MASK_GUIDED,1,patient049,patient049_case01,IBC,IBC_patient036_0061.jpg,2,,off_target_fp,398,0,0.0,0.0,0.0,0.0,0,False
UNET_MTL_MASK_GUIDED,1,patient049,patient049_case01,IBC,IBC_patient036_0061.jpg,3,,off_target_fp,310,0,0.0,0.0,0.0,0.0,0,False
UNET_MTL_MASK_GUIDED,1,patient049,patient049_case01,IBC,IBC_patient036_0061.jpg,4,,off_target_fp,6,0,0.0,0.0,0.0,0.0,0,False
UNET_MTL_MASK_GUIDED,1,patient049,patient049_case01,IBC,IBC_patient036_0062.jpg,1,1.0,low_25_to_50,861,369,0.9413265306122449,0.42857142857142855,0.42857142857142855,0.417420814479638,1,False
UNET_MTL_MASK_GUIDED,1,patient049,patient049_case01,IBC,IBC_patient036_0062.jpg,2,,off_target_fp,75,0,0.0,0.0,0.0,0.0,0,False
UNET_MTL_MASK_GUIDED,1,patient049,patient049_case01,IBC,IBC_patient036_0062.jpg,3,,off_target_fp,29,0,0.0,0.0,0.0,0.0,0,False
UNET_MTL_MASK_GUIDED,1,patient049,patient049_case01,IBC,IBC_patient036_0062.jpg,4,,off_target_fp,291,0,0.0,0.0,0.0,0.0,0,False
UNET_MTL_MASK_GUIDED,1,patient049,patient049_case01,IBC,IBC_patient036_0063.jpg,1,1.0,strong_75_plus,266,245,0.7852564102564102,0.9210526315789473,0.7852564102564102,0.7357357357357357,1,False
UNET_MTL_MASK_GUIDED,1,patient049,patient049_case01,IBC,IBC_patient036_0063.jpg,2,,off_target_fp,94,0,0.0,0.0,0.0,0.0,0,False
UNET_MTL_MASK_GUIDED,1,patient049,patient049_case01,IBC,IBC_patient036_0063.jpg,3,,off_target_fp,28,0,0.0,0.0,0.0,0.0,0,False
UNET_MTL_MASK_GUIDED,1,patient049,patient049_case01,IBC,IBC_patient036_0063.jpg,4,,off_target_fp,189,0,0.0,0.0,0.0,0.0,0,False
UNET_MTL_MASK_GUIDED,1,patient049,patient049_case01,IBC,IBC_patient036_0063.jpg,5,,off_target_fp,7,0,0.0,0.0,0.0,0.0,0,False
UNET_MTL_MASK_GUIDED,1,patient049,patient049_case01,IBC,IBC_patient036_0064.jpg,1,1.0,strong_75_plus,171,150,0.9615384615384616,0.8771929824561403,0.8771929824561403,0.847457627118644,1,False
UNET_MTL_MASK_GUIDED,1,patient049,patient049_case01,IBC,IBC_patient036_0064.jpg,2,,off_target_fp,788,0,0.0,0.0,0.0,0.0,0,False
UNET_MTL_MASK_GUIDED,1,patient049,patient049_case01,IBC,IBC_patient036_0064.jpg,3,,off_target_fp,30,0,0.0,0.0,0.0,0.0,0,False
UNET_MTL_MASK_GUIDED,1,patient049,patient049_case01,IBC,IBC_patient036_0065.jpg,1,,off_target_fp,324,0,0.0,0.0,0.0,0.0,0,False
UNET_MTL_MASK_GUIDED,1,patient049,patient049_case01,IBC,IBC_patient036_0065.jpg,2,,off_target_fp,13,0,0.0,0.0,0.0,0.0,0,False
UNET_MTL_MASK_GUIDED,1,patient052,patient052_case01,IGM,IGM_patient037_0053.jpg,1,1.0,strong_75_plus,92,86,0.7678571428571429,0.9347826086956522,0.7678571428571429,0.7288135593220338,1,False
UNET_MTL_MASK_GUIDED,1,patient052,patient052_case01,IGM,IGM_patient037_0053.jpg,2,,off_target_fp,48,0,0.0,0.0,0.0,0.0,0,False
UNET_MTL_MASK_GUIDED,1,patient052,patient052_case01,IGM,IGM_patient037_0053.jpg,3,,off_target_fp,104,0,0.0,0.0,0.0,0.0,0,False
UNET_MTL_MASK_GUIDED,1,patient052,patient052_case01,IGM,IGM_patient037_0054.jpg,1,1.0,strong_75_plus,190,171,0.9293478260869565,0.9,0.9,0.8423645320197044,1,False
UNET_MTL_MASK_GUIDED,1,patient052,patient052_case01,IGM,IGM_patient037_0054.jpg,2,,off_target_fp,65,0,0.0,0.0,0.0,0.0,0,False
UNET_MTL_MASK_GUIDED,1,patient052,patient052_case01,IGM,IGM_patient037_0055.jpg,1,1.0,moderate_50_to_75,217,159,0.9695121951219512,0.7327188940092166,0.7327188940092166,0.7162162162162162,1,False
UNET_MTL_MASK_GUIDED,1,patient052,patient052_case01,IGM,IGM_patient037_0055.jpg,2,,off_target_fp,89,0,0.0,0.0,0.0,0.0,0,False
UNET_MTL_MASK_GUIDED,1,patient052,patient052_case01,IGM,IGM_patient037_0055.jpg,3,,off_target_fp,148,0,0.0,0.0,0.0,0.0,0,False
UNET_MTL_MASK_GUIDED,1,patient052,patient052_case01,IGM,IGM_patient037_0055.jpg,4,,off_target_fp,38,0,0.0,0.0,0.0,0.0,0,False
UNET_MTL_MASK_GUIDED,1,patient052,patient052_case01,IGM,IGM_patient037_0056.jpg,1,1.0,low_25_to_50,180,79,0.9875,0.4388888888888889,0.4388888888888889,0.43646408839779005,1,False
UNET_MTL_MASK_GUIDED,1,patient052,patient052_case01,IGM,IGM_patient037_0056.jpg,2,,off_target_fp,163,0,0.0,0.0,0.0,0.0,0,False
UNET_MTL_MASK_GUIDED,1,patient052,patient052_case01,IGM,IGM_patient037_0056.jpg,3,,off_target_fp,219,0,0.0,0.0,0.0,0.0,0,False
UNET_MTL_MASK_GUIDED,1,patient052,patient052_case01,IGM,IGM_patient037_0056.jpg,4,,off_target_fp,43,0,0.0,0.0,0.0,0.0,0,False
UNET_MTL_MASK_GUIDED,1,patient052,patient052_case01,IGM,IGM_patient037_0057.jpg,1,1.0,strong_75_plus,140,109,0.8790322580645161,0.7785714285714286,0.7785714285714286,0.7032258064516129,1,False
UNET_MTL_MASK_GUIDED,1,patient052,patient052_case01,IGM,IGM_patient037_0057.jpg,2,,off_target_fp,205,0,0.0,0.0,0.0,0.0,0,False
UNET_MTL_MASK_GUIDED,1,patient052,patient052_case01,IGM,IGM_patient037_0057.jpg,3,,off_target_fp,3,0,0.0,0.0,0.0,0.0,0,False
UNET_MTL_MASK_GUIDED,1,patient052,patient052_case01,IGM,IGM_patient037_0057.jpg,4,,off_target_fp,16,0,0.0,0.0,0.0,0.0,0,False
UNET_MTL_MASK_GUIDED,1,patient052,patient052_case01,IGM,IGM_patient037_0057.jpg,5,,off_target_fp,42,0,0.0,0.0,0.0,0.0,0,False
UNET_MTL_MASK_GUIDED,1,patient052,patient052_case01,IGM,IGM_patient037_0058.jpg,1,1.0,strong_75_plus,102,86,0.8269230769230769,0.8431372549019608,0.8269230769230769,0.7166666666666667,1,False
UNET_MTL_MASK_GUIDED,1,patient052,patient052_case01,IGM,IGM_patient037_0058.jpg,2,,off_target_fp,83,0,0.0,0.0,0.0,0.0,0,False
UNET_MTL_MASK_GUIDED,1,patient052,patient052_case01,IGM,IGM_patient037_0058.jpg,3,,off_target_fp,27,0,0.0,0.0,0.0,0.0,0,False
UNET_MTL_MASK_GUIDED,1,patient052,patient052_case01,IGM,IGM_patient037_0058.jpg,4,,off_target_fp,42,0,0.0,0.0,0.0,0.0,0,False
UNET_MTL_MASK_GUIDED,1,patient052,patient052_case01,IGM,IGM_patient037_0058.jpg,5,,off_target_fp,56,0,0.0,0.0,0.0,0.0,0,False
UNET_MTL_MASK_GUIDED,1,patient052,patient052_case01,IGM,IGM_patient037_0059.jpg,1,1.0,moderate_50_to_75,63,34,0.7727272727272727,0.5396825396825397,0.5396825396825397,0.4657534246575342,1,False
UNET_MTL_MASK_GUIDED,1,patient075,patient075_case01,IGM,IGM_patient049_0044.jpg,1,1.0,low_25_to_50,23,23,0.27380952380952384,1.0,0.27380952380952384,0.27380952380952384,1,False
UNET_MTL_MASK_GUIDED,1,patient075,patient075_case01,IGM,IGM_patient049_0044.jpg,2,,off_target_fp,25,0,0.0,0.0,0.0,0.0,0,False
UNET_MTL_MASK_GUIDED,1,patient075,patient075_case01,IGM,IGM_patient049_0045.jpg,1,1.0,strong_75_plus,293,235,0.9475806451612904,0.8020477815699659,0.8020477815699659,0.7679738562091504,1,False
UNET_MTL_MASK_GUIDED,1,patient075,patient075_case01,IGM,IGM_patient049_0046.jpg,1,,off_target_fp,4,0,0.0,0.0,0.0,0.0,0,False
UNET_MTL_MASK_GUIDED,1,patient075,patient075_case01,IGM,IGM_patient049_0046.jpg,2,1.0,strong_75_plus,382,331,0.8994565217391305,0.8664921465968587,0.8664921465968587,0.7899761336515513,1,False
UNET_MTL_MASK_GUIDED,1,patient075,patient075_case01,IGM,IGM_patient049_0047.jpg,1,1.0,strong_75_plus,364,300,0.9259259259259259,0.8241758241758241,0.8241758241758241,0.7731958762886598,1,False
UNET_MTL_MASK_GUIDED,1,patient075,patient075_case01,IGM,IGM_patient049_0047.jpg,2,,off_target_fp,22,0,0.0,0.0,0.0,0.0,0,False
UNET_MTL_MASK_GUIDED,1,patient075,patient075_case01,IGM,IGM_patient049_0048.jpg,1,1.0,strong_75_plus,276,234,0.823943661971831,0.8478260869565217,0.823943661971831,0.7177914110429447,1,False
UNET_MTL_MASK_GUIDED,1,patient075,patient075_case01,IGM,IGM_patient049_0049.jpg,1,,off_target_fp,40,0,0.0,0.0,0.0,0.0,0,False
UNET_MTL_MASK_GUIDED,1,patient075,patient075_case01,IGM,IGM_patient049_0054.jpg,1,,off_target_fp,9,0,0.0,0.0,0.0,0.0,0,False
UNET_MTL_MASK_GUIDED,1,patient075,patient075_case01,IGM,IGM_patient049_0054.jpg,2,,off_target_fp,145,0,0.0,0.0,0.0,0.0,0,False
UNET_MTL_MASK_GUIDED,1,patient075,patient075_case01,IGM,IGM_patient049_0054.jpg,3,,off_target_fp,84,0,0.0,0.0,0.0,0.0,0,False
UNET_MTL_MASK_GUIDED,1,patient075,patient075_case01,IGM,IGM_patient049_0054.jpg,4,,off_target_fp,26,0,0.0,0.0,0.0,0.0,0,False
UNET_MTL_MASK_GUIDED,1,patient075,patient075_case01,IGM,IGM_patient049_0054.jpg,5,,off_target_fp,38,0,0.0,0.0,0.0,0.0,0,False
UNET_MTL_MASK_GUIDED,1,patient075,patient075_case01,IGM,IGM_patient049_0054.jpg,6,1.0,strong_75_plus,299,235,0.9475806451612904,0.7859531772575251,0.7859531772575251,0.7532051282051282,1,False
UNET_MTL_MASK_GUIDED,1,patient075,patient075_case01,IGM,IGM_patient049_0055.jpg,1,,off_target_fp,312,0,0.0,0.0,0.0,0.0,0,False
UNET_MTL_MASK_GUIDED,1,patient075,patient075_case01,IGM,IGM_patient049_0055.jpg,2,,off_target_fp,2,0,0.0,0.0,0.0,0.0,0,False
UNET_MTL_MASK_GUIDED,1,patient075,patient075_case01,IGM,IGM_patient049_0055.jpg,3,,off_target_fp,29,0,0.0,0.0,0.0,0.0,0,False
UNET_MTL_MASK_GUIDED,1,patient075,patient075_case01,IGM,IGM_patient049_0055.jpg,4,,off_target_fp,7,0,0.0,0.0,0.0,0.0,0,False
UNET_MTL_MASK_GUIDED,1,patient075,patient075_case01,IGM,IGM_patient049_0055.jpg,5,1.0,moderate_50_to_75,205,165,0.6991525423728814,0.8048780487804879,0.6991525423728814,0.5978260869565217,1,False
UNET_MTL_MASK_GUIDED,1,patient075,patient075_case01,IGM,IGM_patient049_0056.jpg,1,,off_target_fp,334,0,0.0,0.0,0.0,0.0,0,False
UNET_MTL_MASK_GUIDED,1,patient075,patient075_case01,IGM,IGM_patient049_0056.jpg,2,,off_target_fp,13,0,0.0,0.0,0.0,0.0,0,False
UNET_MTL_MASK_GUIDED,1,patient075,patient075_case01,IGM,IGM_patient049_0056.jpg,3,,off_target_fp,54,0,0.0,0.0,0.0,0.0,0,False
UNET_MTL_MASK_GUIDED,1,patient075,patient075_case01,IGM,IGM_patient049_0056.jpg,4,1.0,moderate_50_to_75,208,177,0.7137096774193549,0.8509615384615384,0.7137096774193549,0.6344086021505376,1,False
UNET_MTL_MASK_GUIDED,1,patient075,patient075_case01,IGM,IGM_patient049_0057.jpg,1,1.0,strong_75_plus,303,252,0.8181818181818182,0.8316831683168316,0.8181818181818182,0.7019498607242339,1,False
UNET_MTL_MASK_GUIDED,1,patient075,patient075_case01,IGM,IGM_patient049_0057.jpg,2,,off_target_fp,89,0,0.0,0.0,0.0,0.0,0,False
UNET_MTL_MASK_GUIDED,1,patient075,patient075_case01,IGM,IGM_patient049_0058.jpg,1,1.0,moderate_50_to_75,289,221,0.690625,0.7647058823529411,0.690625,0.5695876288659794,1,False
UNET_MTL_MASK_GUIDED,1,patient075,patient075_case01,IGM,IGM_patient049_0058.jpg,2,,off_target_fp,61,0,0.0,0.0,0.0,0.0,0,False
UNET_MTL_MASK_GUIDED,1,patient093,patient093_case01,IBC,IBC_patient005_0107.jpg,1,1.0,partial_below_25,11,11,0.06547619047619048,1.0,0.06547619047619048,0.06547619047619048,1,False
UNET_MTL_MASK_GUIDED,1,patient093,patient093_case01,IBC,IBC_patient005_0109.jpg,1,1.0,partial_below_25,16,16,0.08333333333333333,1.0,0.08333333333333333,0.08333333333333333,1,False
UNET_MTL_MASK_GUIDED,1,patient093,patient093_case01,IBC,IBC_patient005_0109.jpg,2,,off_target_fp,108,0,0.0,0.0,0.0,0.0,0,False
UNET_MTL_MASK_GUIDED,1,patient093,patient093_case01,IBC,IBC_patient005_0110.jpg,1,1.0,partial_below_25,227,56,0.2641509433962264,0.24669603524229075,0.24669603524229075,0.1462140992167102,1,False
UNET_MTL_MASK_GUIDED,1,patient093,patient093_case01,IBC,IBC_patient005_0111.jpg,1,1.0,partial_below_25,231,45,0.1814516129032258,0.19480519480519481,0.1814516129032258,0.10368663594470046,1,False
UNET_MTL_MASK_GUIDED,1,patient093,patient093_case01,IBC,IBC_patient005_0112.jpg,1,,off_target_fp,142,0,0.0,0.0,0.0,0.0,0,False
UNET_MTL_MASK_GUIDED,1,patient093,patient093_case01,IBC,IBC_patient005_0113.jpg,1,1.0,partial_below_25,18,16,0.06451612903225806,0.8888888888888888,0.06451612903225806,0.064,1,False
UNET_MTL_MASK_GUIDED,1,patient093,patient093_case01,IBC,IBC_patient005_0113.jpg,2,,off_target_fp,146,0,0.0,0.0,0.0,0.0,0,False
UNET_MTL_MASK_GUIDED,1,patient093,patient093_case01,IBC,IBC_patient005_0114.jpg,1,1.0,partial_below_25,308,70,0.2536231884057971,0.22727272727272727,0.22727272727272727,0.13618677042801555,1,False
UNET_MTL_MASK_GUIDED,1,patient093,patient093_case01,IBC,IBC_patient005_0115.jpg,1,1.0,partial_below_25,442,99,0.38671875,0.2239819004524887,0.2239819004524887,0.1652754590984975,1,False
UNET_MTL_MASK_GUIDED,1,patient093,patient093_case01,IBC,IBC_patient005_0116.jpg,1,,off_target_fp,121,0,0.0,0.0,0.0,0.0,0,False
UNET_MTL_MASK_GUIDED,1,patient093,patient093_case01,IBC,IBC_patient005_0116.jpg,2,1.0,partial_below_25,398,76,0.3114754098360656,0.19095477386934673,0.19095477386934673,0.13427561837455831,1,False
UNET_MTL_MASK_GUIDED,1,patient093,patient093_case01,IBC,IBC_patient005_0117.jpg,1,,off_target_fp,69,0,0.0,0.0,0.0,0.0,0,False
UNET_MTL_MASK_GUIDED,1,patient093,patient093_case01,IBC,IBC_patient005_0117.jpg,2,1.0,low_25_to_50,72,61,0.25,0.8472222222222222,0.25,0.23921568627450981,1,False
UNET_MTL_MASK_GUIDED,1,patient093,patient093_case01,IBC,IBC_patient005_0117.jpg,3,,off_target_fp,264,0,0.0,0.0,0.0,0.0,0,False
UNET_MTL_MASK_GUIDED,1,patient093,patient093_case01,IBC,IBC_patient005_0118.jpg,1,1.0,partial_below_25,50,49,0.19140625,0.98,0.19140625,0.19066147859922178,1,False
UNET_MTL_MASK_GUIDED,1,patient093,patient093_case01,IBC,IBC_patient005_0118.jpg,2,,off_target_fp,277,0,0.0,0.0,0.0,0.0,0,False
UNET_MTL_MASK_GUIDED,1,patient093,patient093_case01,IBC,IBC_patient005_0119.jpg,1,1.0,partial_below_25,65,58,0.23770491803278687,0.8923076923076924,0.23770491803278687,0.23107569721115537,1,False
UNET_MTL_MASK_GUIDED,1,patient093,patient093_case01,IBC,IBC_patient005_0119.jpg,2,,off_target_fp,251,0,0.0,0.0,0.0,0.0,0,False
UNET_MTL_MASK_GUIDED,1,patient093,patient093_case01,IBC,IBC_patient005_0120.jpg,1,1.0,low_25_to_50,109,93,0.41517857142857145,0.8532110091743119,0.41517857142857145,0.3875,1,False
UNET_MTL_MASK_GUIDED,1,patient093,patient093_case01,IBC,IBC_patient005_0120.jpg,2,,off_target_fp,225,0,0.0,0.0,0.0,0.0,0,False
UNET_MTL_MASK_GUIDED,1,patient093,patient093_case01,IBC,IBC_patient005_0121.jpg,1,1.0,moderate_50_to_75,129,119,0.5219298245614035,0.9224806201550387,0.5219298245614035,0.5,1,False
UNET_MTL_MASK_GUIDED,1,patient093,patient093_case01,IBC,IBC_patient005_0121.jpg,2,,off_target_fp,204,0,0.0,0.0,0.0,0.0,0,False
UNET_MTL_MASK_GUIDED,1,patient093,patient093_case01,IBC,IBC_patient005_0122.jpg,1,,off_target_fp,10,0,0.0,0.0,0.0,0.0,0,False
UNET_MTL_MASK_GUIDED,1,patient093,patient093_case01,IBC,IBC_patient005_0122.jpg,2,1.0,partial_below_25,30,30,0.1744186046511628,1.0,0.1744186046511628,0.1744186046511628,1,False
UNET_MTL_MASK_GUIDED,1,patient093,patient093_case01,IBC,IBC_patient005_0122.jpg,3,,off_target_fp,165,0,0.0,0.0,0.0,0.0,0,False
UNET_MTL_MASK_GUIDED,1,patient093,patient093_case01,IBC,IBC_patient005_0123.jpg,1,,off_target_fp,28,0,0.0,0.0,0.0,0.0,0,False
UNET_MTL_MASK_GUIDED,1,patient093,patient093_case01,IBC,IBC_patient005_0123.jpg,2,,off_target_fp,174,0,0.0,0.0,0.0,0.0,0,False
UNET_MTL_MASK_GUIDED,1,patient094,patient094_case01,IGM,IGM_patient005_0044.jpg,1,1.0,strong_75_plus,89,80,0.7692307692307693,0.898876404494382,0.7692307692307693,0.7079646017699115,1,False
UNET_MTL_MASK_GUIDED,1,patient094,patient094_case01,IGM,IGM_patient005_0045.jpg,1,1.0,strong_75_plus,170,128,0.9696969696969697,0.7529411764705882,0.7529411764705882,0.735632183908046,1,False
UNET_MTL_MASK_GUIDED,1,patient094,patient094_case01,IGM,IGM_patient005_0046.jpg,1,1.0,moderate_50_to_75,250,166,0.9880952380952381,0.664,0.664,0.6587301587301587,1,False
UNET_MTL_MASK_GUIDED,1,patient094,patient094_case01,IGM,IGM_patient005_0046.jpg,2,,off_target_fp,5,0,0.0,0.0,0.0,0.0,0,False
UNET_MTL_MASK_GUIDED,1,patient094,patient094_case01,IGM,IGM_patient005_0047.jpg,1,1.0,moderate_50_to_75,280,155,0.9451219512195121,0.5535714285714286,0.5535714285714286,0.5363321799307958,1,False
UNET_MTL_MASK_GUIDED,1,patient094,patient094_case01,IGM,IGM_patient005_0047.jpg,2,,off_target_fp,125,0,0.0,0.0,0.0,0.0,0,False
UNET_MTL_MASK_GUIDED,1,patient094,patient094_case01,IGM,IGM_patient005_0048.jpg,1,1.0,moderate_50_to_75,274,140,1.0,0.5109489051094891,0.5109489051094891,0.5109489051094891,1,False
UNET_MTL_MASK_GUIDED,1,patient094,patient094_case01,IGM,IGM_patient005_0048.jpg,2,,off_target_fp,169,0,0.0,0.0,0.0,0.0,0,False
UNET_MTL_MASK_GUIDED,1,patient094,patient094_case01,IGM,IGM_patient005_0049.jpg,1,1.0,moderate_50_to_75,280,149,0.9802631578947368,0.5321428571428571,0.5321428571428571,0.5265017667844523,1,False
UNET_MTL_MASK_GUIDED,1,patient094,patient094_case01,IGM,IGM_patient005_0049.jpg,2,,off_target_fp,284,0,0.0,0.0,0.0,0.0,0,False
UNET_MTL_MASK_GUIDED,1,patient094,patient094_case01,IGM,IGM_patient005_0050.jpg,1,1.0,low_25_to_50,255,103,0.9903846153846154,0.403921568627451,0.403921568627451,0.40234375,1,False
UNET_MTL_MASK_GUIDED,1,patient094,patient094_case01,IGM,IGM_patient005_0050.jpg,2,,off_target_fp,302,0,0.0,0.0,0.0,0.0,0,False
UNET_MTL_MASK_GUIDED,1,patient094,patient094_case01,IGM,IGM_patient005_0051.jpg,1,1.0,low_25_to_50,207,91,0.9479166666666666,0.4396135265700483,0.4396135265700483,0.42924528301886794,1,False
UNET_MTL_MASK_GUIDED,1,patient094,patient094_case01,IGM,IGM_patient005_0051.jpg,2,,off_target_fp,140,0,0.0,0.0,0.0,0.0,0,False
UNET_MTL_MASK_GUIDED,1,patient094,patient094_case01,IGM,IGM_patient005_0051.jpg,3,,off_target_fp,33,0,0.0,0.0,0.0,0.0,0,False
UNET_MTL_MASK_GUIDED,1,patient094,patient094_case01,IGM,IGM_patient005_0051.jpg,4,,off_target_fp,6,0,0.0,0.0,0.0,0.0,0,False
UNET_MTL_MASK_GUIDED,1,patient094,patient094_case01,IGM,IGM_patient005_0052.jpg,1,,off_target_fp,17,0,0.0,0.0,0.0,0.0,0,False
UNET_MTL_MASK_GUIDED,1,patient094,patient094_case01,IGM,IGM_patient005_0052.jpg,2,1.0,moderate_50_to_75,81,44,1.0,0.5432098765432098,0.5432098765432098,0.5432098765432098,1,False
UNET_MTL_MASK_GUIDED,1,patient094,patient094_case01,IGM,IGM_patient005_0052.jpg,3,,off_target_fp,137,0,0.0,0.0,0.0,0.0,0,False
UNET_MTL_MASK_GUIDED,1,patient094,patient094_case01,IGM,IGM_patient005_0052.jpg,4,,off_target_fp,96,0,0.0,0.0,0.0,0.0,0,False
UNET_MTL_MASK_GUIDED,1,patient094,patient094_case01,IGM,IGM_patient005_0053.jpg,1,,off_target_fp,103,0,0.0,0.0,0.0,0.0,0,False
UNET_MTL_MASK_GUIDED,1,patient094,patient094_case01,IGM,IGM_patient005_0053.jpg,2,,off_target_fp,90,0,0.0,0.0,0.0,0.0,0,False
UNET_MTL_MASK_GUIDED,1,patient094,patient094_case01,IGM,IGM_patient005_0053.jpg,3,,off_target_fp,155,0,0.0,0.0,0.0,0.0,0,False
UNET_MTL_MASK_GUIDED,1,patient083,patient083_case01,IGM,IGM_patient052_0059.jpg,1,1.0,moderate_50_to_75,59,57,0.57,0.9661016949152542,0.57,0.5588235294117647,1,False
UNET_MTL_MASK_GUIDED,1,patient083,patient083_case01,IGM,IGM_patient052_0060.jpg,1,1.0,moderate_50_to_75,122,109,0.6193181818181818,0.8934426229508197,0.6193181818181818,0.5767195767195767,1,False
UNET_MTL_MASK_GUIDED,1,patient083,patient083_case01,IGM,IGM_patient052_0061.jpg,1,1.0,strong_75_plus,199,185,0.8258928571428571,0.9296482412060302,0.8258928571428571,0.7773109243697479,1,False
UNET_MTL_MASK_GUIDED,1,patient083,patient083_case01,IGM,IGM_patient052_0061.jpg,2,,off_target_fp,56,0,0.0,0.0,0.0,0.0,0,False
UNET_MTL_MASK_GUIDED,1,patient083,patient083_case01,IGM,IGM_patient052_0062.jpg,1,1.0,strong_75_plus,230,218,0.8515625,0.9478260869565217,0.8515625,0.8134328358208955,1,False
UNET_MTL_MASK_GUIDED,1,patient083,patient083_case01,IGM,IGM_patient052_0062.jpg,2,,off_target_fp,61,0,0.0,0.0,0.0,0.0,0,False
UNET_MTL_MASK_GUIDED,1,patient083,patient083_case01,IGM,IGM_patient052_0062.jpg,3,,off_target_fp,64,0,0.0,0.0,0.0,0.0,0,False
UNET_MTL_MASK_GUIDED,1,patient083,patient083_case01,IGM,IGM_patient052_0063.jpg,1,1.0,strong_75_plus,268,242,0.9029850746268657,0.9029850746268657,0.9029850746268657,0.8231292517006803,1,False
UNET_MTL_MASK_GUIDED,1,patient083,patient083_case01,IGM,IGM_patient052_0063.jpg,2,,off_target_fp,22,0,0.0,0.0,0.0,0.0,0,False
UNET_MTL_MASK_GUIDED,1,patient083,patient083_case01,IGM,IGM_patient052_0063.jpg,3,,off_target_fp,15,0,0.0,0.0,0.0,0.0,0,False
UNET_MTL_MASK_GUIDED,1,patient083,patient083_case01,IGM,IGM_patient052_0063.jpg,4,,off_target_fp,145,0,0.0,0.0,0.0,0.0,0,False
UNET_MTL_MASK_GUIDED,1,patient083,patient083_case01,IGM,IGM_patient052_0064.jpg,1,1.0,strong_75_plus,274,250,0.9765625,0.9124087591240876,0.9124087591240876,0.8928571428571429,1,False
UNET_MTL_MASK_GUIDED,1,patient083,patient083_case01,IGM,IGM_patient052_0064.jpg,2,,off_target_fp,230,0,0.0,0.0,0.0,0.0,0,False
UNET_MTL_MASK_GUIDED,1,patient083,patient083_case01,IGM,IGM_patient052_0065.jpg,1,1.0,strong_75_plus,244,230,0.8846153846153846,0.9426229508196722,0.8846153846153846,0.8394160583941606,1,False
UNET_MTL_MASK_GUIDED,1,patient083,patient083_case01,IGM,IGM_patient052_0065.jpg,2,,off_target_fp,274,0,0.0,0.0,0.0,0.0,0,False
UNET_MTL_MASK_GUIDED,1,patient083,patient083_case01,IGM,IGM_patient052_0065.jpg,3,,off_target_fp,33,0,0.0,0.0,0.0,0.0,0,False
UNET_MTL_MASK_GUIDED,1,patient083,patient083_case01,IGM,IGM_patient052_0066.jpg,1,1.0,strong_75_plus,154,140,0.9459459459459459,0.9090909090909091,0.9090909090909091,0.8641975308641975,1,False
UNET_MTL_MASK_GUIDED,1,patient083,patient083_case01,IGM,IGM_patient052_0066.jpg,2,,off_target_fp,59,0,0.0,0.0,0.0,0.0,0,False
UNET_MTL_MASK_GUIDED,1,patient083,patient083_case01,IGM,IGM_patient052_0066.jpg,3,,off_target_fp,303,0,0.0,0.0,0.0,0.0,0,False
UNET_MTL_MASK_GUIDED,1,patient083,patient083_case01,IGM,IGM_patient052_0067.jpg,1,1.0,strong_75_plus,183,163,0.8858695652173914,0.8907103825136612,0.8858695652173914,0.7990196078431373,1,False
UNET_MTL_MASK_GUIDED,1,patient083,patient083_case01,IGM,IGM_patient052_0067.jpg,2,,off_target_fp,124,0,0.0,0.0,0.0,0.0,0,False
UNET_MTL_MASK_GUIDED,1,patient083,patient083_case01,IGM,IGM_patient052_0067.jpg,3,,off_target_fp,171,0,0.0,0.0,0.0,0.0,0,False
UNET_MTL_MASK_GUIDED,1,patient083,patient083_case01,IGM,IGM_patient052_0067.jpg,4,,off_target_fp,12,0,0.0,0.0,0.0,0.0,0,False
UNET_MTL_MASK_GUIDED,1,patient083,patient083_case01,IGM,IGM_patient052_0068.jpg,1,1.0,strong_75_plus,122,116,0.8529411764705882,0.9508196721311475,0.8529411764705882,0.8169014084507042,1,False
UNET_MTL_MASK_GUIDED,1,patient083,patient083_case01,IGM,IGM_patient052_0068.jpg,2,,off_target_fp,22,0,0.0,0.0,0.0,0.0,0,False
UNET_MTL_MASK_GUIDED,1,patient083,patient083_case01,IGM,IGM_patient052_0068.jpg,3,,off_target_fp,236,0,0.0,0.0,0.0,0.0,0,False
UNET_MTL_MASK_GUIDED,1,patient083,patient083_case01,IGM,IGM_patient052_0068.jpg,4,,off_target_fp,5,0,0.0,0.0,0.0,0.0,0,False
UNET_MTL_MASK_GUIDED,1,patient083,patient083_case01,IGM,IGM_patient052_0069.jpg,1,1.0,strong_75_plus,169,153,0.95625,0.9053254437869822,0.9053254437869822,0.8693181818181818,1,False
UNET_MTL_MASK_GUIDED,1,patient083,patient083_case01,IGM,IGM_patient052_0069.jpg,2,,off_target_fp,248,0,0.0,0.0,0.0,0.0,0,False
UNET_MTL_MASK_GUIDED,1,patient083,patient083_case01,IGM,IGM_patient052_0070.jpg,1,1.0,strong_75_plus,174,145,0.9539473684210527,0.8333333333333334,0.8333333333333334,0.8011049723756906,1,False
UNET_MTL_MASK_GUIDED,1,patient083,patient083_case01,IGM,IGM_patient052_0070.jpg,2,,off_target_fp,8,0,0.0,0.0,0.0,0.0,0,False
UNET_MTL_MASK_GUIDED,1,patient083,patient083_case01,IGM,IGM_patient052_0070.jpg,3,,off_target_fp,249,0,0.0,0.0,0.0,0.0,0,False
UNET_MTL_MASK_GUIDED,1,patient083,patient083_case01,IGM,IGM_patient052_0070.jpg,4,,off_target_fp,7,0,0.0,0.0,0.0,0.0,0,False
UNET_MTL_MASK_GUIDED,1,patient083,patient083_case01,IGM,IGM_patient052_0070.jpg,5,,off_target_fp,2,0,0.0,0.0,0.0,0.0,0,False
UNET_MTL_MASK_GUIDED,1,patient083,patient083_case01,IGM,IGM_patient052_0070.jpg,6,,off_target_fp,1,0,0.0,0.0,0.0,0.0,0,False
UNET_MTL_MASK_GUIDED,1,patient083,patient083_case01,IGM,IGM_patient052_0071.jpg,1,1.0,strong_75_plus,164,145,0.9294871794871795,0.8841463414634146,0.8841463414634146,0.8285714285714286,1,False
UNET_MTL_MASK_GUIDED,1,patient083,patient083_case01,IGM,IGM_patient052_0071.jpg,2,,off_target_fp,11,0,0.0,0.0,0.0,0.0,0,False
UNET_MTL_MASK_GUIDED,1,patient083,patient083_case01,IGM,IGM_patient052_0071.jpg,3,,off_target_fp,123,0,0.0,0.0,0.0,0.0,0,False
UNET_MTL_MASK_GUIDED,1,patient083,patient083_case01,IGM,IGM_patient052_0071.jpg,4,,off_target_fp,175,0,0.0,0.0,0.0,0.0,0,False
UNET_MTL_MASK_GUIDED,1,patient083,patient083_case01,IGM,IGM_patient052_0071.jpg,5,,off_target_fp,236,0,0.0,0.0,0.0,0.0,0,False
UNET_MTL_MASK_GUIDED,1,patient083,patient083_case01,IGM,IGM_patient052_0071.jpg,6,,off_target_fp,1,0,0.0,0.0,0.0,0.0,0,False
UNET_MTL_MASK_GUIDED,1,patient083,patient083_case01,IGM,IGM_patient052_0071.jpg,7,,off_target_fp,8,0,0.0,0.0,0.0,0.0,0,False
UNET_MTL_MASK_GUIDED,1,patient083,patient083_case01,IGM,IGM_patient052_0071.jpg,8,,off_target_fp,18,0,0.0,0.0,0.0,0.0,0,False
UNET_MTL_MASK_GUIDED,1,patient083,patient083_case01,IGM,IGM_patient052_0072.jpg,1,1.0,strong_75_plus,148,124,0.8157894736842105,0.8378378378378378,0.8157894736842105,0.7045454545454546,1,False
UNET_MTL_MASK_GUIDED,1,patient083,patient083_case01,IGM,IGM_patient052_0072.jpg,2,,off_target_fp,8,0,0.0,0.0,0.0,0.0,0,False
UNET_MTL_MASK_GUIDED,1,patient083,patient083_case01,IGM,IGM_patient052_0072.jpg,3,,off_target_fp,108,0,0.0,0.0,0.0,0.0,0,False
UNET_MTL_MASK_GUIDED,1,patient083,patient083_case01,IGM,IGM_patient052_0072.jpg,4,,off_target_fp,2,0,0.0,0.0,0.0,0.0,0,False
UNET_MTL_MASK_GUIDED,1,patient083,patient083_case01,IGM,IGM_patient052_0072.jpg,5,,off_target_fp,16,0,0.0,0.0,0.0,0.0,0,False
UNET_MTL_MASK_GUIDED,1,patient083,patient083_case01,IGM,IGM_patient052_0072.jpg,6,,off_target_fp,218,0,0.0,0.0,0.0,0.0,0,False
UNET_MTL_MASK_GUIDED,1,patient083,patient083_case01,IGM,IGM_patient052_0072.jpg,7,,off_target_fp,18,0,0.0,0.0,0.0,0.0,0,False
UNET_MTL_MASK_GUIDED,1,patient083,patient083_case01,IGM,IGM_patient052_0072.jpg,8,,off_target_fp,105,0,0.0,0.0,0.0,0.0,0,False
UNET_MTL_MASK_GUIDED,1,patient083,patient083_case01,IGM,IGM_patient052_0072.jpg,9,,off_target_fp,21,0,0.0,0.0,0.0,0.0,0,False
UNET_MTL_MASK_GUIDED,1,patient091,patient091_case01,IBC,IBC_patient056_0041.jpg,1,,off_target_fp,4,0,0.0,0.0,0.0,0.0,0,False
UNET_MTL_MASK_GUIDED,1,patient091,patient091_case01,IBC,IBC_patient056_0042.jpg,1,1.0,partial_below_25,2,2,0.029411764705882353,1.0,0.029411764705882353,0.029411764705882353,1,False
UNET_MTL_MASK_GUIDED,1,patient091,patient091_case01,IBC,IBC_patient056_0045.jpg,1,,off_target_fp,149,0,0.0,0.0,0.0,0.0,0,False
UNET_MTL_MASK_GUIDED,1,patient091,patient091_case01,IBC,IBC_patient056_0046.jpg,1,,off_target_fp,478,0,0.0,0.0,0.0,0.0,0,False
UNET_MTL_MASK_GUIDED,1,patient091,patient091_case01,IBC,IBC_patient056_0046.jpg,2,,off_target_fp,56,0,0.0,0.0,0.0,0.0,0,False
UNET_MTL_MASK_GUIDED,1,patient091,patient091_case01,IBC,IBC_patient056_0046.jpg,3,,off_target_fp,272,0,0.0,0.0,0.0,0.0,0,False
UNET_MTL_MASK_GUIDED,1,patient091,patient091_case01,IBC,IBC_patient056_0047.jpg,1,,off_target_fp,662,0,0.0,0.0,0.0,0.0,0,False
UNET_MTL_MASK_GUIDED,1,patient091,patient091_case01,IBC,IBC_patient056_0047.jpg,2,,off_target_fp,476,0,0.0,0.0,0.0,0.0,0,False
UNET_MTL_MASK_GUIDED,1,patient091,patient091_case01,IBC,IBC_patient056_0047.jpg,3,,off_target_fp,387,0,0.0,0.0,0.0,0.0,0,False
UNET_MTL_MASK_GUIDED,1,patient091,patient091_case01,IBC,IBC_patient056_0056.jpg,1,,off_target_fp,27,0,0.0,0.0,0.0,0.0,0,False
UNET_MTL_MASK_GUIDED,1,patient095,patient095_case01,IBC,IBC_patient006_0137.jpg,1,1.0,moderate_50_to_75,65,37,0.6607142857142857,0.5692307692307692,0.5692307692307692,0.44047619047619047,1,False
UNET_MTL_MASK_GUIDED,1,patient095,patient095_case01,IBC,IBC_patient006_0137.jpg,2,,off_target_fp,13,0,0.0,0.0,0.0,0.0,0,False
UNET_MTL_MASK_GUIDED,1,patient095,patient095_case01,IBC,IBC_patient006_0138.jpg,1,1.0,moderate_50_to_75,72,43,0.7166666666666667,0.5972222222222222,0.5972222222222222,0.48314606741573035,1,False
UNET_MTL_MASK_GUIDED,1,patient095,patient095_case01,IBC,IBC_patient006_0138.jpg,2,,off_target_fp,335,0,0.0,0.0,0.0,0.0,0,False
UNET_MTL_MASK_GUIDED,1,patient095,patient095_case01,IBC,IBC_patient006_0139.jpg,1,1.0,moderate_50_to_75,114,71,0.9342105263157895,0.6228070175438597,0.6228070175438597,0.5966386554621849,1,False
UNET_MTL_MASK_GUIDED,1,patient095,patient095_case01,IBC,IBC_patient006_0139.jpg,2,,off_target_fp,482,0,0.0,0.0,0.0,0.0,0,False
UNET_MTL_MASK_GUIDED,1,patient095,patient095_case01,IBC,IBC_patient006_0140.jpg,1,1.0,low_25_to_50,235,108,1.0,0.4595744680851064,0.4595744680851064,0.4595744680851064,1,False
UNET_MTL_MASK_GUIDED,1,patient095,patient095_case01,IBC,IBC_patient006_0140.jpg,2,,off_target_fp,103,0,0.0,0.0,0.0,0.0,0,False
UNET_MTL_MASK_GUIDED,1,patient095,patient095_case01,IBC,IBC_patient006_0141.jpg,1,1.0,moderate_50_to_75,311,217,0.9517543859649122,0.6977491961414791,0.6977491961414791,0.6739130434782609,1,False
UNET_MTL_MASK_GUIDED,1,patient095,patient095_case01,IBC,IBC_patient006_0142.jpg,1,1.0,moderate_50_to_75,347,247,0.96484375,0.7118155619596542,0.7118155619596542,0.6938202247191011,1,False
UNET_MTL_MASK_GUIDED,1,patient095,patient095_case01,IBC,IBC_patient006_0143.jpg,1,1.0,strong_75_plus,370,282,0.9657534246575342,0.7621621621621621,0.7621621621621621,0.7421052631578947,1,False
UNET_MTL_MASK_GUIDED,1,patient095,patient095_case01,IBC,IBC_patient006_0143.jpg,2,,off_target_fp,7,0,0.0,0.0,0.0,0.0,0,False
UNET_MTL_MASK_GUIDED,1,patient095,patient095_case01,IBC,IBC_patient006_0144.jpg,1,1.0,strong_75_plus,403,305,0.9902597402597403,0.7568238213399504,0.7568238213399504,0.7512315270935961,1,False
UNET_MTL_MASK_GUIDED,1,patient095,patient095_case01,IBC,IBC_patient006_0144.jpg,2,,off_target_fp,4,0,0.0,0.0,0.0,0.0,0,False
UNET_MTL_MASK_GUIDED,1,patient095,patient095_case01,IBC,IBC_patient006_0145.jpg,1,1.0,moderate_50_to_75,427,320,0.963855421686747,0.7494145199063232,0.7494145199063232,0.7289293849658315,1,False
UNET_MTL_MASK_GUIDED,1,patient095,patient095_case01,IBC,IBC_patient006_0146.jpg,1,1.0,moderate_50_to_75,420,264,0.9295774647887324,0.6285714285714286,0.6285714285714286,0.6,1,False
UNET_MTL_MASK_GUIDED,1,patient095,patient095_case01,IBC,IBC_patient006_0146.jpg,2,,off_target_fp,32,0,0.0,0.0,0.0,0.0,0,False
UNET_MTL_MASK_GUIDED,1,patient095,patient095_case01,IBC,IBC_patient006_0147.jpg,1,1.0,moderate_50_to_75,317,236,0.7763157894736842,0.7444794952681388,0.7444794952681388,0.612987012987013,1,False
UNET_MTL_MASK_GUIDED,1,patient095,patient095_case01,IBC,IBC_patient006_0147.jpg,2,,off_target_fp,36,0,0.0,0.0,0.0,0.0,0,False
UNET_MTL_MASK_GUIDED,1,patient099,patient099_case01,IGM,IGM_patient008_0049.jpg,1,1.0,low_25_to_50,200,72,0.8571428571428571,0.36,0.36,0.33962264150943394,1,False
UNET_MTL_MASK_GUIDED,1,patient099,patient099_case01,IGM,IGM_patient008_0050.jpg,1,1.0,low_25_to_50,247,109,0.9396551724137931,0.44129554655870445,0.44129554655870445,0.42913385826771655,1,False
UNET_MTL_MASK_GUIDED,1,patient099,patient099_case01,IGM,IGM_patient008_0051.jpg,1,1.0,moderate_50_to_75,244,171,0.9095744680851063,0.7008196721311475,0.7008196721311475,0.6551724137931034,1,False
UNET_MTL_MASK_GUIDED,1,patient099,patient099_case01,IGM,IGM_patient008_0052.jpg,1,1.0,strong_75_plus,166,138,0.9324324324324325,0.8313253012048193,0.8313253012048193,0.7840909090909091,1,False
UNET_MTL_MASK_GUIDED,1,patient099,patient099_case01,IGM,IGM_patient008_0052.jpg,2,,off_target_fp,7,0,0.0,0.0,0.0,0.0,0,False
UNET_MTL_MASK_GUIDED,1,patient099,patient099_case01,IGM,IGM_patient008_0053.jpg,1,1.0,strong_75_plus,147,113,0.8560606060606061,0.7687074829931972,0.7687074829931972,0.6807228915662651,1,False
UNET_MTL_MASK_GUIDED,1,patient099,patient099_case01,IGM,IGM_patient008_0054.jpg,1,,off_target_fp,9,0,0.0,0.0,0.0,0.0,0,False
UNET_MTL_MASK_GUIDED,1,patient099,patient099_case01,IGM,IGM_patient008_0054.jpg,2,1.0,strong_75_plus,137,121,0.9166666666666666,0.8832116788321168,0.8832116788321168,0.8175675675675675,1,False
UNET_MTL_MASK_GUIDED,1,patient099,patient099_case01,IGM,IGM_patient008_0054.jpg,3,,off_target_fp,11,0,0.0,0.0,0.0,0.0,0,False
UNET_MTL_MASK_GUIDED,1,patient099,patient099_case01,IGM,IGM_patient008_0054.jpg,4,,off_target_fp,24,0,0.0,0.0,0.0,0.0,0,False
UNET_MTL_MASK_GUIDED,1,patient099,patient099_case01,IGM,IGM_patient008_0054.jpg,5,,off_target_fp,65,0,0.0,0.0,0.0,0.0,0,False
UNET_MTL_MASK_GUIDED,1,patient099,patient099_case01,IGM,IGM_patient008_0055.jpg,1,,off_target_fp,74,0,0.0,0.0,0.0,0.0,0,False
UNET_MTL_MASK_GUIDED,1,patient099,patient099_case01,IGM,IGM_patient008_0055.jpg,2,1.0,strong_75_plus,175,132,0.9705882352941176,0.7542857142857143,0.7542857142857143,0.7374301675977654,1,False
UNET_MTL_MASK_GUIDED,1,patient099,patient099_case01,IGM,IGM_patient008_0055.jpg,3,,off_target_fp,12,0,0.0,0.0,0.0,0.0,0,False
UNET_MTL_MASK_GUIDED,1,patient099,patient099_case01,IGM,IGM_patient008_0055.jpg,4,,off_target_fp,119,0,0.0,0.0,0.0,0.0,0,False
UNET_MTL_MASK_GUIDED,1,patient099,patient099_case01,IGM,IGM_patient008_0056.jpg,1,,off_target_fp,85,0,0.0,0.0,0.0,0.0,0,False
UNET_MTL_MASK_GUIDED,1,patient099,patient099_case01,IGM,IGM_patient008_0056.jpg,2,,off_target_fp,67,0,0.0,0.0,0.0,0.0,0,False
UNET_MTL_MASK_GUIDED,1,patient099,patient099_case01,IGM,IGM_patient008_0056.jpg,3,1.0,strong_75_plus,194,166,0.9222222222222223,0.8556701030927835,0.8556701030927835,0.7980769230769231,1,False
UNET_MTL_MASK_GUIDED,1,patient099,patient099_case01,IGM,IGM_patient008_0056.jpg,4,,off_target_fp,15,0,0.0,0.0,0.0,0.0,0,False
UNET_MTL_MASK_GUIDED,1,patient099,patient099_case01,IGM,IGM_patient008_0056.jpg,5,,off_target_fp,16,0,0.0,0.0,0.0,0.0,0,False
UNET_MTL_MASK_GUIDED,1,patient099,patient099_case01,IGM,IGM_patient008_0056.jpg,6,,off_target_fp,86,0,0.0,0.0,0.0,0.0,0,False
UNET_MTL_MASK_GUIDED,1,patient099,patient099_case01,IGM,IGM_patient008_0057.jpg,1,,off_target_fp,42,0,0.0,0.0,0.0,0.0,0,False
UNET_MTL_MASK_GUIDED,1,patient099,patient099_case01,IGM,IGM_patient008_0057.jpg,2,,off_target_fp,43,0,0.0,0.0,0.0,0.0,0,False
UNET_MTL_MASK_GUIDED,1,patient099,patient099_case01,IGM,IGM_patient008_0057.jpg,3,,off_target_fp,187,0,0.0,0.0,0.0,0.0,0,False
UNET_MTL_MASK_GUIDED,1,patient099,patient099_case01,IGM,IGM_patient008_0057.jpg,4,1.0,strong_75_plus,164,150,0.9375,0.9146341463414634,0.9146341463414634,0.8620689655172413,1,False
UNET_MTL_MASK_GUIDED,1,patient099,patient099_case01,IGM,IGM_patient008_0057.jpg,5,,off_target_fp,24,0,0.0,0.0,0.0,0.0,0,False
UNET_MTL_MASK_GUIDED,1,patient099,patient099_case01,IGM,IGM_patient008_0057.jpg,6,,off_target_fp,196,0,0.0,0.0,0.0,0.0,0,False
UNET_MTL_MASK_GUIDED,1,patient099,patient099_case01,IGM,IGM_patient008_0058.jpg,1,,off_target_fp,5,0,0.0,0.0,0.0,0.0,0,False
UNET_MTL_MASK_GUIDED,1,patient099,patient099_case01,IGM,IGM_patient008_0058.jpg,2,,off_target_fp,226,0,0.0,0.0,0.0,0.0,0,False
UNET_MTL_MASK_GUIDED,1,patient099,patient099_case01,IGM,IGM_patient008_0058.jpg,3,1.0,strong_75_plus,89,81,0.8804347826086957,0.9101123595505618,0.8804347826086957,0.81,1,False
UNET_MTL_MASK_GUIDED,1,patient099,patient099_case01,IGM,IGM_patient008_0058.jpg,4,,off_target_fp,149,0,0.0,0.0,0.0,0.0,0,False
UNET_MTL_MASK_GUIDED,1,patient102,patient102_case01,IGM,IGM_patient009_0053.jpg,1,,off_target_fp,57,0,0.0,0.0,0.0,0.0,0,False
UNET_MTL_MASK_GUIDED,1,patient102,patient102_case01,IGM,IGM_patient009_0053.jpg,2,,off_target_fp,16,0,0.0,0.0,0.0,0.0,0,False
UNET_MTL_MASK_GUIDED,1,patient102,patient102_case01,IGM,IGM_patient009_0054.jpg,1,,off_target_fp,7,0,0.0,0.0,0.0,0.0,0,False
UNET_MTL_MASK_GUIDED,1,patient102,patient102_case01,IGM,IGM_patient009_0054.jpg,2,,off_target_fp,16,0,0.0,0.0,0.0,0.0,0,False
UNET_MTL_MASK_GUIDED,1,patient102,patient102_case01,IGM,IGM_patient009_0054.jpg,3,1.0,strong_75_plus,232,200,0.9615384615384616,0.8620689655172413,0.8620689655172413,0.8333333333333334,1,False
UNET_MTL_MASK_GUIDED,1,patient102,patient102_case01,IGM,IGM_patient009_0055.jpg,1,,off_target_fp,21,0,0.0,0.0,0.0,0.0,0,False
UNET_MTL_MASK_GUIDED,1,patient102,patient102_case01,IGM,IGM_patient009_0055.jpg,2,,off_target_fp,124,0,0.0,0.0,0.0,0.0,0,False
UNET_MTL_MASK_GUIDED,1,patient102,patient102_case01,IGM,IGM_patient009_0055.jpg,3,1.0,strong_75_plus,361,279,0.8303571428571429,0.7728531855955678,0.7728531855955678,0.6674641148325359,1,False
UNET_MTL_MASK_GUIDED,1,patient102,patient102_case01,IGM,IGM_patient009_0056.jpg,1,,off_target_fp,207,0,0.0,0.0,0.0,0.0,0,False
UNET_MTL_MASK_GUIDED,1,patient102,patient102_case01,IGM,IGM_patient009_0056.jpg,2,,off_target_fp,2,0,0.0,0.0,0.0,0.0,0,False
UNET_MTL_MASK_GUIDED,1,patient102,patient102_case01,IGM,IGM_patient009_0056.jpg,3,1.0,strong_75_plus,346,293,0.8323863636363636,0.846820809248555,0.8323863636363636,0.7234567901234568,1,False
UNET_MTL_MASK_GUIDED,1,patient102,patient102_case01,IGM,IGM_patient009_0056.jpg,4,,off_target_fp,10,0,0.0,0.0,0.0,0.0,0,False
UNET_MTL_MASK_GUIDED,1,patient102,patient102_case01,IGM,IGM_patient009_0057.jpg,1,,off_target_fp,188,0,0.0,0.0,0.0,0.0,0,False
UNET_MTL_MASK_GUIDED,1,patient102,patient102_case01,IGM,IGM_patient009_0057.jpg,2,1.0,moderate_50_to_75,336,224,0.9824561403508771,0.6666666666666666,0.6666666666666666,0.6588235294117647,1,False
UNET_MTL_MASK_GUIDED,1,patient102,patient102_case01,IGM,IGM_patient009_0057.jpg,3,,off_target_fp,33,0,0.0,0.0,0.0,0.0,0,False
UNET_MTL_MASK_GUIDED,1,patient102,patient102_case01,IGM,IGM_patient009_0058.jpg,1,,off_target_fp,222,0,0.0,0.0,0.0,0.0,0,False
UNET_MTL_MASK_GUIDED,1,patient102,patient102_case01,IGM,IGM_patient009_0058.jpg,2,,off_target_fp,9,0,0.0,0.0,0.0,0.0,0,False
UNET_MTL_MASK_GUIDED,1,patient102,patient102_case01,IGM,IGM_patient009_0058.jpg,3,1.0,strong_75_plus,183,175,0.78125,0.9562841530054644,0.78125,0.7543103448275862,1,False
UNET_MTL_MASK_GUIDED,1,patient102,patient102_case01,IGM,IGM_patient009_0058.jpg,4,,off_target_fp,81,0,0.0,0.0,0.0,0.0,0,False
UNET_MTL_MASK_GUIDED,10,patient003,patient003_case01,IBC,IBC_patient010_0139.jpg,1,,off_target_fp,21,0,0.0,0.0,0.0,0.0,0,False
UNET_MTL_MASK_GUIDED,10,patient003,patient003_case01,IBC,IBC_patient010_0139.jpg,2,1.0,moderate_50_to_75,615,376,0.8173913043478261,0.6113821138211382,0.6113821138211382,0.5379113018597997,1,False
UNET_MTL_MASK_GUIDED,10,patient003,patient003_case01,IBC,IBC_patient010_0140.jpg,1,1.0,strong_75_plus,678,545,0.9332191780821918,0.803834808259587,0.803834808259587,0.7601115760111576,1,False
UNET_MTL_MASK_GUIDED,10,patient003,patient003_case01,IBC,IBC_patient010_0140.jpg,2,,off_target_fp,49,0,0.0,0.0,0.0,0.0,0,False
UNET_MTL_MASK_GUIDED,10,patient003,patient003_case01,IBC,IBC_patient010_0141.jpg,1,1.0,strong_75_plus,758,591,0.9471153846153846,0.7796833773087071,0.7796833773087071,0.7471554993678887,1,False
UNET_MTL_MASK_GUIDED,10,patient003,patient003_case01,IBC,IBC_patient010_0141.jpg,2,,off_target_fp,26,0,0.0,0.0,0.0,0.0,0,False
UNET_MTL_MASK_GUIDED,10,patient003,patient003_case01,IBC,IBC_patient010_0142.jpg,1,1.0,strong_75_plus,786,648,0.9642857142857143,0.8244274809160306,0.8244274809160306,0.8,1,False
UNET_MTL_MASK_GUIDED,10,patient003,patient003_case01,IBC,IBC_patient010_0142.jpg,2,,off_target_fp,16,0,0.0,0.0,0.0,0.0,0,False
UNET_MTL_MASK_GUIDED,10,patient003,patient003_case01,IBC,IBC_patient010_0143.jpg,1,1.0,strong_75_plus,827,722,0.9256410256410257,0.8730350665054414,0.8730350665054414,0.8158192090395481,1,False
UNET_MTL_MASK_GUIDED,10,patient003,patient003_case01,IBC,IBC_patient010_0143.jpg,2,,off_target_fp,17,0,0.0,0.0,0.0,0.0,0,False
UNET_MTL_MASK_GUIDED,10,patient003,patient003_case01,IBC,IBC_patient010_0144.jpg,1,1.0,moderate_50_to_75,867,608,0.987012987012987,0.7012687427912342,0.7012687427912342,0.6948571428571428,1,False
UNET_MTL_MASK_GUIDED,10,patient003,patient003_case01,IBC,IBC_patient010_0144.jpg,2,,off_target_fp,16,0,0.0,0.0,0.0,0.0,0,False
UNET_MTL_MASK_GUIDED,10,patient003,patient003_case01,IBC,IBC_patient010_0145.jpg,1,,off_target_fp,292,0,0.0,0.0,0.0,0.0,0,False
UNET_MTL_MASK_GUIDED,10,patient003,patient003_case01,IBC,IBC_patient010_0145.jpg,2,1.0,moderate_50_to_75,908,632,0.9693251533742331,0.6960352422907489,0.6960352422907489,0.6810344827586207,1,False
UNET_MTL_MASK_GUIDED,10,patient003,patient003_case01,IBC,IBC_patient010_0146.jpg,1,,off_target_fp,346,0,0.0,0.0,0.0,0.0,0,False
UNET_MTL_MASK_GUIDED,10,patient003,patient003_case01,IBC,IBC_patient010_0146.jpg,2,1.0,moderate_50_to_75,947,677,0.9955882352941177,0.7148891235480465,0.7148891235480465,0.7126315789473684,1,False
UNET_MTL_MASK_GUIDED,10,patient003,patient003_case01,IBC,IBC_patient010_0147.jpg,1,,off_target_fp,251,0,0.0,0.0,0.0,0.0,0,False
UNET_MTL_MASK_GUIDED,10,patient003,patient003_case01,IBC,IBC_patient010_0147.jpg,2,1.0,moderate_50_to_75,915,631,0.9921383647798742,0.6896174863387978,0.6896174863387978,0.6858695652173913,1,False
UNET_MTL_MASK_GUIDED,10,patient003,patient003_case01,IBC,IBC_patient010_0148.jpg,1,,off_target_fp,213,0,0.0,0.0,0.0,0.0,0,False
UNET_MTL_MASK_GUIDED,10,patient003,patient003_case01,IBC,IBC_patient010_0148.jpg,2,1.0,moderate_50_to_75,877,612,0.9935064935064936,0.6978335233751425,0.6978335233751425,0.6946651532349603,1,False
UNET_MTL_MASK_GUIDED,10,patient003,patient003_case01,IBC,IBC_patient010_0149.jpg,1,,off_target_fp,294,0,0.0,0.0,0.0,0.0,0,False
UNET_MTL_MASK_GUIDED,10,patient003,patient003_case01,IBC,IBC_patient010_0149.jpg,2,1.0,moderate_50_to_75,862,582,0.9965753424657534,0.6751740139211136,0.6751740139211136,0.6736111111111112,1,False
UNET_MTL_MASK_GUIDED,10,patient003,patient003_case01,IBC,IBC_patient010_0150.jpg,1,,off_target_fp,264,0,0.0,0.0,0.0,0.0,0,False
UNET_MTL_MASK_GUIDED,10,patient003,patient003_case01,IBC,IBC_patient010_0150.jpg,2,1.0,moderate_50_to_75,824,514,0.9961240310077519,0.6237864077669902,0.6237864077669902,0.6222760290556901,1,False
UNET_MTL_MASK_GUIDED,10,patient003,patient003_case01,IBC,IBC_patient010_0151.jpg,1,1.0,moderate_50_to_75,671,459,0.9642857142857143,0.684053651266766,0.684053651266766,0.6671511627906976,1,False
UNET_MTL_MASK_GUIDED,10,patient003,patient003_case01,IBC,IBC_patient010_0152.jpg,1,1.0,strong_75_plus,411,400,0.8,0.9732360097323601,0.8,0.7827788649706457,1,False
UNET_MTL_MASK_GUIDED,10,patient003,patient003_case01,IBC,IBC_patient010_0152.jpg,2,,off_target_fp,120,0,0.0,0.0,0.0,0.0,0,False
UNET_MTL_MASK_GUIDED,10,patient003,patient003_case01,IBC,IBC_patient010_0153.jpg,1,1.0,moderate_50_to_75,302,294,0.6125,0.9735099337748344,0.6125,0.6024590163934426,1,False
UNET_MTL_MASK_GUIDED,10,patient003,patient003_case01,IBC,IBC_patient010_0153.jpg,2,,off_target_fp,85,0,0.0,0.0,0.0,0.0,0,False
UNET_MTL_MASK_GUIDED,10,patient003,patient003_case01,IBC,IBC_patient010_0153.jpg,3,,off_target_fp,135,0,0.0,0.0,0.0,0.0,0,False
UNET_MTL_MASK_GUIDED,10,patient003,patient003_case01,IBC,IBC_patient010_0154.jpg,1,1.0,low_25_to_50,250,246,0.4959677419354839,0.984,0.4959677419354839,0.492,1,False
UNET_MTL_MASK_GUIDED,10,patient003,patient003_case01,IBC,IBC_patient010_0154.jpg,2,,off_target_fp,122,0,0.0,0.0,0.0,0.0,0,False
UNET_MTL_MASK_GUIDED,10,patient003,patient003_case01,IBC,IBC_patient010_0154.jpg,3,,off_target_fp,30,0,0.0,0.0,0.0,0.0,0,False
UNET_MTL_MASK_GUIDED,10,patient003,patient003_case01,IBC,IBC_patient010_0154.jpg,4,,off_target_fp,167,0,0.0,0.0,0.0,0.0,0,False
UNET_MTL_MASK_GUIDED,10,patient003,patient003_case01,IBC,IBC_patient010_0154.jpg,5,,off_target_fp,10,0,0.0,0.0,0.0,0.0,0,False
UNET_MTL_MASK_GUIDED,10,patient003,patient003_case01,IBC,IBC_patient010_0155.jpg,1,1.0,moderate_50_to_75,279,277,0.5723140495867769,0.992831541218638,0.5723140495867769,0.5699588477366255,1,False
UNET_MTL_MASK_GUIDED,10,patient003,patient003_case01,IBC,IBC_patient010_0155.jpg,2,,off_target_fp,119,0,0.0,0.0,0.0,0.0,0,False
UNET_MTL_MASK_GUIDED,10,patient003,patient003_case01,IBC,IBC_patient010_0155.jpg,3,,off_target_fp,22,0,0.0,0.0,0.0,0.0,0,False
UNET_MTL_MASK_GUIDED,10,patient003,patient003_case01,IBC,IBC_patient010_0155.jpg,4,1.0,partial_below_25,194,2,0.004132231404958678,0.010309278350515464,0.004132231404958678,0.0029585798816568047,1,False
UNET_MTL_MASK_GUIDED,10,patient003,patient003_case01,IBC,IBC_patient010_0156.jpg,1,1.0,moderate_50_to_75,252,236,0.5673076923076923,0.9365079365079365,0.5673076923076923,0.5462962962962963,1,False
UNET_MTL_MASK_GUIDED,10,patient003,patient003_case01,IBC,IBC_patient010_0156.jpg,2,,off_target_fp,101,0,0.0,0.0,0.0,0.0,0,False
UNET_MTL_MASK_GUIDED,10,patient003,patient003_case01,IBC,IBC_patient010_0156.jpg,3,,off_target_fp,11,0,0.0,0.0,0.0,0.0,0,False
UNET_MTL_MASK_GUIDED,10,patient003,patient003_case01,IBC,IBC_patient010_0156.jpg,4,1.0,partial_below_25,182,8,0.019230769230769232,0.04395604395604396,0.019230769230769232,0.013559322033898305,1,False
UNET_MTL_MASK_GUIDED,10,patient003,patient003_case01,IBC,IBC_patient010_0157.jpg,1,1.0,moderate_50_to_75,379,226,0.7243589743589743,0.5963060686015831,0.5963060686015831,0.4860215053763441,1,False
UNET_MTL_MASK_GUIDED,10,patient003,patient003_case01,IBC,IBC_patient010_0157.jpg,2,,off_target_fp,72,0,0.0,0.0,0.0,0.0,0,False
UNET_MTL_MASK_GUIDED,10,patient003,patient003_case01,IBC,IBC_patient010_0158.jpg,1,1.0,low_25_to_50,159,155,0.4783950617283951,0.9748427672955975,0.4783950617283951,0.4725609756097561,1,False
UNET_MTL_MASK_GUIDED,10,patient003,patient003_case01,IBC,IBC_patient010_0158.jpg,2,1.0,partial_below_25,48,19,0.05864197530864197,0.3958333333333333,0.05864197530864197,0.053824362606232294,1,False
UNET_MTL_MASK_GUIDED,10,patient004,patient004_case01,IBC,IBC_patient011_0074.jpg,1,,off_target_fp,26,0,0.0,0.0,0.0,0.0,0,False
UNET_MTL_MASK_GUIDED,10,patient004,patient004_case01,IBC,IBC_patient011_0075.jpg,1,,off_target_fp,476,0,0.0,0.0,0.0,0.0,0,False
UNET_MTL_MASK_GUIDED,10,patient004,patient004_case01,IBC,IBC_patient011_0075.jpg,2,,off_target_fp,183,0,0.0,0.0,0.0,0.0,0,False
UNET_MTL_MASK_GUIDED,10,patient004,patient004_case01,IBC,IBC_patient011_0076.jpg,1,,off_target_fp,904,0,0.0,0.0,0.0,0.0,0,False
UNET_MTL_MASK_GUIDED,10,patient004,patient004_case01,IBC,IBC_patient011_0076.jpg,2,,off_target_fp,87,0,0.0,0.0,0.0,0.0,0,False
UNET_MTL_MASK_GUIDED,10,patient004,patient004_case01,IBC,IBC_patient011_0076.jpg,3,,off_target_fp,33,0,0.0,0.0,0.0,0.0,0,False
UNET_MTL_MASK_GUIDED,10,patient004,patient004_case01,IBC,IBC_patient011_0077.jpg,1,,off_target_fp,974,0,0.0,0.0,0.0,0.0,0,False
UNET_MTL_MASK_GUIDED,10,patient004,patient004_case01,IBC,IBC_patient011_0078.jpg,1,,off_target_fp,756,0,0.0,0.0,0.0,0.0,0,False
UNET_MTL_MASK_GUIDED,10,patient004,patient004_case01,IBC,IBC_patient011_0079.jpg,1,,off_target_fp,42,0,0.0,0.0,0.0,0.0,0,False
UNET_MTL_MASK_GUIDED,10,patient004,patient004_case01,IBC,IBC_patient011_0079.jpg,2,,off_target_fp,218,0,0.0,0.0,0.0,0.0,0,False
UNET_MTL_MASK_GUIDED,10,patient004,patient004_case01,IBC,IBC_patient011_0080.jpg,1,,off_target_fp,131,0,0.0,0.0,0.0,0.0,0,False
UNET_MTL_MASK_GUIDED,10,patient004,patient004_case01,IBC,IBC_patient011_0081.jpg,1,,off_target_fp,26,0,0.0,0.0,0.0,0.0,0,False
UNET_MTL_MASK_GUIDED,10,patient004,patient004_case01,IBC,IBC_patient011_0082.jpg,1,,off_target_fp,345,0,0.0,0.0,0.0,0.0,0,False
UNET_MTL_MASK_GUIDED,10,patient004,patient004_case01,IBC,IBC_patient011_0082.jpg,2,,off_target_fp,174,0,0.0,0.0,0.0,0.0,0,False
UNET_MTL_MASK_GUIDED,10,patient004,patient004_case01,IBC,IBC_patient011_0082.jpg,3,,off_target_fp,78,0,0.0,0.0,0.0,0.0,0,False
UNET_MTL_MASK_GUIDED,10,patient004,patient004_case01,IBC,IBC_patient011_0082.jpg,4,,off_target_fp,156,0,0.0,0.0,0.0,0.0,0,False
UNET_MTL_MASK_GUIDED,10,patient004,patient004_case01,IBC,IBC_patient011_0083.jpg,1,,off_target_fp,715,0,0.0,0.0,0.0,0.0,0,False
UNET_MTL_MASK_GUIDED,10,patient004,patient004_case01,IBC,IBC_patient011_0083.jpg,2,,off_target_fp,726,0,0.0,0.0,0.0,0.0,0,False
UNET_MTL_MASK_GUIDED,10,patient004,patient004_case01,IBC,IBC_patient011_0083.jpg,3,,off_target_fp,87,0,0.0,0.0,0.0,0.0,0,False
UNET_MTL_MASK_GUIDED,10,patient004,patient004_case01,IBC,IBC_patient011_0083.jpg,4,,off_target_fp,172,0,0.0,0.0,0.0,0.0,0,False
UNET_MTL_MASK_GUIDED,10,patient004,patient004_case01,IBC,IBC_patient011_0084.jpg,1,,off_target_fp,652,0,0.0,0.0,0.0,0.0,0,False
UNET_MTL_MASK_GUIDED,10,patient004,patient004_case01,IBC,IBC_patient011_0084.jpg,2,,off_target_fp,44,0,0.0,0.0,0.0,0.0,0,False
UNET_MTL_MASK_GUIDED,10,patient004,patient004_case01,IBC,IBC_patient011_0084.jpg,3,,off_target_fp,938,0,0.0,0.0,0.0,0.0,0,False
UNET_MTL_MASK_GUIDED,10,patient004,patient004_case01,IBC,IBC_patient011_0084.jpg,4,,off_target_fp,43,0,0.0,0.0,0.0,0.0,0,False
UNET_MTL_MASK_GUIDED,10,patient004,patient004_case01,IBC,IBC_patient011_0085.jpg,1,,off_target_fp,579,0,0.0,0.0,0.0,0.0,0,False
UNET_MTL_MASK_GUIDED,10,patient004,patient004_case01,IBC,IBC_patient011_0085.jpg,2,,off_target_fp,1061,0,0.0,0.0,0.0,0.0,0,False
UNET_MTL_MASK_GUIDED,10,patient004,patient004_case01,IBC,IBC_patient011_0085.jpg,3,,off_target_fp,30,0,0.0,0.0,0.0,0.0,0,False
UNET_MTL_MASK_GUIDED,10,patient004,patient004_case01,IBC,IBC_patient011_0086.jpg,1,,off_target_fp,634,0,0.0,0.0,0.0,0.0,0,False
UNET_MTL_MASK_GUIDED,10,patient004,patient004_case01,IBC,IBC_patient011_0086.jpg,2,,off_target_fp,1238,0,0.0,0.0,0.0,0.0,0,False
UNET_MTL_MASK_GUIDED,10,patient004,patient004_case01,IBC,IBC_patient011_0087.jpg,1,,off_target_fp,530,0,0.0,0.0,0.0,0.0,0,False
UNET_MTL_MASK_GUIDED,10,patient004,patient004_case01,IBC,IBC_patient011_0087.jpg,2,,off_target_fp,168,0,0.0,0.0,0.0,0.0,0,False
UNET_MTL_MASK_GUIDED,10,patient004,patient004_case01,IBC,IBC_patient011_0087.jpg,3,,off_target_fp,1150,0,0.0,0.0,0.0,0.0,0,False
UNET_MTL_MASK_GUIDED,10,patient004,patient004_case01,IBC,IBC_patient011_0088.jpg,1,,off_target_fp,514,0,0.0,0.0,0.0,0.0,0,False
UNET_MTL_MASK_GUIDED,10,patient004,patient004_case01,IBC,IBC_patient011_0088.jpg,2,,off_target_fp,912,0,0.0,0.0,0.0,0.0,0,False
UNET_MTL_MASK_GUIDED,10,patient004,patient004_case01,IBC,IBC_patient011_0089.jpg,1,,off_target_fp,415,0,0.0,0.0,0.0,0.0,0,False
UNET_MTL_MASK_GUIDED,10,patient004,patient004_case01,IBC,IBC_patient011_0089.jpg,2,,off_target_fp,26,0,0.0,0.0,0.0,0.0,0,False
UNET_MTL_MASK_GUIDED,10,patient004,patient004_case01,IBC,IBC_patient011_0089.jpg,3,,off_target_fp,24,0,0.0,0.0,0.0,0.0,0,False
UNET_MTL_MASK_GUIDED,10,patient004,patient004_case01,IBC,IBC_patient011_0089.jpg,4,,off_target_fp,572,0,0.0,0.0,0.0,0.0,0,False
UNET_MTL_MASK_GUIDED,10,patient004,patient004_case01,IBC,IBC_patient011_0090.jpg,1,,off_target_fp,406,0,0.0,0.0,0.0,0.0,0,False
UNET_MTL_MASK_GUIDED,10,patient004,patient004_case01,IBC,IBC_patient011_0090.jpg,2,,off_target_fp,44,0,0.0,0.0,0.0,0.0,0,False
UNET_MTL_MASK_GUIDED,10,patient004,patient004_case01,IBC,IBC_patient011_0090.jpg,3,,off_target_fp,44,0,0.0,0.0,0.0,0.0,0,False
UNET_MTL_MASK_GUIDED,10,patient004,patient004_case01,IBC,IBC_patient011_0090.jpg,4,,off_target_fp,146,0,0.0,0.0,0.0,0.0,0,False
UNET_MTL_MASK_GUIDED,10,patient004,patient004_case01,IBC,IBC_patient011_0091.jpg,1,,off_target_fp,268,0,0.0,0.0,0.0,0.0,0,False
UNET_MTL_MASK_GUIDED,10,patient004,patient004_case01,IBC,IBC_patient011_0091.jpg,2,,off_target_fp,38,0,0.0,0.0,0.0,0.0,0,False
UNET_MTL_MASK_GUIDED,10,patient007,patient007_case01,IGM,IGM_patient012_0059.jpg,1,,off_target_fp,91,0,0.0,0.0,0.0,0.0,0,False
UNET_MTL_MASK_GUIDED,10,patient007,patient007_case01,IGM,IGM_patient012_0059.jpg,2,1.0,moderate_50_to_75,216,144,0.8780487804878049,0.6666666666666666,0.6666666666666666,0.6101694915254238,1,False
UNET_MTL_MASK_GUIDED,10,patient007,patient007_case01,IGM,IGM_patient012_0059.jpg,3,,off_target_fp,159,0,0.0,0.0,0.0,0.0,0,False
UNET_MTL_MASK_GUIDED,10,patient007,patient007_case01,IGM,IGM_patient012_0059.jpg,4,,off_target_fp,14,0,0.0,0.0,0.0,0.0,0,False
UNET_MTL_MASK_GUIDED,10,patient007,patient007_case01,IGM,IGM_patient012_0060.jpg,1,,off_target_fp,53,0,0.0,0.0,0.0,0.0,0,False
UNET_MTL_MASK_GUIDED,10,patient007,patient007_case01,IGM,IGM_patient012_0060.jpg,2,1.0,strong_75_plus,214,176,0.8461538461538461,0.822429906542056,0.822429906542056,0.7154471544715447,1,False
UNET_MTL_MASK_GUIDED,10,patient007,patient007_case01,IGM,IGM_patient012_0060.jpg,3,,off_target_fp,101,0,0.0,0.0,0.0,0.0,0,False
UNET_MTL_MASK_GUIDED,10,patient007,patient007_case01,IGM,IGM_patient012_0061.jpg,1,,off_target_fp,20,0,0.0,0.0,0.0,0.0,0,False
UNET_MTL_MASK_GUIDED,10,patient007,patient007_case01,IGM,IGM_patient012_0061.jpg,2,1.0,strong_75_plus,272,221,0.8911290322580645,0.8125,0.8125,0.7391304347826086,1,False
UNET_MTL_MASK_GUIDED,10,patient007,patient007_case01,IGM,IGM_patient012_0061.jpg,3,,off_target_fp,46,0,0.0,0.0,0.0,0.0,0,False
UNET_MTL_MASK_GUIDED,10,patient007,patient007_case01,IGM,IGM_patient012_0061.jpg,4,,off_target_fp,164,0,0.0,0.0,0.0,0.0,0,False
UNET_MTL_MASK_GUIDED,10,patient007,patient007_case01,IGM,IGM_patient012_0062.jpg,1,1.0,strong_75_plus,286,218,0.8650793650793651,0.7622377622377622,0.7622377622377622,0.68125,1,False
UNET_MTL_MASK_GUIDED,10,patient007,patient007_case01,IGM,IGM_patient012_0062.jpg,2,,off_target_fp,146,0,0.0,0.0,0.0,0.0,0,False
UNET_MTL_MASK_GUIDED,10,patient007,patient007_case01,IGM,IGM_patient012_0063.jpg,1,1.0,moderate_50_to_75,171,129,0.6581632653061225,0.7543859649122807,0.6581632653061225,0.542016806722689,1,False
UNET_MTL_MASK_GUIDED,10,patient007,patient007_case01,IGM,IGM_patient012_0063.jpg,2,,off_target_fp,77,0,0.0,0.0,0.0,0.0,0,False
UNET_MTL_MASK_GUIDED,10,patient007,patient007_case01,IGM,IGM_patient012_0064.jpg,1,1.0,low_25_to_50,40,26,0.4642857142857143,0.65,0.4642857142857143,0.37142857142857144,1,False
UNET_MTL_MASK_GUIDED,10,patient007,patient007_case01,IGM,IGM_patient012_0064.jpg,2,,off_target_fp,584,0,0.0,0.0,0.0,0.0,0,False
UNET_MTL_MASK_GUIDED,10,patient011,patient011_case01,IBC,IBC_patient014_0059.jpg,1,,off_target_fp,305,0,0.0,0.0,0.0,0.0,0,False
UNET_MTL_MASK_GUIDED,10,patient011,patient011_case01,IBC,IBC_patient014_0060.jpg,1,1.0,moderate_50_to_75,174,173,0.6975806451612904,0.9942528735632183,0.6975806451612904,0.6947791164658634,1,False
UNET_MTL_MASK_GUIDED,10,patient011,patient011_case01,IBC,IBC_patient014_0061.jpg,1,1.0,strong_75_plus,394,357,0.9201030927835051,0.9060913705583756,0.9060913705583756,0.84,1,False
UNET_MTL_MASK_GUIDED,10,patient011,patient011_case01,IBC,IBC_patient014_0062.jpg,1,1.0,strong_75_plus,582,527,0.947841726618705,0.9054982817869416,0.9054982817869416,0.8625204582651391,1,False
UNET_MTL_MASK_GUIDED,10,patient011,patient011_case01,IBC,IBC_patient014_0063.jpg,1,1.0,strong_75_plus,750,642,0.9786585365853658,0.856,0.856,0.8403141361256544,1,False
UNET_MTL_MASK_GUIDED,10,patient011,patient011_case01,IBC,IBC_patient014_0064.jpg,1,,off_target_fp,109,0,0.0,0.0,0.0,0.0,0,False
UNET_MTL_MASK_GUIDED,10,patient011,patient011_case01,IBC,IBC_patient014_0064.jpg,2,1.0,strong_75_plus,895,754,0.9716494845360825,0.8424581005586592,0.8424581005586592,0.822246455834242,1,False
UNET_MTL_MASK_GUIDED,10,patient011,patient011_case01,IBC,IBC_patient014_0064.jpg,3,,off_target_fp,241,0,0.0,0.0,0.0,0.0,0,False
UNET_MTL_MASK_GUIDED,10,patient011,patient011_case01,IBC,IBC_patient014_0065.jpg,1,,off_target_fp,18,0,0.0,0.0,0.0,0.0,0,False
UNET_MTL_MASK_GUIDED,10,patient011,patient011_case01,IBC,IBC_patient014_0065.jpg,2,1.0,strong_75_plus,980,763,0.9832474226804123,0.7785714285714286,0.7785714285714286,0.7683786505538771,1,False
UNET_MTL_MASK_GUIDED,10,patient011,patient011_case01,IBC,IBC_patient014_0065.jpg,3,,off_target_fp,584,0,0.0,0.0,0.0,0.0,0,False
UNET_MTL_MASK_GUIDED,10,patient011,patient011_case01,IBC,IBC_patient014_0066.jpg,1,1.0,strong_75_plus,993,745,0.9802631578947368,0.7502517623363545,0.7502517623363545,0.7390873015873016,1,False
UNET_MTL_MASK_GUIDED,10,patient011,patient011_case01,IBC,IBC_patient014_0066.jpg,2,,off_target_fp,45,0,0.0,0.0,0.0,0.0,0,False
UNET_MTL_MASK_GUIDED,10,patient011,patient011_case01,IBC,IBC_patient014_0066.jpg,3,,off_target_fp,537,0,0.0,0.0,0.0,0.0,0,False
UNET_MTL_MASK_GUIDED,10,patient011,patient011_case01,IBC,IBC_patient014_0067.jpg,1,,off_target_fp,253,0,0.0,0.0,0.0,0.0,0,False
UNET_MTL_MASK_GUIDED,10,patient011,patient011_case01,IBC,IBC_patient014_0067.jpg,2,1.0,strong_75_plus,965,761,0.9756410256410256,0.78860103626943,0.78860103626943,0.7733739837398373,1,False
UNET_MTL_MASK_GUIDED,10,patient011,patient011_case01,IBC,IBC_patient014_0067.jpg,3,,off_target_fp,409,0,0.0,0.0,0.0,0.0,0,False
UNET_MTL_MASK_GUIDED,10,patient011,patient011_case01,IBC,IBC_patient014_0068.jpg,1,1.0,strong_75_plus,869,658,0.996969696969697,0.757192174913694,0.757192174913694,0.7554535017221584,1,False
UNET_MTL_MASK_GUIDED,10,patient011,patient011_case01,IBC,IBC_patient014_0069.jpg,1,,off_target_fp,66,0,0.0,0.0,0.0,0.0,0,False
UNET_MTL_MASK_GUIDED,10,patient011,patient011_case01,IBC,IBC_patient014_0069.jpg,2,1.0,strong_75_plus,726,564,0.9657534246575342,0.7768595041322314,0.7768595041322314,0.7560321715817694,1,False
UNET_MTL_MASK_GUIDED,10,patient011,patient011_case01,IBC,IBC_patient014_0070.jpg,1,1.0,strong_75_plus,524,419,0.9030172413793104,0.799618320610687,0.799618320610687,0.7363796133567663,1,False
UNET_MTL_MASK_GUIDED,10,patient011,patient011_case01,IBC,IBC_patient014_0071.jpg,1,1.0,moderate_50_to_75,361,181,0.70703125,0.5013850415512465,0.5013850415512465,0.4151376146788991,1,False
UNET_MTL_MASK_GUIDED,10,patient012,patient012_case01,IBC,IBC_patient015_0139.jpg,1,1.0,moderate_50_to_75,72,72,0.5142857142857142,1.0,0.5142857142857142,0.5142857142857142,1,False
UNET_MTL_MASK_GUIDED,10,patient012,patient012_case01,IBC,IBC_patient015_0139.jpg,2,,off_target_fp,14,0,0.0,0.0,0.0,0.0,0,False
UNET_MTL_MASK_GUIDED,10,patient012,patient012_case01,IBC,IBC_patient015_0140.jpg,1,1.0,moderate_50_to_75,138,133,0.7074468085106383,0.9637681159420289,0.7074468085106383,0.689119170984456,1,False
UNET_MTL_MASK_GUIDED,10,patient012,patient012_case01,IBC,IBC_patient015_0140.jpg,2,,off_target_fp,54,0,0.0,0.0,0.0,0.0,0,False
UNET_MTL_MASK_GUIDED,10,patient012,patient012_case01,IBC,IBC_patient015_0141.jpg,1,1.0,strong_75_plus,213,199,0.8577586206896551,0.9342723004694836,0.8577586206896551,0.8089430894308943,1,False
UNET_MTL_MASK_GUIDED,10,patient012,patient012_case01,IBC,IBC_patient015_0141.jpg,2,,off_target_fp,27,0,0.0,0.0,0.0,0.0,0,False
UNET_MTL_MASK_GUIDED,10,patient012,patient012_case01,IBC,IBC_patient015_0142.jpg,1,1.0,strong_75_plus,310,259,0.9384057971014492,0.8354838709677419,0.8354838709677419,0.7920489296636085,1,False
UNET_MTL_MASK_GUIDED,10,patient012,patient012_case01,IBC,IBC_patient015_0143.jpg,1,,off_target_fp,57,0,0.0,0.0,0.0,0.0,0,False
UNET_MTL_MASK_GUIDED,10,patient012,patient012_case01,IBC,IBC_patient015_0143.jpg,2,1.0,strong_75_plus,366,324,0.9310344827586207,0.8852459016393442,0.8852459016393442,0.8307692307692308,1,False
UNET_MTL_MASK_GUIDED,10,patient012,patient012_case01,IBC,IBC_patient015_0144.jpg,1,,off_target_fp,104,0,0.0,0.0,0.0,0.0,0,False
UNET_MTL_MASK_GUIDED,10,patient012,patient012_case01,IBC,IBC_patient015_0144.jpg,2,1.0,strong_75_plus,423,366,0.953125,0.8652482269503546,0.8652482269503546,0.8299319727891157,1,False
UNET_MTL_MASK_GUIDED,10,patient012,patient012_case01,IBC,IBC_patient015_0145.jpg,1,,off_target_fp,155,0,0.0,0.0,0.0,0.0,0,False
UNET_MTL_MASK_GUIDED,10,patient012,patient012_case01,IBC,IBC_patient015_0145.jpg,2,1.0,strong_75_plus,437,382,0.9362745098039216,0.8741418764302059,0.8741418764302059,0.8250539956803455,1,False
UNET_MTL_MASK_GUIDED,10,patient012,patient012_case01,IBC,IBC_patient015_0146.jpg,1,,off_target_fp,159,0,0.0,0.0,0.0,0.0,0,False
UNET_MTL_MASK_GUIDED,10,patient012,patient012_case01,IBC,IBC_patient015_0146.jpg,2,1.0,moderate_50_to_75,414,309,0.9778481012658228,0.7463768115942029,0.7463768115942029,0.7339667458432304,1,False
UNET_MTL_MASK_GUIDED,10,patient012,patient012_case01,IBC,IBC_patient015_0147.jpg,1,,off_target_fp,138,0,0.0,0.0,0.0,0.0,0,False
UNET_MTL_MASK_GUIDED,10,patient012,patient012_case01,IBC,IBC_patient015_0147.jpg,2,1.0,strong_75_plus,362,293,0.8720238095238095,0.8093922651933702,0.8093922651933702,0.7234567901234568,1,False
UNET_MTL_MASK_GUIDED,10,patient012,patient012_case01,IBC,IBC_patient015_0148.jpg,1,,off_target_fp,128,0,0.0,0.0,0.0,0.0,0,False
UNET_MTL_MASK_GUIDED,10,patient012,patient012_case01,IBC,IBC_patient015_0148.jpg,2,1.0,moderate_50_to_75,368,258,0.8958333333333334,0.7010869565217391,0.7010869565217391,0.6482412060301508,1,False
UNET_MTL_MASK_GUIDED,10,patient012,patient012_case01,IBC,IBC_patient015_0149.jpg,1,,off_target_fp,100,0,0.0,0.0,0.0,0.0,0,False
UNET_MTL_MASK_GUIDED,10,patient012,patient012_case01,IBC,IBC_patient015_0149.jpg,2,1.0,low_25_to_50,357,107,0.9907407407407407,0.29971988795518206,0.29971988795518206,0.2988826815642458,1,False
UNET_MTL_MASK_GUIDED,10,patient012,patient012_case01,IBC,IBC_patient015_0150.jpg,1,,off_target_fp,92,0,0.0,0.0,0.0,0.0,0,False
UNET_MTL_MASK_GUIDED,10,patient012,patient012_case01,IBC,IBC_patient015_0150.jpg,2,1.0,partial_below_25,349,86,0.86,0.24641833810888253,0.24641833810888253,0.2369146005509642,1,False
UNET_MTL_MASK_GUIDED,10,patient017,patient017_case01,IGM,IGM_patient017_0054.jpg,1,,off_target_fp,20,0,0.0,0.0,0.0,0.0,0,False
UNET_MTL_MASK_GUIDED,10,patient017,patient017_case01,IGM,IGM_patient017_0054.jpg,2,,off_target_fp,27,0,0.0,0.0,0.0,0.0,0,False
UNET_MTL_MASK_GUIDED,10,patient017,patient017_case01,IGM,IGM_patient017_0056.jpg,1,,off_target_fp,45,0,0.0,0.0,0.0,0.0,0,False
UNET_MTL_MASK_GUIDED,10,patient017,patient017_case01,IGM,IGM_patient017_0057.jpg,1,,off_target_fp,53,0,0.0,0.0,0.0,0.0,0,False
UNET_MTL_MASK_GUIDED,10,patient017,patient017_case01,IGM,IGM_patient017_0057.jpg,2,,off_target_fp,98,0,0.0,0.0,0.0,0.0,0,False
UNET_MTL_MASK_GUIDED,10,patient017,patient017_case01,IGM,IGM_patient017_0057.jpg,3,,off_target_fp,10,0,0.0,0.0,0.0,0.0,0,False
UNET_MTL_MASK_GUIDED,10,patient017,patient017_case01,IGM,IGM_patient017_0058.jpg,1,,off_target_fp,76,0,0.0,0.0,0.0,0.0,0,False
UNET_MTL_MASK_GUIDED,10,patient017,patient017_case01,IGM,IGM_patient017_0058.jpg,2,,off_target_fp,73,0,0.0,0.0,0.0,0.0,0,False
UNET_MTL_MASK_GUIDED,10,patient017,patient017_case01,IGM,IGM_patient017_0058.jpg,3,,off_target_fp,26,0,0.0,0.0,0.0,0.0,0,False
UNET_MTL_MASK_GUIDED,10,patient017,patient017_case01,IGM,IGM_patient017_0058.jpg,4,1.0,partial_below_25,24,15,0.09868421052631579,0.625,0.09868421052631579,0.09316770186335403,1,False
UNET_MTL_MASK_GUIDED,10,patient017,patient017_case01,IGM,IGM_patient017_0059.jpg,1,,off_target_fp,84,0,0.0,0.0,0.0,0.0,0,False
UNET_MTL_MASK_GUIDED,10,patient017,patient017_case01,IGM,IGM_patient017_0059.jpg,2,,off_target_fp,73,0,0.0,0.0,0.0,0.0,0,False
UNET_MTL_MASK_GUIDED,10,patient017,patient017_case01,IGM,IGM_patient017_0059.jpg,3,,off_target_fp,77,0,0.0,0.0,0.0,0.0,0,False
UNET_MTL_MASK_GUIDED,10,patient017,patient017_case01,IGM,IGM_patient017_0060.jpg,1,,off_target_fp,31,0,0.0,0.0,0.0,0.0,0,False
UNET_MTL_MASK_GUIDED,10,patient017,patient017_case01,IGM,IGM_patient017_0060.jpg,2,,off_target_fp,52,0,0.0,0.0,0.0,0.0,0,False
UNET_MTL_MASK_GUIDED,10,patient017,patient017_case01,IGM,IGM_patient017_0060.jpg,3,1.0,partial_below_25,20,19,0.05864197530864197,0.95,0.05864197530864197,0.05846153846153846,1,False
UNET_MTL_MASK_GUIDED,10,patient017,patient017_case01,IGM,IGM_patient017_0061.jpg,1,,off_target_fp,59,0,0.0,0.0,0.0,0.0,0,False
UNET_MTL_MASK_GUIDED,10,patient017,patient017_case01,IGM,IGM_patient017_0061.jpg,2,,off_target_fp,32,0,0.0,0.0,0.0,0.0,0,False
UNET_MTL_MASK_GUIDED,10,patient017,patient017_case01,IGM,IGM_patient017_0061.jpg,3,,off_target_fp,39,0,0.0,0.0,0.0,0.0,0,False
UNET_MTL_MASK_GUIDED,10,patient017,patient017_case01,IGM,IGM_patient017_0062.jpg,1,,off_target_fp,45,0,0.0,0.0,0.0,0.0,0,False
UNET_MTL_MASK_GUIDED,10,patient017,patient017_case01,IGM,IGM_patient017_0062.jpg,2,,off_target_fp,187,0,0.0,0.0,0.0,0.0,0,False
UNET_MTL_MASK_GUIDED,10,patient017,patient017_case01,IGM,IGM_patient017_0063.jpg,1,,off_target_fp,112,0,0.0,0.0,0.0,0.0,0,False
UNET_MTL_MASK_GUIDED,10,patient017,patient017_case01,IGM,IGM_patient017_0063.jpg,2,,off_target_fp,293,0,0.0,0.0,0.0,0.0,0,False
UNET_MTL_MASK_GUIDED,10,patient017,patient017_case01,IGM,IGM_patient017_0064.jpg,1,,off_target_fp,457,0,0.0,0.0,0.0,0.0,0,False
UNET_MTL_MASK_GUIDED,10,patient017,patient017_case01,IGM,IGM_patient017_0065.jpg,1,,off_target_fp,394,0,0.0,0.0,0.0,0.0,0,False
UNET_MTL_MASK_GUIDED,10,patient017,patient017_case01,IGM,IGM_patient017_0065.jpg,2,,off_target_fp,72,0,0.0,0.0,0.0,0.0,0,False
UNET_MTL_MASK_GUIDED,10,patient017,patient017_case01,IGM,IGM_patient017_0066.jpg,1,,off_target_fp,377,0,0.0,0.0,0.0,0.0,0,False
UNET_MTL_MASK_GUIDED,10,patient017,patient017_case01,IGM,IGM_patient017_0067.jpg,1,,off_target_fp,277,0,0.0,0.0,0.0,0.0,0,False
UNET_MTL_MASK_GUIDED,10,patient017,patient017_case01,IGM,IGM_patient017_0067.jpg,2,,off_target_fp,149,0,0.0,0.0,0.0,0.0,0,False
UNET_MTL_MASK_GUIDED,10,patient023,patient023_case01,IBC,IBC_patient020_0044.jpg,1,1.0,strong_75_plus,230,198,0.9166666666666666,0.8608695652173913,0.8608695652173913,0.7983870967741935,1,False
UNET_MTL_MASK_GUIDED,10,patient023,patient023_case01,IBC,IBC_patient020_0045.jpg,1,1.0,strong_75_plus,299,277,0.9358108108108109,0.9264214046822743,0.9264214046822743,0.8710691823899371,1,False
UNET_MTL_MASK_GUIDED,10,patient023,patient023_case01,IBC,IBC_patient020_0046.jpg,1,1.0,strong_75_plus,250,205,0.9318181818181818,0.82,0.82,0.7735849056603774,1,False
UNET_MTL_MASK_GUIDED,10,patient023,patient023_case01,IBC,IBC_patient020_0047.jpg,1,1.0,strong_75_plus,148,131,0.8397435897435898,0.8851351351351351,0.8397435897435898,0.7572254335260116,1,False
UNET_MTL_MASK_GUIDED,10,patient025,patient025_case01,IBC,IBC_patient021_0061.jpg,1,1.0,low_25_to_50,42,42,0.45652173913043476,1.0,0.45652173913043476,0.45652173913043476,1,False
UNET_MTL_MASK_GUIDED,10,patient025,patient025_case01,IBC,IBC_patient021_0062.jpg,1,1.0,strong_75_plus,166,148,0.8809523809523809,0.891566265060241,0.8809523809523809,0.7956989247311828,1,False
UNET_MTL_MASK_GUIDED,10,patient025,patient025_case01,IBC,IBC_patient021_0063.jpg,1,1.0,strong_75_plus,209,199,0.9386792452830188,0.9521531100478469,0.9386792452830188,0.8963963963963963,1,False
UNET_MTL_MASK_GUIDED,10,patient025,patient025_case01,IBC,IBC_patient021_0064.jpg,1,1.0,strong_75_plus,252,239,0.9053030303030303,0.9484126984126984,0.9053030303030303,0.8628158844765343,1,False
UNET_MTL_MASK_GUIDED,10,patient025,patient025_case01,IBC,IBC_patient021_0065.jpg,1,1.0,strong_75_plus,292,236,0.9516129032258065,0.8082191780821918,0.8082191780821918,0.7763157894736842,1,False
UNET_MTL_MASK_GUIDED,10,patient025,patient025_case01,IBC,IBC_patient021_0065.jpg,2,,off_target_fp,78,0,0.0,0.0,0.0,0.0,0,False
UNET_MTL_MASK_GUIDED,10,patient025,patient025_case01,IBC,IBC_patient021_0066.jpg,1,,off_target_fp,24,0,0.0,0.0,0.0,0.0,0,False
UNET_MTL_MASK_GUIDED,10,patient025,patient025_case01,IBC,IBC_patient021_0066.jpg,2,,off_target_fp,133,0,0.0,0.0,0.0,0.0,0,False
UNET_MTL_MASK_GUIDED,10,patient025,patient025_case01,IBC,IBC_patient021_0066.jpg,3,,off_target_fp,186,0,0.0,0.0,0.0,0.0,0,False
UNET_MTL_MASK_GUIDED,10,patient025,patient025_case01,IBC,IBC_patient021_0066.jpg,4,1.0,strong_75_plus,177,170,0.9042553191489362,0.96045197740113,0.9042553191489362,0.8717948717948718,1,False
UNET_MTL_MASK_GUIDED,10,patient025,patient025_case01,IBC,IBC_patient021_0067.jpg,1,,off_target_fp,30,0,0.0,0.0,0.0,0.0,0,False
UNET_MTL_MASK_GUIDED,10,patient025,patient025_case01,IBC,IBC_patient021_0067.jpg,2,,off_target_fp,164,0,0.0,0.0,0.0,0.0,0,False
UNET_MTL_MASK_GUIDED,10,patient036,patient036_case01,IGM,IGM_patient029_0052.jpg,1,,off_target_fp,93,0,0.0,0.0,0.0,0.0,0,False
UNET_MTL_MASK_GUIDED,10,patient036,patient036_case01,IGM,IGM_patient029_0052.jpg,2,,off_target_fp,55,0,0.0,0.0,0.0,0.0,0,False
UNET_MTL_MASK_GUIDED,10,patient036,patient036_case01,IGM,IGM_patient029_0052.jpg,3,,off_target_fp,158,0,0.0,0.0,0.0,0.0,0,False
UNET_MTL_MASK_GUIDED,10,patient036,patient036_case01,IGM,IGM_patient029_0053.jpg,1,1.0,moderate_50_to_75,144,101,0.7651515151515151,0.7013888888888888,0.7013888888888888,0.5771428571428572,1,False
UNET_MTL_MASK_GUIDED,10,patient036,patient036_case01,IGM,IGM_patient029_0053.jpg,2,,off_target_fp,55,0,0.0,0.0,0.0,0.0,0,False
UNET_MTL_MASK_GUIDED,10,patient036,patient036_case01,IGM,IGM_patient029_0054.jpg,1,1.0,moderate_50_to_75,182,134,0.9852941176470589,0.7362637362637363,0.7362637362637363,0.7282608695652174,1,False
UNET_MTL_MASK_GUIDED,10,patient036,patient036_case01,IGM,IGM_patient029_0054.jpg,2,,off_target_fp,35,0,0.0,0.0,0.0,0.0,0,False
UNET_MTL_MASK_GUIDED,10,patient036,patient036_case01,IGM,IGM_patient029_0055.jpg,1,1.0,strong_75_plus,159,123,0.9609375,0.7735849056603774,0.7735849056603774,0.75,1,False
UNET_MTL_MASK_GUIDED,10,patient036,patient036_case01,IGM,IGM_patient029_0056.jpg,1,1.0,moderate_50_to_75,100,68,0.8095238095238095,0.68,0.68,0.5862068965517241,1,False
UNET_MTL_MASK_GUIDED,10,patient045,patient045_case01,IBC,IBC_patient033_0064.jpg,1,,off_target_fp,83,0,0.0,0.0,0.0,0.0,0,False
UNET_MTL_MASK_GUIDED,10,patient045,patient045_case01,IBC,IBC_patient033_0064.jpg,2,,off_target_fp,119,0,0.0,0.0,0.0,0.0,0,False
UNET_MTL_MASK_GUIDED,10,patient045,patient045_case01,IBC,IBC_patient033_0065.jpg,1,,off_target_fp,114,0,0.0,0.0,0.0,0.0,0,False
UNET_MTL_MASK_GUIDED,10,patient045,patient045_case01,IBC,IBC_patient033_0065.jpg,2,1.0,low_25_to_50,378,124,0.9393939393939394,0.328042328042328,0.328042328042328,0.32124352331606215,1,False
UNET_MTL_MASK_GUIDED,10,patient045,patient045_case01,IBC,IBC_patient033_0065.jpg,3,,off_target_fp,18,0,0.0,0.0,0.0,0.0,0,False
UNET_MTL_MASK_GUIDED,10,patient045,patient045_case01,IBC,IBC_patient033_0066.jpg,1,,off_target_fp,83,0,0.0,0.0,0.0,0.0,0,False
UNET_MTL_MASK_GUIDED,10,patient045,patient045_case01,IBC,IBC_patient033_0066.jpg,2,1.0,moderate_50_to_75,399,297,0.939873417721519,0.7443609022556391,0.7443609022556391,0.7105263157894737,1,False
UNET_MTL_MASK_GUIDED,10,patient045,patient045_case01,IBC,IBC_patient033_0067.jpg,1,,off_target_fp,195,0,0.0,0.0,0.0,0.0,0,False
UNET_MTL_MASK_GUIDED,10,patient045,patient045_case01,IBC,IBC_patient033_0067.jpg,2,1.0,moderate_50_to_75,365,247,0.95,0.6767123287671233,0.6767123287671233,0.6534391534391535,1,False
UNET_MTL_MASK_GUIDED,10,patient045,patient045_case01,IBC,IBC_patient033_0068.jpg,1,,off_target_fp,210,0,0.0,0.0,0.0,0.0,0,False
UNET_MTL_MASK_GUIDED,10,patient045,patient045_case01,IBC,IBC_patient033_0068.jpg,2,,off_target_fp,87,0,0.0,0.0,0.0,0.0,0,False
UNET_MTL_MASK_GUIDED,10,patient045,patient045_case01,IBC,IBC_patient033_0068.jpg,3,,off_target_fp,129,0,0.0,0.0,0.0,0.0,0,False
UNET_MTL_MASK_GUIDED,10,patient045,patient045_case01,IBC,IBC_patient033_0068.jpg,4,1.0,strong_75_plus,276,224,0.9655172413793104,0.8115942028985508,0.8115942028985508,0.7887323943661971,1,False
UNET_MTL_MASK_GUIDED,10,patient045,patient045_case01,IBC,IBC_patient033_0069.jpg,1,,off_target_fp,80,0,0.0,0.0,0.0,0.0,0,False
UNET_MTL_MASK_GUIDED,10,patient045,patient045_case01,IBC,IBC_patient033_0069.jpg,2,1.0,strong_75_plus,135,125,0.8680555555555556,0.9259259259259259,0.8680555555555556,0.8116883116883117,1,False
UNET_MTL_MASK_GUIDED,10,patient047,patient047_case01,IBC,IBC_patient035_0130.jpg,1,1.0,partial_below_25,21,21,0.06645569620253164,1.0,0.06645569620253164,0.06645569620253164,1,False
UNET_MTL_MASK_GUIDED,10,patient047,patient047_case01,IBC,IBC_patient035_0131.jpg,1,1.0,strong_75_plus,315,299,0.8691860465116279,0.9492063492063492,0.8691860465116279,0.8305555555555556,1,False
UNET_MTL_MASK_GUIDED,10,patient047,patient047_case01,IBC,IBC_patient035_0132.jpg,1,,off_target_fp,16,0,0.0,0.0,0.0,0.0,0,False
UNET_MTL_MASK_GUIDED,10,patient047,patient047_case01,IBC,IBC_patient035_0132.jpg,2,,off_target_fp,109,0,0.0,0.0,0.0,0.0,0,False
UNET_MTL_MASK_GUIDED,10,patient047,patient047_case01,IBC,IBC_patient035_0132.jpg,3,1.0,strong_75_plus,371,325,0.9672619047619048,0.876010781671159,0.876010781671159,0.8507853403141361,1,False
UNET_MTL_MASK_GUIDED,10,patient047,patient047_case01,IBC,IBC_patient035_0133.jpg,1,,off_target_fp,341,0,0.0,0.0,0.0,0.0,0,False
UNET_MTL_MASK_GUIDED,10,patient047,patient047_case01,IBC,IBC_patient035_0133.jpg,2,1.0,strong_75_plus,387,366,0.8798076923076923,0.9457364341085271,0.8798076923076923,0.8375286041189931,1,False
UNET_MTL_MASK_GUIDED,10,patient047,patient047_case01,IBC,IBC_patient035_0133.jpg,3,,off_target_fp,90,0,0.0,0.0,0.0,0.0,0,False
UNET_MTL_MASK_GUIDED,10,patient047,patient047_case01,IBC,IBC_patient035_0134.jpg,1,,off_target_fp,39,0,0.0,0.0,0.0,0.0,0,False
UNET_MTL_MASK_GUIDED,10,patient047,patient047_case01,IBC,IBC_patient035_0134.jpg,2,,off_target_fp,331,0,0.0,0.0,0.0,0.0,0,False
UNET_MTL_MASK_GUIDED,10,patient047,patient047_case01,IBC,IBC_patient035_0134.jpg,3,1.0,strong_75_plus,419,370,0.925,0.883054892601432,0.883054892601432,0.8240534521158129,1,False
UNET_MTL_MASK_GUIDED,10,patient047,patient047_case01,IBC,IBC_patient035_0134.jpg,4,,off_target_fp,88,0,0.0,0.0,0.0,0.0,0,False
UNET_MTL_MASK_GUIDED,10,patient047,patient047_case01,IBC,IBC_patient035_0135.jpg,1,,off_target_fp,66,0,0.0,0.0,0.0,0.0,0,False
UNET_MTL_MASK_GUIDED,10,patient047,patient047_case01,IBC,IBC_patient035_0135.jpg,2,,off_target_fp,368,0,0.0,0.0,0.0,0.0,0,False
UNET_MTL_MASK_GUIDED,10,patient047,patient047_case01,IBC,IBC_patient035_0135.jpg,3,1.0,strong_75_plus,395,351,0.8863636363636364,0.8886075949367088,0.8863636363636364,0.7977272727272727,1,False
UNET_MTL_MASK_GUIDED,10,patient047,patient047_case01,IBC,IBC_patient035_0135.jpg,4,,off_target_fp,11,0,0.0,0.0,0.0,0.0,0,False
UNET_MTL_MASK_GUIDED,10,patient047,patient047_case01,IBC,IBC_patient035_0136.jpg,1,,off_target_fp,88,0,0.0,0.0,0.0,0.0,0,False
UNET_MTL_MASK_GUIDED,10,patient047,patient047_case01,IBC,IBC_patient035_0136.jpg,2,,off_target_fp,306,0,0.0,0.0,0.0,0.0,0,False
UNET_MTL_MASK_GUIDED,10,patient047,patient047_case01,IBC,IBC_patient035_0136.jpg,3,1.0,moderate_50_to_75,215,193,0.5744047619047619,0.8976744186046511,0.5744047619047619,0.5391061452513967,1,False
UNET_MTL_MASK_GUIDED,10,patient047,patient047_case01,IBC,IBC_patient035_0137.jpg,1,,off_target_fp,50,0,0.0,0.0,0.0,0.0,0,False
UNET_MTL_MASK_GUIDED,10,patient047,patient047_case01,IBC,IBC_patient035_0137.jpg,2,,off_target_fp,107,0,0.0,0.0,0.0,0.0,0,False
UNET_MTL_MASK_GUIDED,10,patient047,patient047_case01,IBC,IBC_patient035_0137.jpg,3,,off_target_fp,33,0,0.0,0.0,0.0,0.0,0,False
UNET_MTL_MASK_GUIDED,10,patient047,patient047_case01,IBC,IBC_patient035_0139.jpg,1,,off_target_fp,98,0,0.0,0.0,0.0,0.0,0,False
UNET_MTL_MASK_GUIDED,10,patient049,patient049_case01,IBC,IBC_patient036_0048.jpg,1,1.0,strong_75_plus,295,271,0.9033333333333333,0.9186440677966101,0.9033333333333333,0.8364197530864198,1,False
UNET_MTL_MASK_GUIDED,10,patient049,patient049_case01,IBC,IBC_patient036_0049.jpg,1,1.0,strong_75_plus,545,489,0.9939024390243902,0.8972477064220183,0.8972477064220183,0.8923357664233577,1,False
UNET_MTL_MASK_GUIDED,10,patient049,patient049_case01,IBC,IBC_patient036_0050.jpg,1,1.0,strong_75_plus,719,606,0.9901960784313726,0.8428372739916551,0.8428372739916551,0.8358620689655173,1,False
UNET_MTL_MASK_GUIDED,10,patient049,patient049_case01,IBC,IBC_patient036_0050.jpg,2,,off_target_fp,168,0,0.0,0.0,0.0,0.0,0,False
UNET_MTL_MASK_GUIDED,10,patient049,patient049_case01,IBC,IBC_patient036_0050.jpg,3,,off_target_fp,23,0,0.0,0.0,0.0,0.0,0,False
UNET_MTL_MASK_GUIDED,10,patient049,patient049_case01,IBC,IBC_patient036_0051.jpg,1,1.0,strong_75_plus,720,629,0.9647239263803681,0.8736111111111111,0.8736111111111111,0.8465679676985195,1,False
UNET_MTL_MASK_GUIDED,10,patient049,patient049_case01,IBC,IBC_patient036_0051.jpg,2,,off_target_fp,67,0,0.0,0.0,0.0,0.0,0,False
UNET_MTL_MASK_GUIDED,10,patient049,patient049_case01,IBC,IBC_patient036_0051.jpg,3,,off_target_fp,159,0,0.0,0.0,0.0,0.0,0,False
UNET_MTL_MASK_GUIDED,10,patient049,patient049_case01,IBC,IBC_patient036_0051.jpg,4,,off_target_fp,31,0,0.0,0.0,0.0,0.0,0,False
UNET_MTL_MASK_GUIDED,10,patient049,patient049_case01,IBC,IBC_patient036_0052.jpg,1,1.0,strong_75_plus,793,707,0.9929775280898876,0.8915510718789408,0.8915510718789408,0.8859649122807017,1,False
UNET_MTL_MASK_GUIDED,10,patient049,patient049_case01,IBC,IBC_patient036_0052.jpg,2,,off_target_fp,308,0,0.0,0.0,0.0,0.0,0,False
UNET_MTL_MASK_GUIDED,10,patient049,patient049_case01,IBC,IBC_patient036_0053.jpg,1,1.0,strong_75_plus,872,701,0.9901129943502824,0.8038990825688074,0.8038990825688074,0.7974971558589306,1,False
UNET_MTL_MASK_GUIDED,10,patient049,patient049_case01,IBC,IBC_patient036_0053.jpg,2,,off_target_fp,196,0,0.0,0.0,0.0,0.0,0,False
UNET_MTL_MASK_GUIDED,10,patient049,patient049_case01,IBC,IBC_patient036_0053.jpg,3,,off_target_fp,355,0,0.0,0.0,0.0,0.0,0,False
UNET_MTL_MASK_GUIDED,10,patient049,patient049_case01,IBC,IBC_patient036_0054.jpg,1,1.0,strong_75_plus,789,680,0.9826589595375722,0.861850443599493,0.861850443599493,0.8489388264669163,1,False
UNET_MTL_MASK_GUIDED,10,patient049,patient049_case01,IBC,IBC_patient036_0054.jpg,2,,off_target_fp,22,0,0.0,0.0,0.0,0.0,0,False
UNET_MTL_MASK_GUIDED,10,patient049,patient049_case01,IBC,IBC_patient036_0054.jpg,3,,off_target_fp,375,0,0.0,0.0,0.0,0.0,0,False
UNET_MTL_MASK_GUIDED,10,patient049,patient049_case01,IBC,IBC_patient036_0055.jpg,1,1.0,strong_75_plus,748,685,0.9409340659340659,0.9157754010695187,0.9157754010695187,0.865992414664981,1,False
UNET_MTL_MASK_GUIDED,10,patient049,patient049_case01,IBC,IBC_patient036_0055.jpg,2,,off_target_fp,156,0,0.0,0.0,0.0,0.0,0,False
UNET_MTL_MASK_GUIDED,10,patient049,patient049_case01,IBC,IBC_patient036_0055.jpg,3,,off_target_fp,361,0,0.0,0.0,0.0,0.0,0,False
UNET_MTL_MASK_GUIDED,10,patient049,patient049_case01,IBC,IBC_patient036_0055.jpg,4,,off_target_fp,23,0,0.0,0.0,0.0,0.0,0,False
UNET_MTL_MASK_GUIDED,10,patient049,patient049_case01,IBC,IBC_patient036_0056.jpg,1,1.0,strong_75_plus,673,520,0.9923664122137404,0.7726597325408618,0.7726597325408618,0.7680945347119645,1,False
UNET_MTL_MASK_GUIDED,10,patient049,patient049_case01,IBC,IBC_patient036_0056.jpg,2,,off_target_fp,526,0,0.0,0.0,0.0,0.0,0,False
UNET_MTL_MASK_GUIDED,10,patient049,patient049_case01,IBC,IBC_patient036_0056.jpg,3,,off_target_fp,362,0,0.0,0.0,0.0,0.0,0,False
UNET_MTL_MASK_GUIDED,10,patient049,patient049_case01,IBC,IBC_patient036_0056.jpg,4,,off_target_fp,315,0,0.0,0.0,0.0,0.0,0,False
UNET_MTL_MASK_GUIDED,10,patient049,patient049_case01,IBC,IBC_patient036_0056.jpg,5,,off_target_fp,473,0,0.0,0.0,0.0,0.0,0,False
UNET_MTL_MASK_GUIDED,10,patient049,patient049_case01,IBC,IBC_patient036_0056.jpg,6,,off_target_fp,64,0,0.0,0.0,0.0,0.0,0,False
UNET_MTL_MASK_GUIDED,10,patient049,patient049_case01,IBC,IBC_patient036_0056.jpg,7,,off_target_fp,278,0,0.0,0.0,0.0,0.0,0,False
UNET_MTL_MASK_GUIDED,10,patient049,patient049_case01,IBC,IBC_patient036_0057.jpg,1,1.0,moderate_50_to_75,676,484,0.9918032786885246,0.7159763313609467,0.7159763313609467,0.711764705882353,1,False
UNET_MTL_MASK_GUIDED,10,patient049,patient049_case01,IBC,IBC_patient036_0057.jpg,2,,off_target_fp,444,0,0.0,0.0,0.0,0.0,0,False
UNET_MTL_MASK_GUIDED,10,patient049,patient049_case01,IBC,IBC_patient036_0057.jpg,3,,off_target_fp,410,0,0.0,0.0,0.0,0.0,0,False
UNET_MTL_MASK_GUIDED,10,patient049,patient049_case01,IBC,IBC_patient036_0057.jpg,4,,off_target_fp,172,0,0.0,0.0,0.0,0.0,0,False
UNET_MTL_MASK_GUIDED,10,patient049,patient049_case01,IBC,IBC_patient036_0057.jpg,5,,off_target_fp,743,0,0.0,0.0,0.0,0.0,0,False
UNET_MTL_MASK_GUIDED,10,patient049,patient049_case01,IBC,IBC_patient036_0057.jpg,6,,off_target_fp,27,0,0.0,0.0,0.0,0.0,0,False
UNET_MTL_MASK_GUIDED,10,patient049,patient049_case01,IBC,IBC_patient036_0057.jpg,7,,off_target_fp,199,0,0.0,0.0,0.0,0.0,0,False
UNET_MTL_MASK_GUIDED,10,patient049,patient049_case01,IBC,IBC_patient036_0058.jpg,1,1.0,low_25_to_50,1098,418,0.9414414414414415,0.3806921675774135,0.3806921675774135,0.3718861209964413,1,False
UNET_MTL_MASK_GUIDED,10,patient049,patient049_case01,IBC,IBC_patient036_0058.jpg,2,,off_target_fp,131,0,0.0,0.0,0.0,0.0,0,False
UNET_MTL_MASK_GUIDED,10,patient049,patient049_case01,IBC,IBC_patient036_0058.jpg,3,,off_target_fp,851,0,0.0,0.0,0.0,0.0,0,False
UNET_MTL_MASK_GUIDED,10,patient049,patient049_case01,IBC,IBC_patient036_0058.jpg,4,,off_target_fp,27,0,0.0,0.0,0.0,0.0,0,False
UNET_MTL_MASK_GUIDED,10,patient049,patient049_case01,IBC,IBC_patient036_0058.jpg,5,,off_target_fp,14,0,0.0,0.0,0.0,0.0,0,False
UNET_MTL_MASK_GUIDED,10,patient049,patient049_case01,IBC,IBC_patient036_0058.jpg,6,,off_target_fp,178,0,0.0,0.0,0.0,0.0,0,False
UNET_MTL_MASK_GUIDED,10,patient049,patient049_case01,IBC,IBC_patient036_0059.jpg,1,,off_target_fp,664,0,0.0,0.0,0.0,0.0,0,False
UNET_MTL_MASK_GUIDED,10,patient049,patient049_case01,IBC,IBC_patient036_0059.jpg,2,1.0,strong_75_plus,527,509,0.9024822695035462,0.9658444022770398,0.9024822695035462,0.8745704467353952,1,False
UNET_MTL_MASK_GUIDED,10,patient049,patient049_case01,IBC,IBC_patient036_0059.jpg,3,,off_target_fp,11,0,0.0,0.0,0.0,0.0,0,False
UNET_MTL_MASK_GUIDED,10,patient049,patient049_case01,IBC,IBC_patient036_0059.jpg,4,,off_target_fp,214,0,0.0,0.0,0.0,0.0,0,False
UNET_MTL_MASK_GUIDED,10,patient049,patient049_case01,IBC,IBC_patient036_0059.jpg,5,,off_target_fp,190,0,0.0,0.0,0.0,0.0,0,False
UNET_MTL_MASK_GUIDED,10,patient049,patient049_case01,IBC,IBC_patient036_0059.jpg,6,,off_target_fp,82,0,0.0,0.0,0.0,0.0,0,False
UNET_MTL_MASK_GUIDED,10,patient049,patient049_case01,IBC,IBC_patient036_0059.jpg,7,,off_target_fp,39,0,0.0,0.0,0.0,0.0,0,False
UNET_MTL_MASK_GUIDED,10,patient049,patient049_case01,IBC,IBC_patient036_0060.jpg,1,1.0,low_25_to_50,964,253,0.4392361111111111,0.262448132780083,0.262448132780083,0.19658119658119658,1,False
UNET_MTL_MASK_GUIDED,10,patient049,patient049_case01,IBC,IBC_patient036_0060.jpg,2,,off_target_fp,512,0,0.0,0.0,0.0,0.0,0,False
UNET_MTL_MASK_GUIDED,10,patient049,patient049_case01,IBC,IBC_patient036_0060.jpg,3,,off_target_fp,227,0,0.0,0.0,0.0,0.0,0,False
UNET_MTL_MASK_GUIDED,10,patient049,patient049_case01,IBC,IBC_patient036_0061.jpg,1,1.0,low_25_to_50,1086,404,0.9439252336448598,0.3720073664825046,0.3720073664825046,0.36396396396396397,1,False
UNET_MTL_MASK_GUIDED,10,patient049,patient049_case01,IBC,IBC_patient036_0061.jpg,2,,off_target_fp,398,0,0.0,0.0,0.0,0.0,0,False
UNET_MTL_MASK_GUIDED,10,patient049,patient049_case01,IBC,IBC_patient036_0061.jpg,3,,off_target_fp,310,0,0.0,0.0,0.0,0.0,0,False
UNET_MTL_MASK_GUIDED,10,patient049,patient049_case01,IBC,IBC_patient036_0062.jpg,1,1.0,low_25_to_50,861,369,0.9413265306122449,0.42857142857142855,0.42857142857142855,0.417420814479638,1,False
UNET_MTL_MASK_GUIDED,10,patient049,patient049_case01,IBC,IBC_patient036_0062.jpg,2,,off_target_fp,75,0,0.0,0.0,0.0,0.0,0,False
UNET_MTL_MASK_GUIDED,10,patient049,patient049_case01,IBC,IBC_patient036_0062.jpg,3,,off_target_fp,29,0,0.0,0.0,0.0,0.0,0,False
UNET_MTL_MASK_GUIDED,10,patient049,patient049_case01,IBC,IBC_patient036_0062.jpg,4,,off_target_fp,291,0,0.0,0.0,0.0,0.0,0,False
UNET_MTL_MASK_GUIDED,10,patient049,patient049_case01,IBC,IBC_patient036_0063.jpg,1,1.0,strong_75_plus,266,245,0.7852564102564102,0.9210526315789473,0.7852564102564102,0.7357357357357357,1,False
UNET_MTL_MASK_GUIDED,10,patient049,patient049_case01,IBC,IBC_patient036_0063.jpg,2,,off_target_fp,94,0,0.0,0.0,0.0,0.0,0,False
UNET_MTL_MASK_GUIDED,10,patient049,patient049_case01,IBC,IBC_patient036_0063.jpg,3,,off_target_fp,28,0,0.0,0.0,0.0,0.0,0,False
UNET_MTL_MASK_GUIDED,10,patient049,patient049_case01,IBC,IBC_patient036_0063.jpg,4,,off_target_fp,189,0,0.0,0.0,0.0,0.0,0,False
UNET_MTL_MASK_GUIDED,10,patient049,patient049_case01,IBC,IBC_patient036_0064.jpg,1,1.0,strong_75_plus,171,150,0.9615384615384616,0.8771929824561403,0.8771929824561403,0.847457627118644,1,False
UNET_MTL_MASK_GUIDED,10,patient049,patient049_case01,IBC,IBC_patient036_0064.jpg,2,,off_target_fp,788,0,0.0,0.0,0.0,0.0,0,False
UNET_MTL_MASK_GUIDED,10,patient049,patient049_case01,IBC,IBC_patient036_0064.jpg,3,,off_target_fp,30,0,0.0,0.0,0.0,0.0,0,False
UNET_MTL_MASK_GUIDED,10,patient049,patient049_case01,IBC,IBC_patient036_0065.jpg,1,,off_target_fp,324,0,0.0,0.0,0.0,0.0,0,False
UNET_MTL_MASK_GUIDED,10,patient049,patient049_case01,IBC,IBC_patient036_0065.jpg,2,,off_target_fp,13,0,0.0,0.0,0.0,0.0,0,False
UNET_MTL_MASK_GUIDED,10,patient052,patient052_case01,IGM,IGM_patient037_0053.jpg,1,1.0,strong_75_plus,92,86,0.7678571428571429,0.9347826086956522,0.7678571428571429,0.7288135593220338,1,False
UNET_MTL_MASK_GUIDED,10,patient052,patient052_case01,IGM,IGM_patient037_0053.jpg,2,,off_target_fp,48,0,0.0,0.0,0.0,0.0,0,False
UNET_MTL_MASK_GUIDED,10,patient052,patient052_case01,IGM,IGM_patient037_0053.jpg,3,,off_target_fp,104,0,0.0,0.0,0.0,0.0,0,False
UNET_MTL_MASK_GUIDED,10,patient052,patient052_case01,IGM,IGM_patient037_0054.jpg,1,1.0,strong_75_plus,190,171,0.9293478260869565,0.9,0.9,0.8423645320197044,1,False
UNET_MTL_MASK_GUIDED,10,patient052,patient052_case01,IGM,IGM_patient037_0054.jpg,2,,off_target_fp,65,0,0.0,0.0,0.0,0.0,0,False
UNET_MTL_MASK_GUIDED,10,patient052,patient052_case01,IGM,IGM_patient037_0055.jpg,1,1.0,moderate_50_to_75,217,159,0.9695121951219512,0.7327188940092166,0.7327188940092166,0.7162162162162162,1,False
UNET_MTL_MASK_GUIDED,10,patient052,patient052_case01,IGM,IGM_patient037_0055.jpg,2,,off_target_fp,89,0,0.0,0.0,0.0,0.0,0,False
UNET_MTL_MASK_GUIDED,10,patient052,patient052_case01,IGM,IGM_patient037_0055.jpg,3,,off_target_fp,148,0,0.0,0.0,0.0,0.0,0,False
UNET_MTL_MASK_GUIDED,10,patient052,patient052_case01,IGM,IGM_patient037_0055.jpg,4,,off_target_fp,38,0,0.0,0.0,0.0,0.0,0,False
UNET_MTL_MASK_GUIDED,10,patient052,patient052_case01,IGM,IGM_patient037_0056.jpg,1,1.0,low_25_to_50,180,79,0.9875,0.4388888888888889,0.4388888888888889,0.43646408839779005,1,False
UNET_MTL_MASK_GUIDED,10,patient052,patient052_case01,IGM,IGM_patient037_0056.jpg,2,,off_target_fp,163,0,0.0,0.0,0.0,0.0,0,False
UNET_MTL_MASK_GUIDED,10,patient052,patient052_case01,IGM,IGM_patient037_0056.jpg,3,,off_target_fp,219,0,0.0,0.0,0.0,0.0,0,False
UNET_MTL_MASK_GUIDED,10,patient052,patient052_case01,IGM,IGM_patient037_0056.jpg,4,,off_target_fp,43,0,0.0,0.0,0.0,0.0,0,False
UNET_MTL_MASK_GUIDED,10,patient052,patient052_case01,IGM,IGM_patient037_0057.jpg,1,1.0,strong_75_plus,140,109,0.8790322580645161,0.7785714285714286,0.7785714285714286,0.7032258064516129,1,False
UNET_MTL_MASK_GUIDED,10,patient052,patient052_case01,IGM,IGM_patient037_0057.jpg,2,,off_target_fp,205,0,0.0,0.0,0.0,0.0,0,False
UNET_MTL_MASK_GUIDED,10,patient052,patient052_case01,IGM,IGM_patient037_0057.jpg,3,,off_target_fp,16,0,0.0,0.0,0.0,0.0,0,False
UNET_MTL_MASK_GUIDED,10,patient052,patient052_case01,IGM,IGM_patient037_0057.jpg,4,,off_target_fp,42,0,0.0,0.0,0.0,0.0,0,False
UNET_MTL_MASK_GUIDED,10,patient052,patient052_case01,IGM,IGM_patient037_0058.jpg,1,1.0,strong_75_plus,102,86,0.8269230769230769,0.8431372549019608,0.8269230769230769,0.7166666666666667,1,False
UNET_MTL_MASK_GUIDED,10,patient052,patient052_case01,IGM,IGM_patient037_0058.jpg,2,,off_target_fp,83,0,0.0,0.0,0.0,0.0,0,False
UNET_MTL_MASK_GUIDED,10,patient052,patient052_case01,IGM,IGM_patient037_0058.jpg,3,,off_target_fp,27,0,0.0,0.0,0.0,0.0,0,False
UNET_MTL_MASK_GUIDED,10,patient052,patient052_case01,IGM,IGM_patient037_0058.jpg,4,,off_target_fp,42,0,0.0,0.0,0.0,0.0,0,False
UNET_MTL_MASK_GUIDED,10,patient052,patient052_case01,IGM,IGM_patient037_0058.jpg,5,,off_target_fp,56,0,0.0,0.0,0.0,0.0,0,False
UNET_MTL_MASK_GUIDED,10,patient052,patient052_case01,IGM,IGM_patient037_0059.jpg,1,1.0,moderate_50_to_75,63,34,0.7727272727272727,0.5396825396825397,0.5396825396825397,0.4657534246575342,1,False
UNET_MTL_MASK_GUIDED,10,patient075,patient075_case01,IGM,IGM_patient049_0044.jpg,1,1.0,low_25_to_50,23,23,0.27380952380952384,1.0,0.27380952380952384,0.27380952380952384,1,False
UNET_MTL_MASK_GUIDED,10,patient075,patient075_case01,IGM,IGM_patient049_0044.jpg,2,,off_target_fp,25,0,0.0,0.0,0.0,0.0,0,False
UNET_MTL_MASK_GUIDED,10,patient075,patient075_case01,IGM,IGM_patient049_0045.jpg,1,1.0,strong_75_plus,293,235,0.9475806451612904,0.8020477815699659,0.8020477815699659,0.7679738562091504,1,False
UNET_MTL_MASK_GUIDED,10,patient075,patient075_case01,IGM,IGM_patient049_0046.jpg,1,1.0,strong_75_plus,382,331,0.8994565217391305,0.8664921465968587,0.8664921465968587,0.7899761336515513,1,False
UNET_MTL_MASK_GUIDED,10,patient075,patient075_case01,IGM,IGM_patient049_0047.jpg,1,1.0,strong_75_plus,364,300,0.9259259259259259,0.8241758241758241,0.8241758241758241,0.7731958762886598,1,False
UNET_MTL_MASK_GUIDED,10,patient075,patient075_case01,IGM,IGM_patient049_0047.jpg,2,,off_target_fp,22,0,0.0,0.0,0.0,0.0,0,False
UNET_MTL_MASK_GUIDED,10,patient075,patient075_case01,IGM,IGM_patient049_0048.jpg,1,1.0,strong_75_plus,276,234,0.823943661971831,0.8478260869565217,0.823943661971831,0.7177914110429447,1,False
UNET_MTL_MASK_GUIDED,10,patient075,patient075_case01,IGM,IGM_patient049_0049.jpg,1,,off_target_fp,40,0,0.0,0.0,0.0,0.0,0,False
UNET_MTL_MASK_GUIDED,10,patient075,patient075_case01,IGM,IGM_patient049_0054.jpg,1,,off_target_fp,145,0,0.0,0.0,0.0,0.0,0,False
UNET_MTL_MASK_GUIDED,10,patient075,patient075_case01,IGM,IGM_patient049_0054.jpg,2,,off_target_fp,84,0,0.0,0.0,0.0,0.0,0,False
UNET_MTL_MASK_GUIDED,10,patient075,patient075_case01,IGM,IGM_patient049_0054.jpg,3,,off_target_fp,26,0,0.0,0.0,0.0,0.0,0,False
UNET_MTL_MASK_GUIDED,10,patient075,patient075_case01,IGM,IGM_patient049_0054.jpg,4,,off_target_fp,38,0,0.0,0.0,0.0,0.0,0,False
UNET_MTL_MASK_GUIDED,10,patient075,patient075_case01,IGM,IGM_patient049_0054.jpg,5,1.0,strong_75_plus,299,235,0.9475806451612904,0.7859531772575251,0.7859531772575251,0.7532051282051282,1,False
UNET_MTL_MASK_GUIDED,10,patient075,patient075_case01,IGM,IGM_patient049_0055.jpg,1,,off_target_fp,312,0,0.0,0.0,0.0,0.0,0,False
UNET_MTL_MASK_GUIDED,10,patient075,patient075_case01,IGM,IGM_patient049_0055.jpg,2,,off_target_fp,29,0,0.0,0.0,0.0,0.0,0,False
UNET_MTL_MASK_GUIDED,10,patient075,patient075_case01,IGM,IGM_patient049_0055.jpg,3,1.0,moderate_50_to_75,205,165,0.6991525423728814,0.8048780487804879,0.6991525423728814,0.5978260869565217,1,False
UNET_MTL_MASK_GUIDED,10,patient075,patient075_case01,IGM,IGM_patient049_0056.jpg,1,,off_target_fp,334,0,0.0,0.0,0.0,0.0,0,False
UNET_MTL_MASK_GUIDED,10,patient075,patient075_case01,IGM,IGM_patient049_0056.jpg,2,,off_target_fp,13,0,0.0,0.0,0.0,0.0,0,False
UNET_MTL_MASK_GUIDED,10,patient075,patient075_case01,IGM,IGM_patient049_0056.jpg,3,,off_target_fp,54,0,0.0,0.0,0.0,0.0,0,False
UNET_MTL_MASK_GUIDED,10,patient075,patient075_case01,IGM,IGM_patient049_0056.jpg,4,1.0,moderate_50_to_75,208,177,0.7137096774193549,0.8509615384615384,0.7137096774193549,0.6344086021505376,1,False
UNET_MTL_MASK_GUIDED,10,patient075,patient075_case01,IGM,IGM_patient049_0057.jpg,1,1.0,strong_75_plus,303,252,0.8181818181818182,0.8316831683168316,0.8181818181818182,0.7019498607242339,1,False
UNET_MTL_MASK_GUIDED,10,patient075,patient075_case01,IGM,IGM_patient049_0057.jpg,2,,off_target_fp,89,0,0.0,0.0,0.0,0.0,0,False
UNET_MTL_MASK_GUIDED,10,patient075,patient075_case01,IGM,IGM_patient049_0058.jpg,1,1.0,moderate_50_to_75,289,221,0.690625,0.7647058823529411,0.690625,0.5695876288659794,1,False
UNET_MTL_MASK_GUIDED,10,patient075,patient075_case01,IGM,IGM_patient049_0058.jpg,2,,off_target_fp,61,0,0.0,0.0,0.0,0.0,0,False
UNET_MTL_MASK_GUIDED,10,patient093,patient093_case01,IBC,IBC_patient005_0107.jpg,1,1.0,partial_below_25,11,11,0.06547619047619048,1.0,0.06547619047619048,0.06547619047619048,1,False
UNET_MTL_MASK_GUIDED,10,patient093,patient093_case01,IBC,IBC_patient005_0109.jpg,1,1.0,partial_below_25,16,16,0.08333333333333333,1.0,0.08333333333333333,0.08333333333333333,1,False
UNET_MTL_MASK_GUIDED,10,patient093,patient093_case01,IBC,IBC_patient005_0109.jpg,2,,off_target_fp,108,0,0.0,0.0,0.0,0.0,0,False
UNET_MTL_MASK_GUIDED,10,patient093,patient093_case01,IBC,IBC_patient005_0110.jpg,1,1.0,partial_below_25,227,56,0.2641509433962264,0.24669603524229075,0.24669603524229075,0.1462140992167102,1,False
UNET_MTL_MASK_GUIDED,10,patient093,patient093_case01,IBC,IBC_patient005_0111.jpg,1,1.0,partial_below_25,231,45,0.1814516129032258,0.19480519480519481,0.1814516129032258,0.10368663594470046,1,False
UNET_MTL_MASK_GUIDED,10,patient093,patient093_case01,IBC,IBC_patient005_0112.jpg,1,,off_target_fp,142,0,0.0,0.0,0.0,0.0,0,False
UNET_MTL_MASK_GUIDED,10,patient093,patient093_case01,IBC,IBC_patient005_0113.jpg,1,1.0,partial_below_25,18,16,0.06451612903225806,0.8888888888888888,0.06451612903225806,0.064,1,False
UNET_MTL_MASK_GUIDED,10,patient093,patient093_case01,IBC,IBC_patient005_0113.jpg,2,,off_target_fp,146,0,0.0,0.0,0.0,0.0,0,False
UNET_MTL_MASK_GUIDED,10,patient093,patient093_case01,IBC,IBC_patient005_0114.jpg,1,1.0,partial_below_25,308,70,0.2536231884057971,0.22727272727272727,0.22727272727272727,0.13618677042801555,1,False
UNET_MTL_MASK_GUIDED,10,patient093,patient093_case01,IBC,IBC_patient005_0115.jpg,1,1.0,partial_below_25,442,99,0.38671875,0.2239819004524887,0.2239819004524887,0.1652754590984975,1,False
UNET_MTL_MASK_GUIDED,10,patient093,patient093_case01,IBC,IBC_patient005_0116.jpg,1,,off_target_fp,121,0,0.0,0.0,0.0,0.0,0,False
UNET_MTL_MASK_GUIDED,10,patient093,patient093_case01,IBC,IBC_patient005_0116.jpg,2,1.0,partial_below_25,398,76,0.3114754098360656,0.19095477386934673,0.19095477386934673,0.13427561837455831,1,False
UNET_MTL_MASK_GUIDED,10,patient093,patient093_case01,IBC,IBC_patient005_0117.jpg,1,,off_target_fp,69,0,0.0,0.0,0.0,0.0,0,False
UNET_MTL_MASK_GUIDED,10,patient093,patient093_case01,IBC,IBC_patient005_0117.jpg,2,1.0,low_25_to_50,72,61,0.25,0.8472222222222222,0.25,0.23921568627450981,1,False
UNET_MTL_MASK_GUIDED,10,patient093,patient093_case01,IBC,IBC_patient005_0117.jpg,3,,off_target_fp,264,0,0.0,0.0,0.0,0.0,0,False
UNET_MTL_MASK_GUIDED,10,patient093,patient093_case01,IBC,IBC_patient005_0118.jpg,1,1.0,partial_below_25,50,49,0.19140625,0.98,0.19140625,0.19066147859922178,1,False
UNET_MTL_MASK_GUIDED,10,patient093,patient093_case01,IBC,IBC_patient005_0118.jpg,2,,off_target_fp,277,0,0.0,0.0,0.0,0.0,0,False
UNET_MTL_MASK_GUIDED,10,patient093,patient093_case01,IBC,IBC_patient005_0119.jpg,1,1.0,partial_below_25,65,58,0.23770491803278687,0.8923076923076924,0.23770491803278687,0.23107569721115537,1,False
UNET_MTL_MASK_GUIDED,10,patient093,patient093_case01,IBC,IBC_patient005_0119.jpg,2,,off_target_fp,251,0,0.0,0.0,0.0,0.0,0,False
UNET_MTL_MASK_GUIDED,10,patient093,patient093_case01,IBC,IBC_patient005_0120.jpg,1,1.0,low_25_to_50,109,93,0.41517857142857145,0.8532110091743119,0.41517857142857145,0.3875,1,False
UNET_MTL_MASK_GUIDED,10,patient093,patient093_case01,IBC,IBC_patient005_0120.jpg,2,,off_target_fp,225,0,0.0,0.0,0.0,0.0,0,False
UNET_MTL_MASK_GUIDED,10,patient093,patient093_case01,IBC,IBC_patient005_0121.jpg,1,1.0,moderate_50_to_75,129,119,0.5219298245614035,0.9224806201550387,0.5219298245614035,0.5,1,False
UNET_MTL_MASK_GUIDED,10,patient093,patient093_case01,IBC,IBC_patient005_0121.jpg,2,,off_target_fp,204,0,0.0,0.0,0.0,0.0,0,False
UNET_MTL_MASK_GUIDED,10,patient093,patient093_case01,IBC,IBC_patient005_0122.jpg,1,,off_target_fp,10,0,0.0,0.0,0.0,0.0,0,False
UNET_MTL_MASK_GUIDED,10,patient093,patient093_case01,IBC,IBC_patient005_0122.jpg,2,1.0,partial_below_25,30,30,0.1744186046511628,1.0,0.1744186046511628,0.1744186046511628,1,False
UNET_MTL_MASK_GUIDED,10,patient093,patient093_case01,IBC,IBC_patient005_0122.jpg,3,,off_target_fp,165,0,0.0,0.0,0.0,0.0,0,False
UNET_MTL_MASK_GUIDED,10,patient093,patient093_case01,IBC,IBC_patient005_0123.jpg,1,,off_target_fp,28,0,0.0,0.0,0.0,0.0,0,False
UNET_MTL_MASK_GUIDED,10,patient093,patient093_case01,IBC,IBC_patient005_0123.jpg,2,,off_target_fp,174,0,0.0,0.0,0.0,0.0,0,False
UNET_MTL_MASK_GUIDED,10,patient094,patient094_case01,IGM,IGM_patient005_0044.jpg,1,1.0,strong_75_plus,89,80,0.7692307692307693,0.898876404494382,0.7692307692307693,0.7079646017699115,1,False
UNET_MTL_MASK_GUIDED,10,patient094,patient094_case01,IGM,IGM_patient005_0045.jpg,1,1.0,strong_75_plus,170,128,0.9696969696969697,0.7529411764705882,0.7529411764705882,0.735632183908046,1,False
UNET_MTL_MASK_GUIDED,10,patient094,patient094_case01,IGM,IGM_patient005_0046.jpg,1,1.0,moderate_50_to_75,250,166,0.9880952380952381,0.664,0.664,0.6587301587301587,1,False
UNET_MTL_MASK_GUIDED,10,patient094,patient094_case01,IGM,IGM_patient005_0047.jpg,1,1.0,moderate_50_to_75,280,155,0.9451219512195121,0.5535714285714286,0.5535714285714286,0.5363321799307958,1,False
UNET_MTL_MASK_GUIDED,10,patient094,patient094_case01,IGM,IGM_patient005_0047.jpg,2,,off_target_fp,125,0,0.0,0.0,0.0,0.0,0,False
UNET_MTL_MASK_GUIDED,10,patient094,patient094_case01,IGM,IGM_patient005_0048.jpg,1,1.0,moderate_50_to_75,274,140,1.0,0.5109489051094891,0.5109489051094891,0.5109489051094891,1,False
UNET_MTL_MASK_GUIDED,10,patient094,patient094_case01,IGM,IGM_patient005_0048.jpg,2,,off_target_fp,169,0,0.0,0.0,0.0,0.0,0,False
UNET_MTL_MASK_GUIDED,10,patient094,patient094_case01,IGM,IGM_patient005_0049.jpg,1,1.0,moderate_50_to_75,280,149,0.9802631578947368,0.5321428571428571,0.5321428571428571,0.5265017667844523,1,False
UNET_MTL_MASK_GUIDED,10,patient094,patient094_case01,IGM,IGM_patient005_0049.jpg,2,,off_target_fp,284,0,0.0,0.0,0.0,0.0,0,False
UNET_MTL_MASK_GUIDED,10,patient094,patient094_case01,IGM,IGM_patient005_0050.jpg,1,1.0,low_25_to_50,255,103,0.9903846153846154,0.403921568627451,0.403921568627451,0.40234375,1,False
UNET_MTL_MASK_GUIDED,10,patient094,patient094_case01,IGM,IGM_patient005_0050.jpg,2,,off_target_fp,302,0,0.0,0.0,0.0,0.0,0,False
UNET_MTL_MASK_GUIDED,10,patient094,patient094_case01,IGM,IGM_patient005_0051.jpg,1,1.0,low_25_to_50,207,91,0.9479166666666666,0.4396135265700483,0.4396135265700483,0.42924528301886794,1,False
UNET_MTL_MASK_GUIDED,10,patient094,patient094_case01,IGM,IGM_patient005_0051.jpg,2,,off_target_fp,140,0,0.0,0.0,0.0,0.0,0,False
UNET_MTL_MASK_GUIDED,10,patient094,patient094_case01,IGM,IGM_patient005_0051.jpg,3,,off_target_fp,33,0,0.0,0.0,0.0,0.0,0,False
UNET_MTL_MASK_GUIDED,10,patient094,patient094_case01,IGM,IGM_patient005_0052.jpg,1,,off_target_fp,17,0,0.0,0.0,0.0,0.0,0,False
UNET_MTL_MASK_GUIDED,10,patient094,patient094_case01,IGM,IGM_patient005_0052.jpg,2,1.0,moderate_50_to_75,81,44,1.0,0.5432098765432098,0.5432098765432098,0.5432098765432098,1,False
UNET_MTL_MASK_GUIDED,10,patient094,patient094_case01,IGM,IGM_patient005_0052.jpg,3,,off_target_fp,137,0,0.0,0.0,0.0,0.0,0,False
UNET_MTL_MASK_GUIDED,10,patient094,patient094_case01,IGM,IGM_patient005_0052.jpg,4,,off_target_fp,96,0,0.0,0.0,0.0,0.0,0,False
UNET_MTL_MASK_GUIDED,10,patient094,patient094_case01,IGM,IGM_patient005_0053.jpg,1,,off_target_fp,103,0,0.0,0.0,0.0,0.0,0,False
UNET_MTL_MASK_GUIDED,10,patient094,patient094_case01,IGM,IGM_patient005_0053.jpg,2,,off_target_fp,90,0,0.0,0.0,0.0,0.0,0,False
UNET_MTL_MASK_GUIDED,10,patient094,patient094_case01,IGM,IGM_patient005_0053.jpg,3,,off_target_fp,155,0,0.0,0.0,0.0,0.0,0,False
UNET_MTL_MASK_GUIDED,10,patient083,patient083_case01,IGM,IGM_patient052_0059.jpg,1,1.0,moderate_50_to_75,59,57,0.57,0.9661016949152542,0.57,0.5588235294117647,1,False
UNET_MTL_MASK_GUIDED,10,patient083,patient083_case01,IGM,IGM_patient052_0060.jpg,1,1.0,moderate_50_to_75,122,109,0.6193181818181818,0.8934426229508197,0.6193181818181818,0.5767195767195767,1,False
UNET_MTL_MASK_GUIDED,10,patient083,patient083_case01,IGM,IGM_patient052_0061.jpg,1,1.0,strong_75_plus,199,185,0.8258928571428571,0.9296482412060302,0.8258928571428571,0.7773109243697479,1,False
UNET_MTL_MASK_GUIDED,10,patient083,patient083_case01,IGM,IGM_patient052_0061.jpg,2,,off_target_fp,56,0,0.0,0.0,0.0,0.0,0,False
UNET_MTL_MASK_GUIDED,10,patient083,patient083_case01,IGM,IGM_patient052_0062.jpg,1,1.0,strong_75_plus,230,218,0.8515625,0.9478260869565217,0.8515625,0.8134328358208955,1,False
UNET_MTL_MASK_GUIDED,10,patient083,patient083_case01,IGM,IGM_patient052_0062.jpg,2,,off_target_fp,61,0,0.0,0.0,0.0,0.0,0,False
UNET_MTL_MASK_GUIDED,10,patient083,patient083_case01,IGM,IGM_patient052_0062.jpg,3,,off_target_fp,64,0,0.0,0.0,0.0,0.0,0,False
UNET_MTL_MASK_GUIDED,10,patient083,patient083_case01,IGM,IGM_patient052_0063.jpg,1,1.0,strong_75_plus,268,242,0.9029850746268657,0.9029850746268657,0.9029850746268657,0.8231292517006803,1,False
UNET_MTL_MASK_GUIDED,10,patient083,patient083_case01,IGM,IGM_patient052_0063.jpg,2,,off_target_fp,22,0,0.0,0.0,0.0,0.0,0,False
UNET_MTL_MASK_GUIDED,10,patient083,patient083_case01,IGM,IGM_patient052_0063.jpg,3,,off_target_fp,15,0,0.0,0.0,0.0,0.0,0,False
UNET_MTL_MASK_GUIDED,10,patient083,patient083_case01,IGM,IGM_patient052_0063.jpg,4,,off_target_fp,145,0,0.0,0.0,0.0,0.0,0,False
UNET_MTL_MASK_GUIDED,10,patient083,patient083_case01,IGM,IGM_patient052_0064.jpg,1,1.0,strong_75_plus,274,250,0.9765625,0.9124087591240876,0.9124087591240876,0.8928571428571429,1,False
UNET_MTL_MASK_GUIDED,10,patient083,patient083_case01,IGM,IGM_patient052_0064.jpg,2,,off_target_fp,230,0,0.0,0.0,0.0,0.0,0,False
UNET_MTL_MASK_GUIDED,10,patient083,patient083_case01,IGM,IGM_patient052_0065.jpg,1,1.0,strong_75_plus,244,230,0.8846153846153846,0.9426229508196722,0.8846153846153846,0.8394160583941606,1,False
UNET_MTL_MASK_GUIDED,10,patient083,patient083_case01,IGM,IGM_patient052_0065.jpg,2,,off_target_fp,274,0,0.0,0.0,0.0,0.0,0,False
UNET_MTL_MASK_GUIDED,10,patient083,patient083_case01,IGM,IGM_patient052_0065.jpg,3,,off_target_fp,33,0,0.0,0.0,0.0,0.0,0,False
UNET_MTL_MASK_GUIDED,10,patient083,patient083_case01,IGM,IGM_patient052_0066.jpg,1,1.0,strong_75_plus,154,140,0.9459459459459459,0.9090909090909091,0.9090909090909091,0.8641975308641975,1,False
UNET_MTL_MASK_GUIDED,10,patient083,patient083_case01,IGM,IGM_patient052_0066.jpg,2,,off_target_fp,59,0,0.0,0.0,0.0,0.0,0,False
UNET_MTL_MASK_GUIDED,10,patient083,patient083_case01,IGM,IGM_patient052_0066.jpg,3,,off_target_fp,303,0,0.0,0.0,0.0,0.0,0,False
UNET_MTL_MASK_GUIDED,10,patient083,patient083_case01,IGM,IGM_patient052_0067.jpg,1,1.0,strong_75_plus,183,163,0.8858695652173914,0.8907103825136612,0.8858695652173914,0.7990196078431373,1,False
UNET_MTL_MASK_GUIDED,10,patient083,patient083_case01,IGM,IGM_patient052_0067.jpg,2,,off_target_fp,124,0,0.0,0.0,0.0,0.0,0,False
UNET_MTL_MASK_GUIDED,10,patient083,patient083_case01,IGM,IGM_patient052_0067.jpg,3,,off_target_fp,171,0,0.0,0.0,0.0,0.0,0,False
UNET_MTL_MASK_GUIDED,10,patient083,patient083_case01,IGM,IGM_patient052_0067.jpg,4,,off_target_fp,12,0,0.0,0.0,0.0,0.0,0,False
UNET_MTL_MASK_GUIDED,10,patient083,patient083_case01,IGM,IGM_patient052_0068.jpg,1,1.0,strong_75_plus,122,116,0.8529411764705882,0.9508196721311475,0.8529411764705882,0.8169014084507042,1,False
UNET_MTL_MASK_GUIDED,10,patient083,patient083_case01,IGM,IGM_patient052_0068.jpg,2,,off_target_fp,22,0,0.0,0.0,0.0,0.0,0,False
UNET_MTL_MASK_GUIDED,10,patient083,patient083_case01,IGM,IGM_patient052_0068.jpg,3,,off_target_fp,236,0,0.0,0.0,0.0,0.0,0,False
UNET_MTL_MASK_GUIDED,10,patient083,patient083_case01,IGM,IGM_patient052_0069.jpg,1,1.0,strong_75_plus,169,153,0.95625,0.9053254437869822,0.9053254437869822,0.8693181818181818,1,False
UNET_MTL_MASK_GUIDED,10,patient083,patient083_case01,IGM,IGM_patient052_0069.jpg,2,,off_target_fp,248,0,0.0,0.0,0.0,0.0,0,False
UNET_MTL_MASK_GUIDED,10,patient083,patient083_case01,IGM,IGM_patient052_0070.jpg,1,1.0,strong_75_plus,174,145,0.9539473684210527,0.8333333333333334,0.8333333333333334,0.8011049723756906,1,False
UNET_MTL_MASK_GUIDED,10,patient083,patient083_case01,IGM,IGM_patient052_0070.jpg,2,,off_target_fp,249,0,0.0,0.0,0.0,0.0,0,False
UNET_MTL_MASK_GUIDED,10,patient083,patient083_case01,IGM,IGM_patient052_0071.jpg,1,1.0,strong_75_plus,164,145,0.9294871794871795,0.8841463414634146,0.8841463414634146,0.8285714285714286,1,False
UNET_MTL_MASK_GUIDED,10,patient083,patient083_case01,IGM,IGM_patient052_0071.jpg,2,,off_target_fp,11,0,0.0,0.0,0.0,0.0,0,False
UNET_MTL_MASK_GUIDED,10,patient083,patient083_case01,IGM,IGM_patient052_0071.jpg,3,,off_target_fp,123,0,0.0,0.0,0.0,0.0,0,False
UNET_MTL_MASK_GUIDED,10,patient083,patient083_case01,IGM,IGM_patient052_0071.jpg,4,,off_target_fp,175,0,0.0,0.0,0.0,0.0,0,False
UNET_MTL_MASK_GUIDED,10,patient083,patient083_case01,IGM,IGM_patient052_0071.jpg,5,,off_target_fp,236,0,0.0,0.0,0.0,0.0,0,False
UNET_MTL_MASK_GUIDED,10,patient083,patient083_case01,IGM,IGM_patient052_0071.jpg,6,,off_target_fp,18,0,0.0,0.0,0.0,0.0,0,False
UNET_MTL_MASK_GUIDED,10,patient083,patient083_case01,IGM,IGM_patient052_0072.jpg,1,1.0,strong_75_plus,148,124,0.8157894736842105,0.8378378378378378,0.8157894736842105,0.7045454545454546,1,False
UNET_MTL_MASK_GUIDED,10,patient083,patient083_case01,IGM,IGM_patient052_0072.jpg,2,,off_target_fp,108,0,0.0,0.0,0.0,0.0,0,False
UNET_MTL_MASK_GUIDED,10,patient083,patient083_case01,IGM,IGM_patient052_0072.jpg,3,,off_target_fp,16,0,0.0,0.0,0.0,0.0,0,False
UNET_MTL_MASK_GUIDED,10,patient083,patient083_case01,IGM,IGM_patient052_0072.jpg,4,,off_target_fp,218,0,0.0,0.0,0.0,0.0,0,False
UNET_MTL_MASK_GUIDED,10,patient083,patient083_case01,IGM,IGM_patient052_0072.jpg,5,,off_target_fp,18,0,0.0,0.0,0.0,0.0,0,False
UNET_MTL_MASK_GUIDED,10,patient083,patient083_case01,IGM,IGM_patient052_0072.jpg,6,,off_target_fp,105,0,0.0,0.0,0.0,0.0,0,False
UNET_MTL_MASK_GUIDED,10,patient083,patient083_case01,IGM,IGM_patient052_0072.jpg,7,,off_target_fp,21,0,0.0,0.0,0.0,0.0,0,False
UNET_MTL_MASK_GUIDED,10,patient091,patient091_case01,IBC,IBC_patient056_0045.jpg,1,,off_target_fp,149,0,0.0,0.0,0.0,0.0,0,False
UNET_MTL_MASK_GUIDED,10,patient091,patient091_case01,IBC,IBC_patient056_0046.jpg,1,,off_target_fp,478,0,0.0,0.0,0.0,0.0,0,False
UNET_MTL_MASK_GUIDED,10,patient091,patient091_case01,IBC,IBC_patient056_0046.jpg,2,,off_target_fp,56,0,0.0,0.0,0.0,0.0,0,False
UNET_MTL_MASK_GUIDED,10,patient091,patient091_case01,IBC,IBC_patient056_0046.jpg,3,,off_target_fp,272,0,0.0,0.0,0.0,0.0,0,False
UNET_MTL_MASK_GUIDED,10,patient091,patient091_case01,IBC,IBC_patient056_0047.jpg,1,,off_target_fp,662,0,0.0,0.0,0.0,0.0,0,False
UNET_MTL_MASK_GUIDED,10,patient091,patient091_case01,IBC,IBC_patient056_0047.jpg,2,,off_target_fp,476,0,0.0,0.0,0.0,0.0,0,False
UNET_MTL_MASK_GUIDED,10,patient091,patient091_case01,IBC,IBC_patient056_0047.jpg,3,,off_target_fp,387,0,0.0,0.0,0.0,0.0,0,False
UNET_MTL_MASK_GUIDED,10,patient091,patient091_case01,IBC,IBC_patient056_0056.jpg,1,,off_target_fp,27,0,0.0,0.0,0.0,0.0,0,False
UNET_MTL_MASK_GUIDED,10,patient095,patient095_case01,IBC,IBC_patient006_0137.jpg,1,1.0,moderate_50_to_75,65,37,0.6607142857142857,0.5692307692307692,0.5692307692307692,0.44047619047619047,1,False
UNET_MTL_MASK_GUIDED,10,patient095,patient095_case01,IBC,IBC_patient006_0137.jpg,2,,off_target_fp,13,0,0.0,0.0,0.0,0.0,0,False
UNET_MTL_MASK_GUIDED,10,patient095,patient095_case01,IBC,IBC_patient006_0138.jpg,1,1.0,moderate_50_to_75,72,43,0.7166666666666667,0.5972222222222222,0.5972222222222222,0.48314606741573035,1,False
UNET_MTL_MASK_GUIDED,10,patient095,patient095_case01,IBC,IBC_patient006_0138.jpg,2,,off_target_fp,335,0,0.0,0.0,0.0,0.0,0,False
UNET_MTL_MASK_GUIDED,10,patient095,patient095_case01,IBC,IBC_patient006_0139.jpg,1,1.0,moderate_50_to_75,114,71,0.9342105263157895,0.6228070175438597,0.6228070175438597,0.5966386554621849,1,False
UNET_MTL_MASK_GUIDED,10,patient095,patient095_case01,IBC,IBC_patient006_0139.jpg,2,,off_target_fp,482,0,0.0,0.0,0.0,0.0,0,False
UNET_MTL_MASK_GUIDED,10,patient095,patient095_case01,IBC,IBC_patient006_0140.jpg,1,1.0,low_25_to_50,235,108,1.0,0.4595744680851064,0.4595744680851064,0.4595744680851064,1,False
UNET_MTL_MASK_GUIDED,10,patient095,patient095_case01,IBC,IBC_patient006_0140.jpg,2,,off_target_fp,103,0,0.0,0.0,0.0,0.0,0,False
UNET_MTL_MASK_GUIDED,10,patient095,patient095_case01,IBC,IBC_patient006_0141.jpg,1,1.0,moderate_50_to_75,311,217,0.9517543859649122,0.6977491961414791,0.6977491961414791,0.6739130434782609,1,False
UNET_MTL_MASK_GUIDED,10,patient095,patient095_case01,IBC,IBC_patient006_0142.jpg,1,1.0,moderate_50_to_75,347,247,0.96484375,0.7118155619596542,0.7118155619596542,0.6938202247191011,1,False
UNET_MTL_MASK_GUIDED,10,patient095,patient095_case01,IBC,IBC_patient006_0143.jpg,1,1.0,strong_75_plus,370,282,0.9657534246575342,0.7621621621621621,0.7621621621621621,0.7421052631578947,1,False
UNET_MTL_MASK_GUIDED,10,patient095,patient095_case01,IBC,IBC_patient006_0144.jpg,1,1.0,strong_75_plus,403,305,0.9902597402597403,0.7568238213399504,0.7568238213399504,0.7512315270935961,1,False
UNET_MTL_MASK_GUIDED,10,patient095,patient095_case01,IBC,IBC_patient006_0145.jpg,1,1.0,moderate_50_to_75,427,320,0.963855421686747,0.7494145199063232,0.7494145199063232,0.7289293849658315,1,False
UNET_MTL_MASK_GUIDED,10,patient095,patient095_case01,IBC,IBC_patient006_0146.jpg,1,1.0,moderate_50_to_75,420,264,0.9295774647887324,0.6285714285714286,0.6285714285714286,0.6,1,False
UNET_MTL_MASK_GUIDED,10,patient095,patient095_case01,IBC,IBC_patient006_0146.jpg,2,,off_target_fp,32,0,0.0,0.0,0.0,0.0,0,False
UNET_MTL_MASK_GUIDED,10,patient095,patient095_case01,IBC,IBC_patient006_0147.jpg,1,1.0,moderate_50_to_75,317,236,0.7763157894736842,0.7444794952681388,0.7444794952681388,0.612987012987013,1,False
UNET_MTL_MASK_GUIDED,10,patient095,patient095_case01,IBC,IBC_patient006_0147.jpg,2,,off_target_fp,36,0,0.0,0.0,0.0,0.0,0,False
UNET_MTL_MASK_GUIDED,10,patient099,patient099_case01,IGM,IGM_patient008_0049.jpg,1,1.0,low_25_to_50,200,72,0.8571428571428571,0.36,0.36,0.33962264150943394,1,False
UNET_MTL_MASK_GUIDED,10,patient099,patient099_case01,IGM,IGM_patient008_0050.jpg,1,1.0,low_25_to_50,247,109,0.9396551724137931,0.44129554655870445,0.44129554655870445,0.42913385826771655,1,False
UNET_MTL_MASK_GUIDED,10,patient099,patient099_case01,IGM,IGM_patient008_0051.jpg,1,1.0,moderate_50_to_75,244,171,0.9095744680851063,0.7008196721311475,0.7008196721311475,0.6551724137931034,1,False
UNET_MTL_MASK_GUIDED,10,patient099,patient099_case01,IGM,IGM_patient008_0052.jpg,1,1.0,strong_75_plus,166,138,0.9324324324324325,0.8313253012048193,0.8313253012048193,0.7840909090909091,1,False
UNET_MTL_MASK_GUIDED,10,patient099,patient099_case01,IGM,IGM_patient008_0053.jpg,1,1.0,strong_75_plus,147,113,0.8560606060606061,0.7687074829931972,0.7687074829931972,0.6807228915662651,1,False
UNET_MTL_MASK_GUIDED,10,patient099,patient099_case01,IGM,IGM_patient008_0054.jpg,1,1.0,strong_75_plus,137,121,0.9166666666666666,0.8832116788321168,0.8832116788321168,0.8175675675675675,1,False
UNET_MTL_MASK_GUIDED,10,patient099,patient099_case01,IGM,IGM_patient008_0054.jpg,2,,off_target_fp,11,0,0.0,0.0,0.0,0.0,0,False
UNET_MTL_MASK_GUIDED,10,patient099,patient099_case01,IGM,IGM_patient008_0054.jpg,3,,off_target_fp,24,0,0.0,0.0,0.0,0.0,0,False
UNET_MTL_MASK_GUIDED,10,patient099,patient099_case01,IGM,IGM_patient008_0054.jpg,4,,off_target_fp,65,0,0.0,0.0,0.0,0.0,0,False
UNET_MTL_MASK_GUIDED,10,patient099,patient099_case01,IGM,IGM_patient008_0055.jpg,1,,off_target_fp,74,0,0.0,0.0,0.0,0.0,0,False
UNET_MTL_MASK_GUIDED,10,patient099,patient099_case01,IGM,IGM_patient008_0055.jpg,2,1.0,strong_75_plus,175,132,0.9705882352941176,0.7542857142857143,0.7542857142857143,0.7374301675977654,1,False
UNET_MTL_MASK_GUIDED,10,patient099,patient099_case01,IGM,IGM_patient008_0055.jpg,3,,off_target_fp,12,0,0.0,0.0,0.0,0.0,0,False
UNET_MTL_MASK_GUIDED,10,patient099,patient099_case01,IGM,IGM_patient008_0055.jpg,4,,off_target_fp,119,0,0.0,0.0,0.0,0.0,0,False
UNET_MTL_MASK_GUIDED,10,patient099,patient099_case01,IGM,IGM_patient008_0056.jpg,1,,off_target_fp,85,0,0.0,0.0,0.0,0.0,0,False
UNET_MTL_MASK_GUIDED,10,patient099,patient099_case01,IGM,IGM_patient008_0056.jpg,2,,off_target_fp,67,0,0.0,0.0,0.0,0.0,0,False
UNET_MTL_MASK_GUIDED,10,patient099,patient099_case01,IGM,IGM_patient008_0056.jpg,3,1.0,strong_75_plus,194,166,0.9222222222222223,0.8556701030927835,0.8556701030927835,0.7980769230769231,1,False
UNET_MTL_MASK_GUIDED,10,patient099,patient099_case01,IGM,IGM_patient008_0056.jpg,4,,off_target_fp,15,0,0.0,0.0,0.0,0.0,0,False
UNET_MTL_MASK_GUIDED,10,patient099,patient099_case01,IGM,IGM_patient008_0056.jpg,5,,off_target_fp,16,0,0.0,0.0,0.0,0.0,0,False
UNET_MTL_MASK_GUIDED,10,patient099,patient099_case01,IGM,IGM_patient008_0056.jpg,6,,off_target_fp,86,0,0.0,0.0,0.0,0.0,0,False
UNET_MTL_MASK_GUIDED,10,patient099,patient099_case01,IGM,IGM_patient008_0057.jpg,1,,off_target_fp,42,0,0.0,0.0,0.0,0.0,0,False
UNET_MTL_MASK_GUIDED,10,patient099,patient099_case01,IGM,IGM_patient008_0057.jpg,2,,off_target_fp,43,0,0.0,0.0,0.0,0.0,0,False
UNET_MTL_MASK_GUIDED,10,patient099,patient099_case01,IGM,IGM_patient008_0057.jpg,3,,off_target_fp,187,0,0.0,0.0,0.0,0.0,0,False
UNET_MTL_MASK_GUIDED,10,patient099,patient099_case01,IGM,IGM_patient008_0057.jpg,4,1.0,strong_75_plus,164,150,0.9375,0.9146341463414634,0.9146341463414634,0.8620689655172413,1,False
UNET_MTL_MASK_GUIDED,10,patient099,patient099_case01,IGM,IGM_patient008_0057.jpg,5,,off_target_fp,24,0,0.0,0.0,0.0,0.0,0,False
UNET_MTL_MASK_GUIDED,10,patient099,patient099_case01,IGM,IGM_patient008_0057.jpg,6,,off_target_fp,196,0,0.0,0.0,0.0,0.0,0,False
UNET_MTL_MASK_GUIDED,10,patient099,patient099_case01,IGM,IGM_patient008_0058.jpg,1,,off_target_fp,226,0,0.0,0.0,0.0,0.0,0,False
UNET_MTL_MASK_GUIDED,10,patient099,patient099_case01,IGM,IGM_patient008_0058.jpg,2,1.0,strong_75_plus,89,81,0.8804347826086957,0.9101123595505618,0.8804347826086957,0.81,1,False
UNET_MTL_MASK_GUIDED,10,patient099,patient099_case01,IGM,IGM_patient008_0058.jpg,3,,off_target_fp,149,0,0.0,0.0,0.0,0.0,0,False
UNET_MTL_MASK_GUIDED,10,patient102,patient102_case01,IGM,IGM_patient009_0053.jpg,1,,off_target_fp,57,0,0.0,0.0,0.0,0.0,0,False
UNET_MTL_MASK_GUIDED,10,patient102,patient102_case01,IGM,IGM_patient009_0053.jpg,2,,off_target_fp,16,0,0.0,0.0,0.0,0.0,0,False
UNET_MTL_MASK_GUIDED,10,patient102,patient102_case01,IGM,IGM_patient009_0054.jpg,1,,off_target_fp,16,0,0.0,0.0,0.0,0.0,0,False
UNET_MTL_MASK_GUIDED,10,patient102,patient102_case01,IGM,IGM_patient009_0054.jpg,2,1.0,strong_75_plus,232,200,0.9615384615384616,0.8620689655172413,0.8620689655172413,0.8333333333333334,1,False
UNET_MTL_MASK_GUIDED,10,patient102,patient102_case01,IGM,IGM_patient009_0055.jpg,1,,off_target_fp,21,0,0.0,0.0,0.0,0.0,0,False
UNET_MTL_MASK_GUIDED,10,patient102,patient102_case01,IGM,IGM_patient009_0055.jpg,2,,off_target_fp,124,0,0.0,0.0,0.0,0.0,0,False
UNET_MTL_MASK_GUIDED,10,patient102,patient102_case01,IGM,IGM_patient009_0055.jpg,3,1.0,strong_75_plus,361,279,0.8303571428571429,0.7728531855955678,0.7728531855955678,0.6674641148325359,1,False
UNET_MTL_MASK_GUIDED,10,patient102,patient102_case01,IGM,IGM_patient009_0056.jpg,1,,off_target_fp,207,0,0.0,0.0,0.0,0.0,0,False
UNET_MTL_MASK_GUIDED,10,patient102,patient102_case01,IGM,IGM_patient009_0056.jpg,2,1.0,strong_75_plus,346,293,0.8323863636363636,0.846820809248555,0.8323863636363636,0.7234567901234568,1,False
UNET_MTL_MASK_GUIDED,10,patient102,patient102_case01,IGM,IGM_patient009_0056.jpg,3,,off_target_fp,10,0,0.0,0.0,0.0,0.0,0,False
UNET_MTL_MASK_GUIDED,10,patient102,patient102_case01,IGM,IGM_patient009_0057.jpg,1,,off_target_fp,188,0,0.0,0.0,0.0,0.0,0,False
UNET_MTL_MASK_GUIDED,10,patient102,patient102_case01,IGM,IGM_patient009_0057.jpg,2,1.0,moderate_50_to_75,336,224,0.9824561403508771,0.6666666666666666,0.6666666666666666,0.6588235294117647,1,False
UNET_MTL_MASK_GUIDED,10,patient102,patient102_case01,IGM,IGM_patient009_0057.jpg,3,,off_target_fp,33,0,0.0,0.0,0.0,0.0,0,False
UNET_MTL_MASK_GUIDED,10,patient102,patient102_case01,IGM,IGM_patient009_0058.jpg,1,,off_target_fp,222,0,0.0,0.0,0.0,0.0,0,False
UNET_MTL_MASK_GUIDED,10,patient102,patient102_case01,IGM,IGM_patient009_0058.jpg,2,1.0,strong_75_plus,183,175,0.78125,0.9562841530054644,0.78125,0.7543103448275862,1,False
UNET_MTL_MASK_GUIDED,10,patient102,patient102_case01,IGM,IGM_patient009_0058.jpg,3,,off_target_fp,81,0,0.0,0.0,0.0,0.0,0,False
UNET_MTL_MASK_GUIDED,25,patient003,patient003_case01,IBC,IBC_patient010_0139.jpg,1,1.0,moderate_50_to_75,615,376,0.8173913043478261,0.6113821138211382,0.6113821138211382,0.5379113018597997,1,False
UNET_MTL_MASK_GUIDED,25,patient003,patient003_case01,IBC,IBC_patient010_0140.jpg,1,1.0,strong_75_plus,678,545,0.9332191780821918,0.803834808259587,0.803834808259587,0.7601115760111576,1,False
UNET_MTL_MASK_GUIDED,25,patient003,patient003_case01,IBC,IBC_patient010_0140.jpg,2,,off_target_fp,49,0,0.0,0.0,0.0,0.0,0,False
UNET_MTL_MASK_GUIDED,25,patient003,patient003_case01,IBC,IBC_patient010_0141.jpg,1,1.0,strong_75_plus,758,591,0.9471153846153846,0.7796833773087071,0.7796833773087071,0.7471554993678887,1,False
UNET_MTL_MASK_GUIDED,25,patient003,patient003_case01,IBC,IBC_patient010_0141.jpg,2,,off_target_fp,26,0,0.0,0.0,0.0,0.0,0,False
UNET_MTL_MASK_GUIDED,25,patient003,patient003_case01,IBC,IBC_patient010_0142.jpg,1,1.0,strong_75_plus,786,648,0.9642857142857143,0.8244274809160306,0.8244274809160306,0.8,1,False
UNET_MTL_MASK_GUIDED,25,patient003,patient003_case01,IBC,IBC_patient010_0143.jpg,1,1.0,strong_75_plus,827,722,0.9256410256410257,0.8730350665054414,0.8730350665054414,0.8158192090395481,1,False
UNET_MTL_MASK_GUIDED,25,patient003,patient003_case01,IBC,IBC_patient010_0144.jpg,1,1.0,moderate_50_to_75,867,608,0.987012987012987,0.7012687427912342,0.7012687427912342,0.6948571428571428,1,False
UNET_MTL_MASK_GUIDED,25,patient003,patient003_case01,IBC,IBC_patient010_0145.jpg,1,,off_target_fp,292,0,0.0,0.0,0.0,0.0,0,False
UNET_MTL_MASK_GUIDED,25,patient003,patient003_case01,IBC,IBC_patient010_0145.jpg,2,1.0,moderate_50_to_75,908,632,0.9693251533742331,0.6960352422907489,0.6960352422907489,0.6810344827586207,1,False
UNET_MTL_MASK_GUIDED,25,patient003,patient003_case01,IBC,IBC_patient010_0146.jpg,1,,off_target_fp,346,0,0.0,0.0,0.0,0.0,0,False
UNET_MTL_MASK_GUIDED,25,patient003,patient003_case01,IBC,IBC_patient010_0146.jpg,2,1.0,moderate_50_to_75,947,677,0.9955882352941177,0.7148891235480465,0.7148891235480465,0.7126315789473684,1,False
UNET_MTL_MASK_GUIDED,25,patient003,patient003_case01,IBC,IBC_patient010_0147.jpg,1,,off_target_fp,251,0,0.0,0.0,0.0,0.0,0,False
UNET_MTL_MASK_GUIDED,25,patient003,patient003_case01,IBC,IBC_patient010_0147.jpg,2,1.0,moderate_50_to_75,915,631,0.9921383647798742,0.6896174863387978,0.6896174863387978,0.6858695652173913,1,False
UNET_MTL_MASK_GUIDED,25,patient003,patient003_case01,IBC,IBC_patient010_0148.jpg,1,,off_target_fp,213,0,0.0,0.0,0.0,0.0,0,False
UNET_MTL_MASK_GUIDED,25,patient003,patient003_case01,IBC,IBC_patient010_0148.jpg,2,1.0,moderate_50_to_75,877,612,0.9935064935064936,0.6978335233751425,0.6978335233751425,0.6946651532349603,1,False
UNET_MTL_MASK_GUIDED,25,patient003,patient003_case01,IBC,IBC_patient010_0149.jpg,1,,off_target_fp,294,0,0.0,0.0,0.0,0.0,0,False
UNET_MTL_MASK_GUIDED,25,patient003,patient003_case01,IBC,IBC_patient010_0149.jpg,2,1.0,moderate_50_to_75,862,582,0.9965753424657534,0.6751740139211136,0.6751740139211136,0.6736111111111112,1,False
UNET_MTL_MASK_GUIDED,25,patient003,patient003_case01,IBC,IBC_patient010_0150.jpg,1,,off_target_fp,264,0,0.0,0.0,0.0,0.0,0,False
UNET_MTL_MASK_GUIDED,25,patient003,patient003_case01,IBC,IBC_patient010_0150.jpg,2,1.0,moderate_50_to_75,824,514,0.9961240310077519,0.6237864077669902,0.6237864077669902,0.6222760290556901,1,False
UNET_MTL_MASK_GUIDED,25,patient003,patient003_case01,IBC,IBC_patient010_0151.jpg,1,1.0,moderate_50_to_75,671,459,0.9642857142857143,0.684053651266766,0.684053651266766,0.6671511627906976,1,False
UNET_MTL_MASK_GUIDED,25,patient003,patient003_case01,IBC,IBC_patient010_0152.jpg,1,1.0,strong_75_plus,411,400,0.8,0.9732360097323601,0.8,0.7827788649706457,1,False
UNET_MTL_MASK_GUIDED,25,patient003,patient003_case01,IBC,IBC_patient010_0152.jpg,2,,off_target_fp,120,0,0.0,0.0,0.0,0.0,0,False
UNET_MTL_MASK_GUIDED,25,patient003,patient003_case01,IBC,IBC_patient010_0153.jpg,1,1.0,moderate_50_to_75,302,294,0.6125,0.9735099337748344,0.6125,0.6024590163934426,1,False
UNET_MTL_MASK_GUIDED,25,patient003,patient003_case01,IBC,IBC_patient010_0153.jpg,2,,off_target_fp,85,0,0.0,0.0,0.0,0.0,0,False
UNET_MTL_MASK_GUIDED,25,patient003,patient003_case01,IBC,IBC_patient010_0153.jpg,3,,off_target_fp,135,0,0.0,0.0,0.0,0.0,0,False
UNET_MTL_MASK_GUIDED,25,patient003,patient003_case01,IBC,IBC_patient010_0154.jpg,1,1.0,low_25_to_50,250,246,0.4959677419354839,0.984,0.4959677419354839,0.492,1,False
UNET_MTL_MASK_GUIDED,25,patient003,patient003_case01,IBC,IBC_patient010_0154.jpg,2,,off_target_fp,122,0,0.0,0.0,0.0,0.0,0,False
UNET_MTL_MASK_GUIDED,25,patient003,patient003_case01,IBC,IBC_patient010_0154.jpg,3,,off_target_fp,30,0,0.0,0.0,0.0,0.0,0,False
UNET_MTL_MASK_GUIDED,25,patient003,patient003_case01,IBC,IBC_patient010_0154.jpg,4,,off_target_fp,167,0,0.0,0.0,0.0,0.0,0,False
UNET_MTL_MASK_GUIDED,25,patient003,patient003_case01,IBC,IBC_patient010_0155.jpg,1,1.0,moderate_50_to_75,279,277,0.5723140495867769,0.992831541218638,0.5723140495867769,0.5699588477366255,1,False
UNET_MTL_MASK_GUIDED,25,patient003,patient003_case01,IBC,IBC_patient010_0155.jpg,2,,off_target_fp,119,0,0.0,0.0,0.0,0.0,0,False
UNET_MTL_MASK_GUIDED,25,patient003,patient003_case01,IBC,IBC_patient010_0155.jpg,3,1.0,partial_below_25,194,2,0.004132231404958678,0.010309278350515464,0.004132231404958678,0.0029585798816568047,1,False
UNET_MTL_MASK_GUIDED,25,patient003,patient003_case01,IBC,IBC_patient010_0156.jpg,1,1.0,moderate_50_to_75,252,236,0.5673076923076923,0.9365079365079365,0.5673076923076923,0.5462962962962963,1,False
UNET_MTL_MASK_GUIDED,25,patient003,patient003_case01,IBC,IBC_patient010_0156.jpg,2,,off_target_fp,101,0,0.0,0.0,0.0,0.0,0,False
UNET_MTL_MASK_GUIDED,25,patient003,patient003_case01,IBC,IBC_patient010_0156.jpg,3,1.0,partial_below_25,182,8,0.019230769230769232,0.04395604395604396,0.019230769230769232,0.013559322033898305,1,False
UNET_MTL_MASK_GUIDED,25,patient003,patient003_case01,IBC,IBC_patient010_0157.jpg,1,1.0,moderate_50_to_75,379,226,0.7243589743589743,0.5963060686015831,0.5963060686015831,0.4860215053763441,1,False
UNET_MTL_MASK_GUIDED,25,patient003,patient003_case01,IBC,IBC_patient010_0157.jpg,2,,off_target_fp,72,0,0.0,0.0,0.0,0.0,0,False
UNET_MTL_MASK_GUIDED,25,patient003,patient003_case01,IBC,IBC_patient010_0158.jpg,1,1.0,low_25_to_50,159,155,0.4783950617283951,0.9748427672955975,0.4783950617283951,0.4725609756097561,1,False
UNET_MTL_MASK_GUIDED,25,patient003,patient003_case01,IBC,IBC_patient010_0158.jpg,2,1.0,partial_below_25,48,19,0.05864197530864197,0.3958333333333333,0.05864197530864197,0.053824362606232294,1,False
UNET_MTL_MASK_GUIDED,25,patient004,patient004_case01,IBC,IBC_patient011_0074.jpg,1,,off_target_fp,26,0,0.0,0.0,0.0,0.0,0,False
UNET_MTL_MASK_GUIDED,25,patient004,patient004_case01,IBC,IBC_patient011_0075.jpg,1,,off_target_fp,476,0,0.0,0.0,0.0,0.0,0,False
UNET_MTL_MASK_GUIDED,25,patient004,patient004_case01,IBC,IBC_patient011_0075.jpg,2,,off_target_fp,183,0,0.0,0.0,0.0,0.0,0,False
UNET_MTL_MASK_GUIDED,25,patient004,patient004_case01,IBC,IBC_patient011_0076.jpg,1,,off_target_fp,904,0,0.0,0.0,0.0,0.0,0,False
UNET_MTL_MASK_GUIDED,25,patient004,patient004_case01,IBC,IBC_patient011_0076.jpg,2,,off_target_fp,87,0,0.0,0.0,0.0,0.0,0,False
UNET_MTL_MASK_GUIDED,25,patient004,patient004_case01,IBC,IBC_patient011_0076.jpg,3,,off_target_fp,33,0,0.0,0.0,0.0,0.0,0,False
UNET_MTL_MASK_GUIDED,25,patient004,patient004_case01,IBC,IBC_patient011_0077.jpg,1,,off_target_fp,974,0,0.0,0.0,0.0,0.0,0,False
UNET_MTL_MASK_GUIDED,25,patient004,patient004_case01,IBC,IBC_patient011_0078.jpg,1,,off_target_fp,756,0,0.0,0.0,0.0,0.0,0,False
UNET_MTL_MASK_GUIDED,25,patient004,patient004_case01,IBC,IBC_patient011_0079.jpg,1,,off_target_fp,42,0,0.0,0.0,0.0,0.0,0,False
UNET_MTL_MASK_GUIDED,25,patient004,patient004_case01,IBC,IBC_patient011_0079.jpg,2,,off_target_fp,218,0,0.0,0.0,0.0,0.0,0,False
UNET_MTL_MASK_GUIDED,25,patient004,patient004_case01,IBC,IBC_patient011_0080.jpg,1,,off_target_fp,131,0,0.0,0.0,0.0,0.0,0,False
UNET_MTL_MASK_GUIDED,25,patient004,patient004_case01,IBC,IBC_patient011_0081.jpg,1,,off_target_fp,26,0,0.0,0.0,0.0,0.0,0,False
UNET_MTL_MASK_GUIDED,25,patient004,patient004_case01,IBC,IBC_patient011_0082.jpg,1,,off_target_fp,345,0,0.0,0.0,0.0,0.0,0,False
UNET_MTL_MASK_GUIDED,25,patient004,patient004_case01,IBC,IBC_patient011_0082.jpg,2,,off_target_fp,174,0,0.0,0.0,0.0,0.0,0,False
UNET_MTL_MASK_GUIDED,25,patient004,patient004_case01,IBC,IBC_patient011_0082.jpg,3,,off_target_fp,78,0,0.0,0.0,0.0,0.0,0,False
UNET_MTL_MASK_GUIDED,25,patient004,patient004_case01,IBC,IBC_patient011_0082.jpg,4,,off_target_fp,156,0,0.0,0.0,0.0,0.0,0,False
UNET_MTL_MASK_GUIDED,25,patient004,patient004_case01,IBC,IBC_patient011_0083.jpg,1,,off_target_fp,715,0,0.0,0.0,0.0,0.0,0,False
UNET_MTL_MASK_GUIDED,25,patient004,patient004_case01,IBC,IBC_patient011_0083.jpg,2,,off_target_fp,726,0,0.0,0.0,0.0,0.0,0,False
UNET_MTL_MASK_GUIDED,25,patient004,patient004_case01,IBC,IBC_patient011_0083.jpg,3,,off_target_fp,87,0,0.0,0.0,0.0,0.0,0,False
UNET_MTL_MASK_GUIDED,25,patient004,patient004_case01,IBC,IBC_patient011_0083.jpg,4,,off_target_fp,172,0,0.0,0.0,0.0,0.0,0,False
UNET_MTL_MASK_GUIDED,25,patient004,patient004_case01,IBC,IBC_patient011_0084.jpg,1,,off_target_fp,652,0,0.0,0.0,0.0,0.0,0,False
UNET_MTL_MASK_GUIDED,25,patient004,patient004_case01,IBC,IBC_patient011_0084.jpg,2,,off_target_fp,44,0,0.0,0.0,0.0,0.0,0,False
UNET_MTL_MASK_GUIDED,25,patient004,patient004_case01,IBC,IBC_patient011_0084.jpg,3,,off_target_fp,938,0,0.0,0.0,0.0,0.0,0,False
UNET_MTL_MASK_GUIDED,25,patient004,patient004_case01,IBC,IBC_patient011_0084.jpg,4,,off_target_fp,43,0,0.0,0.0,0.0,0.0,0,False
UNET_MTL_MASK_GUIDED,25,patient004,patient004_case01,IBC,IBC_patient011_0085.jpg,1,,off_target_fp,579,0,0.0,0.0,0.0,0.0,0,False
UNET_MTL_MASK_GUIDED,25,patient004,patient004_case01,IBC,IBC_patient011_0085.jpg,2,,off_target_fp,1061,0,0.0,0.0,0.0,0.0,0,False
UNET_MTL_MASK_GUIDED,25,patient004,patient004_case01,IBC,IBC_patient011_0085.jpg,3,,off_target_fp,30,0,0.0,0.0,0.0,0.0,0,False
UNET_MTL_MASK_GUIDED,25,patient004,patient004_case01,IBC,IBC_patient011_0086.jpg,1,,off_target_fp,634,0,0.0,0.0,0.0,0.0,0,False
UNET_MTL_MASK_GUIDED,25,patient004,patient004_case01,IBC,IBC_patient011_0086.jpg,2,,off_target_fp,1238,0,0.0,0.0,0.0,0.0,0,False
UNET_MTL_MASK_GUIDED,25,patient004,patient004_case01,IBC,IBC_patient011_0087.jpg,1,,off_target_fp,530,0,0.0,0.0,0.0,0.0,0,False
UNET_MTL_MASK_GUIDED,25,patient004,patient004_case01,IBC,IBC_patient011_0087.jpg,2,,off_target_fp,168,0,0.0,0.0,0.0,0.0,0,False
UNET_MTL_MASK_GUIDED,25,patient004,patient004_case01,IBC,IBC_patient011_0087.jpg,3,,off_target_fp,1150,0,0.0,0.0,0.0,0.0,0,False
UNET_MTL_MASK_GUIDED,25,patient004,patient004_case01,IBC,IBC_patient011_0088.jpg,1,,off_target_fp,514,0,0.0,0.0,0.0,0.0,0,False
UNET_MTL_MASK_GUIDED,25,patient004,patient004_case01,IBC,IBC_patient011_0088.jpg,2,,off_target_fp,912,0,0.0,0.0,0.0,0.0,0,False
UNET_MTL_MASK_GUIDED,25,patient004,patient004_case01,IBC,IBC_patient011_0089.jpg,1,,off_target_fp,415,0,0.0,0.0,0.0,0.0,0,False
UNET_MTL_MASK_GUIDED,25,patient004,patient004_case01,IBC,IBC_patient011_0089.jpg,2,,off_target_fp,26,0,0.0,0.0,0.0,0.0,0,False
UNET_MTL_MASK_GUIDED,25,patient004,patient004_case01,IBC,IBC_patient011_0089.jpg,3,,off_target_fp,572,0,0.0,0.0,0.0,0.0,0,False
UNET_MTL_MASK_GUIDED,25,patient004,patient004_case01,IBC,IBC_patient011_0090.jpg,1,,off_target_fp,406,0,0.0,0.0,0.0,0.0,0,False
UNET_MTL_MASK_GUIDED,25,patient004,patient004_case01,IBC,IBC_patient011_0090.jpg,2,,off_target_fp,44,0,0.0,0.0,0.0,0.0,0,False
UNET_MTL_MASK_GUIDED,25,patient004,patient004_case01,IBC,IBC_patient011_0090.jpg,3,,off_target_fp,44,0,0.0,0.0,0.0,0.0,0,False
UNET_MTL_MASK_GUIDED,25,patient004,patient004_case01,IBC,IBC_patient011_0090.jpg,4,,off_target_fp,146,0,0.0,0.0,0.0,0.0,0,False
UNET_MTL_MASK_GUIDED,25,patient004,patient004_case01,IBC,IBC_patient011_0091.jpg,1,,off_target_fp,268,0,0.0,0.0,0.0,0.0,0,False
UNET_MTL_MASK_GUIDED,25,patient004,patient004_case01,IBC,IBC_patient011_0091.jpg,2,,off_target_fp,38,0,0.0,0.0,0.0,0.0,0,False
UNET_MTL_MASK_GUIDED,25,patient007,patient007_case01,IGM,IGM_patient012_0059.jpg,1,,off_target_fp,91,0,0.0,0.0,0.0,0.0,0,False
UNET_MTL_MASK_GUIDED,25,patient007,patient007_case01,IGM,IGM_patient012_0059.jpg,2,1.0,moderate_50_to_75,216,144,0.8780487804878049,0.6666666666666666,0.6666666666666666,0.6101694915254238,1,False
UNET_MTL_MASK_GUIDED,25,patient007,patient007_case01,IGM,IGM_patient012_0059.jpg,3,,off_target_fp,159,0,0.0,0.0,0.0,0.0,0,False
UNET_MTL_MASK_GUIDED,25,patient007,patient007_case01,IGM,IGM_patient012_0060.jpg,1,,off_target_fp,53,0,0.0,0.0,0.0,0.0,0,False
UNET_MTL_MASK_GUIDED,25,patient007,patient007_case01,IGM,IGM_patient012_0060.jpg,2,1.0,strong_75_plus,214,176,0.8461538461538461,0.822429906542056,0.822429906542056,0.7154471544715447,1,False
UNET_MTL_MASK_GUIDED,25,patient007,patient007_case01,IGM,IGM_patient012_0060.jpg,3,,off_target_fp,101,0,0.0,0.0,0.0,0.0,0,False
UNET_MTL_MASK_GUIDED,25,patient007,patient007_case01,IGM,IGM_patient012_0061.jpg,1,1.0,strong_75_plus,272,221,0.8911290322580645,0.8125,0.8125,0.7391304347826086,1,False
UNET_MTL_MASK_GUIDED,25,patient007,patient007_case01,IGM,IGM_patient012_0061.jpg,2,,off_target_fp,46,0,0.0,0.0,0.0,0.0,0,False
UNET_MTL_MASK_GUIDED,25,patient007,patient007_case01,IGM,IGM_patient012_0061.jpg,3,,off_target_fp,164,0,0.0,0.0,0.0,0.0,0,False
UNET_MTL_MASK_GUIDED,25,patient007,patient007_case01,IGM,IGM_patient012_0062.jpg,1,1.0,strong_75_plus,286,218,0.8650793650793651,0.7622377622377622,0.7622377622377622,0.68125,1,False
UNET_MTL_MASK_GUIDED,25,patient007,patient007_case01,IGM,IGM_patient012_0062.jpg,2,,off_target_fp,146,0,0.0,0.0,0.0,0.0,0,False
UNET_MTL_MASK_GUIDED,25,patient007,patient007_case01,IGM,IGM_patient012_0063.jpg,1,1.0,moderate_50_to_75,171,129,0.6581632653061225,0.7543859649122807,0.6581632653061225,0.542016806722689,1,False
UNET_MTL_MASK_GUIDED,25,patient007,patient007_case01,IGM,IGM_patient012_0063.jpg,2,,off_target_fp,77,0,0.0,0.0,0.0,0.0,0,False
UNET_MTL_MASK_GUIDED,25,patient007,patient007_case01,IGM,IGM_patient012_0064.jpg,1,1.0,low_25_to_50,40,26,0.4642857142857143,0.65,0.4642857142857143,0.37142857142857144,1,False
UNET_MTL_MASK_GUIDED,25,patient007,patient007_case01,IGM,IGM_patient012_0064.jpg,2,,off_target_fp,584,0,0.0,0.0,0.0,0.0,0,False
UNET_MTL_MASK_GUIDED,25,patient011,patient011_case01,IBC,IBC_patient014_0059.jpg,1,,off_target_fp,305,0,0.0,0.0,0.0,0.0,0,False
UNET_MTL_MASK_GUIDED,25,patient011,patient011_case01,IBC,IBC_patient014_0060.jpg,1,1.0,moderate_50_to_75,174,173,0.6975806451612904,0.9942528735632183,0.6975806451612904,0.6947791164658634,1,False
UNET_MTL_MASK_GUIDED,25,patient011,patient011_case01,IBC,IBC_patient014_0061.jpg,1,1.0,strong_75_plus,394,357,0.9201030927835051,0.9060913705583756,0.9060913705583756,0.84,1,False
UNET_MTL_MASK_GUIDED,25,patient011,patient011_case01,IBC,IBC_patient014_0062.jpg,1,1.0,strong_75_plus,582,527,0.947841726618705,0.9054982817869416,0.9054982817869416,0.8625204582651391,1,False
UNET_MTL_MASK_GUIDED,25,patient011,patient011_case01,IBC,IBC_patient014_0063.jpg,1,1.0,strong_75_plus,750,642,0.9786585365853658,0.856,0.856,0.8403141361256544,1,False
UNET_MTL_MASK_GUIDED,25,patient011,patient011_case01,IBC,IBC_patient014_0064.jpg,1,,off_target_fp,109,0,0.0,0.0,0.0,0.0,0,False
UNET_MTL_MASK_GUIDED,25,patient011,patient011_case01,IBC,IBC_patient014_0064.jpg,2,1.0,strong_75_plus,895,754,0.9716494845360825,0.8424581005586592,0.8424581005586592,0.822246455834242,1,False
UNET_MTL_MASK_GUIDED,25,patient011,patient011_case01,IBC,IBC_patient014_0064.jpg,3,,off_target_fp,241,0,0.0,0.0,0.0,0.0,0,False
UNET_MTL_MASK_GUIDED,25,patient011,patient011_case01,IBC,IBC_patient014_0065.jpg,1,1.0,strong_75_plus,980,763,0.9832474226804123,0.7785714285714286,0.7785714285714286,0.7683786505538771,1,False
UNET_MTL_MASK_GUIDED,25,patient011,patient011_case01,IBC,IBC_patient014_0065.jpg,2,,off_target_fp,584,0,0.0,0.0,0.0,0.0,0,False
UNET_MTL_MASK_GUIDED,25,patient011,patient011_case01,IBC,IBC_patient014_0066.jpg,1,1.0,strong_75_plus,993,745,0.9802631578947368,0.7502517623363545,0.7502517623363545,0.7390873015873016,1,False
UNET_MTL_MASK_GUIDED,25,patient011,patient011_case01,IBC,IBC_patient014_0066.jpg,2,,off_target_fp,45,0,0.0,0.0,0.0,0.0,0,False
UNET_MTL_MASK_GUIDED,25,patient011,patient011_case01,IBC,IBC_patient014_0066.jpg,3,,off_target_fp,537,0,0.0,0.0,0.0,0.0,0,False
UNET_MTL_MASK_GUIDED,25,patient011,patient011_case01,IBC,IBC_patient014_0067.jpg,1,,off_target_fp,253,0,0.0,0.0,0.0,0.0,0,False
UNET_MTL_MASK_GUIDED,25,patient011,patient011_case01,IBC,IBC_patient014_0067.jpg,2,1.0,strong_75_plus,965,761,0.9756410256410256,0.78860103626943,0.78860103626943,0.7733739837398373,1,False
UNET_MTL_MASK_GUIDED,25,patient011,patient011_case01,IBC,IBC_patient014_0067.jpg,3,,off_target_fp,409,0,0.0,0.0,0.0,0.0,0,False
UNET_MTL_MASK_GUIDED,25,patient011,patient011_case01,IBC,IBC_patient014_0068.jpg,1,1.0,strong_75_plus,869,658,0.996969696969697,0.757192174913694,0.757192174913694,0.7554535017221584,1,False
UNET_MTL_MASK_GUIDED,25,patient011,patient011_case01,IBC,IBC_patient014_0069.jpg,1,,off_target_fp,66,0,0.0,0.0,0.0,0.0,0,False
UNET_MTL_MASK_GUIDED,25,patient011,patient011_case01,IBC,IBC_patient014_0069.jpg,2,1.0,strong_75_plus,726,564,0.9657534246575342,0.7768595041322314,0.7768595041322314,0.7560321715817694,1,False
UNET_MTL_MASK_GUIDED,25,patient011,patient011_case01,IBC,IBC_patient014_0070.jpg,1,1.0,strong_75_plus,524,419,0.9030172413793104,0.799618320610687,0.799618320610687,0.7363796133567663,1,False
UNET_MTL_MASK_GUIDED,25,patient011,patient011_case01,IBC,IBC_patient014_0071.jpg,1,1.0,moderate_50_to_75,361,181,0.70703125,0.5013850415512465,0.5013850415512465,0.4151376146788991,1,False
UNET_MTL_MASK_GUIDED,25,patient012,patient012_case01,IBC,IBC_patient015_0139.jpg,1,1.0,moderate_50_to_75,72,72,0.5142857142857142,1.0,0.5142857142857142,0.5142857142857142,1,False
UNET_MTL_MASK_GUIDED,25,patient012,patient012_case01,IBC,IBC_patient015_0140.jpg,1,1.0,moderate_50_to_75,138,133,0.7074468085106383,0.9637681159420289,0.7074468085106383,0.689119170984456,1,False
UNET_MTL_MASK_GUIDED,25,patient012,patient012_case01,IBC,IBC_patient015_0140.jpg,2,,off_target_fp,54,0,0.0,0.0,0.0,0.0,0,False
UNET_MTL_MASK_GUIDED,25,patient012,patient012_case01,IBC,IBC_patient015_0141.jpg,1,1.0,strong_75_plus,213,199,0.8577586206896551,0.9342723004694836,0.8577586206896551,0.8089430894308943,1,False
UNET_MTL_MASK_GUIDED,25,patient012,patient012_case01,IBC,IBC_patient015_0141.jpg,2,,off_target_fp,27,0,0.0,0.0,0.0,0.0,0,False
UNET_MTL_MASK_GUIDED,25,patient012,patient012_case01,IBC,IBC_patient015_0142.jpg,1,1.0,strong_75_plus,310,259,0.9384057971014492,0.8354838709677419,0.8354838709677419,0.7920489296636085,1,False
UNET_MTL_MASK_GUIDED,25,patient012,patient012_case01,IBC,IBC_patient015_0143.jpg,1,,off_target_fp,57,0,0.0,0.0,0.0,0.0,0,False
UNET_MTL_MASK_GUIDED,25,patient012,patient012_case01,IBC,IBC_patient015_0143.jpg,2,1.0,strong_75_plus,366,324,0.9310344827586207,0.8852459016393442,0.8852459016393442,0.8307692307692308,1,False
UNET_MTL_MASK_GUIDED,25,patient012,patient012_case01,IBC,IBC_patient015_0144.jpg,1,,off_target_fp,104,0,0.0,0.0,0.0,0.0,0,False
UNET_MTL_MASK_GUIDED,25,patient012,patient012_case01,IBC,IBC_patient015_0144.jpg,2,1.0,strong_75_plus,423,366,0.953125,0.8652482269503546,0.8652482269503546,0.8299319727891157,1,False
UNET_MTL_MASK_GUIDED,25,patient012,patient012_case01,IBC,IBC_patient015_0145.jpg,1,,off_target_fp,155,0,0.0,0.0,0.0,0.0,0,False
UNET_MTL_MASK_GUIDED,25,patient012,patient012_case01,IBC,IBC_patient015_0145.jpg,2,1.0,strong_75_plus,437,382,0.9362745098039216,0.8741418764302059,0.8741418764302059,0.8250539956803455,1,False
UNET_MTL_MASK_GUIDED,25,patient012,patient012_case01,IBC,IBC_patient015_0146.jpg,1,,off_target_fp,159,0,0.0,0.0,0.0,0.0,0,False
UNET_MTL_MASK_GUIDED,25,patient012,patient012_case01,IBC,IBC_patient015_0146.jpg,2,1.0,moderate_50_to_75,414,309,0.9778481012658228,0.7463768115942029,0.7463768115942029,0.7339667458432304,1,False
UNET_MTL_MASK_GUIDED,25,patient012,patient012_case01,IBC,IBC_patient015_0147.jpg,1,,off_target_fp,138,0,0.0,0.0,0.0,0.0,0,False
UNET_MTL_MASK_GUIDED,25,patient012,patient012_case01,IBC,IBC_patient015_0147.jpg,2,1.0,strong_75_plus,362,293,0.8720238095238095,0.8093922651933702,0.8093922651933702,0.7234567901234568,1,False
UNET_MTL_MASK_GUIDED,25,patient012,patient012_case01,IBC,IBC_patient015_0148.jpg,1,,off_target_fp,128,0,0.0,0.0,0.0,0.0,0,False
UNET_MTL_MASK_GUIDED,25,patient012,patient012_case01,IBC,IBC_patient015_0148.jpg,2,1.0,moderate_50_to_75,368,258,0.8958333333333334,0.7010869565217391,0.7010869565217391,0.6482412060301508,1,False
UNET_MTL_MASK_GUIDED,25,patient012,patient012_case01,IBC,IBC_patient015_0149.jpg,1,,off_target_fp,100,0,0.0,0.0,0.0,0.0,0,False
UNET_MTL_MASK_GUIDED,25,patient012,patient012_case01,IBC,IBC_patient015_0149.jpg,2,1.0,low_25_to_50,357,107,0.9907407407407407,0.29971988795518206,0.29971988795518206,0.2988826815642458,1,False
UNET_MTL_MASK_GUIDED,25,patient012,patient012_case01,IBC,IBC_patient015_0150.jpg,1,,off_target_fp,92,0,0.0,0.0,0.0,0.0,0,False
UNET_MTL_MASK_GUIDED,25,patient012,patient012_case01,IBC,IBC_patient015_0150.jpg,2,1.0,partial_below_25,349,86,0.86,0.24641833810888253,0.24641833810888253,0.2369146005509642,1,False
UNET_MTL_MASK_GUIDED,25,patient017,patient017_case01,IGM,IGM_patient017_0054.jpg,1,,off_target_fp,27,0,0.0,0.0,0.0,0.0,0,False
UNET_MTL_MASK_GUIDED,25,patient017,patient017_case01,IGM,IGM_patient017_0056.jpg,1,,off_target_fp,45,0,0.0,0.0,0.0,0.0,0,False
UNET_MTL_MASK_GUIDED,25,patient017,patient017_case01,IGM,IGM_patient017_0057.jpg,1,,off_target_fp,53,0,0.0,0.0,0.0,0.0,0,False
UNET_MTL_MASK_GUIDED,25,patient017,patient017_case01,IGM,IGM_patient017_0057.jpg,2,,off_target_fp,98,0,0.0,0.0,0.0,0.0,0,False
UNET_MTL_MASK_GUIDED,25,patient017,patient017_case01,IGM,IGM_patient017_0058.jpg,1,,off_target_fp,76,0,0.0,0.0,0.0,0.0,0,False
UNET_MTL_MASK_GUIDED,25,patient017,patient017_case01,IGM,IGM_patient017_0058.jpg,2,,off_target_fp,73,0,0.0,0.0,0.0,0.0,0,False
UNET_MTL_MASK_GUIDED,25,patient017,patient017_case01,IGM,IGM_patient017_0058.jpg,3,,off_target_fp,26,0,0.0,0.0,0.0,0.0,0,False
UNET_MTL_MASK_GUIDED,25,patient017,patient017_case01,IGM,IGM_patient017_0059.jpg,1,,off_target_fp,84,0,0.0,0.0,0.0,0.0,0,False
UNET_MTL_MASK_GUIDED,25,patient017,patient017_case01,IGM,IGM_patient017_0059.jpg,2,,off_target_fp,73,0,0.0,0.0,0.0,0.0,0,False
UNET_MTL_MASK_GUIDED,25,patient017,patient017_case01,IGM,IGM_patient017_0059.jpg,3,,off_target_fp,77,0,0.0,0.0,0.0,0.0,0,False
UNET_MTL_MASK_GUIDED,25,patient017,patient017_case01,IGM,IGM_patient017_0060.jpg,1,,off_target_fp,31,0,0.0,0.0,0.0,0.0,0,False
UNET_MTL_MASK_GUIDED,25,patient017,patient017_case01,IGM,IGM_patient017_0060.jpg,2,,off_target_fp,52,0,0.0,0.0,0.0,0.0,0,False
UNET_MTL_MASK_GUIDED,25,patient017,patient017_case01,IGM,IGM_patient017_0061.jpg,1,,off_target_fp,59,0,0.0,0.0,0.0,0.0,0,False
UNET_MTL_MASK_GUIDED,25,patient017,patient017_case01,IGM,IGM_patient017_0061.jpg,2,,off_target_fp,32,0,0.0,0.0,0.0,0.0,0,False
UNET_MTL_MASK_GUIDED,25,patient017,patient017_case01,IGM,IGM_patient017_0061.jpg,3,,off_target_fp,39,0,0.0,0.0,0.0,0.0,0,False
UNET_MTL_MASK_GUIDED,25,patient017,patient017_case01,IGM,IGM_patient017_0062.jpg,1,,off_target_fp,45,0,0.0,0.0,0.0,0.0,0,False
UNET_MTL_MASK_GUIDED,25,patient017,patient017_case01,IGM,IGM_patient017_0062.jpg,2,,off_target_fp,187,0,0.0,0.0,0.0,0.0,0,False
UNET_MTL_MASK_GUIDED,25,patient017,patient017_case01,IGM,IGM_patient017_0063.jpg,1,,off_target_fp,112,0,0.0,0.0,0.0,0.0,0,False
UNET_MTL_MASK_GUIDED,25,patient017,patient017_case01,IGM,IGM_patient017_0063.jpg,2,,off_target_fp,293,0,0.0,0.0,0.0,0.0,0,False
UNET_MTL_MASK_GUIDED,25,patient017,patient017_case01,IGM,IGM_patient017_0064.jpg,1,,off_target_fp,457,0,0.0,0.0,0.0,0.0,0,False
UNET_MTL_MASK_GUIDED,25,patient017,patient017_case01,IGM,IGM_patient017_0065.jpg,1,,off_target_fp,394,0,0.0,0.0,0.0,0.0,0,False
UNET_MTL_MASK_GUIDED,25,patient017,patient017_case01,IGM,IGM_patient017_0065.jpg,2,,off_target_fp,72,0,0.0,0.0,0.0,0.0,0,False
UNET_MTL_MASK_GUIDED,25,patient017,patient017_case01,IGM,IGM_patient017_0066.jpg,1,,off_target_fp,377,0,0.0,0.0,0.0,0.0,0,False
UNET_MTL_MASK_GUIDED,25,patient017,patient017_case01,IGM,IGM_patient017_0067.jpg,1,,off_target_fp,277,0,0.0,0.0,0.0,0.0,0,False
UNET_MTL_MASK_GUIDED,25,patient017,patient017_case01,IGM,IGM_patient017_0067.jpg,2,,off_target_fp,149,0,0.0,0.0,0.0,0.0,0,False
UNET_MTL_MASK_GUIDED,25,patient023,patient023_case01,IBC,IBC_patient020_0044.jpg,1,1.0,strong_75_plus,230,198,0.9166666666666666,0.8608695652173913,0.8608695652173913,0.7983870967741935,1,False
UNET_MTL_MASK_GUIDED,25,patient023,patient023_case01,IBC,IBC_patient020_0045.jpg,1,1.0,strong_75_plus,299,277,0.9358108108108109,0.9264214046822743,0.9264214046822743,0.8710691823899371,1,False
UNET_MTL_MASK_GUIDED,25,patient023,patient023_case01,IBC,IBC_patient020_0046.jpg,1,1.0,strong_75_plus,250,205,0.9318181818181818,0.82,0.82,0.7735849056603774,1,False
UNET_MTL_MASK_GUIDED,25,patient023,patient023_case01,IBC,IBC_patient020_0047.jpg,1,1.0,strong_75_plus,148,131,0.8397435897435898,0.8851351351351351,0.8397435897435898,0.7572254335260116,1,False
UNET_MTL_MASK_GUIDED,25,patient025,patient025_case01,IBC,IBC_patient021_0061.jpg,1,1.0,low_25_to_50,42,42,0.45652173913043476,1.0,0.45652173913043476,0.45652173913043476,1,False
UNET_MTL_MASK_GUIDED,25,patient025,patient025_case01,IBC,IBC_patient021_0062.jpg,1,1.0,strong_75_plus,166,148,0.8809523809523809,0.891566265060241,0.8809523809523809,0.7956989247311828,1,False
UNET_MTL_MASK_GUIDED,25,patient025,patient025_case01,IBC,IBC_patient021_0063.jpg,1,1.0,strong_75_plus,209,199,0.9386792452830188,0.9521531100478469,0.9386792452830188,0.8963963963963963,1,False
UNET_MTL_MASK_GUIDED,25,patient025,patient025_case01,IBC,IBC_patient021_0064.jpg,1,1.0,strong_75_plus,252,239,0.9053030303030303,0.9484126984126984,0.9053030303030303,0.8628158844765343,1,False
UNET_MTL_MASK_GUIDED,25,patient025,patient025_case01,IBC,IBC_patient021_0065.jpg,1,1.0,strong_75_plus,292,236,0.9516129032258065,0.8082191780821918,0.8082191780821918,0.7763157894736842,1,False
UNET_MTL_MASK_GUIDED,25,patient025,patient025_case01,IBC,IBC_patient021_0065.jpg,2,,off_target_fp,78,0,0.0,0.0,0.0,0.0,0,False
UNET_MTL_MASK_GUIDED,25,patient025,patient025_case01,IBC,IBC_patient021_0066.jpg,1,,off_target_fp,133,0,0.0,0.0,0.0,0.0,0,False
UNET_MTL_MASK_GUIDED,25,patient025,patient025_case01,IBC,IBC_patient021_0066.jpg,2,,off_target_fp,186,0,0.0,0.0,0.0,0.0,0,False
UNET_MTL_MASK_GUIDED,25,patient025,patient025_case01,IBC,IBC_patient021_0066.jpg,3,1.0,strong_75_plus,177,170,0.9042553191489362,0.96045197740113,0.9042553191489362,0.8717948717948718,1,False
UNET_MTL_MASK_GUIDED,25,patient025,patient025_case01,IBC,IBC_patient021_0067.jpg,1,,off_target_fp,30,0,0.0,0.0,0.0,0.0,0,False
UNET_MTL_MASK_GUIDED,25,patient025,patient025_case01,IBC,IBC_patient021_0067.jpg,2,,off_target_fp,164,0,0.0,0.0,0.0,0.0,0,False
UNET_MTL_MASK_GUIDED,25,patient036,patient036_case01,IGM,IGM_patient029_0052.jpg,1,,off_target_fp,93,0,0.0,0.0,0.0,0.0,0,False
UNET_MTL_MASK_GUIDED,25,patient036,patient036_case01,IGM,IGM_patient029_0052.jpg,2,,off_target_fp,55,0,0.0,0.0,0.0,0.0,0,False
UNET_MTL_MASK_GUIDED,25,patient036,patient036_case01,IGM,IGM_patient029_0052.jpg,3,,off_target_fp,158,0,0.0,0.0,0.0,0.0,0,False
UNET_MTL_MASK_GUIDED,25,patient036,patient036_case01,IGM,IGM_patient029_0053.jpg,1,1.0,moderate_50_to_75,144,101,0.7651515151515151,0.7013888888888888,0.7013888888888888,0.5771428571428572,1,False
UNET_MTL_MASK_GUIDED,25,patient036,patient036_case01,IGM,IGM_patient029_0053.jpg,2,,off_target_fp,55,0,0.0,0.0,0.0,0.0,0,False
UNET_MTL_MASK_GUIDED,25,patient036,patient036_case01,IGM,IGM_patient029_0054.jpg,1,1.0,moderate_50_to_75,182,134,0.9852941176470589,0.7362637362637363,0.7362637362637363,0.7282608695652174,1,False
UNET_MTL_MASK_GUIDED,25,patient036,patient036_case01,IGM,IGM_patient029_0054.jpg,2,,off_target_fp,35,0,0.0,0.0,0.0,0.0,0,False
UNET_MTL_MASK_GUIDED,25,patient036,patient036_case01,IGM,IGM_patient029_0055.jpg,1,1.0,strong_75_plus,159,123,0.9609375,0.7735849056603774,0.7735849056603774,0.75,1,False
UNET_MTL_MASK_GUIDED,25,patient036,patient036_case01,IGM,IGM_patient029_0056.jpg,1,1.0,moderate_50_to_75,100,68,0.8095238095238095,0.68,0.68,0.5862068965517241,1,False
UNET_MTL_MASK_GUIDED,25,patient045,patient045_case01,IBC,IBC_patient033_0064.jpg,1,,off_target_fp,83,0,0.0,0.0,0.0,0.0,0,False
UNET_MTL_MASK_GUIDED,25,patient045,patient045_case01,IBC,IBC_patient033_0064.jpg,2,,off_target_fp,119,0,0.0,0.0,0.0,0.0,0,False
UNET_MTL_MASK_GUIDED,25,patient045,patient045_case01,IBC,IBC_patient033_0065.jpg,1,,off_target_fp,114,0,0.0,0.0,0.0,0.0,0,False
UNET_MTL_MASK_GUIDED,25,patient045,patient045_case01,IBC,IBC_patient033_0065.jpg,2,1.0,low_25_to_50,378,124,0.9393939393939394,0.328042328042328,0.328042328042328,0.32124352331606215,1,False
UNET_MTL_MASK_GUIDED,25,patient045,patient045_case01,IBC,IBC_patient033_0066.jpg,1,,off_target_fp,83,0,0.0,0.0,0.0,0.0,0,False
UNET_MTL_MASK_GUIDED,25,patient045,patient045_case01,IBC,IBC_patient033_0066.jpg,2,1.0,moderate_50_to_75,399,297,0.939873417721519,0.7443609022556391,0.7443609022556391,0.7105263157894737,1,False
UNET_MTL_MASK_GUIDED,25,patient045,patient045_case01,IBC,IBC_patient033_0067.jpg,1,,off_target_fp,195,0,0.0,0.0,0.0,0.0,0,False
UNET_MTL_MASK_GUIDED,25,patient045,patient045_case01,IBC,IBC_patient033_0067.jpg,2,1.0,moderate_50_to_75,365,247,0.95,0.6767123287671233,0.6767123287671233,0.6534391534391535,1,False
UNET_MTL_MASK_GUIDED,25,patient045,patient045_case01,IBC,IBC_patient033_0068.jpg,1,,off_target_fp,210,0,0.0,0.0,0.0,0.0,0,False
UNET_MTL_MASK_GUIDED,25,patient045,patient045_case01,IBC,IBC_patient033_0068.jpg,2,,off_target_fp,87,0,0.0,0.0,0.0,0.0,0,False
UNET_MTL_MASK_GUIDED,25,patient045,patient045_case01,IBC,IBC_patient033_0068.jpg,3,,off_target_fp,129,0,0.0,0.0,0.0,0.0,0,False
UNET_MTL_MASK_GUIDED,25,patient045,patient045_case01,IBC,IBC_patient033_0068.jpg,4,1.0,strong_75_plus,276,224,0.9655172413793104,0.8115942028985508,0.8115942028985508,0.7887323943661971,1,False
UNET_MTL_MASK_GUIDED,25,patient045,patient045_case01,IBC,IBC_patient033_0069.jpg,1,,off_target_fp,80,0,0.0,0.0,0.0,0.0,0,False
UNET_MTL_MASK_GUIDED,25,patient045,patient045_case01,IBC,IBC_patient033_0069.jpg,2,1.0,strong_75_plus,135,125,0.8680555555555556,0.9259259259259259,0.8680555555555556,0.8116883116883117,1,False
UNET_MTL_MASK_GUIDED,25,patient047,patient047_case01,IBC,IBC_patient035_0131.jpg,1,1.0,strong_75_plus,315,299,0.8691860465116279,0.9492063492063492,0.8691860465116279,0.8305555555555556,1,False
UNET_MTL_MASK_GUIDED,25,patient047,patient047_case01,IBC,IBC_patient035_0132.jpg,1,,off_target_fp,109,0,0.0,0.0,0.0,0.0,0,False
UNET_MTL_MASK_GUIDED,25,patient047,patient047_case01,IBC,IBC_patient035_0132.jpg,2,1.0,strong_75_plus,371,325,0.9672619047619048,0.876010781671159,0.876010781671159,0.8507853403141361,1,False
UNET_MTL_MASK_GUIDED,25,patient047,patient047_case01,IBC,IBC_patient035_0133.jpg,1,,off_target_fp,341,0,0.0,0.0,0.0,0.0,0,False
UNET_MTL_MASK_GUIDED,25,patient047,patient047_case01,IBC,IBC_patient035_0133.jpg,2,1.0,strong_75_plus,387,366,0.8798076923076923,0.9457364341085271,0.8798076923076923,0.8375286041189931,1,False
UNET_MTL_MASK_GUIDED,25,patient047,patient047_case01,IBC,IBC_patient035_0133.jpg,3,,off_target_fp,90,0,0.0,0.0,0.0,0.0,0,False
UNET_MTL_MASK_GUIDED,25,patient047,patient047_case01,IBC,IBC_patient035_0134.jpg,1,,off_target_fp,39,0,0.0,0.0,0.0,0.0,0,False
UNET_MTL_MASK_GUIDED,25,patient047,patient047_case01,IBC,IBC_patient035_0134.jpg,2,,off_target_fp,331,0,0.0,0.0,0.0,0.0,0,False
UNET_MTL_MASK_GUIDED,25,patient047,patient047_case01,IBC,IBC_patient035_0134.jpg,3,1.0,strong_75_plus,419,370,0.925,0.883054892601432,0.883054892601432,0.8240534521158129,1,False
UNET_MTL_MASK_GUIDED,25,patient047,patient047_case01,IBC,IBC_patient035_0134.jpg,4,,off_target_fp,88,0,0.0,0.0,0.0,0.0,0,False
UNET_MTL_MASK_GUIDED,25,patient047,patient047_case01,IBC,IBC_patient035_0135.jpg,1,,off_target_fp,66,0,0.0,0.0,0.0,0.0,0,False
UNET_MTL_MASK_GUIDED,25,patient047,patient047_case01,IBC,IBC_patient035_0135.jpg,2,,off_target_fp,368,0,0.0,0.0,0.0,0.0,0,False
UNET_MTL_MASK_GUIDED,25,patient047,patient047_case01,IBC,IBC_patient035_0135.jpg,3,1.0,strong_75_plus,395,351,0.8863636363636364,0.8886075949367088,0.8863636363636364,0.7977272727272727,1,False
UNET_MTL_MASK_GUIDED,25,patient047,patient047_case01,IBC,IBC_patient035_0136.jpg,1,,off_target_fp,88,0,0.0,0.0,0.0,0.0,0,False
UNET_MTL_MASK_GUIDED,25,patient047,patient047_case01,IBC,IBC_patient035_0136.jpg,2,,off_target_fp,306,0,0.0,0.0,0.0,0.0,0,False
UNET_MTL_MASK_GUIDED,25,patient047,patient047_case01,IBC,IBC_patient035_0136.jpg,3,1.0,moderate_50_to_75,215,193,0.5744047619047619,0.8976744186046511,0.5744047619047619,0.5391061452513967,1,False
UNET_MTL_MASK_GUIDED,25,patient047,patient047_case01,IBC,IBC_patient035_0137.jpg,1,,off_target_fp,50,0,0.0,0.0,0.0,0.0,0,False
UNET_MTL_MASK_GUIDED,25,patient047,patient047_case01,IBC,IBC_patient035_0137.jpg,2,,off_target_fp,107,0,0.0,0.0,0.0,0.0,0,False
UNET_MTL_MASK_GUIDED,25,patient047,patient047_case01,IBC,IBC_patient035_0137.jpg,3,,off_target_fp,33,0,0.0,0.0,0.0,0.0,0,False
UNET_MTL_MASK_GUIDED,25,patient047,patient047_case01,IBC,IBC_patient035_0139.jpg,1,,off_target_fp,98,0,0.0,0.0,0.0,0.0,0,False
UNET_MTL_MASK_GUIDED,25,patient049,patient049_case01,IBC,IBC_patient036_0048.jpg,1,1.0,strong_75_plus,295,271,0.9033333333333333,0.9186440677966101,0.9033333333333333,0.8364197530864198,1,False
UNET_MTL_MASK_GUIDED,25,patient049,patient049_case01,IBC,IBC_patient036_0049.jpg,1,1.0,strong_75_plus,545,489,0.9939024390243902,0.8972477064220183,0.8972477064220183,0.8923357664233577,1,False
UNET_MTL_MASK_GUIDED,25,patient049,patient049_case01,IBC,IBC_patient036_0050.jpg,1,1.0,strong_75_plus,719,606,0.9901960784313726,0.8428372739916551,0.8428372739916551,0.8358620689655173,1,False
UNET_MTL_MASK_GUIDED,25,patient049,patient049_case01,IBC,IBC_patient036_0050.jpg,2,,off_target_fp,168,0,0.0,0.0,0.0,0.0,0,False
UNET_MTL_MASK_GUIDED,25,patient049,patient049_case01,IBC,IBC_patient036_0051.jpg,1,1.0,strong_75_plus,720,629,0.9647239263803681,0.8736111111111111,0.8736111111111111,0.8465679676985195,1,False
UNET_MTL_MASK_GUIDED,25,patient049,patient049_case01,IBC,IBC_patient036_0051.jpg,2,,off_target_fp,67,0,0.0,0.0,0.0,0.0,0,False
UNET_MTL_MASK_GUIDED,25,patient049,patient049_case01,IBC,IBC_patient036_0051.jpg,3,,off_target_fp,159,0,0.0,0.0,0.0,0.0,0,False
UNET_MTL_MASK_GUIDED,25,patient049,patient049_case01,IBC,IBC_patient036_0051.jpg,4,,off_target_fp,31,0,0.0,0.0,0.0,0.0,0,False
UNET_MTL_MASK_GUIDED,25,patient049,patient049_case01,IBC,IBC_patient036_0052.jpg,1,1.0,strong_75_plus,793,707,0.9929775280898876,0.8915510718789408,0.8915510718789408,0.8859649122807017,1,False
UNET_MTL_MASK_GUIDED,25,patient049,patient049_case01,IBC,IBC_patient036_0052.jpg,2,,off_target_fp,308,0,0.0,0.0,0.0,0.0,0,False
UNET_MTL_MASK_GUIDED,25,patient049,patient049_case01,IBC,IBC_patient036_0053.jpg,1,1.0,strong_75_plus,872,701,0.9901129943502824,0.8038990825688074,0.8038990825688074,0.7974971558589306,1,False
UNET_MTL_MASK_GUIDED,25,patient049,patient049_case01,IBC,IBC_patient036_0053.jpg,2,,off_target_fp,196,0,0.0,0.0,0.0,0.0,0,False
UNET_MTL_MASK_GUIDED,25,patient049,patient049_case01,IBC,IBC_patient036_0053.jpg,3,,off_target_fp,355,0,0.0,0.0,0.0,0.0,0,False
UNET_MTL_MASK_GUIDED,25,patient049,patient049_case01,IBC,IBC_patient036_0054.jpg,1,1.0,strong_75_plus,789,680,0.9826589595375722,0.861850443599493,0.861850443599493,0.8489388264669163,1,False
UNET_MTL_MASK_GUIDED,25,patient049,patient049_case01,IBC,IBC_patient036_0054.jpg,2,,off_target_fp,375,0,0.0,0.0,0.0,0.0,0,False
UNET_MTL_MASK_GUIDED,25,patient049,patient049_case01,IBC,IBC_patient036_0055.jpg,1,1.0,strong_75_plus,748,685,0.9409340659340659,0.9157754010695187,0.9157754010695187,0.865992414664981,1,False
UNET_MTL_MASK_GUIDED,25,patient049,patient049_case01,IBC,IBC_patient036_0055.jpg,2,,off_target_fp,156,0,0.0,0.0,0.0,0.0,0,False
UNET_MTL_MASK_GUIDED,25,patient049,patient049_case01,IBC,IBC_patient036_0055.jpg,3,,off_target_fp,361,0,0.0,0.0,0.0,0.0,0,False
UNET_MTL_MASK_GUIDED,25,patient049,patient049_case01,IBC,IBC_patient036_0056.jpg,1,1.0,strong_75_plus,673,520,0.9923664122137404,0.7726597325408618,0.7726597325408618,0.7680945347119645,1,False
UNET_MTL_MASK_GUIDED,25,patient049,patient049_case01,IBC,IBC_patient036_0056.jpg,2,,off_target_fp,526,0,0.0,0.0,0.0,0.0,0,False
UNET_MTL_MASK_GUIDED,25,patient049,patient049_case01,IBC,IBC_patient036_0056.jpg,3,,off_target_fp,362,0,0.0,0.0,0.0,0.0,0,False
UNET_MTL_MASK_GUIDED,25,patient049,patient049_case01,IBC,IBC_patient036_0056.jpg,4,,off_target_fp,315,0,0.0,0.0,0.0,0.0,0,False
UNET_MTL_MASK_GUIDED,25,patient049,patient049_case01,IBC,IBC_patient036_0056.jpg,5,,off_target_fp,473,0,0.0,0.0,0.0,0.0,0,False
UNET_MTL_MASK_GUIDED,25,patient049,patient049_case01,IBC,IBC_patient036_0056.jpg,6,,off_target_fp,64,0,0.0,0.0,0.0,0.0,0,False
UNET_MTL_MASK_GUIDED,25,patient049,patient049_case01,IBC,IBC_patient036_0056.jpg,7,,off_target_fp,278,0,0.0,0.0,0.0,0.0,0,False
UNET_MTL_MASK_GUIDED,25,patient049,patient049_case01,IBC,IBC_patient036_0057.jpg,1,1.0,moderate_50_to_75,676,484,0.9918032786885246,0.7159763313609467,0.7159763313609467,0.711764705882353,1,False
UNET_MTL_MASK_GUIDED,25,patient049,patient049_case01,IBC,IBC_patient036_0057.jpg,2,,off_target_fp,444,0,0.0,0.0,0.0,0.0,0,False
UNET_MTL_MASK_GUIDED,25,patient049,patient049_case01,IBC,IBC_patient036_0057.jpg,3,,off_target_fp,410,0,0.0,0.0,0.0,0.0,0,False
UNET_MTL_MASK_GUIDED,25,patient049,patient049_case01,IBC,IBC_patient036_0057.jpg,4,,off_target_fp,172,0,0.0,0.0,0.0,0.0,0,False
UNET_MTL_MASK_GUIDED,25,patient049,patient049_case01,IBC,IBC_patient036_0057.jpg,5,,off_target_fp,743,0,0.0,0.0,0.0,0.0,0,False
UNET_MTL_MASK_GUIDED,25,patient049,patient049_case01,IBC,IBC_patient036_0057.jpg,6,,off_target_fp,27,0,0.0,0.0,0.0,0.0,0,False
UNET_MTL_MASK_GUIDED,25,patient049,patient049_case01,IBC,IBC_patient036_0057.jpg,7,,off_target_fp,199,0,0.0,0.0,0.0,0.0,0,False
UNET_MTL_MASK_GUIDED,25,patient049,patient049_case01,IBC,IBC_patient036_0058.jpg,1,1.0,low_25_to_50,1098,418,0.9414414414414415,0.3806921675774135,0.3806921675774135,0.3718861209964413,1,False
UNET_MTL_MASK_GUIDED,25,patient049,patient049_case01,IBC,IBC_patient036_0058.jpg,2,,off_target_fp,131,0,0.0,0.0,0.0,0.0,0,False
UNET_MTL_MASK_GUIDED,25,patient049,patient049_case01,IBC,IBC_patient036_0058.jpg,3,,off_target_fp,851,0,0.0,0.0,0.0,0.0,0,False
UNET_MTL_MASK_GUIDED,25,patient049,patient049_case01,IBC,IBC_patient036_0058.jpg,4,,off_target_fp,27,0,0.0,0.0,0.0,0.0,0,False
UNET_MTL_MASK_GUIDED,25,patient049,patient049_case01,IBC,IBC_patient036_0058.jpg,5,,off_target_fp,178,0,0.0,0.0,0.0,0.0,0,False
UNET_MTL_MASK_GUIDED,25,patient049,patient049_case01,IBC,IBC_patient036_0059.jpg,1,,off_target_fp,664,0,0.0,0.0,0.0,0.0,0,False
UNET_MTL_MASK_GUIDED,25,patient049,patient049_case01,IBC,IBC_patient036_0059.jpg,2,1.0,strong_75_plus,527,509,0.9024822695035462,0.9658444022770398,0.9024822695035462,0.8745704467353952,1,False
UNET_MTL_MASK_GUIDED,25,patient049,patient049_case01,IBC,IBC_patient036_0059.jpg,3,,off_target_fp,214,0,0.0,0.0,0.0,0.0,0,False
UNET_MTL_MASK_GUIDED,25,patient049,patient049_case01,IBC,IBC_patient036_0059.jpg,4,,off_target_fp,190,0,0.0,0.0,0.0,0.0,0,False
UNET_MTL_MASK_GUIDED,25,patient049,patient049_case01,IBC,IBC_patient036_0059.jpg,5,,off_target_fp,82,0,0.0,0.0,0.0,0.0,0,False
UNET_MTL_MASK_GUIDED,25,patient049,patient049_case01,IBC,IBC_patient036_0059.jpg,6,,off_target_fp,39,0,0.0,0.0,0.0,0.0,0,False
UNET_MTL_MASK_GUIDED,25,patient049,patient049_case01,IBC,IBC_patient036_0060.jpg,1,1.0,low_25_to_50,964,253,0.4392361111111111,0.262448132780083,0.262448132780083,0.19658119658119658,1,False
UNET_MTL_MASK_GUIDED,25,patient049,patient049_case01,IBC,IBC_patient036_0060.jpg,2,,off_target_fp,512,0,0.0,0.0,0.0,0.0,0,False
UNET_MTL_MASK_GUIDED,25,patient049,patient049_case01,IBC,IBC_patient036_0060.jpg,3,,off_target_fp,227,0,0.0,0.0,0.0,0.0,0,False
UNET_MTL_MASK_GUIDED,25,patient049,patient049_case01,IBC,IBC_patient036_0061.jpg,1,1.0,low_25_to_50,1086,404,0.9439252336448598,0.3720073664825046,0.3720073664825046,0.36396396396396397,1,False
UNET_MTL_MASK_GUIDED,25,patient049,patient049_case01,IBC,IBC_patient036_0061.jpg,2,,off_target_fp,398,0,0.0,0.0,0.0,0.0,0,False
UNET_MTL_MASK_GUIDED,25,patient049,patient049_case01,IBC,IBC_patient036_0061.jpg,3,,off_target_fp,310,0,0.0,0.0,0.0,0.0,0,False
UNET_MTL_MASK_GUIDED,25,patient049,patient049_case01,IBC,IBC_patient036_0062.jpg,1,1.0,low_25_to_50,861,369,0.9413265306122449,0.42857142857142855,0.42857142857142855,0.417420814479638,1,False
UNET_MTL_MASK_GUIDED,25,patient049,patient049_case01,IBC,IBC_patient036_0062.jpg,2,,off_target_fp,75,0,0.0,0.0,0.0,0.0,0,False
UNET_MTL_MASK_GUIDED,25,patient049,patient049_case01,IBC,IBC_patient036_0062.jpg,3,,off_target_fp,29,0,0.0,0.0,0.0,0.0,0,False
UNET_MTL_MASK_GUIDED,25,patient049,patient049_case01,IBC,IBC_patient036_0062.jpg,4,,off_target_fp,291,0,0.0,0.0,0.0,0.0,0,False
UNET_MTL_MASK_GUIDED,25,patient049,patient049_case01,IBC,IBC_patient036_0063.jpg,1,1.0,strong_75_plus,266,245,0.7852564102564102,0.9210526315789473,0.7852564102564102,0.7357357357357357,1,False
UNET_MTL_MASK_GUIDED,25,patient049,patient049_case01,IBC,IBC_patient036_0063.jpg,2,,off_target_fp,94,0,0.0,0.0,0.0,0.0,0,False
UNET_MTL_MASK_GUIDED,25,patient049,patient049_case01,IBC,IBC_patient036_0063.jpg,3,,off_target_fp,28,0,0.0,0.0,0.0,0.0,0,False
UNET_MTL_MASK_GUIDED,25,patient049,patient049_case01,IBC,IBC_patient036_0063.jpg,4,,off_target_fp,189,0,0.0,0.0,0.0,0.0,0,False
UNET_MTL_MASK_GUIDED,25,patient049,patient049_case01,IBC,IBC_patient036_0064.jpg,1,1.0,strong_75_plus,171,150,0.9615384615384616,0.8771929824561403,0.8771929824561403,0.847457627118644,1,False
UNET_MTL_MASK_GUIDED,25,patient049,patient049_case01,IBC,IBC_patient036_0064.jpg,2,,off_target_fp,788,0,0.0,0.0,0.0,0.0,0,False
UNET_MTL_MASK_GUIDED,25,patient049,patient049_case01,IBC,IBC_patient036_0064.jpg,3,,off_target_fp,30,0,0.0,0.0,0.0,0.0,0,False
UNET_MTL_MASK_GUIDED,25,patient049,patient049_case01,IBC,IBC_patient036_0065.jpg,1,,off_target_fp,324,0,0.0,0.0,0.0,0.0,0,False
UNET_MTL_MASK_GUIDED,25,patient052,patient052_case01,IGM,IGM_patient037_0053.jpg,1,1.0,strong_75_plus,92,86,0.7678571428571429,0.9347826086956522,0.7678571428571429,0.7288135593220338,1,False
UNET_MTL_MASK_GUIDED,25,patient052,patient052_case01,IGM,IGM_patient037_0053.jpg,2,,off_target_fp,48,0,0.0,0.0,0.0,0.0,0,False
UNET_MTL_MASK_GUIDED,25,patient052,patient052_case01,IGM,IGM_patient037_0053.jpg,3,,off_target_fp,104,0,0.0,0.0,0.0,0.0,0,False
UNET_MTL_MASK_GUIDED,25,patient052,patient052_case01,IGM,IGM_patient037_0054.jpg,1,1.0,strong_75_plus,190,171,0.9293478260869565,0.9,0.9,0.8423645320197044,1,False
UNET_MTL_MASK_GUIDED,25,patient052,patient052_case01,IGM,IGM_patient037_0054.jpg,2,,off_target_fp,65,0,0.0,0.0,0.0,0.0,0,False
UNET_MTL_MASK_GUIDED,25,patient052,patient052_case01,IGM,IGM_patient037_0055.jpg,1,1.0,moderate_50_to_75,217,159,0.9695121951219512,0.7327188940092166,0.7327188940092166,0.7162162162162162,1,False
UNET_MTL_MASK_GUIDED,25,patient052,patient052_case01,IGM,IGM_patient037_0055.jpg,2,,off_target_fp,89,0,0.0,0.0,0.0,0.0,0,False
UNET_MTL_MASK_GUIDED,25,patient052,patient052_case01,IGM,IGM_patient037_0055.jpg,3,,off_target_fp,148,0,0.0,0.0,0.0,0.0,0,False
UNET_MTL_MASK_GUIDED,25,patient052,patient052_case01,IGM,IGM_patient037_0055.jpg,4,,off_target_fp,38,0,0.0,0.0,0.0,0.0,0,False
UNET_MTL_MASK_GUIDED,25,patient052,patient052_case01,IGM,IGM_patient037_0056.jpg,1,1.0,low_25_to_50,180,79,0.9875,0.4388888888888889,0.4388888888888889,0.43646408839779005,1,False
UNET_MTL_MASK_GUIDED,25,patient052,patient052_case01,IGM,IGM_patient037_0056.jpg,2,,off_target_fp,163,0,0.0,0.0,0.0,0.0,0,False
UNET_MTL_MASK_GUIDED,25,patient052,patient052_case01,IGM,IGM_patient037_0056.jpg,3,,off_target_fp,219,0,0.0,0.0,0.0,0.0,0,False
UNET_MTL_MASK_GUIDED,25,patient052,patient052_case01,IGM,IGM_patient037_0056.jpg,4,,off_target_fp,43,0,0.0,0.0,0.0,0.0,0,False
UNET_MTL_MASK_GUIDED,25,patient052,patient052_case01,IGM,IGM_patient037_0057.jpg,1,1.0,strong_75_plus,140,109,0.8790322580645161,0.7785714285714286,0.7785714285714286,0.7032258064516129,1,False
UNET_MTL_MASK_GUIDED,25,patient052,patient052_case01,IGM,IGM_patient037_0057.jpg,2,,off_target_fp,205,0,0.0,0.0,0.0,0.0,0,False
UNET_MTL_MASK_GUIDED,25,patient052,patient052_case01,IGM,IGM_patient037_0057.jpg,3,,off_target_fp,42,0,0.0,0.0,0.0,0.0,0,False
UNET_MTL_MASK_GUIDED,25,patient052,patient052_case01,IGM,IGM_patient037_0058.jpg,1,1.0,strong_75_plus,102,86,0.8269230769230769,0.8431372549019608,0.8269230769230769,0.7166666666666667,1,False
UNET_MTL_MASK_GUIDED,25,patient052,patient052_case01,IGM,IGM_patient037_0058.jpg,2,,off_target_fp,83,0,0.0,0.0,0.0,0.0,0,False
UNET_MTL_MASK_GUIDED,25,patient052,patient052_case01,IGM,IGM_patient037_0058.jpg,3,,off_target_fp,27,0,0.0,0.0,0.0,0.0,0,False
UNET_MTL_MASK_GUIDED,25,patient052,patient052_case01,IGM,IGM_patient037_0058.jpg,4,,off_target_fp,42,0,0.0,0.0,0.0,0.0,0,False
UNET_MTL_MASK_GUIDED,25,patient052,patient052_case01,IGM,IGM_patient037_0058.jpg,5,,off_target_fp,56,0,0.0,0.0,0.0,0.0,0,False
UNET_MTL_MASK_GUIDED,25,patient052,patient052_case01,IGM,IGM_patient037_0059.jpg,1,1.0,moderate_50_to_75,63,34,0.7727272727272727,0.5396825396825397,0.5396825396825397,0.4657534246575342,1,False
UNET_MTL_MASK_GUIDED,25,patient075,patient075_case01,IGM,IGM_patient049_0044.jpg,1,,off_target_fp,25,0,0.0,0.0,0.0,0.0,0,False
UNET_MTL_MASK_GUIDED,25,patient075,patient075_case01,IGM,IGM_patient049_0045.jpg,1,1.0,strong_75_plus,293,235,0.9475806451612904,0.8020477815699659,0.8020477815699659,0.7679738562091504,1,False
UNET_MTL_MASK_GUIDED,25,patient075,patient075_case01,IGM,IGM_patient049_0046.jpg,1,1.0,strong_75_plus,382,331,0.8994565217391305,0.8664921465968587,0.8664921465968587,0.7899761336515513,1,False
UNET_MTL_MASK_GUIDED,25,patient075,patient075_case01,IGM,IGM_patient049_0047.jpg,1,1.0,strong_75_plus,364,300,0.9259259259259259,0.8241758241758241,0.8241758241758241,0.7731958762886598,1,False
UNET_MTL_MASK_GUIDED,25,patient075,patient075_case01,IGM,IGM_patient049_0048.jpg,1,1.0,strong_75_plus,276,234,0.823943661971831,0.8478260869565217,0.823943661971831,0.7177914110429447,1,False
UNET_MTL_MASK_GUIDED,25,patient075,patient075_case01,IGM,IGM_patient049_0049.jpg,1,,off_target_fp,40,0,0.0,0.0,0.0,0.0,0,False
UNET_MTL_MASK_GUIDED,25,patient075,patient075_case01,IGM,IGM_patient049_0054.jpg,1,,off_target_fp,145,0,0.0,0.0,0.0,0.0,0,False
UNET_MTL_MASK_GUIDED,25,patient075,patient075_case01,IGM,IGM_patient049_0054.jpg,2,,off_target_fp,84,0,0.0,0.0,0.0,0.0,0,False
UNET_MTL_MASK_GUIDED,25,patient075,patient075_case01,IGM,IGM_patient049_0054.jpg,3,,off_target_fp,26,0,0.0,0.0,0.0,0.0,0,False
UNET_MTL_MASK_GUIDED,25,patient075,patient075_case01,IGM,IGM_patient049_0054.jpg,4,,off_target_fp,38,0,0.0,0.0,0.0,0.0,0,False
UNET_MTL_MASK_GUIDED,25,patient075,patient075_case01,IGM,IGM_patient049_0054.jpg,5,1.0,strong_75_plus,299,235,0.9475806451612904,0.7859531772575251,0.7859531772575251,0.7532051282051282,1,False
UNET_MTL_MASK_GUIDED,25,patient075,patient075_case01,IGM,IGM_patient049_0055.jpg,1,,off_target_fp,312,0,0.0,0.0,0.0,0.0,0,False
UNET_MTL_MASK_GUIDED,25,patient075,patient075_case01,IGM,IGM_patient049_0055.jpg,2,,off_target_fp,29,0,0.0,0.0,0.0,0.0,0,False
UNET_MTL_MASK_GUIDED,25,patient075,patient075_case01,IGM,IGM_patient049_0055.jpg,3,1.0,moderate_50_to_75,205,165,0.6991525423728814,0.8048780487804879,0.6991525423728814,0.5978260869565217,1,False
UNET_MTL_MASK_GUIDED,25,patient075,patient075_case01,IGM,IGM_patient049_0056.jpg,1,,off_target_fp,334,0,0.0,0.0,0.0,0.0,0,False
UNET_MTL_MASK_GUIDED,25,patient075,patient075_case01,IGM,IGM_patient049_0056.jpg,2,,off_target_fp,54,0,0.0,0.0,0.0,0.0,0,False
UNET_MTL_MASK_GUIDED,25,patient075,patient075_case01,IGM,IGM_patient049_0056.jpg,3,1.0,moderate_50_to_75,208,177,0.7137096774193549,0.8509615384615384,0.7137096774193549,0.6344086021505376,1,False
UNET_MTL_MASK_GUIDED,25,patient075,patient075_case01,IGM,IGM_patient049_0057.jpg,1,1.0,strong_75_plus,303,252,0.8181818181818182,0.8316831683168316,0.8181818181818182,0.7019498607242339,1,False
UNET_MTL_MASK_GUIDED,25,patient075,patient075_case01,IGM,IGM_patient049_0057.jpg,2,,off_target_fp,89,0,0.0,0.0,0.0,0.0,0,False
UNET_MTL_MASK_GUIDED,25,patient075,patient075_case01,IGM,IGM_patient049_0058.jpg,1,1.0,moderate_50_to_75,289,221,0.690625,0.7647058823529411,0.690625,0.5695876288659794,1,False
UNET_MTL_MASK_GUIDED,25,patient075,patient075_case01,IGM,IGM_patient049_0058.jpg,2,,off_target_fp,61,0,0.0,0.0,0.0,0.0,0,False
UNET_MTL_MASK_GUIDED,25,patient093,patient093_case01,IBC,IBC_patient005_0109.jpg,1,,off_target_fp,108,0,0.0,0.0,0.0,0.0,0,False
UNET_MTL_MASK_GUIDED,25,patient093,patient093_case01,IBC,IBC_patient005_0110.jpg,1,1.0,partial_below_25,227,56,0.2641509433962264,0.24669603524229075,0.24669603524229075,0.1462140992167102,1,False
UNET_MTL_MASK_GUIDED,25,patient093,patient093_case01,IBC,IBC_patient005_0111.jpg,1,1.0,partial_below_25,231,45,0.1814516129032258,0.19480519480519481,0.1814516129032258,0.10368663594470046,1,False
UNET_MTL_MASK_GUIDED,25,patient093,patient093_case01,IBC,IBC_patient005_0112.jpg,1,,off_target_fp,142,0,0.0,0.0,0.0,0.0,0,False
UNET_MTL_MASK_GUIDED,25,patient093,patient093_case01,IBC,IBC_patient005_0113.jpg,1,,off_target_fp,146,0,0.0,0.0,0.0,0.0,0,False
UNET_MTL_MASK_GUIDED,25,patient093,patient093_case01,IBC,IBC_patient005_0114.jpg,1,1.0,partial_below_25,308,70,0.2536231884057971,0.22727272727272727,0.22727272727272727,0.13618677042801555,1,False
UNET_MTL_MASK_GUIDED,25,patient093,patient093_case01,IBC,IBC_patient005_0115.jpg,1,1.0,partial_below_25,442,99,0.38671875,0.2239819004524887,0.2239819004524887,0.1652754590984975,1,False
UNET_MTL_MASK_GUIDED,25,patient093,patient093_case01,IBC,IBC_patient005_0116.jpg,1,,off_target_fp,121,0,0.0,0.0,0.0,0.0,0,False
UNET_MTL_MASK_GUIDED,25,patient093,patient093_case01,IBC,IBC_patient005_0116.jpg,2,1.0,partial_below_25,398,76,0.3114754098360656,0.19095477386934673,0.19095477386934673,0.13427561837455831,1,False
UNET_MTL_MASK_GUIDED,25,patient093,patient093_case01,IBC,IBC_patient005_0117.jpg,1,,off_target_fp,69,0,0.0,0.0,0.0,0.0,0,False
UNET_MTL_MASK_GUIDED,25,patient093,patient093_case01,IBC,IBC_patient005_0117.jpg,2,1.0,low_25_to_50,72,61,0.25,0.8472222222222222,0.25,0.23921568627450981,1,False
UNET_MTL_MASK_GUIDED,25,patient093,patient093_case01,IBC,IBC_patient005_0117.jpg,3,,off_target_fp,264,0,0.0,0.0,0.0,0.0,0,False
UNET_MTL_MASK_GUIDED,25,patient093,patient093_case01,IBC,IBC_patient005_0118.jpg,1,1.0,partial_below_25,50,49,0.19140625,0.98,0.19140625,0.19066147859922178,1,False
UNET_MTL_MASK_GUIDED,25,patient093,patient093_case01,IBC,IBC_patient005_0118.jpg,2,,off_target_fp,277,0,0.0,0.0,0.0,0.0,0,False
UNET_MTL_MASK_GUIDED,25,patient093,patient093_case01,IBC,IBC_patient005_0119.jpg,1,1.0,partial_below_25,65,58,0.23770491803278687,0.8923076923076924,0.23770491803278687,0.23107569721115537,1,False
UNET_MTL_MASK_GUIDED,25,patient093,patient093_case01,IBC,IBC_patient005_0119.jpg,2,,off_target_fp,251,0,0.0,0.0,0.0,0.0,0,False
UNET_MTL_MASK_GUIDED,25,patient093,patient093_case01,IBC,IBC_patient005_0120.jpg,1,1.0,low_25_to_50,109,93,0.41517857142857145,0.8532110091743119,0.41517857142857145,0.3875,1,False
UNET_MTL_MASK_GUIDED,25,patient093,patient093_case01,IBC,IBC_patient005_0120.jpg,2,,off_target_fp,225,0,0.0,0.0,0.0,0.0,0,False
UNET_MTL_MASK_GUIDED,25,patient093,patient093_case01,IBC,IBC_patient005_0121.jpg,1,1.0,moderate_50_to_75,129,119,0.5219298245614035,0.9224806201550387,0.5219298245614035,0.5,1,False
UNET_MTL_MASK_GUIDED,25,patient093,patient093_case01,IBC,IBC_patient005_0121.jpg,2,,off_target_fp,204,0,0.0,0.0,0.0,0.0,0,False
UNET_MTL_MASK_GUIDED,25,patient093,patient093_case01,IBC,IBC_patient005_0122.jpg,1,1.0,partial_below_25,30,30,0.1744186046511628,1.0,0.1744186046511628,0.1744186046511628,1,False
UNET_MTL_MASK_GUIDED,25,patient093,patient093_case01,IBC,IBC_patient005_0122.jpg,2,,off_target_fp,165,0,0.0,0.0,0.0,0.0,0,False
UNET_MTL_MASK_GUIDED,25,patient093,patient093_case01,IBC,IBC_patient005_0123.jpg,1,,off_target_fp,28,0,0.0,0.0,0.0,0.0,0,False
UNET_MTL_MASK_GUIDED,25,patient093,patient093_case01,IBC,IBC_patient005_0123.jpg,2,,off_target_fp,174,0,0.0,0.0,0.0,0.0,0,False
UNET_MTL_MASK_GUIDED,25,patient094,patient094_case01,IGM,IGM_patient005_0044.jpg,1,1.0,strong_75_plus,89,80,0.7692307692307693,0.898876404494382,0.7692307692307693,0.7079646017699115,1,False
UNET_MTL_MASK_GUIDED,25,patient094,patient094_case01,IGM,IGM_patient005_0045.jpg,1,1.0,strong_75_plus,170,128,0.9696969696969697,0.7529411764705882,0.7529411764705882,0.735632183908046,1,False
UNET_MTL_MASK_GUIDED,25,patient094,patient094_case01,IGM,IGM_patient005_0046.jpg,1,1.0,moderate_50_to_75,250,166,0.9880952380952381,0.664,0.664,0.6587301587301587,1,False
UNET_MTL_MASK_GUIDED,25,patient094,patient094_case01,IGM,IGM_patient005_0047.jpg,1,1.0,moderate_50_to_75,280,155,0.9451219512195121,0.5535714285714286,0.5535714285714286,0.5363321799307958,1,False
UNET_MTL_MASK_GUIDED,25,patient094,patient094_case01,IGM,IGM_patient005_0047.jpg,2,,off_target_fp,125,0,0.0,0.0,0.0,0.0,0,False
UNET_MTL_MASK_GUIDED,25,patient094,patient094_case01,IGM,IGM_patient005_0048.jpg,1,1.0,moderate_50_to_75,274,140,1.0,0.5109489051094891,0.5109489051094891,0.5109489051094891,1,False
UNET_MTL_MASK_GUIDED,25,patient094,patient094_case01,IGM,IGM_patient005_0048.jpg,2,,off_target_fp,169,0,0.0,0.0,0.0,0.0,0,False
UNET_MTL_MASK_GUIDED,25,patient094,patient094_case01,IGM,IGM_patient005_0049.jpg,1,1.0,moderate_50_to_75,280,149,0.9802631578947368,0.5321428571428571,0.5321428571428571,0.5265017667844523,1,False
UNET_MTL_MASK_GUIDED,25,patient094,patient094_case01,IGM,IGM_patient005_0049.jpg,2,,off_target_fp,284,0,0.0,0.0,0.0,0.0,0,False
UNET_MTL_MASK_GUIDED,25,patient094,patient094_case01,IGM,IGM_patient005_0050.jpg,1,1.0,low_25_to_50,255,103,0.9903846153846154,0.403921568627451,0.403921568627451,0.40234375,1,False
UNET_MTL_MASK_GUIDED,25,patient094,patient094_case01,IGM,IGM_patient005_0050.jpg,2,,off_target_fp,302,0,0.0,0.0,0.0,0.0,0,False
UNET_MTL_MASK_GUIDED,25,patient094,patient094_case01,IGM,IGM_patient005_0051.jpg,1,1.0,low_25_to_50,207,91,0.9479166666666666,0.4396135265700483,0.4396135265700483,0.42924528301886794,1,False
UNET_MTL_MASK_GUIDED,25,patient094,patient094_case01,IGM,IGM_patient005_0051.jpg,2,,off_target_fp,140,0,0.0,0.0,0.0,0.0,0,False
UNET_MTL_MASK_GUIDED,25,patient094,patient094_case01,IGM,IGM_patient005_0051.jpg,3,,off_target_fp,33,0,0.0,0.0,0.0,0.0,0,False
UNET_MTL_MASK_GUIDED,25,patient094,patient094_case01,IGM,IGM_patient005_0052.jpg,1,1.0,moderate_50_to_75,81,44,1.0,0.5432098765432098,0.5432098765432098,0.5432098765432098,1,False
UNET_MTL_MASK_GUIDED,25,patient094,patient094_case01,IGM,IGM_patient005_0052.jpg,2,,off_target_fp,137,0,0.0,0.0,0.0,0.0,0,False
UNET_MTL_MASK_GUIDED,25,patient094,patient094_case01,IGM,IGM_patient005_0052.jpg,3,,off_target_fp,96,0,0.0,0.0,0.0,0.0,0,False
UNET_MTL_MASK_GUIDED,25,patient094,patient094_case01,IGM,IGM_patient005_0053.jpg,1,,off_target_fp,103,0,0.0,0.0,0.0,0.0,0,False
UNET_MTL_MASK_GUIDED,25,patient094,patient094_case01,IGM,IGM_patient005_0053.jpg,2,,off_target_fp,90,0,0.0,0.0,0.0,0.0,0,False
UNET_MTL_MASK_GUIDED,25,patient094,patient094_case01,IGM,IGM_patient005_0053.jpg,3,,off_target_fp,155,0,0.0,0.0,0.0,0.0,0,False
UNET_MTL_MASK_GUIDED,25,patient083,patient083_case01,IGM,IGM_patient052_0059.jpg,1,1.0,moderate_50_to_75,59,57,0.57,0.9661016949152542,0.57,0.5588235294117647,1,False
UNET_MTL_MASK_GUIDED,25,patient083,patient083_case01,IGM,IGM_patient052_0060.jpg,1,1.0,moderate_50_to_75,122,109,0.6193181818181818,0.8934426229508197,0.6193181818181818,0.5767195767195767,1,False
UNET_MTL_MASK_GUIDED,25,patient083,patient083_case01,IGM,IGM_patient052_0061.jpg,1,1.0,strong_75_plus,199,185,0.8258928571428571,0.9296482412060302,0.8258928571428571,0.7773109243697479,1,False
UNET_MTL_MASK_GUIDED,25,patient083,patient083_case01,IGM,IGM_patient052_0061.jpg,2,,off_target_fp,56,0,0.0,0.0,0.0,0.0,0,False
UNET_MTL_MASK_GUIDED,25,patient083,patient083_case01,IGM,IGM_patient052_0062.jpg,1,1.0,strong_75_plus,230,218,0.8515625,0.9478260869565217,0.8515625,0.8134328358208955,1,False
UNET_MTL_MASK_GUIDED,25,patient083,patient083_case01,IGM,IGM_patient052_0062.jpg,2,,off_target_fp,61,0,0.0,0.0,0.0,0.0,0,False
UNET_MTL_MASK_GUIDED,25,patient083,patient083_case01,IGM,IGM_patient052_0062.jpg,3,,off_target_fp,64,0,0.0,0.0,0.0,0.0,0,False
UNET_MTL_MASK_GUIDED,25,patient083,patient083_case01,IGM,IGM_patient052_0063.jpg,1,1.0,strong_75_plus,268,242,0.9029850746268657,0.9029850746268657,0.9029850746268657,0.8231292517006803,1,False
UNET_MTL_MASK_GUIDED,25,patient083,patient083_case01,IGM,IGM_patient052_0063.jpg,2,,off_target_fp,145,0,0.0,0.0,0.0,0.0,0,False
UNET_MTL_MASK_GUIDED,25,patient083,patient083_case01,IGM,IGM_patient052_0064.jpg,1,1.0,strong_75_plus,274,250,0.9765625,0.9124087591240876,0.9124087591240876,0.8928571428571429,1,False
UNET_MTL_MASK_GUIDED,25,patient083,patient083_case01,IGM,IGM_patient052_0064.jpg,2,,off_target_fp,230,0,0.0,0.0,0.0,0.0,0,False
UNET_MTL_MASK_GUIDED,25,patient083,patient083_case01,IGM,IGM_patient052_0065.jpg,1,1.0,strong_75_plus,244,230,0.8846153846153846,0.9426229508196722,0.8846153846153846,0.8394160583941606,1,False
UNET_MTL_MASK_GUIDED,25,patient083,patient083_case01,IGM,IGM_patient052_0065.jpg,2,,off_target_fp,274,0,0.0,0.0,0.0,0.0,0,False
UNET_MTL_MASK_GUIDED,25,patient083,patient083_case01,IGM,IGM_patient052_0065.jpg,3,,off_target_fp,33,0,0.0,0.0,0.0,0.0,0,False
UNET_MTL_MASK_GUIDED,25,patient083,patient083_case01,IGM,IGM_patient052_0066.jpg,1,1.0,strong_75_plus,154,140,0.9459459459459459,0.9090909090909091,0.9090909090909091,0.8641975308641975,1,False
UNET_MTL_MASK_GUIDED,25,patient083,patient083_case01,IGM,IGM_patient052_0066.jpg,2,,off_target_fp,59,0,0.0,0.0,0.0,0.0,0,False
UNET_MTL_MASK_GUIDED,25,patient083,patient083_case01,IGM,IGM_patient052_0066.jpg,3,,off_target_fp,303,0,0.0,0.0,0.0,0.0,0,False
UNET_MTL_MASK_GUIDED,25,patient083,patient083_case01,IGM,IGM_patient052_0067.jpg,1,1.0,strong_75_plus,183,163,0.8858695652173914,0.8907103825136612,0.8858695652173914,0.7990196078431373,1,False
UNET_MTL_MASK_GUIDED,25,patient083,patient083_case01,IGM,IGM_patient052_0067.jpg,2,,off_target_fp,124,0,0.0,0.0,0.0,0.0,0,False
UNET_MTL_MASK_GUIDED,25,patient083,patient083_case01,IGM,IGM_patient052_0067.jpg,3,,off_target_fp,171,0,0.0,0.0,0.0,0.0,0,False
UNET_MTL_MASK_GUIDED,25,patient083,patient083_case01,IGM,IGM_patient052_0068.jpg,1,1.0,strong_75_plus,122,116,0.8529411764705882,0.9508196721311475,0.8529411764705882,0.8169014084507042,1,False
UNET_MTL_MASK_GUIDED,25,patient083,patient083_case01,IGM,IGM_patient052_0068.jpg,2,,off_target_fp,236,0,0.0,0.0,0.0,0.0,0,False
UNET_MTL_MASK_GUIDED,25,patient083,patient083_case01,IGM,IGM_patient052_0069.jpg,1,1.0,strong_75_plus,169,153,0.95625,0.9053254437869822,0.9053254437869822,0.8693181818181818,1,False
UNET_MTL_MASK_GUIDED,25,patient083,patient083_case01,IGM,IGM_patient052_0069.jpg,2,,off_target_fp,248,0,0.0,0.0,0.0,0.0,0,False
UNET_MTL_MASK_GUIDED,25,patient083,patient083_case01,IGM,IGM_patient052_0070.jpg,1,1.0,strong_75_plus,174,145,0.9539473684210527,0.8333333333333334,0.8333333333333334,0.8011049723756906,1,False
UNET_MTL_MASK_GUIDED,25,patient083,patient083_case01,IGM,IGM_patient052_0070.jpg,2,,off_target_fp,249,0,0.0,0.0,0.0,0.0,0,False
UNET_MTL_MASK_GUIDED,25,patient083,patient083_case01,IGM,IGM_patient052_0071.jpg,1,1.0,strong_75_plus,164,145,0.9294871794871795,0.8841463414634146,0.8841463414634146,0.8285714285714286,1,False
UNET_MTL_MASK_GUIDED,25,patient083,patient083_case01,IGM,IGM_patient052_0071.jpg,2,,off_target_fp,123,0,0.0,0.0,0.0,0.0,0,False
UNET_MTL_MASK_GUIDED,25,patient083,patient083_case01,IGM,IGM_patient052_0071.jpg,3,,off_target_fp,175,0,0.0,0.0,0.0,0.0,0,False
UNET_MTL_MASK_GUIDED,25,patient083,patient083_case01,IGM,IGM_patient052_0071.jpg,4,,off_target_fp,236,0,0.0,0.0,0.0,0.0,0,False
UNET_MTL_MASK_GUIDED,25,patient083,patient083_case01,IGM,IGM_patient052_0072.jpg,1,1.0,strong_75_plus,148,124,0.8157894736842105,0.8378378378378378,0.8157894736842105,0.7045454545454546,1,False
UNET_MTL_MASK_GUIDED,25,patient083,patient083_case01,IGM,IGM_patient052_0072.jpg,2,,off_target_fp,108,0,0.0,0.0,0.0,0.0,0,False
UNET_MTL_MASK_GUIDED,25,patient083,patient083_case01,IGM,IGM_patient052_0072.jpg,3,,off_target_fp,218,0,0.0,0.0,0.0,0.0,0,False
UNET_MTL_MASK_GUIDED,25,patient083,patient083_case01,IGM,IGM_patient052_0072.jpg,4,,off_target_fp,105,0,0.0,0.0,0.0,0.0,0,False
UNET_MTL_MASK_GUIDED,25,patient091,patient091_case01,IBC,IBC_patient056_0045.jpg,1,,off_target_fp,149,0,0.0,0.0,0.0,0.0,0,False
UNET_MTL_MASK_GUIDED,25,patient091,patient091_case01,IBC,IBC_patient056_0046.jpg,1,,off_target_fp,478,0,0.0,0.0,0.0,0.0,0,False
UNET_MTL_MASK_GUIDED,25,patient091,patient091_case01,IBC,IBC_patient056_0046.jpg,2,,off_target_fp,56,0,0.0,0.0,0.0,0.0,0,False
UNET_MTL_MASK_GUIDED,25,patient091,patient091_case01,IBC,IBC_patient056_0046.jpg,3,,off_target_fp,272,0,0.0,0.0,0.0,0.0,0,False
UNET_MTL_MASK_GUIDED,25,patient091,patient091_case01,IBC,IBC_patient056_0047.jpg,1,,off_target_fp,662,0,0.0,0.0,0.0,0.0,0,False
UNET_MTL_MASK_GUIDED,25,patient091,patient091_case01,IBC,IBC_patient056_0047.jpg,2,,off_target_fp,476,0,0.0,0.0,0.0,0.0,0,False
UNET_MTL_MASK_GUIDED,25,patient091,patient091_case01,IBC,IBC_patient056_0047.jpg,3,,off_target_fp,387,0,0.0,0.0,0.0,0.0,0,False
UNET_MTL_MASK_GUIDED,25,patient091,patient091_case01,IBC,IBC_patient056_0056.jpg,1,,off_target_fp,27,0,0.0,0.0,0.0,0.0,0,False
UNET_MTL_MASK_GUIDED,25,patient095,patient095_case01,IBC,IBC_patient006_0137.jpg,1,1.0,moderate_50_to_75,65,37,0.6607142857142857,0.5692307692307692,0.5692307692307692,0.44047619047619047,1,False
UNET_MTL_MASK_GUIDED,25,patient095,patient095_case01,IBC,IBC_patient006_0138.jpg,1,1.0,moderate_50_to_75,72,43,0.7166666666666667,0.5972222222222222,0.5972222222222222,0.48314606741573035,1,False
UNET_MTL_MASK_GUIDED,25,patient095,patient095_case01,IBC,IBC_patient006_0138.jpg,2,,off_target_fp,335,0,0.0,0.0,0.0,0.0,0,False
UNET_MTL_MASK_GUIDED,25,patient095,patient095_case01,IBC,IBC_patient006_0139.jpg,1,1.0,moderate_50_to_75,114,71,0.9342105263157895,0.6228070175438597,0.6228070175438597,0.5966386554621849,1,False
UNET_MTL_MASK_GUIDED,25,patient095,patient095_case01,IBC,IBC_patient006_0139.jpg,2,,off_target_fp,482,0,0.0,0.0,0.0,0.0,0,False
UNET_MTL_MASK_GUIDED,25,patient095,patient095_case01,IBC,IBC_patient006_0140.jpg,1,1.0,low_25_to_50,235,108,1.0,0.4595744680851064,0.4595744680851064,0.4595744680851064,1,False
UNET_MTL_MASK_GUIDED,25,patient095,patient095_case01,IBC,IBC_patient006_0140.jpg,2,,off_target_fp,103,0,0.0,0.0,0.0,0.0,0,False
UNET_MTL_MASK_GUIDED,25,patient095,patient095_case01,IBC,IBC_patient006_0141.jpg,1,1.0,moderate_50_to_75,311,217,0.9517543859649122,0.6977491961414791,0.6977491961414791,0.6739130434782609,1,False
UNET_MTL_MASK_GUIDED,25,patient095,patient095_case01,IBC,IBC_patient006_0142.jpg,1,1.0,moderate_50_to_75,347,247,0.96484375,0.7118155619596542,0.7118155619596542,0.6938202247191011,1,False
UNET_MTL_MASK_GUIDED,25,patient095,patient095_case01,IBC,IBC_patient006_0143.jpg,1,1.0,strong_75_plus,370,282,0.9657534246575342,0.7621621621621621,0.7621621621621621,0.7421052631578947,1,False
UNET_MTL_MASK_GUIDED,25,patient095,patient095_case01,IBC,IBC_patient006_0144.jpg,1,1.0,strong_75_plus,403,305,0.9902597402597403,0.7568238213399504,0.7568238213399504,0.7512315270935961,1,False
UNET_MTL_MASK_GUIDED,25,patient095,patient095_case01,IBC,IBC_patient006_0145.jpg,1,1.0,moderate_50_to_75,427,320,0.963855421686747,0.7494145199063232,0.7494145199063232,0.7289293849658315,1,False
UNET_MTL_MASK_GUIDED,25,patient095,patient095_case01,IBC,IBC_patient006_0146.jpg,1,1.0,moderate_50_to_75,420,264,0.9295774647887324,0.6285714285714286,0.6285714285714286,0.6,1,False
UNET_MTL_MASK_GUIDED,25,patient095,patient095_case01,IBC,IBC_patient006_0146.jpg,2,,off_target_fp,32,0,0.0,0.0,0.0,0.0,0,False
UNET_MTL_MASK_GUIDED,25,patient095,patient095_case01,IBC,IBC_patient006_0147.jpg,1,1.0,moderate_50_to_75,317,236,0.7763157894736842,0.7444794952681388,0.7444794952681388,0.612987012987013,1,False
UNET_MTL_MASK_GUIDED,25,patient095,patient095_case01,IBC,IBC_patient006_0147.jpg,2,,off_target_fp,36,0,0.0,0.0,0.0,0.0,0,False
UNET_MTL_MASK_GUIDED,25,patient099,patient099_case01,IGM,IGM_patient008_0049.jpg,1,1.0,low_25_to_50,200,72,0.8571428571428571,0.36,0.36,0.33962264150943394,1,False
UNET_MTL_MASK_GUIDED,25,patient099,patient099_case01,IGM,IGM_patient008_0050.jpg,1,1.0,low_25_to_50,247,109,0.9396551724137931,0.44129554655870445,0.44129554655870445,0.42913385826771655,1,False
UNET_MTL_MASK_GUIDED,25,patient099,patient099_case01,IGM,IGM_patient008_0051.jpg,1,1.0,moderate_50_to_75,244,171,0.9095744680851063,0.7008196721311475,0.7008196721311475,0.6551724137931034,1,False
UNET_MTL_MASK_GUIDED,25,patient099,patient099_case01,IGM,IGM_patient008_0052.jpg,1,1.0,strong_75_plus,166,138,0.9324324324324325,0.8313253012048193,0.8313253012048193,0.7840909090909091,1,False
UNET_MTL_MASK_GUIDED,25,patient099,patient099_case01,IGM,IGM_patient008_0053.jpg,1,1.0,strong_75_plus,147,113,0.8560606060606061,0.7687074829931972,0.7687074829931972,0.6807228915662651,1,False
UNET_MTL_MASK_GUIDED,25,patient099,patient099_case01,IGM,IGM_patient008_0054.jpg,1,1.0,strong_75_plus,137,121,0.9166666666666666,0.8832116788321168,0.8832116788321168,0.8175675675675675,1,False
UNET_MTL_MASK_GUIDED,25,patient099,patient099_case01,IGM,IGM_patient008_0054.jpg,2,,off_target_fp,65,0,0.0,0.0,0.0,0.0,0,False
UNET_MTL_MASK_GUIDED,25,patient099,patient099_case01,IGM,IGM_patient008_0055.jpg,1,,off_target_fp,74,0,0.0,0.0,0.0,0.0,0,False
UNET_MTL_MASK_GUIDED,25,patient099,patient099_case01,IGM,IGM_patient008_0055.jpg,2,1.0,strong_75_plus,175,132,0.9705882352941176,0.7542857142857143,0.7542857142857143,0.7374301675977654,1,False
UNET_MTL_MASK_GUIDED,25,patient099,patient099_case01,IGM,IGM_patient008_0055.jpg,3,,off_target_fp,119,0,0.0,0.0,0.0,0.0,0,False
UNET_MTL_MASK_GUIDED,25,patient099,patient099_case01,IGM,IGM_patient008_0056.jpg,1,,off_target_fp,85,0,0.0,0.0,0.0,0.0,0,False
UNET_MTL_MASK_GUIDED,25,patient099,patient099_case01,IGM,IGM_patient008_0056.jpg,2,,off_target_fp,67,0,0.0,0.0,0.0,0.0,0,False
UNET_MTL_MASK_GUIDED,25,patient099,patient099_case01,IGM,IGM_patient008_0056.jpg,3,1.0,strong_75_plus,194,166,0.9222222222222223,0.8556701030927835,0.8556701030927835,0.7980769230769231,1,False
UNET_MTL_MASK_GUIDED,25,patient099,patient099_case01,IGM,IGM_patient008_0056.jpg,4,,off_target_fp,86,0,0.0,0.0,0.0,0.0,0,False
UNET_MTL_MASK_GUIDED,25,patient099,patient099_case01,IGM,IGM_patient008_0057.jpg,1,,off_target_fp,42,0,0.0,0.0,0.0,0.0,0,False
UNET_MTL_MASK_GUIDED,25,patient099,patient099_case01,IGM,IGM_patient008_0057.jpg,2,,off_target_fp,43,0,0.0,0.0,0.0,0.0,0,False
UNET_MTL_MASK_GUIDED,25,patient099,patient099_case01,IGM,IGM_patient008_0057.jpg,3,,off_target_fp,187,0,0.0,0.0,0.0,0.0,0,False
UNET_MTL_MASK_GUIDED,25,patient099,patient099_case01,IGM,IGM_patient008_0057.jpg,4,1.0,strong_75_plus,164,150,0.9375,0.9146341463414634,0.9146341463414634,0.8620689655172413,1,False
UNET_MTL_MASK_GUIDED,25,patient099,patient099_case01,IGM,IGM_patient008_0057.jpg,5,,off_target_fp,196,0,0.0,0.0,0.0,0.0,0,False
UNET_MTL_MASK_GUIDED,25,patient099,patient099_case01,IGM,IGM_patient008_0058.jpg,1,,off_target_fp,226,0,0.0,0.0,0.0,0.0,0,False
UNET_MTL_MASK_GUIDED,25,patient099,patient099_case01,IGM,IGM_patient008_0058.jpg,2,1.0,strong_75_plus,89,81,0.8804347826086957,0.9101123595505618,0.8804347826086957,0.81,1,False
UNET_MTL_MASK_GUIDED,25,patient099,patient099_case01,IGM,IGM_patient008_0058.jpg,3,,off_target_fp,149,0,0.0,0.0,0.0,0.0,0,False
UNET_MTL_MASK_GUIDED,25,patient102,patient102_case01,IGM,IGM_patient009_0053.jpg,1,,off_target_fp,57,0,0.0,0.0,0.0,0.0,0,False
UNET_MTL_MASK_GUIDED,25,patient102,patient102_case01,IGM,IGM_patient009_0054.jpg,1,1.0,strong_75_plus,232,200,0.9615384615384616,0.8620689655172413,0.8620689655172413,0.8333333333333334,1,False
UNET_MTL_MASK_GUIDED,25,patient102,patient102_case01,IGM,IGM_patient009_0055.jpg,1,,off_target_fp,124,0,0.0,0.0,0.0,0.0,0,False
UNET_MTL_MASK_GUIDED,25,patient102,patient102_case01,IGM,IGM_patient009_0055.jpg,2,1.0,strong_75_plus,361,279,0.8303571428571429,0.7728531855955678,0.7728531855955678,0.6674641148325359,1,False
UNET_MTL_MASK_GUIDED,25,patient102,patient102_case01,IGM,IGM_patient009_0056.jpg,1,,off_target_fp,207,0,0.0,0.0,0.0,0.0,0,False
UNET_MTL_MASK_GUIDED,25,patient102,patient102_case01,IGM,IGM_patient009_0056.jpg,2,1.0,strong_75_plus,346,293,0.8323863636363636,0.846820809248555,0.8323863636363636,0.7234567901234568,1,False
UNET_MTL_MASK_GUIDED,25,patient102,patient102_case01,IGM,IGM_patient009_0057.jpg,1,,off_target_fp,188,0,0.0,0.0,0.0,0.0,0,False
UNET_MTL_MASK_GUIDED,25,patient102,patient102_case01,IGM,IGM_patient009_0057.jpg,2,1.0,moderate_50_to_75,336,224,0.9824561403508771,0.6666666666666666,0.6666666666666666,0.6588235294117647,1,False
UNET_MTL_MASK_GUIDED,25,patient102,patient102_case01,IGM,IGM_patient009_0057.jpg,3,,off_target_fp,33,0,0.0,0.0,0.0,0.0,0,False
UNET_MTL_MASK_GUIDED,25,patient102,patient102_case01,IGM,IGM_patient009_0058.jpg,1,,off_target_fp,222,0,0.0,0.0,0.0,0.0,0,False
UNET_MTL_MASK_GUIDED,25,patient102,patient102_case01,IGM,IGM_patient009_0058.jpg,2,1.0,strong_75_plus,183,175,0.78125,0.9562841530054644,0.78125,0.7543103448275862,1,False
UNET_MTL_MASK_GUIDED,25,patient102,patient102_case01,IGM,IGM_patient009_0058.jpg,3,,off_target_fp,81,0,0.0,0.0,0.0,0.0,0,False
