model,minimum_area_px,SubjectID,CaseID,ClassName,ImageName,pred_component_id,best_gt_component_id,category,area_px,intersection_px,gt_coverage,prediction_purity,quality_min,iou,intersecting_gt_count,is_merge
HYBRID_TALON,1,patient021,patient021_case01,IBC,IBC_patient001_0050.jpg,1,1.0,strong_75_plus,136,124,0.775,0.9117647058823529,0.775,0.7209302325581395,1,False
HYBRID_TALON,1,patient021,patient021_case01,IBC,IBC_patient001_0051.jpg,1,1.0,moderate_50_to_75,447,300,0.8241758241758241,0.6711409395973155,0.6711409395973155,0.5870841487279843,1,False
HYBRID_TALON,1,patient021,patient021_case01,IBC,IBC_patient001_0052.jpg,1,1.0,strong_75_plus,744,733,0.8852657004830918,0.9852150537634409,0.8852657004830918,0.8736591179976162,1,False
HYBRID_TALON,1,patient021,patient021_case01,IBC,IBC_patient001_0053.jpg,1,1.0,strong_75_plus,1000,964,0.9450980392156862,0.964,0.9450980392156862,0.9128787878787878,1,False
HYBRID_TALON,1,patient021,patient021_case01,IBC,IBC_patient001_0054.jpg,1,1.0,strong_75_plus,1146,1101,0.9557291666666666,0.9607329842931938,0.9557291666666666,0.9197994987468672,1,False
HYBRID_TALON,1,patient021,patient021_case01,IBC,IBC_patient001_0055.jpg,1,1.0,strong_75_plus,1199,1180,0.9394904458598726,0.9841534612176814,0.9394904458598726,0.9254901960784314,1,False
HYBRID_TALON,1,patient021,patient021_case01,IBC,IBC_patient001_0056.jpg,1,1.0,strong_75_plus,1235,1177,0.9224137931034483,0.9530364372469635,0.9224137931034483,0.8823088455772113,1,False
HYBRID_TALON,1,patient021,patient021_case01,IBC,IBC_patient001_0057.jpg,1,1.0,strong_75_plus,1252,1191,0.9246894409937888,0.9512779552715654,0.9246894409937888,0.882876204595997,1,False
HYBRID_TALON,1,patient021,patient021_case01,IBC,IBC_patient001_0058.jpg,1,1.0,strong_75_plus,1229,1226,0.8782234957020058,0.9975589910496339,0.8782234957020058,0.8763402430307362,1,False
HYBRID_TALON,1,patient021,patient021_case01,IBC,IBC_patient001_0059.jpg,1,1.0,strong_75_plus,1231,1188,0.928125,0.9650690495532088,0.928125,0.8979591836734694,1,False
HYBRID_TALON,1,patient021,patient021_case01,IBC,IBC_patient001_0059.jpg,2,,off_target_fp,2,0,0.0,0.0,0.0,0.0,0,False
HYBRID_TALON,1,patient021,patient021_case01,IBC,IBC_patient001_0059.jpg,3,,off_target_fp,10,0,0.0,0.0,0.0,0.0,0,False
HYBRID_TALON,1,patient021,patient021_case01,IBC,IBC_patient001_0060.jpg,1,1.0,strong_75_plus,1075,1044,0.8969072164948454,0.9711627906976744,0.8969072164948454,0.8736401673640167,1,False
HYBRID_TALON,1,patient021,patient021_case01,IBC,IBC_patient001_0060.jpg,2,,off_target_fp,161,0,0.0,0.0,0.0,0.0,0,False
HYBRID_TALON,1,patient021,patient021_case01,IBC,IBC_patient001_0061.jpg,1,1.0,strong_75_plus,927,910,0.8992094861660079,0.9816612729234089,0.8992094861660079,0.8843537414965986,1,False
HYBRID_TALON,1,patient021,patient021_case01,IBC,IBC_patient001_0061.jpg,2,,off_target_fp,186,0,0.0,0.0,0.0,0.0,0,False
HYBRID_TALON,1,patient021,patient021_case01,IBC,IBC_patient001_0062.jpg,1,1.0,strong_75_plus,731,723,0.8406976744186047,0.9890560875512996,0.8406976744186047,0.8329493087557603,1,False
HYBRID_TALON,1,patient021,patient021_case01,IBC,IBC_patient001_0062.jpg,2,,off_target_fp,176,0,0.0,0.0,0.0,0.0,0,False
HYBRID_TALON,1,patient021,patient021_case01,IBC,IBC_patient001_0062.jpg,3,,off_target_fp,15,0,0.0,0.0,0.0,0.0,0,False
HYBRID_TALON,1,patient021,patient021_case01,IBC,IBC_patient001_0063.jpg,1,1.0,strong_75_plus,318,291,0.8871951219512195,0.9150943396226415,0.8871951219512195,0.819718309859155,1,False
HYBRID_TALON,1,patient021,patient021_case01,IBC,IBC_patient001_0063.jpg,2,,off_target_fp,148,0,0.0,0.0,0.0,0.0,0,False
HYBRID_TALON,1,patient021,patient021_case01,IBC,IBC_patient001_0064.jpg,1,1.0,strong_75_plus,287,267,0.9270833333333334,0.9303135888501742,0.9270833333333334,0.8668831168831169,1,False
HYBRID_TALON,1,patient021,patient021_case01,IBC,IBC_patient001_0064.jpg,2,,off_target_fp,62,0,0.0,0.0,0.0,0.0,0,False
HYBRID_TALON,1,patient021,patient021_case01,IBC,IBC_patient001_0064.jpg,3,,off_target_fp,4,0,0.0,0.0,0.0,0.0,0,False
HYBRID_TALON,1,patient021,patient021_case01,IBC,IBC_patient001_0064.jpg,4,,off_target_fp,4,0,0.0,0.0,0.0,0.0,0,False
HYBRID_TALON,1,patient021,patient021_case01,IBC,IBC_patient001_0065.jpg,1,1.0,strong_75_plus,185,183,0.8026315789473685,0.9891891891891892,0.8026315789473685,0.7956521739130434,1,False
HYBRID_TALON,1,patient021,patient021_case01,IBC,IBC_patient001_0065.jpg,2,,off_target_fp,31,0,0.0,0.0,0.0,0.0,0,False
HYBRID_TALON,1,patient021,patient021_case01,IBC,IBC_patient001_0065.jpg,3,,off_target_fp,1,0,0.0,0.0,0.0,0.0,0,False
HYBRID_TALON,1,patient021,patient021_case01,IBC,IBC_patient001_0065.jpg,4,,off_target_fp,1,0,0.0,0.0,0.0,0.0,0,False
HYBRID_TALON,1,patient021,patient021_case01,IBC,IBC_patient001_0065.jpg,5,,off_target_fp,14,0,0.0,0.0,0.0,0.0,0,False
HYBRID_TALON,1,patient021,patient021_case01,IBC,IBC_patient001_0066.jpg,1,,off_target_fp,69,0,0.0,0.0,0.0,0.0,0,False
HYBRID_TALON,1,patient021,patient021_case01,IBC,IBC_patient001_0066.jpg,2,,off_target_fp,9,0,0.0,0.0,0.0,0.0,0,False
HYBRID_TALON,1,patient030,patient030_case01,IBC,IBC_patient025_0056.jpg,1,1.0,strong_75_plus,336,286,0.9533333333333334,0.8511904761904762,0.8511904761904762,0.8171428571428572,1,False
HYBRID_TALON,1,patient030,patient030_case01,IBC,IBC_patient025_0056.jpg,2,,off_target_fp,15,0,0.0,0.0,0.0,0.0,0,False
HYBRID_TALON,1,patient030,patient030_case01,IBC,IBC_patient025_0056.jpg,3,,off_target_fp,47,0,0.0,0.0,0.0,0.0,0,False
HYBRID_TALON,1,patient030,patient030_case01,IBC,IBC_patient025_0057.jpg,1,1.0,strong_75_plus,963,931,0.8402527075812274,0.9667705088265836,0.8402527075812274,0.8166666666666667,1,False
HYBRID_TALON,1,patient030,patient030_case01,IBC,IBC_patient025_0057.jpg,2,1.0,partial_below_25,3,3,0.002707581227436823,1.0,0.002707581227436823,0.002707581227436823,1,False
HYBRID_TALON,1,patient030,patient030_case01,IBC,IBC_patient025_0057.jpg,3,,off_target_fp,11,0,0.0,0.0,0.0,0.0,0,False
HYBRID_TALON,1,patient030,patient030_case01,IBC,IBC_patient025_0057.jpg,4,,off_target_fp,37,0,0.0,0.0,0.0,0.0,0,False
HYBRID_TALON,1,patient030,patient030_case01,IBC,IBC_patient025_0058.jpg,1,1.0,strong_75_plus,1282,1240,0.9117647058823529,0.9672386895475819,0.9117647058823529,0.884450784593438,1,False
HYBRID_TALON,1,patient030,patient030_case01,IBC,IBC_patient025_0058.jpg,2,,off_target_fp,4,0,0.0,0.0,0.0,0.0,0,False
HYBRID_TALON,1,patient030,patient030_case01,IBC,IBC_patient025_0058.jpg,3,,off_target_fp,2,0,0.0,0.0,0.0,0.0,0,False
HYBRID_TALON,1,patient030,patient030_case01,IBC,IBC_patient025_0059.jpg,1,1.0,moderate_50_to_75,1022,1016,0.6195121951219512,0.9941291585127201,0.6195121951219512,0.6172539489671932,1,False
HYBRID_TALON,1,patient030,patient030_case01,IBC,IBC_patient025_0059.jpg,2,,off_target_fp,18,0,0.0,0.0,0.0,0.0,0,False
HYBRID_TALON,1,patient030,patient030_case01,IBC,IBC_patient025_0060.jpg,1,1.0,moderate_50_to_75,1056,1045,0.6005747126436781,0.9895833333333334,0.6005747126436781,0.5968018275271274,1,False
HYBRID_TALON,1,patient030,patient030_case01,IBC,IBC_patient025_0060.jpg,2,,off_target_fp,20,0,0.0,0.0,0.0,0.0,0,False
HYBRID_TALON,1,patient030,patient030_case01,IBC,IBC_patient025_0061.jpg,1,1.0,strong_75_plus,1404,1371,0.8359756097560975,0.9764957264957265,0.8359756097560975,0.8194859533771668,1,False
HYBRID_TALON,1,patient030,patient030_case01,IBC,IBC_patient025_0061.jpg,2,,off_target_fp,2,0,0.0,0.0,0.0,0.0,0,False
HYBRID_TALON,1,patient030,patient030_case01,IBC,IBC_patient025_0062.jpg,1,1.0,strong_75_plus,1262,1256,0.8134715025906736,0.9952456418383518,0.8134715025906736,0.8103225806451613,1,False
HYBRID_TALON,1,patient030,patient030_case01,IBC,IBC_patient025_0062.jpg,2,,off_target_fp,9,0,0.0,0.0,0.0,0.0,0,False
HYBRID_TALON,1,patient030,patient030_case01,IBC,IBC_patient025_0062.jpg,3,,off_target_fp,4,0,0.0,0.0,0.0,0.0,0,False
HYBRID_TALON,1,patient030,patient030_case01,IBC,IBC_patient025_0063.jpg,1,1.0,strong_75_plus,1252,1216,0.9074626865671642,0.9712460063897763,0.9074626865671642,0.8837209302325582,1,False
HYBRID_TALON,1,patient030,patient030_case01,IBC,IBC_patient025_0063.jpg,2,,off_target_fp,11,0,0.0,0.0,0.0,0.0,0,False
HYBRID_TALON,1,patient030,patient030_case01,IBC,IBC_patient025_0063.jpg,3,,off_target_fp,14,0,0.0,0.0,0.0,0.0,0,False
HYBRID_TALON,1,patient030,patient030_case01,IBC,IBC_patient025_0064.jpg,1,1.0,strong_75_plus,959,950,0.8605072463768116,0.9906152241918665,0.8605072463768116,0.8535489667565139,1,False
HYBRID_TALON,1,patient030,patient030_case01,IBC,IBC_patient025_0064.jpg,2,,off_target_fp,33,0,0.0,0.0,0.0,0.0,0,False
HYBRID_TALON,1,patient030,patient030_case01,IBC,IBC_patient025_0064.jpg,3,,off_target_fp,22,0,0.0,0.0,0.0,0.0,0,False
HYBRID_TALON,1,patient030,patient030_case01,IBC,IBC_patient025_0064.jpg,4,,off_target_fp,9,0,0.0,0.0,0.0,0.0,0,False
HYBRID_TALON,1,patient030,patient030_case01,IBC,IBC_patient025_0064.jpg,5,,off_target_fp,5,0,0.0,0.0,0.0,0.0,0,False
HYBRID_TALON,1,patient030,patient030_case01,IBC,IBC_patient025_0065.jpg,1,1.0,strong_75_plus,730,709,0.9581081081081081,0.9712328767123287,0.9581081081081081,0.9316688567674113,1,False
HYBRID_TALON,1,patient030,patient030_case01,IBC,IBC_patient025_0065.jpg,2,,off_target_fp,11,0,0.0,0.0,0.0,0.0,0,False
HYBRID_TALON,1,patient030,patient030_case01,IBC,IBC_patient025_0065.jpg,3,,off_target_fp,32,0,0.0,0.0,0.0,0.0,0,False
HYBRID_TALON,1,patient030,patient030_case01,IBC,IBC_patient025_0066.jpg,1,1.0,strong_75_plus,701,679,0.9126344086021505,0.9686162624821684,0.9126344086021505,0.8864229765013055,1,False
HYBRID_TALON,1,patient030,patient030_case01,IBC,IBC_patient025_0066.jpg,2,,off_target_fp,6,0,0.0,0.0,0.0,0.0,0,False
HYBRID_TALON,1,patient030,patient030_case01,IBC,IBC_patient025_0066.jpg,3,,off_target_fp,10,0,0.0,0.0,0.0,0.0,0,False
HYBRID_TALON,1,patient030,patient030_case01,IBC,IBC_patient025_0066.jpg,4,,off_target_fp,13,0,0.0,0.0,0.0,0.0,0,False
HYBRID_TALON,1,patient030,patient030_case01,IBC,IBC_patient025_0066.jpg,5,,off_target_fp,5,0,0.0,0.0,0.0,0.0,0,False
HYBRID_TALON,1,patient030,patient030_case01,IBC,IBC_patient025_0066.jpg,6,,off_target_fp,35,0,0.0,0.0,0.0,0.0,0,False
HYBRID_TALON,1,patient030,patient030_case01,IBC,IBC_patient025_0067.jpg,1,1.0,strong_75_plus,622,581,0.9555921052631579,0.9340836012861736,0.9340836012861736,0.8952234206471494,1,False
HYBRID_TALON,1,patient030,patient030_case01,IBC,IBC_patient025_0067.jpg,2,,off_target_fp,35,0,0.0,0.0,0.0,0.0,0,False
HYBRID_TALON,1,patient030,patient030_case01,IBC,IBC_patient025_0068.jpg,1,1.0,strong_75_plus,481,456,0.9193548387096774,0.9480249480249481,0.9193548387096774,0.8752399232245681,1,False
HYBRID_TALON,1,patient030,patient030_case01,IBC,IBC_patient025_0068.jpg,2,,off_target_fp,31,0,0.0,0.0,0.0,0.0,0,False
HYBRID_TALON,1,patient030,patient030_case01,IBC,IBC_patient025_0069.jpg,1,,off_target_fp,39,0,0.0,0.0,0.0,0.0,0,False
HYBRID_TALON,1,patient030,patient030_case01,IBC,IBC_patient025_0069.jpg,2,,off_target_fp,6,0,0.0,0.0,0.0,0.0,0,False
HYBRID_TALON,1,patient030,patient030_case01,IBC,IBC_patient025_0069.jpg,3,1.0,partial_below_25,25,25,0.1524390243902439,1.0,0.1524390243902439,0.1524390243902439,1,False
HYBRID_TALON,1,patient030,patient030_case01,IBC,IBC_patient025_0069.jpg,4,,off_target_fp,16,0,0.0,0.0,0.0,0.0,0,False
HYBRID_TALON,1,patient030,patient030_case01,IBC,IBC_patient025_0069.jpg,5,,off_target_fp,23,0,0.0,0.0,0.0,0.0,0,False
HYBRID_TALON,1,patient033,patient033_case01,IBC,IBC_patient027_0056.jpg,1,,off_target_fp,41,0,0.0,0.0,0.0,0.0,0,False
HYBRID_TALON,1,patient033,patient033_case01,IBC,IBC_patient027_0056.jpg,2,1.0,moderate_50_to_75,43,38,0.6333333333333333,0.8837209302325582,0.6333333333333333,0.5846153846153846,1,False
HYBRID_TALON,1,patient033,patient033_case01,IBC,IBC_patient027_0057.jpg,1,1.0,strong_75_plus,200,170,0.9444444444444444,0.85,0.85,0.8095238095238095,1,False
HYBRID_TALON,1,patient033,patient033_case01,IBC,IBC_patient027_0057.jpg,2,,off_target_fp,7,0,0.0,0.0,0.0,0.0,0,False
HYBRID_TALON,1,patient033,patient033_case01,IBC,IBC_patient027_0058.jpg,1,,off_target_fp,76,0,0.0,0.0,0.0,0.0,0,False
HYBRID_TALON,1,patient033,patient033_case01,IBC,IBC_patient027_0058.jpg,2,1.0,strong_75_plus,271,246,0.9761904761904762,0.9077490774907749,0.9077490774907749,0.8880866425992779,1,False
HYBRID_TALON,1,patient033,patient033_case01,IBC,IBC_patient027_0059.jpg,1,,off_target_fp,16,0,0.0,0.0,0.0,0.0,0,False
HYBRID_TALON,1,patient033,patient033_case01,IBC,IBC_patient027_0059.jpg,2,1.0,strong_75_plus,343,312,0.975,0.9096209912536443,0.9096209912536443,0.8888888888888888,1,False
HYBRID_TALON,1,patient033,patient033_case01,IBC,IBC_patient027_0060.jpg,1,1.0,strong_75_plus,386,318,0.9814814814814815,0.8238341968911918,0.8238341968911918,0.8112244897959183,1,False
HYBRID_TALON,1,patient033,patient033_case01,IBC,IBC_patient027_0060.jpg,2,,off_target_fp,4,0,0.0,0.0,0.0,0.0,0,False
HYBRID_TALON,1,patient033,patient033_case01,IBC,IBC_patient027_0061.jpg,1,,off_target_fp,18,0,0.0,0.0,0.0,0.0,0,False
HYBRID_TALON,1,patient033,patient033_case01,IBC,IBC_patient027_0061.jpg,2,,off_target_fp,1,0,0.0,0.0,0.0,0.0,0,False
HYBRID_TALON,1,patient033,patient033_case01,IBC,IBC_patient027_0061.jpg,3,1.0,strong_75_plus,344,287,0.9566666666666667,0.8343023255813954,0.8343023255813954,0.803921568627451,1,False
HYBRID_TALON,1,patient033,patient033_case01,IBC,IBC_patient027_0061.jpg,4,,off_target_fp,22,0,0.0,0.0,0.0,0.0,0,False
HYBRID_TALON,1,patient033,patient033_case01,IBC,IBC_patient027_0062.jpg,1,,off_target_fp,49,0,0.0,0.0,0.0,0.0,0,False
HYBRID_TALON,1,patient033,patient033_case01,IBC,IBC_patient027_0062.jpg,2,,off_target_fp,9,0,0.0,0.0,0.0,0.0,0,False
HYBRID_TALON,1,patient033,patient033_case01,IBC,IBC_patient027_0062.jpg,3,,off_target_fp,115,0,0.0,0.0,0.0,0.0,0,False
HYBRID_TALON,1,patient033,patient033_case01,IBC,IBC_patient027_0062.jpg,4,1.0,moderate_50_to_75,240,142,0.9861111111111112,0.5916666666666667,0.5916666666666667,0.5867768595041323,1,False
HYBRID_TALON,1,patient033,patient033_case01,IBC,IBC_patient027_0062.jpg,5,,off_target_fp,4,0,0.0,0.0,0.0,0.0,0,False
HYBRID_TALON,1,patient033,patient033_case01,IBC,IBC_patient027_0063.jpg,1,,off_target_fp,3,0,0.0,0.0,0.0,0.0,0,False
HYBRID_TALON,1,patient033,patient033_case01,IBC,IBC_patient027_0063.jpg,2,,off_target_fp,1,0,0.0,0.0,0.0,0.0,0,False
HYBRID_TALON,1,patient033,patient033_case01,IBC,IBC_patient027_0063.jpg,3,,off_target_fp,3,0,0.0,0.0,0.0,0.0,0,False
HYBRID_TALON,1,patient033,patient033_case01,IBC,IBC_patient027_0063.jpg,4,,off_target_fp,14,0,0.0,0.0,0.0,0.0,0,False
HYBRID_TALON,1,patient033,patient033_case01,IBC,IBC_patient027_0063.jpg,5,1.0,low_25_to_50,165,63,0.984375,0.38181818181818183,0.38181818181818183,0.3795180722891566,1,False
HYBRID_TALON,1,patient035,patient035_case01,IBC,IBC_patient028_0114.jpg,1,,off_target_fp,14,0,0.0,0.0,0.0,0.0,0,False
HYBRID_TALON,1,patient035,patient035_case01,IBC,IBC_patient028_0114.jpg,2,1.0,partial_below_25,2,2,0.010416666666666666,1.0,0.010416666666666666,0.010416666666666666,1,False
HYBRID_TALON,1,patient035,patient035_case01,IBC,IBC_patient028_0115.jpg,1,,off_target_fp,150,0,0.0,0.0,0.0,0.0,0,False
HYBRID_TALON,1,patient035,patient035_case01,IBC,IBC_patient028_0115.jpg,2,1.0,moderate_50_to_75,271,271,0.6049107142857143,1.0,0.6049107142857143,0.6049107142857143,1,False
HYBRID_TALON,1,patient035,patient035_case01,IBC,IBC_patient028_0116.jpg,1,,off_target_fp,213,0,0.0,0.0,0.0,0.0,0,False
HYBRID_TALON,1,patient035,patient035_case01,IBC,IBC_patient028_0116.jpg,2,1.0,moderate_50_to_75,416,406,0.7097902097902098,0.9759615384615384,0.7097902097902098,0.697594501718213,1,False
HYBRID_TALON,1,patient035,patient035_case01,IBC,IBC_patient028_0117.jpg,1,,off_target_fp,237,0,0.0,0.0,0.0,0.0,0,False
HYBRID_TALON,1,patient035,patient035_case01,IBC,IBC_patient028_0117.jpg,2,1.0,strong_75_plus,638,606,0.9017857142857143,0.9498432601880877,0.9017857142857143,0.8607954545454546,1,False
HYBRID_TALON,1,patient035,patient035_case01,IBC,IBC_patient028_0118.jpg,1,1.0,moderate_50_to_75,1014,744,0.93,0.7337278106508875,0.7337278106508875,0.6953271028037383,1,False
HYBRID_TALON,1,patient035,patient035_case01,IBC,IBC_patient028_0119.jpg,1,1.0,strong_75_plus,1036,786,0.8891402714932126,0.7586872586872587,0.7586872586872587,0.6931216931216931,1,False
HYBRID_TALON,1,patient035,patient035_case01,IBC,IBC_patient028_0120.jpg,1,1.0,strong_75_plus,1133,1041,0.8504901960784313,0.9187996469549867,0.8504901960784313,0.791033434650456,1,False
HYBRID_TALON,1,patient035,patient035_case01,IBC,IBC_patient028_0121.jpg,1,1.0,strong_75_plus,1143,1033,0.8303858520900321,0.9037620297462817,0.8303858520900321,0.7629246676514032,1,False
HYBRID_TALON,1,patient035,patient035_case01,IBC,IBC_patient028_0122.jpg,1,1.0,strong_75_plus,1186,1141,0.8035211267605634,0.9620573355817875,0.8035211267605634,0.778839590443686,1,False
HYBRID_TALON,1,patient035,patient035_case01,IBC,IBC_patient028_0123.jpg,1,1.0,moderate_50_to_75,1111,1092,0.5711297071129707,0.9828982898289829,0.5711297071129707,0.5655100983946142,1,False
HYBRID_TALON,1,patient035,patient035_case01,IBC,IBC_patient028_0123.jpg,2,1.0,partial_below_25,22,22,0.011506276150627616,1.0,0.011506276150627616,0.011506276150627616,1,False
HYBRID_TALON,1,patient035,patient035_case01,IBC,IBC_patient028_0124.jpg,1,1.0,moderate_50_to_75,1142,1090,0.5712788259958071,0.9544658493870403,0.5712788259958071,0.5561224489795918,1,False
HYBRID_TALON,1,patient035,patient035_case01,IBC,IBC_patient028_0124.jpg,2,,off_target_fp,24,0,0.0,0.0,0.0,0.0,0,False
HYBRID_TALON,1,patient035,patient035_case01,IBC,IBC_patient028_0125.jpg,1,1.0,moderate_50_to_75,1087,1042,0.5338114754098361,0.9586016559337627,0.5338114754098361,0.5217826740110165,1,False
HYBRID_TALON,1,patient035,patient035_case01,IBC,IBC_patient028_0125.jpg,2,,off_target_fp,3,0,0.0,0.0,0.0,0.0,0,False
HYBRID_TALON,1,patient035,patient035_case01,IBC,IBC_patient028_0126.jpg,1,1.0,moderate_50_to_75,1126,1104,0.5369649805447471,0.9804618117229129,0.5369649805447471,0.5312800769971127,1,False
HYBRID_TALON,1,patient035,patient035_case01,IBC,IBC_patient028_0127.jpg,1,1.0,low_25_to_50,1167,1165,0.4870401337792642,0.998286203941731,0.4870401337792642,0.48663324979114453,1,False
HYBRID_TALON,1,patient035,patient035_case01,IBC,IBC_patient028_0127.jpg,2,1.0,partial_below_25,2,2,0.0008361204013377926,1.0,0.0008361204013377926,0.0008361204013377926,1,False
HYBRID_TALON,1,patient035,patient035_case01,IBC,IBC_patient028_0127.jpg,3,1.0,partial_below_25,1,1,0.0004180602006688963,1.0,0.0004180602006688963,0.0004180602006688963,1,False
HYBRID_TALON,1,patient035,patient035_case01,IBC,IBC_patient028_0128.jpg,1,1.0,moderate_50_to_75,1295,1167,0.5100524475524476,0.9011583011583012,0.5100524475524476,0.4830298013245033,1,False
HYBRID_TALON,1,patient035,patient035_case01,IBC,IBC_patient028_0128.jpg,2,1.0,partial_below_25,8,8,0.0034965034965034965,1.0,0.0034965034965034965,0.0034965034965034965,1,False
HYBRID_TALON,1,patient035,patient035_case01,IBC,IBC_patient028_0129.jpg,1,1.0,partial_below_25,6,6,0.002626970227670753,1.0,0.002626970227670753,0.002626970227670753,1,False
HYBRID_TALON,1,patient035,patient035_case01,IBC,IBC_patient028_0129.jpg,2,1.0,moderate_50_to_75,1388,1239,0.5424693520140105,0.8926512968299711,0.5424693520140105,0.5092478421701603,1,False
HYBRID_TALON,1,patient035,patient035_case01,IBC,IBC_patient028_0130.jpg,1,1.0,moderate_50_to_75,1559,1392,0.6327272727272727,0.8928800513149455,0.6327272727272727,0.5880861850443599,1,False
HYBRID_TALON,1,patient035,patient035_case01,IBC,IBC_patient028_0131.jpg,1,1.0,partial_below_25,99,99,0.043043478260869565,1.0,0.043043478260869565,0.043043478260869565,1,False
HYBRID_TALON,1,patient035,patient035_case01,IBC,IBC_patient028_0131.jpg,2,1.0,partial_below_25,2,2,0.0008695652173913044,1.0,0.0008695652173913044,0.0008695652173913044,1,False
HYBRID_TALON,1,patient035,patient035_case01,IBC,IBC_patient028_0131.jpg,3,1.0,moderate_50_to_75,1557,1414,0.6147826086956522,0.9081567116249197,0.6147826086956522,0.5787965616045845,1,False
HYBRID_TALON,1,patient035,patient035_case01,IBC,IBC_patient028_0132.jpg,1,1.0,partial_below_25,92,92,0.039655172413793106,1.0,0.039655172413793106,0.039655172413793106,1,False
HYBRID_TALON,1,patient035,patient035_case01,IBC,IBC_patient028_0132.jpg,2,1.0,partial_below_25,445,356,0.15344827586206897,0.8,0.15344827586206897,0.1477791614777916,1,False
HYBRID_TALON,1,patient035,patient035_case01,IBC,IBC_patient028_0132.jpg,3,1.0,low_25_to_50,990,973,0.4193965517241379,0.9828282828282828,0.4193965517241379,0.4163457424047925,1,False
HYBRID_TALON,1,patient035,patient035_case01,IBC,IBC_patient028_0133.jpg,1,1.0,partial_below_25,50,38,0.018199233716475097,0.76,0.018199233716475097,0.018095238095238095,1,False
HYBRID_TALON,1,patient035,patient035_case01,IBC,IBC_patient028_0133.jpg,2,1.0,low_25_to_50,960,889,0.4257662835249042,0.9260416666666667,0.4257662835249042,0.4117647058823529,1,False
HYBRID_TALON,1,patient035,patient035_case01,IBC,IBC_patient028_0133.jpg,3,1.0,partial_below_25,364,286,0.13697318007662834,0.7857142857142857,0.13697318007662834,0.13204062788550322,1,False
HYBRID_TALON,1,patient035,patient035_case01,IBC,IBC_patient028_0134.jpg,1,1.0,partial_below_25,13,1,0.00048449612403100775,0.07692307692307693,0.00048449612403100775,0.0004816955684007707,1,False
HYBRID_TALON,1,patient035,patient035_case01,IBC,IBC_patient028_0134.jpg,2,1.0,partial_below_25,302,250,0.12112403100775193,0.8278145695364238,0.12112403100775193,0.11814744801512288,1,False
HYBRID_TALON,1,patient035,patient035_case01,IBC,IBC_patient028_0134.jpg,3,1.0,low_25_to_50,861,797,0.3861434108527132,0.9256678281068524,0.3861434108527132,0.37453007518796994,1,False
HYBRID_TALON,1,patient035,patient035_case01,IBC,IBC_patient028_0135.jpg,1,1.0,partial_below_25,5,1,0.0004725897920604915,0.2,0.0004725897920604915,0.0004716981132075472,1,False
HYBRID_TALON,1,patient035,patient035_case01,IBC,IBC_patient028_0135.jpg,2,1.0,low_25_to_50,849,780,0.3686200378071834,0.9187279151943463,0.3686200378071834,0.35697940503432496,1,False
HYBRID_TALON,1,patient035,patient035_case01,IBC,IBC_patient028_0135.jpg,3,1.0,partial_below_25,286,281,0.1327977315689981,0.9825174825174825,0.1327977315689981,0.1324846770391325,1,False
HYBRID_TALON,1,patient035,patient035_case01,IBC,IBC_patient028_0136.jpg,1,1.0,low_25_to_50,795,749,0.3392210144927536,0.9421383647798742,0.3392210144927536,0.33229813664596275,1,False
HYBRID_TALON,1,patient035,patient035_case01,IBC,IBC_patient028_0136.jpg,2,1.0,partial_below_25,258,258,0.11684782608695653,1.0,0.11684782608695653,0.11684782608695653,1,False
HYBRID_TALON,1,patient035,patient035_case01,IBC,IBC_patient028_0137.jpg,1,1.0,low_25_to_50,544,534,0.2654075546719682,0.9816176470588235,0.2654075546719682,0.26409495548961426,1,False
HYBRID_TALON,1,patient035,patient035_case01,IBC,IBC_patient028_0137.jpg,2,1.0,partial_below_25,50,50,0.02485089463220676,1.0,0.02485089463220676,0.02485089463220676,1,False
HYBRID_TALON,1,patient035,patient035_case01,IBC,IBC_patient028_0137.jpg,3,1.0,partial_below_25,19,19,0.009443339960238568,1.0,0.009443339960238568,0.009443339960238568,1,False
HYBRID_TALON,1,patient035,patient035_case01,IBC,IBC_patient028_0138.jpg,1,1.0,partial_below_25,338,312,0.15234375,0.9230769230769231,0.15234375,0.15043394406943106,1,False
HYBRID_TALON,1,patient035,patient035_case01,IBC,IBC_patient028_0139.jpg,1,1.0,partial_below_25,234,184,0.10526315789473684,0.7863247863247863,0.10526315789473684,0.10233592880978866,1,False
HYBRID_TALON,1,patient035,patient035_case01,IBC,IBC_patient028_0140.jpg,1,1.0,partial_below_25,126,113,0.06405895691609978,0.8968253968253969,0.06405895691609978,0.06359032076533483,1,False
HYBRID_TALON,1,patient035,patient035_case01,IBC,IBC_patient028_0141.jpg,1,1.0,partial_below_25,47,47,0.0254880694143167,1.0,0.0254880694143167,0.0254880694143167,1,False
HYBRID_TALON,1,patient035,patient035_case01,IBC,IBC_patient028_0145.jpg,1,1.0,partial_below_25,25,25,0.025510204081632654,1.0,0.025510204081632654,0.025510204081632654,1,False
HYBRID_TALON,1,patient035,patient035_case01,IBC,IBC_patient028_0146.jpg,1,1.0,partial_below_25,98,98,0.09351145038167939,1.0,0.09351145038167939,0.09351145038167939,1,False
HYBRID_TALON,1,patient035,patient035_case01,IBC,IBC_patient028_0146.jpg,2,1.0,partial_below_25,15,15,0.01431297709923664,1.0,0.01431297709923664,0.01431297709923664,1,False
HYBRID_TALON,1,patient035,patient035_case01,IBC,IBC_patient028_0150.jpg,1,,off_target_fp,12,0,0.0,0.0,0.0,0.0,0,False
HYBRID_TALON,1,patient035,patient035_case01,IBC,IBC_patient028_0151.jpg,1,,off_target_fp,35,0,0.0,0.0,0.0,0.0,0,False
HYBRID_TALON,1,patient035,patient035_case01,IBC,IBC_patient028_0152.jpg,1,,off_target_fp,1,0,0.0,0.0,0.0,0.0,0,False
HYBRID_TALON,1,patient035,patient035_case01,IBC,IBC_patient028_0152.jpg,2,,off_target_fp,57,0,0.0,0.0,0.0,0.0,0,False
HYBRID_TALON,1,patient040,patient040_case01,IBC,IBC_patient030_0123.jpg,1,,off_target_fp,15,0,0.0,0.0,0.0,0.0,0,False
HYBRID_TALON,1,patient040,patient040_case01,IBC,IBC_patient030_0123.jpg,2,,off_target_fp,44,0,0.0,0.0,0.0,0.0,0,False
HYBRID_TALON,1,patient040,patient040_case01,IBC,IBC_patient030_0123.jpg,3,,off_target_fp,22,0,0.0,0.0,0.0,0.0,0,False
HYBRID_TALON,1,patient040,patient040_case01,IBC,IBC_patient030_0123.jpg,4,,off_target_fp,149,0,0.0,0.0,0.0,0.0,0,False
HYBRID_TALON,1,patient040,patient040_case01,IBC,IBC_patient030_0123.jpg,5,,off_target_fp,12,0,0.0,0.0,0.0,0.0,0,False
HYBRID_TALON,1,patient040,patient040_case01,IBC,IBC_patient030_0124.jpg,1,,off_target_fp,7,0,0.0,0.0,0.0,0.0,0,False
HYBRID_TALON,1,patient040,patient040_case01,IBC,IBC_patient030_0124.jpg,2,,off_target_fp,26,0,0.0,0.0,0.0,0.0,0,False
HYBRID_TALON,1,patient040,patient040_case01,IBC,IBC_patient030_0124.jpg,3,,off_target_fp,9,0,0.0,0.0,0.0,0.0,0,False
HYBRID_TALON,1,patient040,patient040_case01,IBC,IBC_patient030_0124.jpg,4,,off_target_fp,145,0,0.0,0.0,0.0,0.0,0,False
HYBRID_TALON,1,patient040,patient040_case01,IBC,IBC_patient030_0124.jpg,5,,off_target_fp,11,0,0.0,0.0,0.0,0.0,0,False
HYBRID_TALON,1,patient040,patient040_case01,IBC,IBC_patient030_0125.jpg,1,,off_target_fp,18,0,0.0,0.0,0.0,0.0,0,False
HYBRID_TALON,1,patient040,patient040_case01,IBC,IBC_patient030_0125.jpg,2,,off_target_fp,127,0,0.0,0.0,0.0,0.0,0,False
HYBRID_TALON,1,patient040,patient040_case01,IBC,IBC_patient030_0125.jpg,3,,off_target_fp,17,0,0.0,0.0,0.0,0.0,0,False
HYBRID_TALON,1,patient040,patient040_case01,IBC,IBC_patient030_0126.jpg,1,,off_target_fp,11,0,0.0,0.0,0.0,0.0,0,False
HYBRID_TALON,1,patient040,patient040_case01,IBC,IBC_patient030_0126.jpg,2,,off_target_fp,3,0,0.0,0.0,0.0,0.0,0,False
HYBRID_TALON,1,patient040,patient040_case01,IBC,IBC_patient030_0126.jpg,3,,off_target_fp,106,0,0.0,0.0,0.0,0.0,0,False
HYBRID_TALON,1,patient040,patient040_case01,IBC,IBC_patient030_0126.jpg,4,,off_target_fp,28,0,0.0,0.0,0.0,0.0,0,False
HYBRID_TALON,1,patient040,patient040_case01,IBC,IBC_patient030_0127.jpg,1,,off_target_fp,5,0,0.0,0.0,0.0,0.0,0,False
HYBRID_TALON,1,patient040,patient040_case01,IBC,IBC_patient030_0127.jpg,2,1.0,low_25_to_50,46,46,0.4791666666666667,1.0,0.4791666666666667,0.4791666666666667,1,False
HYBRID_TALON,1,patient040,patient040_case01,IBC,IBC_patient030_0127.jpg,3,,off_target_fp,10,0,0.0,0.0,0.0,0.0,0,False
HYBRID_TALON,1,patient040,patient040_case01,IBC,IBC_patient030_0127.jpg,4,,off_target_fp,3,0,0.0,0.0,0.0,0.0,0,False
HYBRID_TALON,1,patient040,patient040_case01,IBC,IBC_patient030_0127.jpg,5,,off_target_fp,31,0,0.0,0.0,0.0,0.0,0,False
HYBRID_TALON,1,patient040,patient040_case01,IBC,IBC_patient030_0128.jpg,1,1.0,moderate_50_to_75,71,69,0.5227272727272727,0.971830985915493,0.5227272727272727,0.5149253731343284,1,False
HYBRID_TALON,1,patient040,patient040_case01,IBC,IBC_patient030_0128.jpg,2,,off_target_fp,19,0,0.0,0.0,0.0,0.0,0,False
HYBRID_TALON,1,patient040,patient040_case01,IBC,IBC_patient030_0128.jpg,3,,off_target_fp,24,0,0.0,0.0,0.0,0.0,0,False
HYBRID_TALON,1,patient040,patient040_case01,IBC,IBC_patient030_0129.jpg,1,1.0,low_25_to_50,46,46,0.3026315789473684,1.0,0.3026315789473684,0.3026315789473684,1,False
HYBRID_TALON,1,patient040,patient040_case01,IBC,IBC_patient030_0129.jpg,2,,off_target_fp,6,0,0.0,0.0,0.0,0.0,0,False
HYBRID_TALON,1,patient040,patient040_case01,IBC,IBC_patient030_0129.jpg,3,,off_target_fp,23,0,0.0,0.0,0.0,0.0,0,False
HYBRID_TALON,1,patient040,patient040_case01,IBC,IBC_patient030_0130.jpg,1,1.0,partial_below_25,12,11,0.10576923076923077,0.9166666666666666,0.10576923076923077,0.10476190476190476,1,False
HYBRID_TALON,1,patient040,patient040_case01,IBC,IBC_patient030_0130.jpg,2,,off_target_fp,25,0,0.0,0.0,0.0,0.0,0,False
HYBRID_TALON,1,patient040,patient040_case01,IBC,IBC_patient030_0131.jpg,1,,off_target_fp,1,0,0.0,0.0,0.0,0.0,0,False
HYBRID_TALON,1,patient040,patient040_case01,IBC,IBC_patient030_0131.jpg,2,,off_target_fp,13,0,0.0,0.0,0.0,0.0,0,False
HYBRID_TALON,1,patient042,patient042_case01,IBC,IBC_patient031_0101.jpg,1,,off_target_fp,18,0,0.0,0.0,0.0,0.0,0,False
HYBRID_TALON,1,patient042,patient042_case01,IBC,IBC_patient031_0101.jpg,2,,off_target_fp,2,0,0.0,0.0,0.0,0.0,0,False
HYBRID_TALON,1,patient042,patient042_case01,IBC,IBC_patient031_0102.jpg,1,1.0,partial_below_25,30,30,0.13157894736842105,1.0,0.13157894736842105,0.13157894736842105,1,False
HYBRID_TALON,1,patient042,patient042_case01,IBC,IBC_patient031_0102.jpg,2,1.0,partial_below_25,14,14,0.06140350877192982,1.0,0.06140350877192982,0.06140350877192982,1,False
HYBRID_TALON,1,patient042,patient042_case01,IBC,IBC_patient031_0102.jpg,3,,off_target_fp,4,0,0.0,0.0,0.0,0.0,0,False
HYBRID_TALON,1,patient042,patient042_case01,IBC,IBC_patient031_0103.jpg,1,1.0,strong_75_plus,265,261,0.8474025974025974,0.9849056603773585,0.8474025974025974,0.8365384615384616,1,False
HYBRID_TALON,1,patient042,patient042_case01,IBC,IBC_patient031_0104.jpg,1,1.0,strong_75_plus,364,338,0.8894736842105263,0.9285714285714286,0.8894736842105263,0.8325123152709359,1,False
HYBRID_TALON,1,patient042,patient042_case01,IBC,IBC_patient031_0105.jpg,1,1.0,strong_75_plus,434,390,0.9112149532710281,0.8986175115207373,0.8986175115207373,0.826271186440678,1,False
HYBRID_TALON,1,patient042,patient042_case01,IBC,IBC_patient031_0106.jpg,1,1.0,strong_75_plus,493,460,0.9126984126984127,0.9330628803245437,0.9126984126984127,0.8566108007448789,1,False
HYBRID_TALON,1,patient042,patient042_case01,IBC,IBC_patient031_0107.jpg,1,1.0,strong_75_plus,554,500,0.9541984732824428,0.9025270758122743,0.9025270758122743,0.8650519031141869,1,False
HYBRID_TALON,1,patient042,patient042_case01,IBC,IBC_patient031_0108.jpg,1,1.0,strong_75_plus,586,542,0.928082191780822,0.9249146757679181,0.9249146757679181,0.8630573248407644,1,False
HYBRID_TALON,1,patient042,patient042_case01,IBC,IBC_patient031_0109.jpg,1,1.0,strong_75_plus,604,573,0.8953125,0.9486754966887417,0.8953125,0.8539493293591655,1,False
HYBRID_TALON,1,patient042,patient042_case01,IBC,IBC_patient031_0110.jpg,1,1.0,strong_75_plus,631,595,0.9015151515151515,0.9429477020602218,0.9015151515151515,0.8548850574712644,1,False
HYBRID_TALON,1,patient042,patient042_case01,IBC,IBC_patient031_0110.jpg,2,,off_target_fp,5,0,0.0,0.0,0.0,0.0,0,False
HYBRID_TALON,1,patient042,patient042_case01,IBC,IBC_patient031_0111.jpg,1,1.0,strong_75_plus,639,588,0.8647058823529412,0.92018779342723,0.8647058823529412,0.8043775649794802,1,False
HYBRID_TALON,1,patient042,patient042_case01,IBC,IBC_patient031_0111.jpg,2,,off_target_fp,11,0,0.0,0.0,0.0,0.0,0,False
HYBRID_TALON,1,patient042,patient042_case01,IBC,IBC_patient031_0112.jpg,1,1.0,strong_75_plus,637,609,0.8851744186046512,0.9560439560439561,0.8851744186046512,0.8505586592178771,1,False
HYBRID_TALON,1,patient042,patient042_case01,IBC,IBC_patient031_0113.jpg,1,1.0,strong_75_plus,644,595,0.9296875,0.9239130434782609,0.9239130434782609,0.8635703918722787,1,False
HYBRID_TALON,1,patient042,patient042_case01,IBC,IBC_patient031_0114.jpg,1,1.0,strong_75_plus,648,606,0.907185628742515,0.9351851851851852,0.907185628742515,0.8535211267605634,1,False
HYBRID_TALON,1,patient042,patient042_case01,IBC,IBC_patient031_0114.jpg,2,,off_target_fp,56,0,0.0,0.0,0.0,0.0,0,False
HYBRID_TALON,1,patient042,patient042_case01,IBC,IBC_patient031_0115.jpg,1,1.0,strong_75_plus,594,506,0.9233576642335767,0.8518518518518519,0.8518518518518519,0.7955974842767296,1,False
HYBRID_TALON,1,patient042,patient042_case01,IBC,IBC_patient031_0115.jpg,2,,off_target_fp,83,0,0.0,0.0,0.0,0.0,0,False
HYBRID_TALON,1,patient042,patient042_case01,IBC,IBC_patient031_0116.jpg,1,1.0,strong_75_plus,520,457,0.9067460317460317,0.8788461538461538,0.8788461538461538,0.8059964726631393,1,False
HYBRID_TALON,1,patient042,patient042_case01,IBC,IBC_patient031_0116.jpg,2,,off_target_fp,2,0,0.0,0.0,0.0,0.0,0,False
HYBRID_TALON,1,patient042,patient042_case01,IBC,IBC_patient031_0116.jpg,3,,off_target_fp,96,0,0.0,0.0,0.0,0.0,0,False
HYBRID_TALON,1,patient042,patient042_case01,IBC,IBC_patient031_0117.jpg,1,1.0,strong_75_plus,484,433,0.9173728813559322,0.8946280991735537,0.8946280991735537,0.8279158699808795,1,False
HYBRID_TALON,1,patient042,patient042_case01,IBC,IBC_patient031_0117.jpg,2,,off_target_fp,21,0,0.0,0.0,0.0,0.0,0,False
HYBRID_TALON,1,patient042,patient042_case01,IBC,IBC_patient031_0117.jpg,3,,off_target_fp,139,0,0.0,0.0,0.0,0.0,0,False
HYBRID_TALON,1,patient042,patient042_case01,IBC,IBC_patient031_0118.jpg,1,1.0,strong_75_plus,447,401,0.9369158878504673,0.8970917225950783,0.8970917225950783,0.8459915611814346,1,False
HYBRID_TALON,1,patient042,patient042_case01,IBC,IBC_patient031_0118.jpg,2,,off_target_fp,21,0,0.0,0.0,0.0,0.0,0,False
HYBRID_TALON,1,patient042,patient042_case01,IBC,IBC_patient031_0118.jpg,3,,off_target_fp,15,0,0.0,0.0,0.0,0.0,0,False
HYBRID_TALON,1,patient042,patient042_case01,IBC,IBC_patient031_0118.jpg,4,,off_target_fp,207,0,0.0,0.0,0.0,0.0,0,False
HYBRID_TALON,1,patient042,patient042_case01,IBC,IBC_patient031_0119.jpg,1,1.0,strong_75_plus,406,338,0.9086021505376344,0.8325123152709359,0.8325123152709359,0.7681818181818182,1,False
HYBRID_TALON,1,patient042,patient042_case01,IBC,IBC_patient031_0119.jpg,2,,off_target_fp,27,0,0.0,0.0,0.0,0.0,0,False
HYBRID_TALON,1,patient042,patient042_case01,IBC,IBC_patient031_0119.jpg,3,,off_target_fp,7,0,0.0,0.0,0.0,0.0,0,False
HYBRID_TALON,1,patient042,patient042_case01,IBC,IBC_patient031_0119.jpg,4,,off_target_fp,6,0,0.0,0.0,0.0,0.0,0,False
HYBRID_TALON,1,patient042,patient042_case01,IBC,IBC_patient031_0119.jpg,5,,off_target_fp,193,0,0.0,0.0,0.0,0.0,0,False
HYBRID_TALON,1,patient042,patient042_case01,IBC,IBC_patient031_0120.jpg,1,1.0,strong_75_plus,350,339,0.7566964285714286,0.9685714285714285,0.7566964285714286,0.738562091503268,1,False
HYBRID_TALON,1,patient042,patient042_case01,IBC,IBC_patient031_0120.jpg,2,,off_target_fp,20,0,0.0,0.0,0.0,0.0,0,False
HYBRID_TALON,1,patient042,patient042_case01,IBC,IBC_patient031_0120.jpg,3,,off_target_fp,3,0,0.0,0.0,0.0,0.0,0,False
HYBRID_TALON,1,patient042,patient042_case01,IBC,IBC_patient031_0120.jpg,4,,off_target_fp,14,0,0.0,0.0,0.0,0.0,0,False
HYBRID_TALON,1,patient042,patient042_case01,IBC,IBC_patient031_0120.jpg,5,,off_target_fp,28,0,0.0,0.0,0.0,0.0,0,False
HYBRID_TALON,1,patient042,patient042_case01,IBC,IBC_patient031_0120.jpg,6,,off_target_fp,161,0,0.0,0.0,0.0,0.0,0,False
HYBRID_TALON,1,patient042,patient042_case01,IBC,IBC_patient031_0121.jpg,1,1.0,moderate_50_to_75,247,166,0.9651162790697675,0.6720647773279352,0.6720647773279352,0.6561264822134387,1,False
HYBRID_TALON,1,patient042,patient042_case01,IBC,IBC_patient031_0121.jpg,2,,off_target_fp,11,0,0.0,0.0,0.0,0.0,0,False
HYBRID_TALON,1,patient042,patient042_case01,IBC,IBC_patient031_0121.jpg,3,,off_target_fp,26,0,0.0,0.0,0.0,0.0,0,False
HYBRID_TALON,1,patient042,patient042_case01,IBC,IBC_patient031_0121.jpg,4,,off_target_fp,48,0,0.0,0.0,0.0,0.0,0,False
HYBRID_TALON,1,patient042,patient042_case01,IBC,IBC_patient031_0121.jpg,5,,off_target_fp,127,0,0.0,0.0,0.0,0.0,0,False
HYBRID_TALON,1,patient042,patient042_case01,IBC,IBC_patient031_0122.jpg,1,1.0,low_25_to_50,71,67,0.35638297872340424,0.9436619718309859,0.35638297872340424,0.3489583333333333,1,False
HYBRID_TALON,1,patient042,patient042_case01,IBC,IBC_patient031_0122.jpg,2,,off_target_fp,41,0,0.0,0.0,0.0,0.0,0,False
HYBRID_TALON,1,patient042,patient042_case01,IBC,IBC_patient031_0122.jpg,3,,off_target_fp,46,0,0.0,0.0,0.0,0.0,0,False
HYBRID_TALON,1,patient042,patient042_case01,IBC,IBC_patient031_0122.jpg,4,,off_target_fp,51,0,0.0,0.0,0.0,0.0,0,False
HYBRID_TALON,1,patient042,patient042_case01,IBC,IBC_patient031_0122.jpg,5,,off_target_fp,3,0,0.0,0.0,0.0,0.0,0,False
HYBRID_TALON,1,patient042,patient042_case01,IBC,IBC_patient031_0122.jpg,6,,off_target_fp,79,0,0.0,0.0,0.0,0.0,0,False
HYBRID_TALON,1,patient044,patient044_case01,IBC,IBC_patient032_0054.jpg,1,,off_target_fp,4,0,0.0,0.0,0.0,0.0,0,False
HYBRID_TALON,1,patient044,patient044_case01,IBC,IBC_patient032_0054.jpg,2,,off_target_fp,43,0,0.0,0.0,0.0,0.0,0,False
HYBRID_TALON,1,patient044,patient044_case01,IBC,IBC_patient032_0054.jpg,3,,off_target_fp,31,0,0.0,0.0,0.0,0.0,0,False
HYBRID_TALON,1,patient044,patient044_case01,IBC,IBC_patient032_0054.jpg,4,,off_target_fp,176,0,0.0,0.0,0.0,0.0,0,False
HYBRID_TALON,1,patient044,patient044_case01,IBC,IBC_patient032_0054.jpg,5,,off_target_fp,54,0,0.0,0.0,0.0,0.0,0,False
HYBRID_TALON,1,patient044,patient044_case01,IBC,IBC_patient032_0054.jpg,6,1.0,partial_below_25,17,15,0.09375,0.8823529411764706,0.09375,0.09259259259259259,1,False
HYBRID_TALON,1,patient044,patient044_case01,IBC,IBC_patient032_0055.jpg,1,,off_target_fp,6,0,0.0,0.0,0.0,0.0,0,False
HYBRID_TALON,1,patient044,patient044_case01,IBC,IBC_patient032_0055.jpg,2,,off_target_fp,4,0,0.0,0.0,0.0,0.0,0,False
HYBRID_TALON,1,patient044,patient044_case01,IBC,IBC_patient032_0055.jpg,3,,off_target_fp,2,0,0.0,0.0,0.0,0.0,0,False
HYBRID_TALON,1,patient044,patient044_case01,IBC,IBC_patient032_0055.jpg,4,,off_target_fp,2,0,0.0,0.0,0.0,0.0,0,False
HYBRID_TALON,1,patient044,patient044_case01,IBC,IBC_patient032_0055.jpg,5,,off_target_fp,12,0,0.0,0.0,0.0,0.0,0,False
HYBRID_TALON,1,patient044,patient044_case01,IBC,IBC_patient032_0055.jpg,6,,off_target_fp,13,0,0.0,0.0,0.0,0.0,0,False
HYBRID_TALON,1,patient044,patient044_case01,IBC,IBC_patient032_0055.jpg,7,,off_target_fp,251,0,0.0,0.0,0.0,0.0,0,False
HYBRID_TALON,1,patient044,patient044_case01,IBC,IBC_patient032_0055.jpg,8,1.0,strong_75_plus,249,231,0.77,0.927710843373494,0.77,0.7264150943396226,1,False
HYBRID_TALON,1,patient044,patient044_case01,IBC,IBC_patient032_0056.jpg,1,,off_target_fp,20,0,0.0,0.0,0.0,0.0,0,False
HYBRID_TALON,1,patient044,patient044_case01,IBC,IBC_patient032_0056.jpg,2,,off_target_fp,19,0,0.0,0.0,0.0,0.0,0,False
HYBRID_TALON,1,patient044,patient044_case01,IBC,IBC_patient032_0056.jpg,3,,off_target_fp,4,0,0.0,0.0,0.0,0.0,0,False
HYBRID_TALON,1,patient044,patient044_case01,IBC,IBC_patient032_0056.jpg,4,,off_target_fp,13,0,0.0,0.0,0.0,0.0,0,False
HYBRID_TALON,1,patient044,patient044_case01,IBC,IBC_patient032_0056.jpg,5,1.0,partial_below_25,5,5,0.012755102040816327,1.0,0.012755102040816327,0.012755102040816327,1,False
HYBRID_TALON,1,patient044,patient044_case01,IBC,IBC_patient032_0056.jpg,6,,off_target_fp,7,0,0.0,0.0,0.0,0.0,0,False
HYBRID_TALON,1,patient044,patient044_case01,IBC,IBC_patient032_0056.jpg,7,1.0,low_25_to_50,111,102,0.2602040816326531,0.918918918918919,0.2602040816326531,0.2543640897755611,1,False
HYBRID_TALON,1,patient044,patient044_case01,IBC,IBC_patient032_0057.jpg,1,,off_target_fp,20,0,0.0,0.0,0.0,0.0,0,False
HYBRID_TALON,1,patient044,patient044_case01,IBC,IBC_patient032_0057.jpg,2,1.0,low_25_to_50,319,292,0.41954022988505746,0.9153605015673981,0.41954022988505746,0.40387275242047027,1,False
HYBRID_TALON,1,patient044,patient044_case01,IBC,IBC_patient032_0057.jpg,3,,off_target_fp,4,0,0.0,0.0,0.0,0.0,0,False
HYBRID_TALON,1,patient044,patient044_case01,IBC,IBC_patient032_0057.jpg,4,,off_target_fp,6,0,0.0,0.0,0.0,0.0,0,False
HYBRID_TALON,1,patient044,patient044_case01,IBC,IBC_patient032_0058.jpg,1,1.0,moderate_50_to_75,692,682,0.7445414847161572,0.9855491329479769,0.7445414847161572,0.7365010799136069,1,False
HYBRID_TALON,1,patient044,patient044_case01,IBC,IBC_patient032_0059.jpg,1,1.0,moderate_50_to_75,558,465,0.5406976744186046,0.8333333333333334,0.5406976744186046,0.4879328436516264,1,False
HYBRID_TALON,1,patient044,patient044_case01,IBC,IBC_patient032_0060.jpg,1,1.0,moderate_50_to_75,622,564,0.7268041237113402,0.9067524115755627,0.7268041237113402,0.6762589928057554,1,False
HYBRID_TALON,1,patient044,patient044_case01,IBC,IBC_patient032_0061.jpg,1,1.0,strong_75_plus,567,532,0.7777777777777778,0.9382716049382716,0.7777777777777778,0.7399165507649513,1,False
HYBRID_TALON,1,patient044,patient044_case01,IBC,IBC_patient032_0062.jpg,1,1.0,moderate_50_to_75,427,417,0.7043918918918919,0.9765807962529274,0.7043918918918919,0.6926910299003323,1,False
HYBRID_TALON,1,patient044,patient044_case01,IBC,IBC_patient032_0063.jpg,1,,off_target_fp,32,0,0.0,0.0,0.0,0.0,0,False
HYBRID_TALON,1,patient044,patient044_case01,IBC,IBC_patient032_0063.jpg,2,1.0,strong_75_plus,318,284,0.8987341772151899,0.8930817610062893,0.8930817610062893,0.8114285714285714,1,False
HYBRID_TALON,1,patient044,patient044_case01,IBC,IBC_patient032_0064.jpg,1,,off_target_fp,77,0,0.0,0.0,0.0,0.0,0,False
HYBRID_TALON,1,patient044,patient044_case01,IBC,IBC_patient032_0064.jpg,2,,off_target_fp,12,0,0.0,0.0,0.0,0.0,0,False
HYBRID_TALON,1,patient044,patient044_case01,IBC,IBC_patient032_0064.jpg,3,,off_target_fp,14,0,0.0,0.0,0.0,0.0,0,False
HYBRID_TALON,1,patient044,patient044_case01,IBC,IBC_patient032_0064.jpg,4,1.0,partial_below_25,8,8,0.034482758620689655,1.0,0.034482758620689655,0.034482758620689655,1,False
HYBRID_TALON,1,patient043,patient043_case01,IGM,IGM_patient032_0141.jpg,1,,off_target_fp,15,0,0.0,0.0,0.0,0.0,0,False
HYBRID_TALON,1,patient043,patient043_case01,IGM,IGM_patient032_0141.jpg,2,,off_target_fp,19,0,0.0,0.0,0.0,0.0,0,False
HYBRID_TALON,1,patient043,patient043_case01,IGM,IGM_patient032_0141.jpg,3,,off_target_fp,34,0,0.0,0.0,0.0,0.0,0,False
HYBRID_TALON,1,patient043,patient043_case01,IGM,IGM_patient032_0142.jpg,1,,off_target_fp,11,0,0.0,0.0,0.0,0.0,0,False
HYBRID_TALON,1,patient043,patient043_case01,IGM,IGM_patient032_0142.jpg,2,,off_target_fp,12,0,0.0,0.0,0.0,0.0,0,False
HYBRID_TALON,1,patient043,patient043_case01,IGM,IGM_patient032_0142.jpg,3,,off_target_fp,34,0,0.0,0.0,0.0,0.0,0,False
HYBRID_TALON,1,patient043,patient043_case01,IGM,IGM_patient032_0143.jpg,1,,off_target_fp,13,0,0.0,0.0,0.0,0.0,0,False
HYBRID_TALON,1,patient043,patient043_case01,IGM,IGM_patient032_0143.jpg,2,1.0,strong_75_plus,104,89,0.8240740740740741,0.8557692307692307,0.8240740740740741,0.7235772357723578,1,False
HYBRID_TALON,1,patient043,patient043_case01,IGM,IGM_patient032_0143.jpg,3,,off_target_fp,17,0,0.0,0.0,0.0,0.0,0,False
HYBRID_TALON,1,patient043,patient043_case01,IGM,IGM_patient032_0143.jpg,4,,off_target_fp,42,0,0.0,0.0,0.0,0.0,0,False
HYBRID_TALON,1,patient043,patient043_case01,IGM,IGM_patient032_0144.jpg,1,1.0,strong_75_plus,147,141,0.8597560975609756,0.9591836734693877,0.8597560975609756,0.8294117647058824,1,False
HYBRID_TALON,1,patient043,patient043_case01,IGM,IGM_patient032_0144.jpg,2,,off_target_fp,3,0,0.0,0.0,0.0,0.0,0,False
HYBRID_TALON,1,patient043,patient043_case01,IGM,IGM_patient032_0144.jpg,3,,off_target_fp,10,0,0.0,0.0,0.0,0.0,0,False
HYBRID_TALON,1,patient043,patient043_case01,IGM,IGM_patient032_0144.jpg,4,,off_target_fp,32,0,0.0,0.0,0.0,0.0,0,False
HYBRID_TALON,1,patient043,patient043_case01,IGM,IGM_patient032_0145.jpg,1,1.0,strong_75_plus,176,152,0.95,0.8636363636363636,0.8636363636363636,0.8260869565217391,1,False
HYBRID_TALON,1,patient043,patient043_case01,IGM,IGM_patient032_0145.jpg,2,,off_target_fp,19,0,0.0,0.0,0.0,0.0,0,False
HYBRID_TALON,1,patient043,patient043_case01,IGM,IGM_patient032_0146.jpg,1,1.0,moderate_50_to_75,184,132,1.0,0.717391304347826,0.717391304347826,0.717391304347826,1,False
HYBRID_TALON,1,patient043,patient043_case01,IGM,IGM_patient032_0146.jpg,2,,off_target_fp,16,0,0.0,0.0,0.0,0.0,0,False
HYBRID_TALON,1,patient043,patient043_case01,IGM,IGM_patient032_0147.jpg,1,,off_target_fp,35,0,0.0,0.0,0.0,0.0,0,False
HYBRID_TALON,1,patient043,patient043_case01,IGM,IGM_patient032_0147.jpg,2,1.0,strong_75_plus,181,164,0.8723404255319149,0.9060773480662984,0.8723404255319149,0.8,1,False
HYBRID_TALON,1,patient043,patient043_case01,IGM,IGM_patient032_0147.jpg,3,,off_target_fp,15,0,0.0,0.0,0.0,0.0,0,False
HYBRID_TALON,1,patient043,patient043_case01,IGM,IGM_patient032_0148.jpg,1,,off_target_fp,84,0,0.0,0.0,0.0,0.0,0,False
HYBRID_TALON,1,patient043,patient043_case01,IGM,IGM_patient032_0148.jpg,2,1.0,strong_75_plus,173,158,0.8977272727272727,0.9132947976878613,0.8977272727272727,0.8272251308900523,1,False
HYBRID_TALON,1,patient043,patient043_case01,IGM,IGM_patient032_0148.jpg,3,,off_target_fp,11,0,0.0,0.0,0.0,0.0,0,False
HYBRID_TALON,1,patient043,patient043_case01,IGM,IGM_patient032_0149.jpg,1,,off_target_fp,112,0,0.0,0.0,0.0,0.0,0,False
HYBRID_TALON,1,patient043,patient043_case01,IGM,IGM_patient032_0149.jpg,2,1.0,strong_75_plus,140,109,0.9083333333333333,0.7785714285714286,0.7785714285714286,0.7218543046357616,1,False
HYBRID_TALON,1,patient043,patient043_case01,IGM,IGM_patient032_0149.jpg,3,,off_target_fp,6,0,0.0,0.0,0.0,0.0,0,False
HYBRID_TALON,1,patient043,patient043_case01,IGM,IGM_patient032_0149.jpg,4,,off_target_fp,25,0,0.0,0.0,0.0,0.0,0,False
HYBRID_TALON,1,patient043,patient043_case01,IGM,IGM_patient032_0150.jpg,1,,off_target_fp,115,0,0.0,0.0,0.0,0.0,0,False
HYBRID_TALON,1,patient043,patient043_case01,IGM,IGM_patient032_0150.jpg,2,,off_target_fp,34,0,0.0,0.0,0.0,0.0,0,False
HYBRID_TALON,1,patient043,patient043_case01,IGM,IGM_patient032_0150.jpg,3,1.0,strong_75_plus,114,92,0.8518518518518519,0.8070175438596491,0.8070175438596491,0.7076923076923077,1,False
HYBRID_TALON,1,patient043,patient043_case01,IGM,IGM_patient032_0150.jpg,4,,off_target_fp,35,0,0.0,0.0,0.0,0.0,0,False
HYBRID_TALON,1,patient043,patient043_case01,IGM,IGM_patient032_0151.jpg,1,,off_target_fp,105,0,0.0,0.0,0.0,0.0,0,False
HYBRID_TALON,1,patient043,patient043_case01,IGM,IGM_patient032_0151.jpg,2,,off_target_fp,76,0,0.0,0.0,0.0,0.0,0,False
HYBRID_TALON,1,patient043,patient043_case01,IGM,IGM_patient032_0151.jpg,3,1.0,strong_75_plus,96,84,0.8076923076923077,0.875,0.8076923076923077,0.7241379310344828,1,False
HYBRID_TALON,1,patient043,patient043_case01,IGM,IGM_patient032_0151.jpg,4,,off_target_fp,22,0,0.0,0.0,0.0,0.0,0,False
HYBRID_TALON,1,patient043,patient043_case01,IGM,IGM_patient032_0152.jpg,1,,off_target_fp,88,0,0.0,0.0,0.0,0.0,0,False
HYBRID_TALON,1,patient043,patient043_case01,IGM,IGM_patient032_0152.jpg,2,,off_target_fp,94,0,0.0,0.0,0.0,0.0,0,False
HYBRID_TALON,1,patient043,patient043_case01,IGM,IGM_patient032_0152.jpg,3,1.0,low_25_to_50,46,45,0.46875,0.9782608695652174,0.46875,0.4639175257731959,1,False
HYBRID_TALON,1,patient043,patient043_case01,IGM,IGM_patient032_0152.jpg,4,,off_target_fp,8,0,0.0,0.0,0.0,0.0,0,False
HYBRID_TALON,1,patient043,patient043_case01,IGM,IGM_patient032_0153.jpg,1,,off_target_fp,38,0,0.0,0.0,0.0,0.0,0,False
HYBRID_TALON,1,patient043,patient043_case01,IGM,IGM_patient032_0153.jpg,2,,off_target_fp,88,0,0.0,0.0,0.0,0.0,0,False
HYBRID_TALON,1,patient045,patient045_case01,IBC,IBC_patient033_0064.jpg,1,,off_target_fp,5,0,0.0,0.0,0.0,0.0,0,False
HYBRID_TALON,1,patient045,patient045_case01,IBC,IBC_patient033_0064.jpg,2,,off_target_fp,117,0,0.0,0.0,0.0,0.0,0,False
HYBRID_TALON,1,patient045,patient045_case01,IBC,IBC_patient033_0064.jpg,3,,off_target_fp,6,0,0.0,0.0,0.0,0.0,0,False
HYBRID_TALON,1,patient045,patient045_case01,IBC,IBC_patient033_0064.jpg,4,,off_target_fp,126,0,0.0,0.0,0.0,0.0,0,False
HYBRID_TALON,1,patient045,patient045_case01,IBC,IBC_patient033_0064.jpg,5,,off_target_fp,10,0,0.0,0.0,0.0,0.0,0,False
HYBRID_TALON,1,patient045,patient045_case01,IBC,IBC_patient033_0065.jpg,1,,off_target_fp,81,0,0.0,0.0,0.0,0.0,0,False
HYBRID_TALON,1,patient045,patient045_case01,IBC,IBC_patient033_0065.jpg,2,,off_target_fp,15,0,0.0,0.0,0.0,0.0,0,False
HYBRID_TALON,1,patient045,patient045_case01,IBC,IBC_patient033_0065.jpg,3,1.0,low_25_to_50,340,115,0.8712121212121212,0.3382352941176471,0.3382352941176471,0.32212885154061627,1,False
HYBRID_TALON,1,patient045,patient045_case01,IBC,IBC_patient033_0065.jpg,4,,off_target_fp,4,0,0.0,0.0,0.0,0.0,0,False
HYBRID_TALON,1,patient045,patient045_case01,IBC,IBC_patient033_0066.jpg,1,,off_target_fp,49,0,0.0,0.0,0.0,0.0,0,False
HYBRID_TALON,1,patient045,patient045_case01,IBC,IBC_patient033_0066.jpg,2,,off_target_fp,6,0,0.0,0.0,0.0,0.0,0,False
HYBRID_TALON,1,patient045,patient045_case01,IBC,IBC_patient033_0066.jpg,3,,off_target_fp,1,0,0.0,0.0,0.0,0.0,0,False
HYBRID_TALON,1,patient045,patient045_case01,IBC,IBC_patient033_0066.jpg,4,1.0,strong_75_plus,386,300,0.9493670886075949,0.7772020725388601,0.7772020725388601,0.746268656716418,1,False
HYBRID_TALON,1,patient045,patient045_case01,IBC,IBC_patient033_0066.jpg,5,,off_target_fp,2,0,0.0,0.0,0.0,0.0,0,False
HYBRID_TALON,1,patient045,patient045_case01,IBC,IBC_patient033_0067.jpg,1,,off_target_fp,199,0,0.0,0.0,0.0,0.0,0,False
HYBRID_TALON,1,patient045,patient045_case01,IBC,IBC_patient033_0067.jpg,2,,off_target_fp,3,0,0.0,0.0,0.0,0.0,0,False
HYBRID_TALON,1,patient045,patient045_case01,IBC,IBC_patient033_0067.jpg,3,1.0,moderate_50_to_75,338,245,0.9423076923076923,0.7248520710059172,0.7248520710059172,0.6940509915014165,1,False
HYBRID_TALON,1,patient045,patient045_case01,IBC,IBC_patient033_0068.jpg,1,,off_target_fp,204,0,0.0,0.0,0.0,0.0,0,False
HYBRID_TALON,1,patient045,patient045_case01,IBC,IBC_patient033_0068.jpg,2,,off_target_fp,77,0,0.0,0.0,0.0,0.0,0,False
HYBRID_TALON,1,patient045,patient045_case01,IBC,IBC_patient033_0068.jpg,3,,off_target_fp,72,0,0.0,0.0,0.0,0.0,0,False
HYBRID_TALON,1,patient045,patient045_case01,IBC,IBC_patient033_0068.jpg,4,1.0,moderate_50_to_75,140,131,0.5646551724137931,0.9357142857142857,0.5646551724137931,0.5435684647302904,1,False
HYBRID_TALON,1,patient045,patient045_case01,IBC,IBC_patient033_0069.jpg,1,,off_target_fp,160,0,0.0,0.0,0.0,0.0,0,False
HYBRID_TALON,1,patient045,patient045_case01,IBC,IBC_patient033_0069.jpg,2,,off_target_fp,82,0,0.0,0.0,0.0,0.0,0,False
HYBRID_TALON,1,patient046,patient046_case01,IBC,IBC_patient034_0192.jpg,1,,off_target_fp,2,0,0.0,0.0,0.0,0.0,0,False
HYBRID_TALON,1,patient046,patient046_case01,IBC,IBC_patient034_0192.jpg,2,,off_target_fp,17,0,0.0,0.0,0.0,0.0,0,False
HYBRID_TALON,1,patient046,patient046_case01,IBC,IBC_patient034_0192.jpg,3,1.0,moderate_50_to_75,27,15,0.5357142857142857,0.5555555555555556,0.5357142857142857,0.375,1,False
HYBRID_TALON,1,patient046,patient046_case01,IBC,IBC_patient034_0193.jpg,1,,off_target_fp,53,0,0.0,0.0,0.0,0.0,0,False
HYBRID_TALON,1,patient046,patient046_case01,IBC,IBC_patient034_0193.jpg,2,,off_target_fp,1,0,0.0,0.0,0.0,0.0,0,False
HYBRID_TALON,1,patient046,patient046_case01,IBC,IBC_patient034_0193.jpg,3,1.0,moderate_50_to_75,111,70,0.6730769230769231,0.6306306306306306,0.6306306306306306,0.4827586206896552,1,False
HYBRID_TALON,1,patient046,patient046_case01,IBC,IBC_patient034_0194.jpg,1,,off_target_fp,84,0,0.0,0.0,0.0,0.0,0,False
HYBRID_TALON,1,patient046,patient046_case01,IBC,IBC_patient034_0194.jpg,2,,off_target_fp,13,0,0.0,0.0,0.0,0.0,0,False
HYBRID_TALON,1,patient046,patient046_case01,IBC,IBC_patient034_0194.jpg,3,1.0,moderate_50_to_75,265,139,0.9144736842105263,0.5245283018867924,0.5245283018867924,0.5,1,False
HYBRID_TALON,1,patient046,patient046_case01,IBC,IBC_patient034_0195.jpg,1,,off_target_fp,92,0,0.0,0.0,0.0,0.0,0,False
HYBRID_TALON,1,patient046,patient046_case01,IBC,IBC_patient034_0195.jpg,2,,off_target_fp,40,0,0.0,0.0,0.0,0.0,0,False
HYBRID_TALON,1,patient046,patient046_case01,IBC,IBC_patient034_0195.jpg,3,1.0,low_25_to_50,339,166,0.9880952380952381,0.4896755162241888,0.4896755162241888,0.4868035190615836,1,False
HYBRID_TALON,1,patient046,patient046_case01,IBC,IBC_patient034_0196.jpg,1,,off_target_fp,81,0,0.0,0.0,0.0,0.0,0,False
HYBRID_TALON,1,patient046,patient046_case01,IBC,IBC_patient034_0196.jpg,2,,off_target_fp,67,0,0.0,0.0,0.0,0.0,0,False
HYBRID_TALON,1,patient046,patient046_case01,IBC,IBC_patient034_0196.jpg,3,,off_target_fp,80,0,0.0,0.0,0.0,0.0,0,False
HYBRID_TALON,1,patient046,patient046_case01,IBC,IBC_patient034_0196.jpg,4,1.0,strong_75_plus,288,223,0.9780701754385965,0.7743055555555556,0.7743055555555556,0.7610921501706485,1,False
HYBRID_TALON,1,patient046,patient046_case01,IBC,IBC_patient034_0197.jpg,1,,off_target_fp,65,0,0.0,0.0,0.0,0.0,0,False
HYBRID_TALON,1,patient046,patient046_case01,IBC,IBC_patient034_0197.jpg,2,,off_target_fp,86,0,0.0,0.0,0.0,0.0,0,False
HYBRID_TALON,1,patient046,patient046_case01,IBC,IBC_patient034_0197.jpg,3,,off_target_fp,6,0,0.0,0.0,0.0,0.0,0,False
HYBRID_TALON,1,patient046,patient046_case01,IBC,IBC_patient034_0197.jpg,4,,off_target_fp,3,0,0.0,0.0,0.0,0.0,0,False
HYBRID_TALON,1,patient046,patient046_case01,IBC,IBC_patient034_0197.jpg,5,,off_target_fp,53,0,0.0,0.0,0.0,0.0,0,False
HYBRID_TALON,1,patient046,patient046_case01,IBC,IBC_patient034_0197.jpg,6,1.0,strong_75_plus,369,315,0.9264705882352942,0.8536585365853658,0.8536585365853658,0.799492385786802,1,False
HYBRID_TALON,1,patient046,patient046_case01,IBC,IBC_patient034_0198.jpg,1,,off_target_fp,7,0,0.0,0.0,0.0,0.0,0,False
HYBRID_TALON,1,patient046,patient046_case01,IBC,IBC_patient034_0198.jpg,2,,off_target_fp,33,0,0.0,0.0,0.0,0.0,0,False
HYBRID_TALON,1,patient046,patient046_case01,IBC,IBC_patient034_0198.jpg,3,,off_target_fp,95,0,0.0,0.0,0.0,0.0,0,False
HYBRID_TALON,1,patient046,patient046_case01,IBC,IBC_patient034_0198.jpg,4,,off_target_fp,28,0,0.0,0.0,0.0,0.0,0,False
HYBRID_TALON,1,patient046,patient046_case01,IBC,IBC_patient034_0198.jpg,5,,off_target_fp,43,0,0.0,0.0,0.0,0.0,0,False
HYBRID_TALON,1,patient046,patient046_case01,IBC,IBC_patient034_0198.jpg,6,1.0,strong_75_plus,442,394,0.9563106796116505,0.8914027149321267,0.8914027149321267,0.8565217391304348,1,False
HYBRID_TALON,1,patient046,patient046_case01,IBC,IBC_patient034_0199.jpg,1,,off_target_fp,40,0,0.0,0.0,0.0,0.0,0,False
HYBRID_TALON,1,patient046,patient046_case01,IBC,IBC_patient034_0199.jpg,2,,off_target_fp,102,0,0.0,0.0,0.0,0.0,0,False
HYBRID_TALON,1,patient046,patient046_case01,IBC,IBC_patient034_0199.jpg,3,,off_target_fp,22,0,0.0,0.0,0.0,0.0,0,False
HYBRID_TALON,1,patient046,patient046_case01,IBC,IBC_patient034_0199.jpg,4,1.0,strong_75_plus,522,470,0.94,0.9003831417624522,0.9003831417624522,0.8514492753623188,1,False
HYBRID_TALON,1,patient046,patient046_case01,IBC,IBC_patient034_0199.jpg,5,,off_target_fp,20,0,0.0,0.0,0.0,0.0,0,False
HYBRID_TALON,1,patient046,patient046_case01,IBC,IBC_patient034_0200.jpg,1,,off_target_fp,24,0,0.0,0.0,0.0,0.0,0,False
HYBRID_TALON,1,patient046,patient046_case01,IBC,IBC_patient034_0200.jpg,2,,off_target_fp,98,0,0.0,0.0,0.0,0.0,0,False
HYBRID_TALON,1,patient046,patient046_case01,IBC,IBC_patient034_0200.jpg,3,,off_target_fp,9,0,0.0,0.0,0.0,0.0,0,False
HYBRID_TALON,1,patient046,patient046_case01,IBC,IBC_patient034_0200.jpg,4,1.0,strong_75_plus,567,555,0.7838983050847458,0.9788359788359788,0.7838983050847458,0.7708333333333334,1,False
HYBRID_TALON,1,patient046,patient046_case01,IBC,IBC_patient034_0200.jpg,5,,off_target_fp,1,0,0.0,0.0,0.0,0.0,0,False
HYBRID_TALON,1,patient046,patient046_case01,IBC,IBC_patient034_0201.jpg,1,,off_target_fp,13,0,0.0,0.0,0.0,0.0,0,False
HYBRID_TALON,1,patient046,patient046_case01,IBC,IBC_patient034_0201.jpg,2,,off_target_fp,105,0,0.0,0.0,0.0,0.0,0,False
HYBRID_TALON,1,patient046,patient046_case01,IBC,IBC_patient034_0201.jpg,3,,off_target_fp,1,0,0.0,0.0,0.0,0.0,0,False
HYBRID_TALON,1,patient046,patient046_case01,IBC,IBC_patient034_0201.jpg,4,1.0,strong_75_plus,659,631,0.8912429378531074,0.9575113808801214,0.8912429378531074,0.8573369565217391,1,False
HYBRID_TALON,1,patient046,patient046_case01,IBC,IBC_patient034_0202.jpg,1,,off_target_fp,1,0,0.0,0.0,0.0,0.0,0,False
HYBRID_TALON,1,patient046,patient046_case01,IBC,IBC_patient034_0202.jpg,2,,off_target_fp,13,0,0.0,0.0,0.0,0.0,0,False
HYBRID_TALON,1,patient046,patient046_case01,IBC,IBC_patient034_0202.jpg,3,,off_target_fp,107,0,0.0,0.0,0.0,0.0,0,False
HYBRID_TALON,1,patient046,patient046_case01,IBC,IBC_patient034_0202.jpg,4,,off_target_fp,2,0,0.0,0.0,0.0,0.0,0,False
HYBRID_TALON,1,patient046,patient046_case01,IBC,IBC_patient034_0202.jpg,5,1.0,strong_75_plus,734,708,0.9315789473684211,0.9645776566757494,0.9315789473684211,0.9007633587786259,1,False
HYBRID_TALON,1,patient046,patient046_case01,IBC,IBC_patient034_0203.jpg,1,,off_target_fp,8,0,0.0,0.0,0.0,0.0,0,False
HYBRID_TALON,1,patient046,patient046_case01,IBC,IBC_patient034_0203.jpg,2,,off_target_fp,95,0,0.0,0.0,0.0,0.0,0,False
HYBRID_TALON,1,patient046,patient046_case01,IBC,IBC_patient034_0203.jpg,3,1.0,strong_75_plus,788,738,0.9318181818181818,0.9365482233502538,0.9318181818181818,0.8764845605700713,1,False
HYBRID_TALON,1,patient046,patient046_case01,IBC,IBC_patient034_0204.jpg,1,,off_target_fp,3,0,0.0,0.0,0.0,0.0,0,False
HYBRID_TALON,1,patient046,patient046_case01,IBC,IBC_patient034_0204.jpg,2,,off_target_fp,83,0,0.0,0.0,0.0,0.0,0,False
HYBRID_TALON,1,patient046,patient046_case01,IBC,IBC_patient034_0204.jpg,3,,off_target_fp,1,0,0.0,0.0,0.0,0.0,0,False
HYBRID_TALON,1,patient046,patient046_case01,IBC,IBC_patient034_0204.jpg,4,1.0,strong_75_plus,766,719,0.8725728155339806,0.9386422976501305,0.8725728155339806,0.8254879448909299,1,False
HYBRID_TALON,1,patient046,patient046_case01,IBC,IBC_patient034_0205.jpg,1,,off_target_fp,73,0,0.0,0.0,0.0,0.0,0,False
HYBRID_TALON,1,patient046,patient046_case01,IBC,IBC_patient034_0205.jpg,2,,off_target_fp,4,0,0.0,0.0,0.0,0.0,0,False
HYBRID_TALON,1,patient046,patient046_case01,IBC,IBC_patient034_0205.jpg,3,1.0,strong_75_plus,748,682,0.8157894736842105,0.9117647058823529,0.8157894736842105,0.7560975609756098,1,False
HYBRID_TALON,1,patient046,patient046_case01,IBC,IBC_patient034_0206.jpg,1,,off_target_fp,84,0,0.0,0.0,0.0,0.0,0,False
HYBRID_TALON,1,patient046,patient046_case01,IBC,IBC_patient034_0206.jpg,2,,off_target_fp,10,0,0.0,0.0,0.0,0.0,0,False
HYBRID_TALON,1,patient046,patient046_case01,IBC,IBC_patient034_0206.jpg,3,1.0,strong_75_plus,806,737,0.8262331838565022,0.9143920595533499,0.8262331838565022,0.7669094693028096,1,False
HYBRID_TALON,1,patient046,patient046_case01,IBC,IBC_patient034_0207.jpg,1,,off_target_fp,57,0,0.0,0.0,0.0,0.0,0,False
HYBRID_TALON,1,patient046,patient046_case01,IBC,IBC_patient034_0207.jpg,2,,off_target_fp,14,0,0.0,0.0,0.0,0.0,0,False
HYBRID_TALON,1,patient046,patient046_case01,IBC,IBC_patient034_0207.jpg,3,,off_target_fp,4,0,0.0,0.0,0.0,0.0,0,False
HYBRID_TALON,1,patient046,patient046_case01,IBC,IBC_patient034_0207.jpg,4,1.0,strong_75_plus,854,787,0.8591703056768559,0.9215456674473068,0.8591703056768559,0.8006103763987793,1,False
HYBRID_TALON,1,patient046,patient046_case01,IBC,IBC_patient034_0208.jpg,1,,off_target_fp,1,0,0.0,0.0,0.0,0.0,0,False
HYBRID_TALON,1,patient046,patient046_case01,IBC,IBC_patient034_0208.jpg,2,,off_target_fp,51,0,0.0,0.0,0.0,0.0,0,False
HYBRID_TALON,1,patient046,patient046_case01,IBC,IBC_patient034_0208.jpg,3,,off_target_fp,1,0,0.0,0.0,0.0,0.0,0,False
HYBRID_TALON,1,patient046,patient046_case01,IBC,IBC_patient034_0208.jpg,4,,off_target_fp,1,0,0.0,0.0,0.0,0.0,0,False
HYBRID_TALON,1,patient046,patient046_case01,IBC,IBC_patient034_0208.jpg,5,,off_target_fp,10,0,0.0,0.0,0.0,0.0,0,False
HYBRID_TALON,1,patient046,patient046_case01,IBC,IBC_patient034_0208.jpg,6,1.0,strong_75_plus,888,856,0.8492063492063492,0.963963963963964,0.8492063492063492,0.823076923076923,1,False
HYBRID_TALON,1,patient046,patient046_case01,IBC,IBC_patient034_0209.jpg,1,,off_target_fp,29,0,0.0,0.0,0.0,0.0,0,False
HYBRID_TALON,1,patient046,patient046_case01,IBC,IBC_patient034_0209.jpg,2,,off_target_fp,2,0,0.0,0.0,0.0,0.0,0,False
HYBRID_TALON,1,patient046,patient046_case01,IBC,IBC_patient034_0209.jpg,3,1.0,strong_75_plus,889,838,0.8481781376518218,0.9426321709786277,0.8481781376518218,0.8065447545717036,1,False
HYBRID_TALON,1,patient046,patient046_case01,IBC,IBC_patient034_0210.jpg,1,,off_target_fp,2,0,0.0,0.0,0.0,0.0,0,False
HYBRID_TALON,1,patient046,patient046_case01,IBC,IBC_patient034_0210.jpg,2,,off_target_fp,31,0,0.0,0.0,0.0,0.0,0,False
HYBRID_TALON,1,patient046,patient046_case01,IBC,IBC_patient034_0210.jpg,3,1.0,strong_75_plus,953,865,0.8826530612244898,0.9076600209863589,0.8826530612244898,0.8099250936329588,1,False
HYBRID_TALON,1,patient046,patient046_case01,IBC,IBC_patient034_0211.jpg,1,,off_target_fp,32,0,0.0,0.0,0.0,0.0,0,False
HYBRID_TALON,1,patient046,patient046_case01,IBC,IBC_patient034_0211.jpg,2,1.0,strong_75_plus,988,916,0.8980392156862745,0.9271255060728745,0.8980392156862745,0.8388278388278388,1,False
HYBRID_TALON,1,patient046,patient046_case01,IBC,IBC_patient034_0212.jpg,1,,off_target_fp,14,0,0.0,0.0,0.0,0.0,0,False
HYBRID_TALON,1,patient046,patient046_case01,IBC,IBC_patient034_0212.jpg,2,,off_target_fp,32,0,0.0,0.0,0.0,0.0,0,False
HYBRID_TALON,1,patient046,patient046_case01,IBC,IBC_patient034_0212.jpg,3,1.0,strong_75_plus,1035,952,0.918918918918919,0.9198067632850242,0.918918918918919,0.8507596067917784,1,False
HYBRID_TALON,1,patient046,patient046_case01,IBC,IBC_patient034_0213.jpg,1,,off_target_fp,15,0,0.0,0.0,0.0,0.0,0,False
HYBRID_TALON,1,patient046,patient046_case01,IBC,IBC_patient034_0213.jpg,2,,off_target_fp,43,0,0.0,0.0,0.0,0.0,0,False
HYBRID_TALON,1,patient046,patient046_case01,IBC,IBC_patient034_0213.jpg,3,1.0,strong_75_plus,1062,977,0.9216981132075471,0.9199623352165726,0.9199623352165726,0.8532751091703057,1,False
HYBRID_TALON,1,patient046,patient046_case01,IBC,IBC_patient034_0214.jpg,1,,off_target_fp,63,0,0.0,0.0,0.0,0.0,0,False
HYBRID_TALON,1,patient046,patient046_case01,IBC,IBC_patient034_0214.jpg,2,,off_target_fp,16,0,0.0,0.0,0.0,0.0,0,False
HYBRID_TALON,1,patient046,patient046_case01,IBC,IBC_patient034_0214.jpg,3,,off_target_fp,8,0,0.0,0.0,0.0,0.0,0,False
HYBRID_TALON,1,patient046,patient046_case01,IBC,IBC_patient034_0214.jpg,4,1.0,strong_75_plus,942,896,0.7750865051903114,0.9511677282377919,0.7750865051903114,0.7454242928452579,1,False
HYBRID_TALON,1,patient046,patient046_case01,IBC,IBC_patient034_0215.jpg,1,,off_target_fp,55,0,0.0,0.0,0.0,0.0,0,False
HYBRID_TALON,1,patient046,patient046_case01,IBC,IBC_patient034_0215.jpg,2,,off_target_fp,62,0,0.0,0.0,0.0,0.0,0,False
HYBRID_TALON,1,patient046,patient046_case01,IBC,IBC_patient034_0215.jpg,3,,off_target_fp,7,0,0.0,0.0,0.0,0.0,0,False
HYBRID_TALON,1,patient046,patient046_case01,IBC,IBC_patient034_0215.jpg,4,1.0,moderate_50_to_75,860,830,0.6870860927152318,0.9651162790697675,0.6870860927152318,0.6704361873990307,1,False
HYBRID_TALON,1,patient046,patient046_case01,IBC,IBC_patient034_0215.jpg,5,1.0,partial_below_25,8,8,0.006622516556291391,1.0,0.006622516556291391,0.006622516556291391,1,False
HYBRID_TALON,1,patient046,patient046_case01,IBC,IBC_patient034_0216.jpg,1,,off_target_fp,18,0,0.0,0.0,0.0,0.0,0,False
HYBRID_TALON,1,patient046,patient046_case01,IBC,IBC_patient034_0216.jpg,2,,off_target_fp,8,0,0.0,0.0,0.0,0.0,0,False
HYBRID_TALON,1,patient046,patient046_case01,IBC,IBC_patient034_0216.jpg,3,,off_target_fp,114,0,0.0,0.0,0.0,0.0,0,False
HYBRID_TALON,1,patient046,patient046_case01,IBC,IBC_patient034_0216.jpg,4,,off_target_fp,3,0,0.0,0.0,0.0,0.0,0,False
HYBRID_TALON,1,patient046,patient046_case01,IBC,IBC_patient034_0216.jpg,5,1.0,moderate_50_to_75,825,795,0.6714527027027027,0.9636363636363636,0.6714527027027027,0.6548599670510709,1,False
HYBRID_TALON,1,patient046,patient046_case01,IBC,IBC_patient034_0216.jpg,6,1.0,partial_below_25,8,8,0.006756756756756757,1.0,0.006756756756756757,0.006756756756756757,1,False
HYBRID_TALON,1,patient046,patient046_case01,IBC,IBC_patient034_0217.jpg,1,,off_target_fp,2,0,0.0,0.0,0.0,0.0,0,False
HYBRID_TALON,1,patient046,patient046_case01,IBC,IBC_patient034_0217.jpg,2,,off_target_fp,2,0,0.0,0.0,0.0,0.0,0,False
HYBRID_TALON,1,patient046,patient046_case01,IBC,IBC_patient034_0217.jpg,3,,off_target_fp,97,0,0.0,0.0,0.0,0.0,0,False
HYBRID_TALON,1,patient046,patient046_case01,IBC,IBC_patient034_0217.jpg,4,1.0,moderate_50_to_75,665,639,0.5433673469387755,0.9609022556390977,0.5433673469387755,0.5316139767054908,1,False
HYBRID_TALON,1,patient046,patient046_case01,IBC,IBC_patient034_0218.jpg,1,,off_target_fp,81,0,0.0,0.0,0.0,0.0,0,False
HYBRID_TALON,1,patient046,patient046_case01,IBC,IBC_patient034_0218.jpg,2,1.0,moderate_50_to_75,655,626,0.5287162162162162,0.9557251908396946,0.5287162162162162,0.516075845012366,1,False
HYBRID_TALON,1,patient046,patient046_case01,IBC,IBC_patient034_0219.jpg,1,,off_target_fp,3,0,0.0,0.0,0.0,0.0,0,False
HYBRID_TALON,1,patient046,patient046_case01,IBC,IBC_patient034_0219.jpg,2,,off_target_fp,63,0,0.0,0.0,0.0,0.0,0,False
HYBRID_TALON,1,patient046,patient046_case01,IBC,IBC_patient034_0219.jpg,3,1.0,moderate_50_to_75,754,749,0.6001602564102564,0.993368700265252,0.6001602564102564,0.5977653631284916,1,False
HYBRID_TALON,1,patient046,patient046_case01,IBC,IBC_patient034_0220.jpg,1,,off_target_fp,20,0,0.0,0.0,0.0,0.0,0,False
HYBRID_TALON,1,patient046,patient046_case01,IBC,IBC_patient034_0220.jpg,2,,off_target_fp,74,0,0.0,0.0,0.0,0.0,0,False
HYBRID_TALON,1,patient046,patient046_case01,IBC,IBC_patient034_0220.jpg,3,1.0,moderate_50_to_75,808,777,0.65625,0.9616336633663366,0.65625,0.6395061728395062,1,False
HYBRID_TALON,1,patient046,patient046_case01,IBC,IBC_patient034_0221.jpg,1,,off_target_fp,9,0,0.0,0.0,0.0,0.0,0,False
HYBRID_TALON,1,patient046,patient046_case01,IBC,IBC_patient034_0221.jpg,2,,off_target_fp,7,0,0.0,0.0,0.0,0.0,0,False
HYBRID_TALON,1,patient046,patient046_case01,IBC,IBC_patient034_0221.jpg,3,,off_target_fp,43,0,0.0,0.0,0.0,0.0,0,False
HYBRID_TALON,1,patient046,patient046_case01,IBC,IBC_patient034_0221.jpg,4,,off_target_fp,2,0,0.0,0.0,0.0,0.0,0,False
HYBRID_TALON,1,patient046,patient046_case01,IBC,IBC_patient034_0221.jpg,5,,off_target_fp,2,0,0.0,0.0,0.0,0.0,0,False
HYBRID_TALON,1,patient046,patient046_case01,IBC,IBC_patient034_0221.jpg,6,1.0,strong_75_plus,886,832,0.7619047619047619,0.9390519187358917,0.7619047619047619,0.7260034904013961,1,False
HYBRID_TALON,1,patient046,patient046_case01,IBC,IBC_patient034_0222.jpg,1,,off_target_fp,6,0,0.0,0.0,0.0,0.0,0,False
HYBRID_TALON,1,patient046,patient046_case01,IBC,IBC_patient034_0222.jpg,2,1.0,strong_75_plus,897,844,0.7873134328358209,0.9409141583054627,0.7873134328358209,0.7502222222222222,1,False
HYBRID_TALON,1,patient046,patient046_case01,IBC,IBC_patient034_0223.jpg,1,,off_target_fp,40,0,0.0,0.0,0.0,0.0,0,False
HYBRID_TALON,1,patient046,patient046_case01,IBC,IBC_patient034_0223.jpg,2,1.0,strong_75_plus,928,891,0.7734375,0.9601293103448276,0.7734375,0.7493692178301093,1,False
HYBRID_TALON,1,patient046,patient046_case01,IBC,IBC_patient034_0224.jpg,1,,off_target_fp,25,0,0.0,0.0,0.0,0.0,0,False
HYBRID_TALON,1,patient046,patient046_case01,IBC,IBC_patient034_0224.jpg,2,,off_target_fp,101,0,0.0,0.0,0.0,0.0,0,False
HYBRID_TALON,1,patient046,patient046_case01,IBC,IBC_patient034_0224.jpg,3,1.0,strong_75_plus,975,906,0.8813229571984436,0.9292307692307692,0.8813229571984436,0.8258887876025525,1,False
HYBRID_TALON,1,patient046,patient046_case01,IBC,IBC_patient034_0224.jpg,4,,off_target_fp,4,0,0.0,0.0,0.0,0.0,0,False
HYBRID_TALON,1,patient046,patient046_case01,IBC,IBC_patient034_0225.jpg,1,,off_target_fp,108,0,0.0,0.0,0.0,0.0,0,False
HYBRID_TALON,1,patient046,patient046_case01,IBC,IBC_patient034_0225.jpg,2,1.0,strong_75_plus,1012,932,0.9282868525896414,0.9209486166007905,0.9209486166007905,0.8597785977859779,1,False
HYBRID_TALON,1,patient046,patient046_case01,IBC,IBC_patient034_0226.jpg,1,,off_target_fp,135,0,0.0,0.0,0.0,0.0,0,False
HYBRID_TALON,1,patient046,patient046_case01,IBC,IBC_patient034_0226.jpg,2,1.0,strong_75_plus,960,892,0.8991935483870968,0.9291666666666667,0.8991935483870968,0.8415094339622642,1,False
HYBRID_TALON,1,patient046,patient046_case01,IBC,IBC_patient034_0227.jpg,1,,off_target_fp,154,0,0.0,0.0,0.0,0.0,0,False
HYBRID_TALON,1,patient046,patient046_case01,IBC,IBC_patient034_0227.jpg,2,1.0,strong_75_plus,922,821,0.9162946428571429,0.8904555314533622,0.8904555314533622,0.8234704112337011,1,False
HYBRID_TALON,1,patient046,patient046_case01,IBC,IBC_patient034_0227.jpg,3,1.0,partial_below_25,1,1,0.0011160714285714285,1.0,0.0011160714285714285,0.0011160714285714285,1,False
HYBRID_TALON,1,patient046,patient046_case01,IBC,IBC_patient034_0228.jpg,1,,off_target_fp,134,0,0.0,0.0,0.0,0.0,0,False
HYBRID_TALON,1,patient046,patient046_case01,IBC,IBC_patient034_0228.jpg,2,1.0,strong_75_plus,860,794,0.8630434782608696,0.9232558139534883,0.8630434782608696,0.8052738336713996,1,False
HYBRID_TALON,1,patient046,patient046_case01,IBC,IBC_patient034_0229.jpg,1,,off_target_fp,118,0,0.0,0.0,0.0,0.0,0,False
HYBRID_TALON,1,patient046,patient046_case01,IBC,IBC_patient034_0229.jpg,2,1.0,strong_75_plus,779,740,0.8333333333333334,0.9499358151476252,0.8333333333333334,0.7982740021574973,1,False
HYBRID_TALON,1,patient046,patient046_case01,IBC,IBC_patient034_0230.jpg,1,,off_target_fp,151,0,0.0,0.0,0.0,0.0,0,False
HYBRID_TALON,1,patient046,patient046_case01,IBC,IBC_patient034_0230.jpg,2,1.0,strong_75_plus,719,600,0.9146341463414634,0.8344923504867872,0.8344923504867872,0.7741935483870968,1,False
HYBRID_TALON,1,patient046,patient046_case01,IBC,IBC_patient034_0231.jpg,1,,off_target_fp,173,0,0.0,0.0,0.0,0.0,0,False
HYBRID_TALON,1,patient046,patient046_case01,IBC,IBC_patient034_0231.jpg,2,1.0,strong_75_plus,648,580,0.9119496855345912,0.8950617283950617,0.8950617283950617,0.8238636363636364,1,False
HYBRID_TALON,1,patient046,patient046_case01,IBC,IBC_patient034_0232.jpg,1,,off_target_fp,176,0,0.0,0.0,0.0,0.0,0,False
HYBRID_TALON,1,patient046,patient046_case01,IBC,IBC_patient034_0232.jpg,2,,off_target_fp,2,0,0.0,0.0,0.0,0.0,0,False
HYBRID_TALON,1,patient046,patient046_case01,IBC,IBC_patient034_0232.jpg,3,1.0,strong_75_plus,602,541,0.8898026315789473,0.8986710963455149,0.8898026315789473,0.8086696562032885,1,False
HYBRID_TALON,1,patient046,patient046_case01,IBC,IBC_patient034_0233.jpg,1,,off_target_fp,1,0,0.0,0.0,0.0,0.0,0,False
HYBRID_TALON,1,patient046,patient046_case01,IBC,IBC_patient034_0233.jpg,2,,off_target_fp,175,0,0.0,0.0,0.0,0.0,0,False
HYBRID_TALON,1,patient046,patient046_case01,IBC,IBC_patient034_0233.jpg,3,,off_target_fp,2,0,0.0,0.0,0.0,0.0,0,False
HYBRID_TALON,1,patient046,patient046_case01,IBC,IBC_patient034_0233.jpg,4,1.0,strong_75_plus,508,432,0.9557522123893806,0.8503937007874016,0.8503937007874016,0.8181818181818182,1,False
HYBRID_TALON,1,patient046,patient046_case01,IBC,IBC_patient034_0234.jpg,1,,off_target_fp,160,0,0.0,0.0,0.0,0.0,0,False
HYBRID_TALON,1,patient046,patient046_case01,IBC,IBC_patient034_0234.jpg,2,,off_target_fp,3,0,0.0,0.0,0.0,0.0,0,False
HYBRID_TALON,1,patient046,patient046_case01,IBC,IBC_patient034_0234.jpg,3,1.0,strong_75_plus,440,376,0.9690721649484536,0.8545454545454545,0.8545454545454545,0.831858407079646,1,False
HYBRID_TALON,1,patient046,patient046_case01,IBC,IBC_patient034_0235.jpg,1,,off_target_fp,150,0,0.0,0.0,0.0,0.0,0,False
HYBRID_TALON,1,patient046,patient046_case01,IBC,IBC_patient034_0235.jpg,2,1.0,strong_75_plus,375,288,0.9863013698630136,0.768,0.768,0.7598944591029023,1,False
HYBRID_TALON,1,patient046,patient046_case01,IBC,IBC_patient034_0235.jpg,3,,off_target_fp,4,0,0.0,0.0,0.0,0.0,0,False
HYBRID_TALON,1,patient046,patient046_case01,IBC,IBC_patient034_0235.jpg,4,,off_target_fp,4,0,0.0,0.0,0.0,0.0,0,False
HYBRID_TALON,1,patient046,patient046_case01,IBC,IBC_patient034_0236.jpg,1,,off_target_fp,1,0,0.0,0.0,0.0,0.0,0,False
HYBRID_TALON,1,patient046,patient046_case01,IBC,IBC_patient034_0236.jpg,2,,off_target_fp,146,0,0.0,0.0,0.0,0.0,0,False
HYBRID_TALON,1,patient046,patient046_case01,IBC,IBC_patient034_0236.jpg,3,1.0,moderate_50_to_75,300,216,0.9818181818181818,0.72,0.72,0.7105263157894737,1,False
HYBRID_TALON,1,patient046,patient046_case01,IBC,IBC_patient034_0236.jpg,4,,off_target_fp,6,0,0.0,0.0,0.0,0.0,0,False
HYBRID_TALON,1,patient050,patient050_case01,IGM,IGM_patient036_0064.jpg,1,,off_target_fp,5,0,0.0,0.0,0.0,0.0,0,False
HYBRID_TALON,1,patient050,patient050_case01,IGM,IGM_patient036_0064.jpg,2,1.0,low_25_to_50,82,40,0.43478260869565216,0.4878048780487805,0.43478260869565216,0.29850746268656714,1,False
HYBRID_TALON,1,patient050,patient050_case01,IGM,IGM_patient036_0065.jpg,1,,off_target_fp,2,0,0.0,0.0,0.0,0.0,0,False
HYBRID_TALON,1,patient050,patient050_case01,IGM,IGM_patient036_0065.jpg,2,,off_target_fp,8,0,0.0,0.0,0.0,0.0,0,False
HYBRID_TALON,1,patient050,patient050_case01,IGM,IGM_patient036_0065.jpg,3,,off_target_fp,9,0,0.0,0.0,0.0,0.0,0,False
HYBRID_TALON,1,patient050,patient050_case01,IGM,IGM_patient036_0065.jpg,4,,off_target_fp,132,0,0.0,0.0,0.0,0.0,0,False
HYBRID_TALON,1,patient050,patient050_case01,IGM,IGM_patient036_0065.jpg,5,1.0,low_25_to_50,62,47,0.3671875,0.7580645161290323,0.3671875,0.32867132867132864,1,False
HYBRID_TALON,1,patient050,patient050_case01,IGM,IGM_patient036_0066.jpg,1,,off_target_fp,7,0,0.0,0.0,0.0,0.0,0,False
HYBRID_TALON,1,patient050,patient050_case01,IGM,IGM_patient036_0066.jpg,2,,off_target_fp,2,0,0.0,0.0,0.0,0.0,0,False
HYBRID_TALON,1,patient050,patient050_case01,IGM,IGM_patient036_0066.jpg,3,,off_target_fp,18,0,0.0,0.0,0.0,0.0,0,False
HYBRID_TALON,1,patient050,patient050_case01,IGM,IGM_patient036_0066.jpg,4,,off_target_fp,11,0,0.0,0.0,0.0,0.0,0,False
HYBRID_TALON,1,patient050,patient050_case01,IGM,IGM_patient036_0066.jpg,5,1.0,low_25_to_50,93,83,0.42346938775510207,0.8924731182795699,0.42346938775510207,0.4029126213592233,1,False
HYBRID_TALON,1,patient050,patient050_case01,IGM,IGM_patient036_0067.jpg,1,,off_target_fp,62,0,0.0,0.0,0.0,0.0,0,False
HYBRID_TALON,1,patient050,patient050_case01,IGM,IGM_patient036_0067.jpg,2,,off_target_fp,2,0,0.0,0.0,0.0,0.0,0,False
HYBRID_TALON,1,patient050,patient050_case01,IGM,IGM_patient036_0067.jpg,3,,off_target_fp,5,0,0.0,0.0,0.0,0.0,0,False
HYBRID_TALON,1,patient050,patient050_case01,IGM,IGM_patient036_0067.jpg,4,,off_target_fp,13,0,0.0,0.0,0.0,0.0,0,False
HYBRID_TALON,1,patient050,patient050_case01,IGM,IGM_patient036_0067.jpg,5,1.0,low_25_to_50,66,65,0.29545454545454547,0.9848484848484849,0.29545454545454547,0.29411764705882354,1,False
HYBRID_TALON,1,patient050,patient050_case01,IGM,IGM_patient036_0067.jpg,6,,off_target_fp,2,0,0.0,0.0,0.0,0.0,0,False
HYBRID_TALON,1,patient050,patient050_case01,IGM,IGM_patient036_0068.jpg,1,,off_target_fp,119,0,0.0,0.0,0.0,0.0,0,False
HYBRID_TALON,1,patient050,patient050_case01,IGM,IGM_patient036_0068.jpg,2,,off_target_fp,31,0,0.0,0.0,0.0,0.0,0,False
HYBRID_TALON,1,patient050,patient050_case01,IGM,IGM_patient036_0068.jpg,3,,off_target_fp,220,0,0.0,0.0,0.0,0.0,0,False
HYBRID_TALON,1,patient050,patient050_case01,IGM,IGM_patient036_0068.jpg,4,,off_target_fp,3,0,0.0,0.0,0.0,0.0,0,False
HYBRID_TALON,1,patient050,patient050_case01,IGM,IGM_patient036_0068.jpg,5,,off_target_fp,13,0,0.0,0.0,0.0,0.0,0,False
HYBRID_TALON,1,patient050,patient050_case01,IGM,IGM_patient036_0068.jpg,6,1.0,partial_below_25,50,43,0.19196428571428573,0.86,0.19196428571428573,0.18614718614718614,1,False
HYBRID_TALON,1,patient050,patient050_case01,IGM,IGM_patient036_0068.jpg,7,1.0,partial_below_25,11,5,0.022321428571428572,0.45454545454545453,0.022321428571428572,0.021739130434782608,1,False
HYBRID_TALON,1,patient050,patient050_case01,IGM,IGM_patient036_0068.jpg,8,,off_target_fp,16,0,0.0,0.0,0.0,0.0,0,False
HYBRID_TALON,1,patient050,patient050_case01,IGM,IGM_patient036_0069.jpg,1,,off_target_fp,17,0,0.0,0.0,0.0,0.0,0,False
HYBRID_TALON,1,patient050,patient050_case01,IGM,IGM_patient036_0069.jpg,2,,off_target_fp,354,0,0.0,0.0,0.0,0.0,0,False
HYBRID_TALON,1,patient050,patient050_case01,IGM,IGM_patient036_0069.jpg,3,1.0,partial_below_25,46,43,0.14333333333333334,0.9347826086956522,0.14333333333333334,0.1419141914191419,1,False
HYBRID_TALON,1,patient050,patient050_case01,IGM,IGM_patient036_0069.jpg,4,,off_target_fp,5,0,0.0,0.0,0.0,0.0,0,False
HYBRID_TALON,1,patient050,patient050_case01,IGM,IGM_patient036_0070.jpg,1,,off_target_fp,435,0,0.0,0.0,0.0,0.0,0,False
HYBRID_TALON,1,patient050,patient050_case01,IGM,IGM_patient036_0070.jpg,2,,off_target_fp,13,0,0.0,0.0,0.0,0.0,0,False
HYBRID_TALON,1,patient050,patient050_case01,IGM,IGM_patient036_0070.jpg,3,1.0,low_25_to_50,138,118,0.3933333333333333,0.855072463768116,0.3933333333333333,0.36875,1,False
HYBRID_TALON,1,patient050,patient050_case01,IGM,IGM_patient036_0070.jpg,4,,off_target_fp,4,0,0.0,0.0,0.0,0.0,0,False
HYBRID_TALON,1,patient050,patient050_case01,IGM,IGM_patient036_0071.jpg,1,,off_target_fp,220,0,0.0,0.0,0.0,0.0,0,False
HYBRID_TALON,1,patient050,patient050_case01,IGM,IGM_patient036_0071.jpg,2,,off_target_fp,7,0,0.0,0.0,0.0,0.0,0,False
HYBRID_TALON,1,patient050,patient050_case01,IGM,IGM_patient036_0071.jpg,3,,off_target_fp,25,0,0.0,0.0,0.0,0.0,0,False
HYBRID_TALON,1,patient050,patient050_case01,IGM,IGM_patient036_0071.jpg,4,1.0,moderate_50_to_75,188,181,0.5727848101265823,0.9627659574468085,0.5727848101265823,0.5603715170278638,1,False
HYBRID_TALON,1,patient050,patient050_case01,IGM,IGM_patient036_0072.jpg,1,,off_target_fp,121,0,0.0,0.0,0.0,0.0,0,False
HYBRID_TALON,1,patient050,patient050_case01,IGM,IGM_patient036_0072.jpg,2,1.0,strong_75_plus,194,185,0.8564814814814815,0.9536082474226805,0.8564814814814815,0.8222222222222222,1,False
HYBRID_TALON,1,patient050,patient050_case01,IGM,IGM_patient036_0073.jpg,1,,off_target_fp,114,0,0.0,0.0,0.0,0.0,0,False
HYBRID_TALON,1,patient050,patient050_case01,IGM,IGM_patient036_0073.jpg,2,,off_target_fp,16,0,0.0,0.0,0.0,0.0,0,False
HYBRID_TALON,1,patient050,patient050_case01,IGM,IGM_patient036_0073.jpg,3,,off_target_fp,1,0,0.0,0.0,0.0,0.0,0,False
HYBRID_TALON,1,patient050,patient050_case01,IGM,IGM_patient036_0073.jpg,4,,off_target_fp,12,0,0.0,0.0,0.0,0.0,0,False
HYBRID_TALON,1,patient050,patient050_case01,IGM,IGM_patient036_0073.jpg,5,,off_target_fp,24,0,0.0,0.0,0.0,0.0,0,False
HYBRID_TALON,1,patient050,patient050_case01,IGM,IGM_patient036_0073.jpg,6,1.0,partial_below_25,2,2,0.0125,1.0,0.0125,0.0125,1,False
HYBRID_TALON,1,patient050,patient050_case01,IGM,IGM_patient036_0074.jpg,1,,off_target_fp,112,0,0.0,0.0,0.0,0.0,0,False
HYBRID_TALON,1,patient050,patient050_case01,IGM,IGM_patient036_0074.jpg,2,,off_target_fp,147,0,0.0,0.0,0.0,0.0,0,False
HYBRID_TALON,1,patient050,patient050_case01,IGM,IGM_patient036_0074.jpg,3,,off_target_fp,10,0,0.0,0.0,0.0,0.0,0,False
HYBRID_TALON,1,patient050,patient050_case01,IGM,IGM_patient036_0074.jpg,4,,off_target_fp,12,0,0.0,0.0,0.0,0.0,0,False
HYBRID_TALON,1,patient050,patient050_case01,IGM,IGM_patient036_0074.jpg,5,,off_target_fp,15,0,0.0,0.0,0.0,0.0,0,False
HYBRID_TALON,1,patient052,patient052_case01,IGM,IGM_patient037_0053.jpg,1,,off_target_fp,4,0,0.0,0.0,0.0,0.0,0,False
HYBRID_TALON,1,patient052,patient052_case01,IGM,IGM_patient037_0053.jpg,2,,off_target_fp,22,0,0.0,0.0,0.0,0.0,0,False
HYBRID_TALON,1,patient052,patient052_case01,IGM,IGM_patient037_0053.jpg,3,,off_target_fp,17,0,0.0,0.0,0.0,0.0,0,False
HYBRID_TALON,1,patient052,patient052_case01,IGM,IGM_patient037_0053.jpg,4,1.0,moderate_50_to_75,88,83,0.7410714285714286,0.9431818181818182,0.7410714285714286,0.7094017094017094,1,False
HYBRID_TALON,1,patient052,patient052_case01,IGM,IGM_patient037_0053.jpg,5,,off_target_fp,21,0,0.0,0.0,0.0,0.0,0,False
HYBRID_TALON,1,patient052,patient052_case01,IGM,IGM_patient037_0053.jpg,6,,off_target_fp,1,0,0.0,0.0,0.0,0.0,0,False
HYBRID_TALON,1,patient052,patient052_case01,IGM,IGM_patient037_0053.jpg,7,,off_target_fp,2,0,0.0,0.0,0.0,0.0,0,False
HYBRID_TALON,1,patient052,patient052_case01,IGM,IGM_patient037_0054.jpg,1,,off_target_fp,4,0,0.0,0.0,0.0,0.0,0,False
HYBRID_TALON,1,patient052,patient052_case01,IGM,IGM_patient037_0054.jpg,2,1.0,strong_75_plus,175,169,0.9184782608695652,0.9657142857142857,0.9184782608695652,0.8894736842105263,1,False
HYBRID_TALON,1,patient052,patient052_case01,IGM,IGM_patient037_0054.jpg,3,,off_target_fp,25,0,0.0,0.0,0.0,0.0,0,False
HYBRID_TALON,1,patient052,patient052_case01,IGM,IGM_patient037_0054.jpg,4,,off_target_fp,24,0,0.0,0.0,0.0,0.0,0,False
HYBRID_TALON,1,patient052,patient052_case01,IGM,IGM_patient037_0054.jpg,5,,off_target_fp,12,0,0.0,0.0,0.0,0.0,0,False
HYBRID_TALON,1,patient052,patient052_case01,IGM,IGM_patient037_0055.jpg,1,,off_target_fp,3,0,0.0,0.0,0.0,0.0,0,False
HYBRID_TALON,1,patient052,patient052_case01,IGM,IGM_patient037_0055.jpg,2,1.0,moderate_50_to_75,131,115,0.7012195121951219,0.8778625954198473,0.7012195121951219,0.6388888888888888,1,False
HYBRID_TALON,1,patient052,patient052_case01,IGM,IGM_patient037_0055.jpg,3,,off_target_fp,59,0,0.0,0.0,0.0,0.0,0,False
HYBRID_TALON,1,patient052,patient052_case01,IGM,IGM_patient037_0055.jpg,4,,off_target_fp,90,0,0.0,0.0,0.0,0.0,0,False
HYBRID_TALON,1,patient052,patient052_case01,IGM,IGM_patient037_0055.jpg,5,,off_target_fp,28,0,0.0,0.0,0.0,0.0,0,False
HYBRID_TALON,1,patient052,patient052_case01,IGM,IGM_patient037_0056.jpg,1,1.0,partial_below_25,22,19,0.2375,0.8636363636363636,0.2375,0.2289156626506024,1,False
HYBRID_TALON,1,patient052,patient052_case01,IGM,IGM_patient037_0056.jpg,2,,off_target_fp,202,0,0.0,0.0,0.0,0.0,0,False
HYBRID_TALON,1,patient052,patient052_case01,IGM,IGM_patient037_0056.jpg,3,,off_target_fp,52,0,0.0,0.0,0.0,0.0,0,False
HYBRID_TALON,1,patient052,patient052_case01,IGM,IGM_patient037_0056.jpg,4,,off_target_fp,23,0,0.0,0.0,0.0,0.0,0,False
HYBRID_TALON,1,patient052,patient052_case01,IGM,IGM_patient037_0056.jpg,5,,off_target_fp,24,0,0.0,0.0,0.0,0.0,0,False
HYBRID_TALON,1,patient052,patient052_case01,IGM,IGM_patient037_0056.jpg,6,,off_target_fp,5,0,0.0,0.0,0.0,0.0,0,False
HYBRID_TALON,1,patient052,patient052_case01,IGM,IGM_patient037_0057.jpg,1,1.0,partial_below_25,23,23,0.18548387096774194,1.0,0.18548387096774194,0.18548387096774194,1,False
HYBRID_TALON,1,patient052,patient052_case01,IGM,IGM_patient037_0057.jpg,2,,off_target_fp,35,0,0.0,0.0,0.0,0.0,0,False
HYBRID_TALON,1,patient052,patient052_case01,IGM,IGM_patient037_0057.jpg,3,,off_target_fp,9,0,0.0,0.0,0.0,0.0,0,False
HYBRID_TALON,1,patient052,patient052_case01,IGM,IGM_patient037_0058.jpg,1,1.0,partial_below_25,12,12,0.11538461538461539,1.0,0.11538461538461539,0.11538461538461539,1,False
HYBRID_TALON,1,patient052,patient052_case01,IGM,IGM_patient037_0058.jpg,2,,off_target_fp,83,0,0.0,0.0,0.0,0.0,0,False
HYBRID_TALON,1,patient052,patient052_case01,IGM,IGM_patient037_0058.jpg,3,,off_target_fp,34,0,0.0,0.0,0.0,0.0,0,False
HYBRID_TALON,1,patient052,patient052_case01,IGM,IGM_patient037_0058.jpg,4,,off_target_fp,17,0,0.0,0.0,0.0,0.0,0,False
HYBRID_TALON,1,patient052,patient052_case01,IGM,IGM_patient037_0058.jpg,5,,off_target_fp,55,0,0.0,0.0,0.0,0.0,0,False
HYBRID_TALON,1,patient052,patient052_case01,IGM,IGM_patient037_0059.jpg,1,1.0,partial_below_25,4,4,0.09090909090909091,1.0,0.09090909090909091,0.09090909090909091,1,False
HYBRID_TALON,1,patient052,patient052_case01,IGM,IGM_patient037_0059.jpg,2,,off_target_fp,15,0,0.0,0.0,0.0,0.0,0,False
HYBRID_TALON,1,patient052,patient052_case01,IGM,IGM_patient037_0059.jpg,3,,off_target_fp,32,0,0.0,0.0,0.0,0.0,0,False
HYBRID_TALON,1,patient054,patient054_case01,IGM,IGM_patient038_0098.jpg,1,,off_target_fp,91,0,0.0,0.0,0.0,0.0,0,False
HYBRID_TALON,1,patient054,patient054_case01,IGM,IGM_patient038_0098.jpg,2,,off_target_fp,22,0,0.0,0.0,0.0,0.0,0,False
HYBRID_TALON,1,patient054,patient054_case01,IGM,IGM_patient038_0098.jpg,3,,off_target_fp,188,0,0.0,0.0,0.0,0.0,0,False
HYBRID_TALON,1,patient054,patient054_case01,IGM,IGM_patient038_0098.jpg,4,,off_target_fp,5,0,0.0,0.0,0.0,0.0,0,False
HYBRID_TALON,1,patient054,patient054_case01,IGM,IGM_patient038_0099.jpg,1,1.0,strong_75_plus,196,188,0.7580645161290323,0.9591836734693877,0.7580645161290323,0.734375,1,False
HYBRID_TALON,1,patient054,patient054_case01,IGM,IGM_patient038_0099.jpg,2,,off_target_fp,71,0,0.0,0.0,0.0,0.0,0,False
HYBRID_TALON,1,patient054,patient054_case01,IGM,IGM_patient038_0099.jpg,3,,off_target_fp,11,0,0.0,0.0,0.0,0.0,0,False
HYBRID_TALON,1,patient054,patient054_case01,IGM,IGM_patient038_0099.jpg,4,,off_target_fp,36,0,0.0,0.0,0.0,0.0,0,False
HYBRID_TALON,1,patient054,patient054_case01,IGM,IGM_patient038_0099.jpg,5,,off_target_fp,196,0,0.0,0.0,0.0,0.0,0,False
HYBRID_TALON,1,patient054,patient054_case01,IGM,IGM_patient038_0099.jpg,6,,off_target_fp,2,0,0.0,0.0,0.0,0.0,0,False
HYBRID_TALON,1,patient054,patient054_case01,IGM,IGM_patient038_0100.jpg,1,1.0,strong_75_plus,295,285,0.890625,0.9661016949152542,0.890625,0.8636363636363636,1,False
HYBRID_TALON,1,patient054,patient054_case01,IGM,IGM_patient038_0100.jpg,2,,off_target_fp,58,0,0.0,0.0,0.0,0.0,0,False
HYBRID_TALON,1,patient054,patient054_case01,IGM,IGM_patient038_0100.jpg,3,,off_target_fp,9,0,0.0,0.0,0.0,0.0,0,False
HYBRID_TALON,1,patient054,patient054_case01,IGM,IGM_patient038_0100.jpg,4,,off_target_fp,336,0,0.0,0.0,0.0,0.0,0,False
HYBRID_TALON,1,patient054,patient054_case01,IGM,IGM_patient038_0101.jpg,1,1.0,strong_75_plus,349,332,0.9540229885057471,0.9512893982808023,0.9512893982808023,0.9095890410958904,1,False
HYBRID_TALON,1,patient054,patient054_case01,IGM,IGM_patient038_0101.jpg,2,,off_target_fp,37,0,0.0,0.0,0.0,0.0,0,False
HYBRID_TALON,1,patient054,patient054_case01,IGM,IGM_patient038_0101.jpg,3,,off_target_fp,169,0,0.0,0.0,0.0,0.0,0,False
HYBRID_TALON,1,patient054,patient054_case01,IGM,IGM_patient038_0101.jpg,4,,off_target_fp,199,0,0.0,0.0,0.0,0.0,0,False
HYBRID_TALON,1,patient054,patient054_case01,IGM,IGM_patient038_0102.jpg,1,1.0,strong_75_plus,382,362,0.9526315789473684,0.9476439790575916,0.9476439790575916,0.905,1,False
HYBRID_TALON,1,patient054,patient054_case01,IGM,IGM_patient038_0102.jpg,2,,off_target_fp,10,0,0.0,0.0,0.0,0.0,0,False
HYBRID_TALON,1,patient054,patient054_case01,IGM,IGM_patient038_0102.jpg,3,,off_target_fp,192,0,0.0,0.0,0.0,0.0,0,False
HYBRID_TALON,1,patient054,patient054_case01,IGM,IGM_patient038_0102.jpg,4,,off_target_fp,174,0,0.0,0.0,0.0,0.0,0,False
HYBRID_TALON,1,patient054,patient054_case01,IGM,IGM_patient038_0103.jpg,1,1.0,strong_75_plus,397,365,0.9605263157894737,0.9193954659949622,0.9193954659949622,0.8859223300970874,1,False
HYBRID_TALON,1,patient054,patient054_case01,IGM,IGM_patient038_0103.jpg,2,,off_target_fp,5,0,0.0,0.0,0.0,0.0,0,False
HYBRID_TALON,1,patient054,patient054_case01,IGM,IGM_patient038_0103.jpg,3,,off_target_fp,195,0,0.0,0.0,0.0,0.0,0,False
HYBRID_TALON,1,patient054,patient054_case01,IGM,IGM_patient038_0103.jpg,4,,off_target_fp,2,0,0.0,0.0,0.0,0.0,0,False
HYBRID_TALON,1,patient054,patient054_case01,IGM,IGM_patient038_0103.jpg,5,,off_target_fp,13,0,0.0,0.0,0.0,0.0,0,False
HYBRID_TALON,1,patient054,patient054_case01,IGM,IGM_patient038_0104.jpg,1,1.0,strong_75_plus,395,386,0.8772727272727273,0.9772151898734177,0.8772727272727273,0.8596881959910914,1,False
HYBRID_TALON,1,patient054,patient054_case01,IGM,IGM_patient038_0104.jpg,2,,off_target_fp,194,0,0.0,0.0,0.0,0.0,0,False
HYBRID_TALON,1,patient054,patient054_case01,IGM,IGM_patient038_0105.jpg,1,1.0,strong_75_plus,375,354,0.9315789473684211,0.944,0.9315789473684211,0.8827930174563591,1,False
HYBRID_TALON,1,patient054,patient054_case01,IGM,IGM_patient038_0105.jpg,2,,off_target_fp,3,0,0.0,0.0,0.0,0.0,0,False
HYBRID_TALON,1,patient054,patient054_case01,IGM,IGM_patient038_0105.jpg,3,,off_target_fp,186,0,0.0,0.0,0.0,0.0,0,False
HYBRID_TALON,1,patient054,patient054_case01,IGM,IGM_patient038_0106.jpg,1,1.0,strong_75_plus,358,339,0.9313186813186813,0.946927374301676,0.9313186813186813,0.8851174934725848,1,False
HYBRID_TALON,1,patient054,patient054_case01,IGM,IGM_patient038_0106.jpg,2,,off_target_fp,7,0,0.0,0.0,0.0,0.0,0,False
HYBRID_TALON,1,patient054,patient054_case01,IGM,IGM_patient038_0106.jpg,3,,off_target_fp,175,0,0.0,0.0,0.0,0.0,0,False
HYBRID_TALON,1,patient054,patient054_case01,IGM,IGM_patient038_0107.jpg,1,1.0,strong_75_plus,348,328,0.9318181818181818,0.9425287356321839,0.9318181818181818,0.8817204301075269,1,False
HYBRID_TALON,1,patient054,patient054_case01,IGM,IGM_patient038_0107.jpg,2,,off_target_fp,170,0,0.0,0.0,0.0,0.0,0,False
HYBRID_TALON,1,patient054,patient054_case01,IGM,IGM_patient038_0107.jpg,3,,off_target_fp,1,0,0.0,0.0,0.0,0.0,0,False
HYBRID_TALON,1,patient054,patient054_case01,IGM,IGM_patient038_0108.jpg,1,1.0,strong_75_plus,339,321,0.9119318181818182,0.9469026548672567,0.9119318181818182,0.8675675675675676,1,False
HYBRID_TALON,1,patient054,patient054_case01,IGM,IGM_patient038_0108.jpg,2,,off_target_fp,165,0,0.0,0.0,0.0,0.0,0,False
HYBRID_TALON,1,patient054,patient054_case01,IGM,IGM_patient038_0109.jpg,1,1.0,strong_75_plus,314,300,0.9375,0.9554140127388535,0.9375,0.8982035928143712,1,False
HYBRID_TALON,1,patient054,patient054_case01,IGM,IGM_patient038_0109.jpg,2,,off_target_fp,180,0,0.0,0.0,0.0,0.0,0,False
HYBRID_TALON,1,patient054,patient054_case01,IGM,IGM_patient038_0110.jpg,1,1.0,strong_75_plus,290,254,0.9769230769230769,0.8758620689655172,0.8758620689655172,0.8581081081081081,1,False
HYBRID_TALON,1,patient054,patient054_case01,IGM,IGM_patient038_0110.jpg,2,,off_target_fp,194,0,0.0,0.0,0.0,0.0,0,False
HYBRID_TALON,1,patient054,patient054_case01,IGM,IGM_patient038_0111.jpg,1,1.0,strong_75_plus,261,247,0.8697183098591549,0.946360153256705,0.8697183098591549,0.8288590604026845,1,False
HYBRID_TALON,1,patient054,patient054_case01,IGM,IGM_patient038_0111.jpg,2,,off_target_fp,188,0,0.0,0.0,0.0,0.0,0,False
HYBRID_TALON,1,patient054,patient054_case01,IGM,IGM_patient038_0112.jpg,1,1.0,strong_75_plus,220,204,0.8793103448275862,0.9272727272727272,0.8793103448275862,0.8225806451612904,1,False
HYBRID_TALON,1,patient054,patient054_case01,IGM,IGM_patient038_0112.jpg,2,,off_target_fp,170,0,0.0,0.0,0.0,0.0,0,False
HYBRID_TALON,1,patient054,patient054_case01,IGM,IGM_patient038_0113.jpg,1,1.0,strong_75_plus,169,159,0.8641304347826086,0.9408284023668639,0.8641304347826086,0.8195876288659794,1,False
HYBRID_TALON,1,patient054,patient054_case01,IGM,IGM_patient038_0113.jpg,2,,off_target_fp,131,0,0.0,0.0,0.0,0.0,0,False
HYBRID_TALON,1,patient054,patient054_case01,IGM,IGM_patient038_0114.jpg,1,,off_target_fp,10,0,0.0,0.0,0.0,0.0,0,False
HYBRID_TALON,1,patient054,patient054_case01,IGM,IGM_patient038_0114.jpg,2,1.0,moderate_50_to_75,88,88,0.6666666666666666,1.0,0.6666666666666666,0.6666666666666666,1,False
HYBRID_TALON,1,patient054,patient054_case01,IGM,IGM_patient038_0114.jpg,3,,off_target_fp,2,0,0.0,0.0,0.0,0.0,0,False
HYBRID_TALON,1,patient054,patient054_case01,IGM,IGM_patient038_0114.jpg,4,,off_target_fp,74,0,0.0,0.0,0.0,0.0,0,False
HYBRID_TALON,1,patient059,patient059_case01,IBC,IBC_patient040_0059.jpg,1,,off_target_fp,133,0,0.0,0.0,0.0,0.0,0,False
HYBRID_TALON,1,patient059,patient059_case01,IBC,IBC_patient040_0059.jpg,2,,off_target_fp,22,0,0.0,0.0,0.0,0.0,0,False
HYBRID_TALON,1,patient059,patient059_case01,IBC,IBC_patient040_0059.jpg,3,1.0,moderate_50_to_75,39,38,0.5277777777777778,0.9743589743589743,0.5277777777777778,0.5205479452054794,1,False
HYBRID_TALON,1,patient059,patient059_case01,IBC,IBC_patient040_0060.jpg,1,,off_target_fp,21,0,0.0,0.0,0.0,0.0,0,False
HYBRID_TALON,1,patient059,patient059_case01,IBC,IBC_patient040_0060.jpg,2,1.0,strong_75_plus,115,102,0.9807692307692307,0.8869565217391304,0.8869565217391304,0.8717948717948718,1,False
HYBRID_TALON,1,patient059,patient059_case01,IBC,IBC_patient040_0061.jpg,1,,off_target_fp,16,0,0.0,0.0,0.0,0.0,0,False
HYBRID_TALON,1,patient059,patient059_case01,IBC,IBC_patient040_0061.jpg,2,1.0,strong_75_plus,138,128,0.8888888888888888,0.927536231884058,0.8888888888888888,0.8311688311688312,1,False
HYBRID_TALON,1,patient059,patient059_case01,IBC,IBC_patient040_0062.jpg,1,,off_target_fp,16,0,0.0,0.0,0.0,0.0,0,False
HYBRID_TALON,1,patient059,patient059_case01,IBC,IBC_patient040_0062.jpg,2,1.0,strong_75_plus,175,154,0.8369565217391305,0.88,0.8369565217391305,0.751219512195122,1,False
HYBRID_TALON,1,patient059,patient059_case01,IBC,IBC_patient040_0062.jpg,3,,off_target_fp,14,0,0.0,0.0,0.0,0.0,0,False
HYBRID_TALON,1,patient059,patient059_case01,IBC,IBC_patient040_0063.jpg,1,,off_target_fp,10,0,0.0,0.0,0.0,0.0,0,False
HYBRID_TALON,1,patient059,patient059_case01,IBC,IBC_patient040_0063.jpg,2,,off_target_fp,16,0,0.0,0.0,0.0,0.0,0,False
HYBRID_TALON,1,patient059,patient059_case01,IBC,IBC_patient040_0063.jpg,3,1.0,strong_75_plus,231,219,0.8690476190476191,0.948051948051948,0.8690476190476191,0.8295454545454546,1,False
HYBRID_TALON,1,patient059,patient059_case01,IBC,IBC_patient040_0063.jpg,4,,off_target_fp,10,0,0.0,0.0,0.0,0.0,0,False
HYBRID_TALON,1,patient059,patient059_case01,IBC,IBC_patient040_0064.jpg,1,,off_target_fp,83,0,0.0,0.0,0.0,0.0,0,False
HYBRID_TALON,1,patient059,patient059_case01,IBC,IBC_patient040_0064.jpg,2,1.0,moderate_50_to_75,178,144,0.6923076923076923,0.8089887640449438,0.6923076923076923,0.5950413223140496,1,False
HYBRID_TALON,1,patient059,patient059_case01,IBC,IBC_patient040_0064.jpg,3,,off_target_fp,1,0,0.0,0.0,0.0,0.0,0,False
HYBRID_TALON,1,patient059,patient059_case01,IBC,IBC_patient040_0064.jpg,4,1.0,partial_below_25,4,4,0.019230769230769232,1.0,0.019230769230769232,0.019230769230769232,1,False
HYBRID_TALON,1,patient059,patient059_case01,IBC,IBC_patient040_0065.jpg,1,,off_target_fp,29,0,0.0,0.0,0.0,0.0,0,False
HYBRID_TALON,1,patient059,patient059_case01,IBC,IBC_patient040_0065.jpg,2,1.0,moderate_50_to_75,220,200,0.6944444444444444,0.9090909090909091,0.6944444444444444,0.6493506493506493,1,False
HYBRID_TALON,1,patient059,patient059_case01,IBC,IBC_patient040_0065.jpg,3,,off_target_fp,1,0,0.0,0.0,0.0,0.0,0,False
HYBRID_TALON,1,patient059,patient059_case01,IBC,IBC_patient040_0066.jpg,1,,off_target_fp,89,0,0.0,0.0,0.0,0.0,0,False
HYBRID_TALON,1,patient059,patient059_case01,IBC,IBC_patient040_0066.jpg,2,1.0,strong_75_plus,296,239,0.8415492957746479,0.8074324324324325,0.8074324324324325,0.7008797653958945,1,False
HYBRID_TALON,1,patient059,patient059_case01,IBC,IBC_patient040_0067.jpg,1,,off_target_fp,210,0,0.0,0.0,0.0,0.0,0,False
HYBRID_TALON,1,patient059,patient059_case01,IBC,IBC_patient040_0067.jpg,2,1.0,strong_75_plus,309,257,0.9448529411764706,0.8317152103559871,0.8317152103559871,0.7932098765432098,1,False
HYBRID_TALON,1,patient059,patient059_case01,IBC,IBC_patient040_0068.jpg,1,,off_target_fp,218,0,0.0,0.0,0.0,0.0,0,False
HYBRID_TALON,1,patient059,patient059_case01,IBC,IBC_patient040_0068.jpg,2,1.0,strong_75_plus,267,215,0.9110169491525424,0.8052434456928839,0.8052434456928839,0.7465277777777778,1,False
HYBRID_TALON,1,patient059,patient059_case01,IBC,IBC_patient040_0069.jpg,1,1.0,strong_75_plus,309,277,0.8343373493975904,0.8964401294498382,0.8343373493975904,0.760989010989011,1,False
HYBRID_TALON,1,patient059,patient059_case01,IBC,IBC_patient040_0070.jpg,1,,off_target_fp,1,0,0.0,0.0,0.0,0.0,0,False
HYBRID_TALON,1,patient059,patient059_case01,IBC,IBC_patient040_0070.jpg,2,1.0,moderate_50_to_75,181,126,0.984375,0.6961325966850829,0.6961325966850829,0.6885245901639344,1,False
HYBRID_TALON,1,patient064,patient064_case01,IGM,IGM_patient043_0054.jpg,1,1.0,strong_75_plus,473,371,0.8918269230769231,0.7843551797040169,0.7843551797040169,0.7162162162162162,1,False
HYBRID_TALON,1,patient064,patient064_case01,IGM,IGM_patient043_0055.jpg,1,1.0,strong_75_plus,651,586,0.9331210191082803,0.9001536098310292,0.9001536098310292,0.8455988455988456,1,False
HYBRID_TALON,1,patient064,patient064_case01,IGM,IGM_patient043_0056.jpg,1,,off_target_fp,4,0,0.0,0.0,0.0,0.0,0,False
HYBRID_TALON,1,patient064,patient064_case01,IGM,IGM_patient043_0056.jpg,2,1.0,moderate_50_to_75,506,413,0.6334355828220859,0.8162055335968379,0.6334355828220859,0.5543624161073826,1,False
HYBRID_TALON,1,patient064,patient064_case01,IGM,IGM_patient043_0057.jpg,1,,off_target_fp,22,0,0.0,0.0,0.0,0.0,0,False
HYBRID_TALON,1,patient064,patient064_case01,IGM,IGM_patient043_0057.jpg,2,,off_target_fp,20,0,0.0,0.0,0.0,0.0,0,False
HYBRID_TALON,1,patient064,patient064_case01,IGM,IGM_patient043_0057.jpg,3,1.0,strong_75_plus,545,466,0.7925170068027211,0.8550458715596331,0.7925170068027211,0.6986506746626686,1,False
HYBRID_TALON,1,patient064,patient064_case01,IGM,IGM_patient043_0057.jpg,4,,off_target_fp,5,0,0.0,0.0,0.0,0.0,0,False
HYBRID_TALON,1,patient064,patient064_case01,IGM,IGM_patient043_0058.jpg,1,,off_target_fp,9,0,0.0,0.0,0.0,0.0,0,False
HYBRID_TALON,1,patient064,patient064_case01,IGM,IGM_patient043_0058.jpg,2,1.0,strong_75_plus,579,474,0.8464285714285714,0.8186528497409327,0.8186528497409327,0.7127819548872181,1,False
HYBRID_TALON,1,patient064,patient064_case01,IGM,IGM_patient043_0059.jpg,1,,off_target_fp,181,0,0.0,0.0,0.0,0.0,0,False
HYBRID_TALON,1,patient064,patient064_case01,IGM,IGM_patient043_0059.jpg,2,,off_target_fp,76,0,0.0,0.0,0.0,0.0,0,False
HYBRID_TALON,1,patient064,patient064_case01,IGM,IGM_patient043_0059.jpg,3,,off_target_fp,27,0,0.0,0.0,0.0,0.0,0,False
HYBRID_TALON,1,patient064,patient064_case01,IGM,IGM_patient043_0059.jpg,4,1.0,moderate_50_to_75,504,444,0.6166666666666667,0.8809523809523809,0.6166666666666667,0.5692307692307692,1,False
HYBRID_TALON,1,patient064,patient064_case01,IGM,IGM_patient043_0060.jpg,1,,off_target_fp,384,0,0.0,0.0,0.0,0.0,0,False
HYBRID_TALON,1,patient064,patient064_case01,IGM,IGM_patient043_0060.jpg,2,,off_target_fp,44,0,0.0,0.0,0.0,0.0,0,False
HYBRID_TALON,1,patient064,patient064_case01,IGM,IGM_patient043_0060.jpg,3,,off_target_fp,7,0,0.0,0.0,0.0,0.0,0,False
HYBRID_TALON,1,patient064,patient064_case01,IGM,IGM_patient043_0060.jpg,4,1.0,low_25_to_50,308,272,0.4444444444444444,0.8831168831168831,0.4444444444444444,0.41975308641975306,1,False
HYBRID_TALON,1,patient064,patient064_case01,IGM,IGM_patient043_0061.jpg,1,,off_target_fp,243,0,0.0,0.0,0.0,0.0,0,False
HYBRID_TALON,1,patient064,patient064_case01,IGM,IGM_patient043_0061.jpg,2,,off_target_fp,259,0,0.0,0.0,0.0,0.0,0,False
HYBRID_TALON,1,patient064,patient064_case01,IGM,IGM_patient043_0061.jpg,3,,off_target_fp,23,0,0.0,0.0,0.0,0.0,0,False
HYBRID_TALON,1,patient070,patient070_case01,IBC,IBC_patient046_0056.jpg,1,1.0,moderate_50_to_75,73,54,0.9642857142857143,0.7397260273972602,0.7397260273972602,0.72,1,False
HYBRID_TALON,1,patient070,patient070_case01,IBC,IBC_patient046_0057.jpg,1,1.0,strong_75_plus,118,103,0.9196428571428571,0.8728813559322034,0.8728813559322034,0.8110236220472441,1,False
HYBRID_TALON,1,patient070,patient070_case01,IBC,IBC_patient046_0058.jpg,1,1.0,strong_75_plus,170,132,0.9428571428571428,0.7764705882352941,0.7764705882352941,0.7415730337078652,1,False
HYBRID_TALON,1,patient070,patient070_case01,IBC,IBC_patient046_0058.jpg,2,,off_target_fp,3,0,0.0,0.0,0.0,0.0,0,False
HYBRID_TALON,1,patient070,patient070_case01,IBC,IBC_patient046_0058.jpg,3,,off_target_fp,14,0,0.0,0.0,0.0,0.0,0,False
HYBRID_TALON,1,patient070,patient070_case01,IBC,IBC_patient046_0059.jpg,1,1.0,strong_75_plus,164,127,0.9921875,0.774390243902439,0.774390243902439,0.7696969696969697,1,False
HYBRID_TALON,1,patient070,patient070_case01,IBC,IBC_patient046_0059.jpg,2,,off_target_fp,26,0,0.0,0.0,0.0,0.0,0,False
HYBRID_TALON,1,patient070,patient070_case01,IBC,IBC_patient046_0059.jpg,3,,off_target_fp,18,0,0.0,0.0,0.0,0.0,0,False
HYBRID_TALON,1,patient070,patient070_case01,IBC,IBC_patient046_0060.jpg,1,1.0,strong_75_plus,110,104,0.8666666666666667,0.9454545454545454,0.8666666666666667,0.8253968253968254,1,False
HYBRID_TALON,1,patient070,patient070_case01,IBC,IBC_patient046_0060.jpg,2,,off_target_fp,174,0,0.0,0.0,0.0,0.0,0,False
HYBRID_TALON,1,patient070,patient070_case01,IBC,IBC_patient046_0061.jpg,1,,off_target_fp,39,0,0.0,0.0,0.0,0.0,0,False
HYBRID_TALON,1,patient070,patient070_case01,IBC,IBC_patient046_0061.jpg,2,1.0,moderate_50_to_75,215,161,0.9817073170731707,0.7488372093023256,0.7488372093023256,0.7385321100917431,1,False
HYBRID_TALON,1,patient070,patient070_case01,IBC,IBC_patient046_0062.jpg,1,1.0,strong_75_plus,192,167,0.9709302325581395,0.8697916666666666,0.8697916666666666,0.8477157360406091,1,False
HYBRID_TALON,1,patient070,patient070_case01,IBC,IBC_patient046_0063.jpg,1,,off_target_fp,94,0,0.0,0.0,0.0,0.0,0,False
HYBRID_TALON,1,patient070,patient070_case01,IBC,IBC_patient046_0063.jpg,2,1.0,moderate_50_to_75,138,102,0.9807692307692307,0.7391304347826086,0.7391304347826086,0.7285714285714285,1,False
HYBRID_TALON,1,patient070,patient070_case01,IBC,IBC_patient046_0063.jpg,3,,off_target_fp,13,0,0.0,0.0,0.0,0.0,0,False
HYBRID_TALON,1,patient070,patient070_case01,IBC,IBC_patient046_0067.jpg,1,,off_target_fp,12,0,0.0,0.0,0.0,0.0,0,False
HYBRID_TALON,1,patient070,patient070_case01,IBC,IBC_patient046_0067.jpg,2,1.0,moderate_50_to_75,151,151,0.6088709677419355,1.0,0.6088709677419355,0.6088709677419355,1,False
HYBRID_TALON,1,patient070,patient070_case01,IBC,IBC_patient046_0067.jpg,3,,off_target_fp,13,0,0.0,0.0,0.0,0.0,0,False
HYBRID_TALON,1,patient070,patient070_case01,IBC,IBC_patient046_0067.jpg,4,,off_target_fp,5,0,0.0,0.0,0.0,0.0,0,False
HYBRID_TALON,1,patient070,patient070_case01,IBC,IBC_patient046_0067.jpg,5,,off_target_fp,19,0,0.0,0.0,0.0,0.0,0,False
HYBRID_TALON,1,patient070,patient070_case01,IBC,IBC_patient046_0068.jpg,1,1.0,strong_75_plus,318,251,0.9365671641791045,0.789308176100629,0.789308176100629,0.7492537313432835,1,False
HYBRID_TALON,1,patient070,patient070_case01,IBC,IBC_patient046_0068.jpg,2,,off_target_fp,24,0,0.0,0.0,0.0,0.0,0,False
HYBRID_TALON,1,patient070,patient070_case01,IBC,IBC_patient046_0069.jpg,1,,off_target_fp,3,0,0.0,0.0,0.0,0.0,0,False
HYBRID_TALON,1,patient070,patient070_case01,IBC,IBC_patient046_0069.jpg,2,1.0,strong_75_plus,324,257,0.9884615384615385,0.7932098765432098,0.7932098765432098,0.7859327217125383,1,False
HYBRID_TALON,1,patient070,patient070_case01,IBC,IBC_patient046_0069.jpg,3,,off_target_fp,53,0,0.0,0.0,0.0,0.0,0,False
HYBRID_TALON,1,patient070,patient070_case01,IBC,IBC_patient046_0070.jpg,1,,off_target_fp,6,0,0.0,0.0,0.0,0.0,0,False
HYBRID_TALON,1,patient070,patient070_case01,IBC,IBC_patient046_0070.jpg,2,,off_target_fp,4,0,0.0,0.0,0.0,0.0,0,False
HYBRID_TALON,1,patient070,patient070_case01,IBC,IBC_patient046_0070.jpg,3,1.0,strong_75_plus,206,185,0.8726415094339622,0.8980582524271845,0.8726415094339622,0.7939914163090128,1,False
HYBRID_TALON,1,patient070,patient070_case01,IBC,IBC_patient046_0070.jpg,4,,off_target_fp,8,0,0.0,0.0,0.0,0.0,0,False
HYBRID_TALON,1,patient070,patient070_case01,IBC,IBC_patient046_0071.jpg,1,,off_target_fp,80,0,0.0,0.0,0.0,0.0,0,False
HYBRID_TALON,1,patient070,patient070_case01,IBC,IBC_patient046_0071.jpg,2,,off_target_fp,12,0,0.0,0.0,0.0,0.0,0,False
HYBRID_TALON,1,patient070,patient070_case01,IBC,IBC_patient046_0071.jpg,3,1.0,moderate_50_to_75,81,74,0.74,0.9135802469135802,0.74,0.6915887850467289,1,False
HYBRID_TALON,1,patient070,patient070_case01,IBC,IBC_patient046_0071.jpg,4,,off_target_fp,39,0,0.0,0.0,0.0,0.0,0,False
HYBRID_TALON,1,patient072,patient072_case01,IBC,IBC_patient047_0052.jpg,1,,off_target_fp,6,0,0.0,0.0,0.0,0.0,0,False
HYBRID_TALON,1,patient072,patient072_case01,IBC,IBC_patient047_0053.jpg,1,1.0,strong_75_plus,284,245,0.9722222222222222,0.8626760563380281,0.8626760563380281,0.8419243986254296,1,False
HYBRID_TALON,1,patient072,patient072_case01,IBC,IBC_patient047_0054.jpg,1,1.0,strong_75_plus,465,437,0.9180672268907563,0.9397849462365592,0.9180672268907563,0.8670634920634921,1,False
HYBRID_TALON,1,patient072,patient072_case01,IBC,IBC_patient047_0054.jpg,2,,off_target_fp,7,0,0.0,0.0,0.0,0.0,0,False
HYBRID_TALON,1,patient072,patient072_case01,IBC,IBC_patient047_0055.jpg,1,1.0,strong_75_plus,513,495,0.7832278481012658,0.9649122807017544,0.7832278481012658,0.7615384615384615,1,False
HYBRID_TALON,1,patient072,patient072_case01,IBC,IBC_patient047_0055.jpg,2,,off_target_fp,7,0,0.0,0.0,0.0,0.0,0,False
HYBRID_TALON,1,patient072,patient072_case01,IBC,IBC_patient047_0056.jpg,1,1.0,moderate_50_to_75,496,493,0.6847222222222222,0.9939516129032258,0.6847222222222222,0.681881051175657,1,False
HYBRID_TALON,1,patient072,patient072_case01,IBC,IBC_patient047_0056.jpg,2,,off_target_fp,3,0,0.0,0.0,0.0,0.0,0,False
HYBRID_TALON,1,patient072,patient072_case01,IBC,IBC_patient047_0057.jpg,1,1.0,moderate_50_to_75,445,304,0.6666666666666666,0.6831460674157304,0.6666666666666666,0.509212730318258,1,False
HYBRID_TALON,1,patient072,patient072_case01,IBC,IBC_patient047_0057.jpg,2,1.0,partial_below_25,29,29,0.06359649122807018,1.0,0.06359649122807018,0.06359649122807018,1,False
HYBRID_TALON,1,patient072,patient072_case01,IBC,IBC_patient047_0058.jpg,1,,off_target_fp,10,0,0.0,0.0,0.0,0.0,0,False
HYBRID_TALON,1,patient072,patient072_case01,IBC,IBC_patient047_0058.jpg,2,1.0,low_25_to_50,272,138,0.26744186046511625,0.5073529411764706,0.26744186046511625,0.2123076923076923,1,False
HYBRID_TALON,1,patient072,patient072_case01,IBC,IBC_patient047_0059.jpg,1,,off_target_fp,13,0,0.0,0.0,0.0,0.0,0,False
HYBRID_TALON,1,patient072,patient072_case01,IBC,IBC_patient047_0059.jpg,2,,off_target_fp,155,0,0.0,0.0,0.0,0.0,0,False
HYBRID_TALON,1,patient072,patient072_case01,IBC,IBC_patient047_0059.jpg,3,1.0,strong_75_plus,176,162,0.9,0.9204545454545454,0.9,0.8350515463917526,1,False
HYBRID_TALON,1,patient083,patient083_case01,IGM,IGM_patient052_0059.jpg,1,1.0,moderate_50_to_75,74,69,0.69,0.9324324324324325,0.69,0.6571428571428571,1,False
HYBRID_TALON,1,patient083,patient083_case01,IGM,IGM_patient052_0060.jpg,1,1.0,moderate_50_to_75,132,118,0.6704545454545454,0.8939393939393939,0.6704545454545454,0.6210526315789474,1,False
HYBRID_TALON,1,patient083,patient083_case01,IGM,IGM_patient052_0061.jpg,1,1.0,strong_75_plus,197,185,0.8258928571428571,0.9390862944162437,0.8258928571428571,0.7838983050847458,1,False
HYBRID_TALON,1,patient083,patient083_case01,IGM,IGM_patient052_0062.jpg,1,1.0,strong_75_plus,232,218,0.8515625,0.9396551724137931,0.8515625,0.8074074074074075,1,False
HYBRID_TALON,1,patient083,patient083_case01,IGM,IGM_patient052_0063.jpg,1,1.0,strong_75_plus,251,233,0.8694029850746269,0.9282868525896414,0.8694029850746269,0.8146853146853147,1,False
HYBRID_TALON,1,patient083,patient083_case01,IGM,IGM_patient052_0063.jpg,2,,off_target_fp,1,0,0.0,0.0,0.0,0.0,0,False
HYBRID_TALON,1,patient083,patient083_case01,IGM,IGM_patient052_0064.jpg,1,1.0,strong_75_plus,251,240,0.9375,0.9561752988047809,0.9375,0.898876404494382,1,False
HYBRID_TALON,1,patient083,patient083_case01,IGM,IGM_patient052_0065.jpg,1,1.0,strong_75_plus,214,206,0.7923076923076923,0.9626168224299065,0.7923076923076923,0.7686567164179104,1,False
HYBRID_TALON,1,patient083,patient083_case01,IGM,IGM_patient052_0066.jpg,1,,off_target_fp,14,0,0.0,0.0,0.0,0.0,0,False
HYBRID_TALON,1,patient083,patient083_case01,IGM,IGM_patient052_0066.jpg,2,1.0,strong_75_plus,133,127,0.8581081081081081,0.9548872180451128,0.8581081081081081,0.8246753246753247,1,False
HYBRID_TALON,1,patient083,patient083_case01,IGM,IGM_patient052_0066.jpg,3,,off_target_fp,2,0,0.0,0.0,0.0,0.0,0,False
HYBRID_TALON,1,patient083,patient083_case01,IGM,IGM_patient052_0066.jpg,4,,off_target_fp,11,0,0.0,0.0,0.0,0.0,0,False
HYBRID_TALON,1,patient083,patient083_case01,IGM,IGM_patient052_0066.jpg,5,,off_target_fp,13,0,0.0,0.0,0.0,0.0,0,False
HYBRID_TALON,1,patient083,patient083_case01,IGM,IGM_patient052_0067.jpg,1,1.0,low_25_to_50,66,66,0.358695652173913,1.0,0.358695652173913,0.358695652173913,1,False
HYBRID_TALON,1,patient083,patient083_case01,IGM,IGM_patient052_0067.jpg,2,,off_target_fp,4,0,0.0,0.0,0.0,0.0,0,False
HYBRID_TALON,1,patient083,patient083_case01,IGM,IGM_patient052_0067.jpg,3,,off_target_fp,11,0,0.0,0.0,0.0,0.0,0,False
HYBRID_TALON,1,patient083,patient083_case01,IGM,IGM_patient052_0067.jpg,4,1.0,low_25_to_50,62,60,0.32608695652173914,0.967741935483871,0.32608695652173914,0.3225806451612903,1,False
HYBRID_TALON,1,patient083,patient083_case01,IGM,IGM_patient052_0067.jpg,5,,off_target_fp,7,0,0.0,0.0,0.0,0.0,0,False
HYBRID_TALON,1,patient083,patient083_case01,IGM,IGM_patient052_0067.jpg,6,,off_target_fp,8,0,0.0,0.0,0.0,0.0,0,False
HYBRID_TALON,1,patient083,patient083_case01,IGM,IGM_patient052_0068.jpg,1,1.0,moderate_50_to_75,103,97,0.7132352941176471,0.941747572815534,0.7132352941176471,0.6830985915492958,1,False
HYBRID_TALON,1,patient083,patient083_case01,IGM,IGM_patient052_0068.jpg,2,,off_target_fp,12,0,0.0,0.0,0.0,0.0,0,False
HYBRID_TALON,1,patient083,patient083_case01,IGM,IGM_patient052_0068.jpg,3,,off_target_fp,10,0,0.0,0.0,0.0,0.0,0,False
HYBRID_TALON,1,patient083,patient083_case01,IGM,IGM_patient052_0068.jpg,4,,off_target_fp,14,0,0.0,0.0,0.0,0.0,0,False
HYBRID_TALON,1,patient083,patient083_case01,IGM,IGM_patient052_0069.jpg,1,1.0,strong_75_plus,128,124,0.775,0.96875,0.775,0.7560975609756098,1,False
HYBRID_TALON,1,patient083,patient083_case01,IGM,IGM_patient052_0069.jpg,2,,off_target_fp,14,0,0.0,0.0,0.0,0.0,0,False
HYBRID_TALON,1,patient083,patient083_case01,IGM,IGM_patient052_0069.jpg,3,,off_target_fp,1,0,0.0,0.0,0.0,0.0,0,False
HYBRID_TALON,1,patient083,patient083_case01,IGM,IGM_patient052_0070.jpg,1,1.0,strong_75_plus,135,123,0.8092105263157895,0.9111111111111111,0.8092105263157895,0.75,1,False
HYBRID_TALON,1,patient083,patient083_case01,IGM,IGM_patient052_0070.jpg,2,,off_target_fp,9,0,0.0,0.0,0.0,0.0,0,False
HYBRID_TALON,1,patient083,patient083_case01,IGM,IGM_patient052_0070.jpg,3,,off_target_fp,42,0,0.0,0.0,0.0,0.0,0,False
HYBRID_TALON,1,patient083,patient083_case01,IGM,IGM_patient052_0071.jpg,1,1.0,moderate_50_to_75,119,116,0.7435897435897436,0.9747899159663865,0.7435897435897436,0.7295597484276729,1,False
HYBRID_TALON,1,patient083,patient083_case01,IGM,IGM_patient052_0071.jpg,2,,off_target_fp,10,0,0.0,0.0,0.0,0.0,0,False
HYBRID_TALON,1,patient083,patient083_case01,IGM,IGM_patient052_0071.jpg,3,,off_target_fp,15,0,0.0,0.0,0.0,0.0,0,False
HYBRID_TALON,1,patient083,patient083_case01,IGM,IGM_patient052_0072.jpg,1,1.0,low_25_to_50,69,67,0.4407894736842105,0.9710144927536232,0.4407894736842105,0.43506493506493504,1,False
HYBRID_TALON,1,patient083,patient083_case01,IGM,IGM_patient052_0072.jpg,2,,off_target_fp,1,0,0.0,0.0,0.0,0.0,0,False
HYBRID_TALON,1,patient083,patient083_case01,IGM,IGM_patient052_0072.jpg,3,,off_target_fp,11,0,0.0,0.0,0.0,0.0,0,False
HYBRID_TALON,1,patient083,patient083_case01,IGM,IGM_patient052_0072.jpg,4,,off_target_fp,5,0,0.0,0.0,0.0,0.0,0,False
HYBRID_TALON,1,patient086,patient086_case01,IGM,IGM_patient053_0060.jpg,1,,off_target_fp,34,0,0.0,0.0,0.0,0.0,0,False
HYBRID_TALON,1,patient086,patient086_case01,IGM,IGM_patient053_0060.jpg,2,,off_target_fp,14,0,0.0,0.0,0.0,0.0,0,False
HYBRID_TALON,1,patient086,patient086_case01,IGM,IGM_patient053_0060.jpg,3,,off_target_fp,6,0,0.0,0.0,0.0,0.0,0,False
HYBRID_TALON,1,patient086,patient086_case01,IGM,IGM_patient053_0061.jpg,1,,off_target_fp,43,0,0.0,0.0,0.0,0.0,0,False
HYBRID_TALON,1,patient086,patient086_case01,IGM,IGM_patient053_0061.jpg,2,,off_target_fp,3,0,0.0,0.0,0.0,0.0,0,False
HYBRID_TALON,1,patient086,patient086_case01,IGM,IGM_patient053_0062.jpg,1,,off_target_fp,21,0,0.0,0.0,0.0,0.0,0,False
HYBRID_TALON,1,patient086,patient086_case01,IGM,IGM_patient053_0062.jpg,2,,off_target_fp,75,0,0.0,0.0,0.0,0.0,0,False
HYBRID_TALON,1,patient086,patient086_case01,IGM,IGM_patient053_0063.jpg,1,,off_target_fp,154,0,0.0,0.0,0.0,0.0,0,False
HYBRID_TALON,1,patient086,patient086_case01,IGM,IGM_patient053_0064.jpg,1,,off_target_fp,14,0,0.0,0.0,0.0,0.0,0,False
HYBRID_TALON,1,patient086,patient086_case01,IGM,IGM_patient053_0064.jpg,2,,off_target_fp,6,0,0.0,0.0,0.0,0.0,0,False
HYBRID_TALON,1,patient086,patient086_case01,IGM,IGM_patient053_0064.jpg,3,,off_target_fp,178,0,0.0,0.0,0.0,0.0,0,False
HYBRID_TALON,1,patient086,patient086_case01,IGM,IGM_patient053_0065.jpg,1,,off_target_fp,11,0,0.0,0.0,0.0,0.0,0,False
HYBRID_TALON,1,patient086,patient086_case01,IGM,IGM_patient053_0065.jpg,2,,off_target_fp,16,0,0.0,0.0,0.0,0.0,0,False
HYBRID_TALON,1,patient086,patient086_case01,IGM,IGM_patient053_0065.jpg,3,,off_target_fp,135,0,0.0,0.0,0.0,0.0,0,False
HYBRID_TALON,1,patient086,patient086_case01,IGM,IGM_patient053_0065.jpg,4,,off_target_fp,54,0,0.0,0.0,0.0,0.0,0,False
HYBRID_TALON,1,patient086,patient086_case01,IGM,IGM_patient053_0065.jpg,5,1.0,partial_below_25,2,2,0.016129032258064516,1.0,0.016129032258064516,0.016129032258064516,1,False
HYBRID_TALON,1,patient086,patient086_case01,IGM,IGM_patient053_0066.jpg,1,1.0,moderate_50_to_75,51,45,0.6617647058823529,0.8823529411764706,0.6617647058823529,0.6081081081081081,1,False
HYBRID_TALON,1,patient086,patient086_case01,IGM,IGM_patient053_0066.jpg,2,,off_target_fp,132,0,0.0,0.0,0.0,0.0,0,False
HYBRID_TALON,1,patient086,patient086_case01,IGM,IGM_patient053_0066.jpg,3,,off_target_fp,1,0,0.0,0.0,0.0,0.0,0,False
HYBRID_TALON,1,patient088,patient088_case01,IGM,IGM_patient054_0055.jpg,1,,off_target_fp,3,0,0.0,0.0,0.0,0.0,0,False
HYBRID_TALON,1,patient088,patient088_case01,IGM,IGM_patient054_0055.jpg,2,,off_target_fp,41,0,0.0,0.0,0.0,0.0,0,False
HYBRID_TALON,1,patient088,patient088_case01,IGM,IGM_patient054_0056.jpg,1,1.0,moderate_50_to_75,131,130,0.7222222222222222,0.9923664122137404,0.7222222222222222,0.7182320441988951,1,False
HYBRID_TALON,1,patient088,patient088_case01,IGM,IGM_patient054_0056.jpg,2,,off_target_fp,19,0,0.0,0.0,0.0,0.0,0,False
HYBRID_TALON,1,patient088,patient088_case01,IGM,IGM_patient054_0057.jpg,1,1.0,strong_75_plus,201,194,0.8981481481481481,0.9651741293532339,0.8981481481481481,0.8699551569506726,1,False
HYBRID_TALON,1,patient088,patient088_case01,IGM,IGM_patient054_0057.jpg,2,,off_target_fp,5,0,0.0,0.0,0.0,0.0,0,False
HYBRID_TALON,1,patient088,patient088_case01,IGM,IGM_patient054_0057.jpg,3,,off_target_fp,7,0,0.0,0.0,0.0,0.0,0,False
HYBRID_TALON,1,patient088,patient088_case01,IGM,IGM_patient054_0058.jpg,1,1.0,strong_75_plus,245,238,0.8040540540540541,0.9714285714285714,0.8040540540540541,0.7854785478547854,1,False
HYBRID_TALON,1,patient088,patient088_case01,IGM,IGM_patient054_0058.jpg,2,,off_target_fp,6,0,0.0,0.0,0.0,0.0,0,False
HYBRID_TALON,1,patient088,patient088_case01,IGM,IGM_patient054_0059.jpg,1,1.0,strong_75_plus,185,177,0.8349056603773585,0.9567567567567568,0.8349056603773585,0.8045454545454546,1,False
HYBRID_TALON,1,patient088,patient088_case01,IGM,IGM_patient054_0059.jpg,2,,off_target_fp,2,0,0.0,0.0,0.0,0.0,0,False
HYBRID_TALON,1,patient088,patient088_case01,IGM,IGM_patient054_0060.jpg,1,,off_target_fp,72,0,0.0,0.0,0.0,0.0,0,False
HYBRID_TALON,1,patient088,patient088_case01,IGM,IGM_patient054_0061.jpg,1,,off_target_fp,11,0,0.0,0.0,0.0,0.0,0,False
HYBRID_TALON,1,patient088,patient088_case01,IGM,IGM_patient054_0061.jpg,2,,off_target_fp,3,0,0.0,0.0,0.0,0.0,0,False
HYBRID_TALON,1,patient088,patient088_case01,IGM,IGM_patient054_0061.jpg,3,,off_target_fp,24,0,0.0,0.0,0.0,0.0,0,False
HYBRID_TALON,1,patient088,patient088_case01,IGM,IGM_patient054_0062.jpg,1,1.0,strong_75_plus,187,179,0.8287037037037037,0.9572192513368984,0.8287037037037037,0.7991071428571429,1,False
HYBRID_TALON,1,patient088,patient088_case01,IGM,IGM_patient054_0062.jpg,2,,off_target_fp,5,0,0.0,0.0,0.0,0.0,0,False
HYBRID_TALON,1,patient088,patient088_case01,IGM,IGM_patient054_0062.jpg,3,,off_target_fp,2,0,0.0,0.0,0.0,0.0,0,False
HYBRID_TALON,1,patient088,patient088_case01,IGM,IGM_patient054_0062.jpg,4,,off_target_fp,14,0,0.0,0.0,0.0,0.0,0,False
HYBRID_TALON,1,patient088,patient088_case01,IGM,IGM_patient054_0062.jpg,5,,off_target_fp,1,0,0.0,0.0,0.0,0.0,0,False
HYBRID_TALON,1,patient088,patient088_case01,IGM,IGM_patient054_0063.jpg,1,1.0,strong_75_plus,254,251,0.814935064935065,0.9881889763779528,0.814935064935065,0.8070739549839229,1,False
HYBRID_TALON,1,patient088,patient088_case01,IGM,IGM_patient054_0063.jpg,2,,off_target_fp,41,0,0.0,0.0,0.0,0.0,0,False
HYBRID_TALON,1,patient088,patient088_case01,IGM,IGM_patient054_0063.jpg,3,,off_target_fp,13,0,0.0,0.0,0.0,0.0,0,False
HYBRID_TALON,1,patient088,patient088_case01,IGM,IGM_patient054_0064.jpg,1,1.0,strong_75_plus,223,217,0.7534722222222222,0.9730941704035875,0.7534722222222222,0.7380952380952381,1,False
HYBRID_TALON,1,patient088,patient088_case01,IGM,IGM_patient054_0064.jpg,2,,off_target_fp,21,0,0.0,0.0,0.0,0.0,0,False
HYBRID_TALON,1,patient088,patient088_case01,IGM,IGM_patient054_0064.jpg,3,,off_target_fp,22,0,0.0,0.0,0.0,0.0,0,False
HYBRID_TALON,1,patient088,patient088_case01,IGM,IGM_patient054_0065.jpg,1,1.0,moderate_50_to_75,164,158,0.5197368421052632,0.9634146341463414,0.5197368421052632,0.5096774193548387,1,False
HYBRID_TALON,1,patient088,patient088_case01,IGM,IGM_patient054_0065.jpg,2,1.0,partial_below_25,18,18,0.05921052631578947,1.0,0.05921052631578947,0.05921052631578947,1,False
HYBRID_TALON,1,patient088,patient088_case01,IGM,IGM_patient054_0065.jpg,3,,off_target_fp,22,0,0.0,0.0,0.0,0.0,0,False
HYBRID_TALON,1,patient088,patient088_case01,IGM,IGM_patient054_0065.jpg,4,,off_target_fp,13,0,0.0,0.0,0.0,0.0,0,False
HYBRID_TALON,1,patient097,patient097_case01,IGM,IGM_patient007_0057.jpg,1,1.0,moderate_50_to_75,114,71,0.9861111111111112,0.6228070175438597,0.6228070175438597,0.6173913043478261,1,False
HYBRID_TALON,1,patient097,patient097_case01,IGM,IGM_patient007_0057.jpg,2,,off_target_fp,117,0,0.0,0.0,0.0,0.0,0,False
HYBRID_TALON,1,patient097,patient097_case01,IGM,IGM_patient007_0057.jpg,3,,off_target_fp,59,0,0.0,0.0,0.0,0.0,0,False
HYBRID_TALON,1,patient097,patient097_case01,IGM,IGM_patient007_0057.jpg,4,,off_target_fp,71,0,0.0,0.0,0.0,0.0,0,False
HYBRID_TALON,1,patient097,patient097_case01,IGM,IGM_patient007_0058.jpg,1,1.0,moderate_50_to_75,205,124,0.9393939393939394,0.6048780487804878,0.6048780487804878,0.5821596244131455,1,False
HYBRID_TALON,1,patient097,patient097_case01,IGM,IGM_patient007_0058.jpg,2,,off_target_fp,46,0,0.0,0.0,0.0,0.0,0,False
HYBRID_TALON,1,patient097,patient097_case01,IGM,IGM_patient007_0058.jpg,3,,off_target_fp,168,0,0.0,0.0,0.0,0.0,0,False
HYBRID_TALON,1,patient097,patient097_case01,IGM,IGM_patient007_0059.jpg,1,,off_target_fp,83,0,0.0,0.0,0.0,0.0,0,False
HYBRID_TALON,1,patient097,patient097_case01,IGM,IGM_patient007_0059.jpg,2,,off_target_fp,24,0,0.0,0.0,0.0,0.0,0,False
HYBRID_TALON,1,patient097,patient097_case01,IGM,IGM_patient007_0059.jpg,3,1.0,strong_75_plus,222,177,0.921875,0.7972972972972973,0.7972972972972973,0.7468354430379747,1,False
HYBRID_TALON,1,patient097,patient097_case01,IGM,IGM_patient007_0059.jpg,4,,off_target_fp,155,0,0.0,0.0,0.0,0.0,0,False
HYBRID_TALON,1,patient097,patient097_case01,IGM,IGM_patient007_0060.jpg,1,,off_target_fp,1,0,0.0,0.0,0.0,0.0,0,False
HYBRID_TALON,1,patient097,patient097_case01,IGM,IGM_patient007_0060.jpg,2,,off_target_fp,24,0,0.0,0.0,0.0,0.0,0,False
HYBRID_TALON,1,patient097,patient097_case01,IGM,IGM_patient007_0060.jpg,3,1.0,strong_75_plus,264,206,0.9537037037037037,0.7803030303030303,0.7803030303030303,0.7518248175182481,1,False
HYBRID_TALON,1,patient097,patient097_case01,IGM,IGM_patient007_0060.jpg,4,,off_target_fp,2,0,0.0,0.0,0.0,0.0,0,False
HYBRID_TALON,1,patient097,patient097_case01,IGM,IGM_patient007_0060.jpg,5,,off_target_fp,7,0,0.0,0.0,0.0,0.0,0,False
HYBRID_TALON,1,patient097,patient097_case01,IGM,IGM_patient007_0060.jpg,6,,off_target_fp,1,0,0.0,0.0,0.0,0.0,0,False
HYBRID_TALON,1,patient097,patient097_case01,IGM,IGM_patient007_0060.jpg,7,,off_target_fp,87,0,0.0,0.0,0.0,0.0,0,False
HYBRID_TALON,1,patient097,patient097_case01,IGM,IGM_patient007_0061.jpg,1,1.0,strong_75_plus,246,187,0.9540816326530612,0.7601626016260162,0.7601626016260162,0.7333333333333333,1,False
HYBRID_TALON,1,patient097,patient097_case01,IGM,IGM_patient007_0061.jpg,2,,off_target_fp,5,0,0.0,0.0,0.0,0.0,0,False
HYBRID_TALON,1,patient097,patient097_case01,IGM,IGM_patient007_0061.jpg,3,,off_target_fp,1,0,0.0,0.0,0.0,0.0,0,False
HYBRID_TALON,1,patient097,patient097_case01,IGM,IGM_patient007_0062.jpg,1,,off_target_fp,5,0,0.0,0.0,0.0,0.0,0,False
HYBRID_TALON,1,patient097,patient097_case01,IGM,IGM_patient007_0062.jpg,2,1.0,strong_75_plus,160,136,0.9444444444444444,0.85,0.85,0.8095238095238095,1,False
HYBRID_TALON,1,patient097,patient097_case01,IGM,IGM_patient007_0063.jpg,1,1.0,moderate_50_to_75,57,57,0.5277777777777778,1.0,0.5277777777777778,0.5277777777777778,1,False
HYBRID_TALON,10,patient021,patient021_case01,IBC,IBC_patient001_0050.jpg,1,1.0,strong_75_plus,136,124,0.775,0.9117647058823529,0.775,0.7209302325581395,1,False
HYBRID_TALON,10,patient021,patient021_case01,IBC,IBC_patient001_0051.jpg,1,1.0,moderate_50_to_75,447,300,0.8241758241758241,0.6711409395973155,0.6711409395973155,0.5870841487279843,1,False
HYBRID_TALON,10,patient021,patient021_case01,IBC,IBC_patient001_0052.jpg,1,1.0,strong_75_plus,744,733,0.8852657004830918,0.9852150537634409,0.8852657004830918,0.8736591179976162,1,False
HYBRID_TALON,10,patient021,patient021_case01,IBC,IBC_patient001_0053.jpg,1,1.0,strong_75_plus,1000,964,0.9450980392156862,0.964,0.9450980392156862,0.9128787878787878,1,False
HYBRID_TALON,10,patient021,patient021_case01,IBC,IBC_patient001_0054.jpg,1,1.0,strong_75_plus,1146,1101,0.9557291666666666,0.9607329842931938,0.9557291666666666,0.9197994987468672,1,False
HYBRID_TALON,10,patient021,patient021_case01,IBC,IBC_patient001_0055.jpg,1,1.0,strong_75_plus,1199,1180,0.9394904458598726,0.9841534612176814,0.9394904458598726,0.9254901960784314,1,False
HYBRID_TALON,10,patient021,patient021_case01,IBC,IBC_patient001_0056.jpg,1,1.0,strong_75_plus,1235,1177,0.9224137931034483,0.9530364372469635,0.9224137931034483,0.8823088455772113,1,False
HYBRID_TALON,10,patient021,patient021_case01,IBC,IBC_patient001_0057.jpg,1,1.0,strong_75_plus,1252,1191,0.9246894409937888,0.9512779552715654,0.9246894409937888,0.882876204595997,1,False
HYBRID_TALON,10,patient021,patient021_case01,IBC,IBC_patient001_0058.jpg,1,1.0,strong_75_plus,1229,1226,0.8782234957020058,0.9975589910496339,0.8782234957020058,0.8763402430307362,1,False
HYBRID_TALON,10,patient021,patient021_case01,IBC,IBC_patient001_0059.jpg,1,1.0,strong_75_plus,1231,1188,0.928125,0.9650690495532088,0.928125,0.8979591836734694,1,False
HYBRID_TALON,10,patient021,patient021_case01,IBC,IBC_patient001_0059.jpg,2,,off_target_fp,10,0,0.0,0.0,0.0,0.0,0,False
HYBRID_TALON,10,patient021,patient021_case01,IBC,IBC_patient001_0060.jpg,1,1.0,strong_75_plus,1075,1044,0.8969072164948454,0.9711627906976744,0.8969072164948454,0.8736401673640167,1,False
HYBRID_TALON,10,patient021,patient021_case01,IBC,IBC_patient001_0060.jpg,2,,off_target_fp,161,0,0.0,0.0,0.0,0.0,0,False
HYBRID_TALON,10,patient021,patient021_case01,IBC,IBC_patient001_0061.jpg,1,1.0,strong_75_plus,927,910,0.8992094861660079,0.9816612729234089,0.8992094861660079,0.8843537414965986,1,False
HYBRID_TALON,10,patient021,patient021_case01,IBC,IBC_patient001_0061.jpg,2,,off_target_fp,186,0,0.0,0.0,0.0,0.0,0,False
HYBRID_TALON,10,patient021,patient021_case01,IBC,IBC_patient001_0062.jpg,1,1.0,strong_75_plus,731,723,0.8406976744186047,0.9890560875512996,0.8406976744186047,0.8329493087557603,1,False
HYBRID_TALON,10,patient021,patient021_case01,IBC,IBC_patient001_0062.jpg,2,,off_target_fp,176,0,0.0,0.0,0.0,0.0,0,False
HYBRID_TALON,10,patient021,patient021_case01,IBC,IBC_patient001_0062.jpg,3,,off_target_fp,15,0,0.0,0.0,0.0,0.0,0,False
HYBRID_TALON,10,patient021,patient021_case01,IBC,IBC_patient001_0063.jpg,1,1.0,strong_75_plus,318,291,0.8871951219512195,0.9150943396226415,0.8871951219512195,0.819718309859155,1,False
HYBRID_TALON,10,patient021,patient021_case01,IBC,IBC_patient001_0063.jpg,2,,off_target_fp,148,0,0.0,0.0,0.0,0.0,0,False
HYBRID_TALON,10,patient021,patient021_case01,IBC,IBC_patient001_0064.jpg,1,1.0,strong_75_plus,287,267,0.9270833333333334,0.9303135888501742,0.9270833333333334,0.8668831168831169,1,False
HYBRID_TALON,10,patient021,patient021_case01,IBC,IBC_patient001_0064.jpg,2,,off_target_fp,62,0,0.0,0.0,0.0,0.0,0,False
HYBRID_TALON,10,patient021,patient021_case01,IBC,IBC_patient001_0065.jpg,1,1.0,strong_75_plus,185,183,0.8026315789473685,0.9891891891891892,0.8026315789473685,0.7956521739130434,1,False
HYBRID_TALON,10,patient021,patient021_case01,IBC,IBC_patient001_0065.jpg,2,,off_target_fp,31,0,0.0,0.0,0.0,0.0,0,False
HYBRID_TALON,10,patient021,patient021_case01,IBC,IBC_patient001_0065.jpg,3,,off_target_fp,14,0,0.0,0.0,0.0,0.0,0,False
HYBRID_TALON,10,patient021,patient021_case01,IBC,IBC_patient001_0066.jpg,1,,off_target_fp,69,0,0.0,0.0,0.0,0.0,0,False
HYBRID_TALON,10,patient030,patient030_case01,IBC,IBC_patient025_0056.jpg,1,1.0,strong_75_plus,336,286,0.9533333333333334,0.8511904761904762,0.8511904761904762,0.8171428571428572,1,False
HYBRID_TALON,10,patient030,patient030_case01,IBC,IBC_patient025_0056.jpg,2,,off_target_fp,15,0,0.0,0.0,0.0,0.0,0,False
HYBRID_TALON,10,patient030,patient030_case01,IBC,IBC_patient025_0056.jpg,3,,off_target_fp,47,0,0.0,0.0,0.0,0.0,0,False
HYBRID_TALON,10,patient030,patient030_case01,IBC,IBC_patient025_0057.jpg,1,1.0,strong_75_plus,963,931,0.8402527075812274,0.9667705088265836,0.8402527075812274,0.8166666666666667,1,False
HYBRID_TALON,10,patient030,patient030_case01,IBC,IBC_patient025_0057.jpg,2,,off_target_fp,11,0,0.0,0.0,0.0,0.0,0,False
HYBRID_TALON,10,patient030,patient030_case01,IBC,IBC_patient025_0057.jpg,3,,off_target_fp,37,0,0.0,0.0,0.0,0.0,0,False
HYBRID_TALON,10,patient030,patient030_case01,IBC,IBC_patient025_0058.jpg,1,1.0,strong_75_plus,1282,1240,0.9117647058823529,0.9672386895475819,0.9117647058823529,0.884450784593438,1,False
HYBRID_TALON,10,patient030,patient030_case01,IBC,IBC_patient025_0059.jpg,1,1.0,moderate_50_to_75,1022,1016,0.6195121951219512,0.9941291585127201,0.6195121951219512,0.6172539489671932,1,False
HYBRID_TALON,10,patient030,patient030_case01,IBC,IBC_patient025_0059.jpg,2,,off_target_fp,18,0,0.0,0.0,0.0,0.0,0,False
HYBRID_TALON,10,patient030,patient030_case01,IBC,IBC_patient025_0060.jpg,1,1.0,moderate_50_to_75,1056,1045,0.6005747126436781,0.9895833333333334,0.6005747126436781,0.5968018275271274,1,False
HYBRID_TALON,10,patient030,patient030_case01,IBC,IBC_patient025_0060.jpg,2,,off_target_fp,20,0,0.0,0.0,0.0,0.0,0,False
HYBRID_TALON,10,patient030,patient030_case01,IBC,IBC_patient025_0061.jpg,1,1.0,strong_75_plus,1404,1371,0.8359756097560975,0.9764957264957265,0.8359756097560975,0.8194859533771668,1,False
HYBRID_TALON,10,patient030,patient030_case01,IBC,IBC_patient025_0062.jpg,1,1.0,strong_75_plus,1262,1256,0.8134715025906736,0.9952456418383518,0.8134715025906736,0.8103225806451613,1,False
HYBRID_TALON,10,patient030,patient030_case01,IBC,IBC_patient025_0063.jpg,1,1.0,strong_75_plus,1252,1216,0.9074626865671642,0.9712460063897763,0.9074626865671642,0.8837209302325582,1,False
HYBRID_TALON,10,patient030,patient030_case01,IBC,IBC_patient025_0063.jpg,2,,off_target_fp,11,0,0.0,0.0,0.0,0.0,0,False
HYBRID_TALON,10,patient030,patient030_case01,IBC,IBC_patient025_0063.jpg,3,,off_target_fp,14,0,0.0,0.0,0.0,0.0,0,False
HYBRID_TALON,10,patient030,patient030_case01,IBC,IBC_patient025_0064.jpg,1,1.0,strong_75_plus,959,950,0.8605072463768116,0.9906152241918665,0.8605072463768116,0.8535489667565139,1,False
HYBRID_TALON,10,patient030,patient030_case01,IBC,IBC_patient025_0064.jpg,2,,off_target_fp,33,0,0.0,0.0,0.0,0.0,0,False
HYBRID_TALON,10,patient030,patient030_case01,IBC,IBC_patient025_0064.jpg,3,,off_target_fp,22,0,0.0,0.0,0.0,0.0,0,False
HYBRID_TALON,10,patient030,patient030_case01,IBC,IBC_patient025_0065.jpg,1,1.0,strong_75_plus,730,709,0.9581081081081081,0.9712328767123287,0.9581081081081081,0.9316688567674113,1,False
HYBRID_TALON,10,patient030,patient030_case01,IBC,IBC_patient025_0065.jpg,2,,off_target_fp,11,0,0.0,0.0,0.0,0.0,0,False
HYBRID_TALON,10,patient030,patient030_case01,IBC,IBC_patient025_0065.jpg,3,,off_target_fp,32,0,0.0,0.0,0.0,0.0,0,False
HYBRID_TALON,10,patient030,patient030_case01,IBC,IBC_patient025_0066.jpg,1,1.0,strong_75_plus,701,679,0.9126344086021505,0.9686162624821684,0.9126344086021505,0.8864229765013055,1,False
HYBRID_TALON,10,patient030,patient030_case01,IBC,IBC_patient025_0066.jpg,2,,off_target_fp,10,0,0.0,0.0,0.0,0.0,0,False
HYBRID_TALON,10,patient030,patient030_case01,IBC,IBC_patient025_0066.jpg,3,,off_target_fp,13,0,0.0,0.0,0.0,0.0,0,False
HYBRID_TALON,10,patient030,patient030_case01,IBC,IBC_patient025_0066.jpg,4,,off_target_fp,35,0,0.0,0.0,0.0,0.0,0,False
HYBRID_TALON,10,patient030,patient030_case01,IBC,IBC_patient025_0067.jpg,1,1.0,strong_75_plus,622,581,0.9555921052631579,0.9340836012861736,0.9340836012861736,0.8952234206471494,1,False
HYBRID_TALON,10,patient030,patient030_case01,IBC,IBC_patient025_0067.jpg,2,,off_target_fp,35,0,0.0,0.0,0.0,0.0,0,False
HYBRID_TALON,10,patient030,patient030_case01,IBC,IBC_patient025_0068.jpg,1,1.0,strong_75_plus,481,456,0.9193548387096774,0.9480249480249481,0.9193548387096774,0.8752399232245681,1,False
HYBRID_TALON,10,patient030,patient030_case01,IBC,IBC_patient025_0068.jpg,2,,off_target_fp,31,0,0.0,0.0,0.0,0.0,0,False
HYBRID_TALON,10,patient030,patient030_case01,IBC,IBC_patient025_0069.jpg,1,,off_target_fp,39,0,0.0,0.0,0.0,0.0,0,False
HYBRID_TALON,10,patient030,patient030_case01,IBC,IBC_patient025_0069.jpg,2,1.0,partial_below_25,25,25,0.1524390243902439,1.0,0.1524390243902439,0.1524390243902439,1,False
HYBRID_TALON,10,patient030,patient030_case01,IBC,IBC_patient025_0069.jpg,3,,off_target_fp,16,0,0.0,0.0,0.0,0.0,0,False
HYBRID_TALON,10,patient030,patient030_case01,IBC,IBC_patient025_0069.jpg,4,,off_target_fp,23,0,0.0,0.0,0.0,0.0,0,False
HYBRID_TALON,10,patient033,patient033_case01,IBC,IBC_patient027_0056.jpg,1,,off_target_fp,41,0,0.0,0.0,0.0,0.0,0,False
HYBRID_TALON,10,patient033,patient033_case01,IBC,IBC_patient027_0056.jpg,2,1.0,moderate_50_to_75,43,38,0.6333333333333333,0.8837209302325582,0.6333333333333333,0.5846153846153846,1,False
HYBRID_TALON,10,patient033,patient033_case01,IBC,IBC_patient027_0057.jpg,1,1.0,strong_75_plus,200,170,0.9444444444444444,0.85,0.85,0.8095238095238095,1,False
HYBRID_TALON,10,patient033,patient033_case01,IBC,IBC_patient027_0058.jpg,1,,off_target_fp,76,0,0.0,0.0,0.0,0.0,0,False
HYBRID_TALON,10,patient033,patient033_case01,IBC,IBC_patient027_0058.jpg,2,1.0,strong_75_plus,271,246,0.9761904761904762,0.9077490774907749,0.9077490774907749,0.8880866425992779,1,False
HYBRID_TALON,10,patient033,patient033_case01,IBC,IBC_patient027_0059.jpg,1,,off_target_fp,16,0,0.0,0.0,0.0,0.0,0,False
HYBRID_TALON,10,patient033,patient033_case01,IBC,IBC_patient027_0059.jpg,2,1.0,strong_75_plus,343,312,0.975,0.9096209912536443,0.9096209912536443,0.8888888888888888,1,False
HYBRID_TALON,10,patient033,patient033_case01,IBC,IBC_patient027_0060.jpg,1,1.0,strong_75_plus,386,318,0.9814814814814815,0.8238341968911918,0.8238341968911918,0.8112244897959183,1,False
HYBRID_TALON,10,patient033,patient033_case01,IBC,IBC_patient027_0061.jpg,1,,off_target_fp,18,0,0.0,0.0,0.0,0.0,0,False
HYBRID_TALON,10,patient033,patient033_case01,IBC,IBC_patient027_0061.jpg,2,1.0,strong_75_plus,344,287,0.9566666666666667,0.8343023255813954,0.8343023255813954,0.803921568627451,1,False
HYBRID_TALON,10,patient033,patient033_case01,IBC,IBC_patient027_0061.jpg,3,,off_target_fp,22,0,0.0,0.0,0.0,0.0,0,False
HYBRID_TALON,10,patient033,patient033_case01,IBC,IBC_patient027_0062.jpg,1,,off_target_fp,49,0,0.0,0.0,0.0,0.0,0,False
HYBRID_TALON,10,patient033,patient033_case01,IBC,IBC_patient027_0062.jpg,2,,off_target_fp,115,0,0.0,0.0,0.0,0.0,0,False
HYBRID_TALON,10,patient033,patient033_case01,IBC,IBC_patient027_0062.jpg,3,1.0,moderate_50_to_75,240,142,0.9861111111111112,0.5916666666666667,0.5916666666666667,0.5867768595041323,1,False
HYBRID_TALON,10,patient033,patient033_case01,IBC,IBC_patient027_0063.jpg,1,,off_target_fp,14,0,0.0,0.0,0.0,0.0,0,False
HYBRID_TALON,10,patient033,patient033_case01,IBC,IBC_patient027_0063.jpg,2,1.0,low_25_to_50,165,63,0.984375,0.38181818181818183,0.38181818181818183,0.3795180722891566,1,False
HYBRID_TALON,10,patient035,patient035_case01,IBC,IBC_patient028_0114.jpg,1,,off_target_fp,14,0,0.0,0.0,0.0,0.0,0,False
HYBRID_TALON,10,patient035,patient035_case01,IBC,IBC_patient028_0115.jpg,1,,off_target_fp,150,0,0.0,0.0,0.0,0.0,0,False
HYBRID_TALON,10,patient035,patient035_case01,IBC,IBC_patient028_0115.jpg,2,1.0,moderate_50_to_75,271,271,0.6049107142857143,1.0,0.6049107142857143,0.6049107142857143,1,False
HYBRID_TALON,10,patient035,patient035_case01,IBC,IBC_patient028_0116.jpg,1,,off_target_fp,213,0,0.0,0.0,0.0,0.0,0,False
HYBRID_TALON,10,patient035,patient035_case01,IBC,IBC_patient028_0116.jpg,2,1.0,moderate_50_to_75,416,406,0.7097902097902098,0.9759615384615384,0.7097902097902098,0.697594501718213,1,False
HYBRID_TALON,10,patient035,patient035_case01,IBC,IBC_patient028_0117.jpg,1,,off_target_fp,237,0,0.0,0.0,0.0,0.0,0,False
HYBRID_TALON,10,patient035,patient035_case01,IBC,IBC_patient028_0117.jpg,2,1.0,strong_75_plus,638,606,0.9017857142857143,0.9498432601880877,0.9017857142857143,0.8607954545454546,1,False
HYBRID_TALON,10,patient035,patient035_case01,IBC,IBC_patient028_0118.jpg,1,1.0,moderate_50_to_75,1014,744,0.93,0.7337278106508875,0.7337278106508875,0.6953271028037383,1,False
HYBRID_TALON,10,patient035,patient035_case01,IBC,IBC_patient028_0119.jpg,1,1.0,strong_75_plus,1036,786,0.8891402714932126,0.7586872586872587,0.7586872586872587,0.6931216931216931,1,False
HYBRID_TALON,10,patient035,patient035_case01,IBC,IBC_patient028_0120.jpg,1,1.0,strong_75_plus,1133,1041,0.8504901960784313,0.9187996469549867,0.8504901960784313,0.791033434650456,1,False
HYBRID_TALON,10,patient035,patient035_case01,IBC,IBC_patient028_0121.jpg,1,1.0,strong_75_plus,1143,1033,0.8303858520900321,0.9037620297462817,0.8303858520900321,0.7629246676514032,1,False
HYBRID_TALON,10,patient035,patient035_case01,IBC,IBC_patient028_0122.jpg,1,1.0,strong_75_plus,1186,1141,0.8035211267605634,0.9620573355817875,0.8035211267605634,0.778839590443686,1,False
HYBRID_TALON,10,patient035,patient035_case01,IBC,IBC_patient028_0123.jpg,1,1.0,moderate_50_to_75,1111,1092,0.5711297071129707,0.9828982898289829,0.5711297071129707,0.5655100983946142,1,False
HYBRID_TALON,10,patient035,patient035_case01,IBC,IBC_patient028_0123.jpg,2,1.0,partial_below_25,22,22,0.011506276150627616,1.0,0.011506276150627616,0.011506276150627616,1,False
HYBRID_TALON,10,patient035,patient035_case01,IBC,IBC_patient028_0124.jpg,1,1.0,moderate_50_to_75,1142,1090,0.5712788259958071,0.9544658493870403,0.5712788259958071,0.5561224489795918,1,False
HYBRID_TALON,10,patient035,patient035_case01,IBC,IBC_patient028_0124.jpg,2,,off_target_fp,24,0,0.0,0.0,0.0,0.0,0,False
HYBRID_TALON,10,patient035,patient035_case01,IBC,IBC_patient028_0125.jpg,1,1.0,moderate_50_to_75,1087,1042,0.5338114754098361,0.9586016559337627,0.5338114754098361,0.5217826740110165,1,False
HYBRID_TALON,10,patient035,patient035_case01,IBC,IBC_patient028_0126.jpg,1,1.0,moderate_50_to_75,1126,1104,0.5369649805447471,0.9804618117229129,0.5369649805447471,0.5312800769971127,1,False
HYBRID_TALON,10,patient035,patient035_case01,IBC,IBC_patient028_0127.jpg,1,1.0,low_25_to_50,1167,1165,0.4870401337792642,0.998286203941731,0.4870401337792642,0.48663324979114453,1,False
HYBRID_TALON,10,patient035,patient035_case01,IBC,IBC_patient028_0128.jpg,1,1.0,moderate_50_to_75,1295,1167,0.5100524475524476,0.9011583011583012,0.5100524475524476,0.4830298013245033,1,False
HYBRID_TALON,10,patient035,patient035_case01,IBC,IBC_patient028_0129.jpg,1,1.0,moderate_50_to_75,1388,1239,0.5424693520140105,0.8926512968299711,0.5424693520140105,0.5092478421701603,1,False
HYBRID_TALON,10,patient035,patient035_case01,IBC,IBC_patient028_0130.jpg,1,1.0,moderate_50_to_75,1559,1392,0.6327272727272727,0.8928800513149455,0.6327272727272727,0.5880861850443599,1,False
HYBRID_TALON,10,patient035,patient035_case01,IBC,IBC_patient028_0131.jpg,1,1.0,partial_below_25,99,99,0.043043478260869565,1.0,0.043043478260869565,0.043043478260869565,1,False
HYBRID_TALON,10,patient035,patient035_case01,IBC,IBC_patient028_0131.jpg,2,1.0,moderate_50_to_75,1557,1414,0.6147826086956522,0.9081567116249197,0.6147826086956522,0.5787965616045845,1,False
HYBRID_TALON,10,patient035,patient035_case01,IBC,IBC_patient028_0132.jpg,1,1.0,partial_below_25,92,92,0.039655172413793106,1.0,0.039655172413793106,0.039655172413793106,1,False
HYBRID_TALON,10,patient035,patient035_case01,IBC,IBC_patient028_0132.jpg,2,1.0,partial_below_25,445,356,0.15344827586206897,0.8,0.15344827586206897,0.1477791614777916,1,False
HYBRID_TALON,10,patient035,patient035_case01,IBC,IBC_patient028_0132.jpg,3,1.0,low_25_to_50,990,973,0.4193965517241379,0.9828282828282828,0.4193965517241379,0.4163457424047925,1,False
HYBRID_TALON,10,patient035,patient035_case01,IBC,IBC_patient028_0133.jpg,1,1.0,partial_below_25,50,38,0.018199233716475097,0.76,0.018199233716475097,0.018095238095238095,1,False
HYBRID_TALON,10,patient035,patient035_case01,IBC,IBC_patient028_0133.jpg,2,1.0,low_25_to_50,960,889,0.4257662835249042,0.9260416666666667,0.4257662835249042,0.4117647058823529,1,False
HYBRID_TALON,10,patient035,patient035_case01,IBC,IBC_patient028_0133.jpg,3,1.0,partial_below_25,364,286,0.13697318007662834,0.7857142857142857,0.13697318007662834,0.13204062788550322,1,False
HYBRID_TALON,10,patient035,patient035_case01,IBC,IBC_patient028_0134.jpg,1,1.0,partial_below_25,13,1,0.00048449612403100775,0.07692307692307693,0.00048449612403100775,0.0004816955684007707,1,False
HYBRID_TALON,10,patient035,patient035_case01,IBC,IBC_patient028_0134.jpg,2,1.0,partial_below_25,302,250,0.12112403100775193,0.8278145695364238,0.12112403100775193,0.11814744801512288,1,False
HYBRID_TALON,10,patient035,patient035_case01,IBC,IBC_patient028_0134.jpg,3,1.0,low_25_to_50,861,797,0.3861434108527132,0.9256678281068524,0.3861434108527132,0.37453007518796994,1,False
HYBRID_TALON,10,patient035,patient035_case01,IBC,IBC_patient028_0135.jpg,1,1.0,low_25_to_50,849,780,0.3686200378071834,0.9187279151943463,0.3686200378071834,0.35697940503432496,1,False
HYBRID_TALON,10,patient035,patient035_case01,IBC,IBC_patient028_0135.jpg,2,1.0,partial_below_25,286,281,0.1327977315689981,0.9825174825174825,0.1327977315689981,0.1324846770391325,1,False
HYBRID_TALON,10,patient035,patient035_case01,IBC,IBC_patient028_0136.jpg,1,1.0,low_25_to_50,795,749,0.3392210144927536,0.9421383647798742,0.3392210144927536,0.33229813664596275,1,False
HYBRID_TALON,10,patient035,patient035_case01,IBC,IBC_patient028_0136.jpg,2,1.0,partial_below_25,258,258,0.11684782608695653,1.0,0.11684782608695653,0.11684782608695653,1,False
HYBRID_TALON,10,patient035,patient035_case01,IBC,IBC_patient028_0137.jpg,1,1.0,low_25_to_50,544,534,0.2654075546719682,0.9816176470588235,0.2654075546719682,0.26409495548961426,1,False
HYBRID_TALON,10,patient035,patient035_case01,IBC,IBC_patient028_0137.jpg,2,1.0,partial_below_25,50,50,0.02485089463220676,1.0,0.02485089463220676,0.02485089463220676,1,False
HYBRID_TALON,10,patient035,patient035_case01,IBC,IBC_patient028_0137.jpg,3,1.0,partial_below_25,19,19,0.009443339960238568,1.0,0.009443339960238568,0.009443339960238568,1,False
HYBRID_TALON,10,patient035,patient035_case01,IBC,IBC_patient028_0138.jpg,1,1.0,partial_below_25,338,312,0.15234375,0.9230769230769231,0.15234375,0.15043394406943106,1,False
HYBRID_TALON,10,patient035,patient035_case01,IBC,IBC_patient028_0139.jpg,1,1.0,partial_below_25,234,184,0.10526315789473684,0.7863247863247863,0.10526315789473684,0.10233592880978866,1,False
HYBRID_TALON,10,patient035,patient035_case01,IBC,IBC_patient028_0140.jpg,1,1.0,partial_below_25,126,113,0.06405895691609978,0.8968253968253969,0.06405895691609978,0.06359032076533483,1,False
HYBRID_TALON,10,patient035,patient035_case01,IBC,IBC_patient028_0141.jpg,1,1.0,partial_below_25,47,47,0.0254880694143167,1.0,0.0254880694143167,0.0254880694143167,1,False
HYBRID_TALON,10,patient035,patient035_case01,IBC,IBC_patient028_0145.jpg,1,1.0,partial_below_25,25,25,0.025510204081632654,1.0,0.025510204081632654,0.025510204081632654,1,False
HYBRID_TALON,10,patient035,patient035_case01,IBC,IBC_patient028_0146.jpg,1,1.0,partial_below_25,98,98,0.09351145038167939,1.0,0.09351145038167939,0.09351145038167939,1,False
HYBRID_TALON,10,patient035,patient035_case01,IBC,IBC_patient028_0146.jpg,2,1.0,partial_below_25,15,15,0.01431297709923664,1.0,0.01431297709923664,0.01431297709923664,1,False
HYBRID_TALON,10,patient035,patient035_case01,IBC,IBC_patient028_0150.jpg,1,,off_target_fp,12,0,0.0,0.0,0.0,0.0,0,False
HYBRID_TALON,10,patient035,patient035_case01,IBC,IBC_patient028_0151.jpg,1,,off_target_fp,35,0,0.0,0.0,0.0,0.0,0,False
HYBRID_TALON,10,patient035,patient035_case01,IBC,IBC_patient028_0152.jpg,1,,off_target_fp,57,0,0.0,0.0,0.0,0.0,0,False
HYBRID_TALON,10,patient040,patient040_case01,IBC,IBC_patient030_0123.jpg,1,,off_target_fp,15,0,0.0,0.0,0.0,0.0,0,False
HYBRID_TALON,10,patient040,patient040_case01,IBC,IBC_patient030_0123.jpg,2,,off_target_fp,44,0,0.0,0.0,0.0,0.0,0,False
HYBRID_TALON,10,patient040,patient040_case01,IBC,IBC_patient030_0123.jpg,3,,off_target_fp,22,0,0.0,0.0,0.0,0.0,0,False
HYBRID_TALON,10,patient040,patient040_case01,IBC,IBC_patient030_0123.jpg,4,,off_target_fp,149,0,0.0,0.0,0.0,0.0,0,False
HYBRID_TALON,10,patient040,patient040_case01,IBC,IBC_patient030_0123.jpg,5,,off_target_fp,12,0,0.0,0.0,0.0,0.0,0,False
HYBRID_TALON,10,patient040,patient040_case01,IBC,IBC_patient030_0124.jpg,1,,off_target_fp,26,0,0.0,0.0,0.0,0.0,0,False
HYBRID_TALON,10,patient040,patient040_case01,IBC,IBC_patient030_0124.jpg,2,,off_target_fp,145,0,0.0,0.0,0.0,0.0,0,False
HYBRID_TALON,10,patient040,patient040_case01,IBC,IBC_patient030_0124.jpg,3,,off_target_fp,11,0,0.0,0.0,0.0,0.0,0,False
HYBRID_TALON,10,patient040,patient040_case01,IBC,IBC_patient030_0125.jpg,1,,off_target_fp,18,0,0.0,0.0,0.0,0.0,0,False
HYBRID_TALON,10,patient040,patient040_case01,IBC,IBC_patient030_0125.jpg,2,,off_target_fp,127,0,0.0,0.0,0.0,0.0,0,False
HYBRID_TALON,10,patient040,patient040_case01,IBC,IBC_patient030_0125.jpg,3,,off_target_fp,17,0,0.0,0.0,0.0,0.0,0,False
HYBRID_TALON,10,patient040,patient040_case01,IBC,IBC_patient030_0126.jpg,1,,off_target_fp,11,0,0.0,0.0,0.0,0.0,0,False
HYBRID_TALON,10,patient040,patient040_case01,IBC,IBC_patient030_0126.jpg,2,,off_target_fp,106,0,0.0,0.0,0.0,0.0,0,False
HYBRID_TALON,10,patient040,patient040_case01,IBC,IBC_patient030_0126.jpg,3,,off_target_fp,28,0,0.0,0.0,0.0,0.0,0,False
HYBRID_TALON,10,patient040,patient040_case01,IBC,IBC_patient030_0127.jpg,1,1.0,low_25_to_50,46,46,0.4791666666666667,1.0,0.4791666666666667,0.4791666666666667,1,False
HYBRID_TALON,10,patient040,patient040_case01,IBC,IBC_patient030_0127.jpg,2,,off_target_fp,10,0,0.0,0.0,0.0,0.0,0,False
HYBRID_TALON,10,patient040,patient040_case01,IBC,IBC_patient030_0127.jpg,3,,off_target_fp,31,0,0.0,0.0,0.0,0.0,0,False
HYBRID_TALON,10,patient040,patient040_case01,IBC,IBC_patient030_0128.jpg,1,1.0,moderate_50_to_75,71,69,0.5227272727272727,0.971830985915493,0.5227272727272727,0.5149253731343284,1,False
HYBRID_TALON,10,patient040,patient040_case01,IBC,IBC_patient030_0128.jpg,2,,off_target_fp,19,0,0.0,0.0,0.0,0.0,0,False
HYBRID_TALON,10,patient040,patient040_case01,IBC,IBC_patient030_0128.jpg,3,,off_target_fp,24,0,0.0,0.0,0.0,0.0,0,False
HYBRID_TALON,10,patient040,patient040_case01,IBC,IBC_patient030_0129.jpg,1,1.0,low_25_to_50,46,46,0.3026315789473684,1.0,0.3026315789473684,0.3026315789473684,1,False
HYBRID_TALON,10,patient040,patient040_case01,IBC,IBC_patient030_0129.jpg,2,,off_target_fp,23,0,0.0,0.0,0.0,0.0,0,False
HYBRID_TALON,10,patient040,patient040_case01,IBC,IBC_patient030_0130.jpg,1,1.0,partial_below_25,12,11,0.10576923076923077,0.9166666666666666,0.10576923076923077,0.10476190476190476,1,False
HYBRID_TALON,10,patient040,patient040_case01,IBC,IBC_patient030_0130.jpg,2,,off_target_fp,25,0,0.0,0.0,0.0,0.0,0,False
HYBRID_TALON,10,patient040,patient040_case01,IBC,IBC_patient030_0131.jpg,1,,off_target_fp,13,0,0.0,0.0,0.0,0.0,0,False
HYBRID_TALON,10,patient042,patient042_case01,IBC,IBC_patient031_0101.jpg,1,,off_target_fp,18,0,0.0,0.0,0.0,0.0,0,False
HYBRID_TALON,10,patient042,patient042_case01,IBC,IBC_patient031_0102.jpg,1,1.0,partial_below_25,30,30,0.13157894736842105,1.0,0.13157894736842105,0.13157894736842105,1,False
HYBRID_TALON,10,patient042,patient042_case01,IBC,IBC_patient031_0102.jpg,2,1.0,partial_below_25,14,14,0.06140350877192982,1.0,0.06140350877192982,0.06140350877192982,1,False
HYBRID_TALON,10,patient042,patient042_case01,IBC,IBC_patient031_0103.jpg,1,1.0,strong_75_plus,265,261,0.8474025974025974,0.9849056603773585,0.8474025974025974,0.8365384615384616,1,False
HYBRID_TALON,10,patient042,patient042_case01,IBC,IBC_patient031_0104.jpg,1,1.0,strong_75_plus,364,338,0.8894736842105263,0.9285714285714286,0.8894736842105263,0.8325123152709359,1,False
HYBRID_TALON,10,patient042,patient042_case01,IBC,IBC_patient031_0105.jpg,1,1.0,strong_75_plus,434,390,0.9112149532710281,0.8986175115207373,0.8986175115207373,0.826271186440678,1,False
HYBRID_TALON,10,patient042,patient042_case01,IBC,IBC_patient031_0106.jpg,1,1.0,strong_75_plus,493,460,0.9126984126984127,0.9330628803245437,0.9126984126984127,0.8566108007448789,1,False
HYBRID_TALON,10,patient042,patient042_case01,IBC,IBC_patient031_0107.jpg,1,1.0,strong_75_plus,554,500,0.9541984732824428,0.9025270758122743,0.9025270758122743,0.8650519031141869,1,False
HYBRID_TALON,10,patient042,patient042_case01,IBC,IBC_patient031_0108.jpg,1,1.0,strong_75_plus,586,542,0.928082191780822,0.9249146757679181,0.9249146757679181,0.8630573248407644,1,False
HYBRID_TALON,10,patient042,patient042_case01,IBC,IBC_patient031_0109.jpg,1,1.0,strong_75_plus,604,573,0.8953125,0.9486754966887417,0.8953125,0.8539493293591655,1,False
HYBRID_TALON,10,patient042,patient042_case01,IBC,IBC_patient031_0110.jpg,1,1.0,strong_75_plus,631,595,0.9015151515151515,0.9429477020602218,0.9015151515151515,0.8548850574712644,1,False
HYBRID_TALON,10,patient042,patient042_case01,IBC,IBC_patient031_0111.jpg,1,1.0,strong_75_plus,639,588,0.8647058823529412,0.92018779342723,0.8647058823529412,0.8043775649794802,1,False
HYBRID_TALON,10,patient042,patient042_case01,IBC,IBC_patient031_0111.jpg,2,,off_target_fp,11,0,0.0,0.0,0.0,0.0,0,False
HYBRID_TALON,10,patient042,patient042_case01,IBC,IBC_patient031_0112.jpg,1,1.0,strong_75_plus,637,609,0.8851744186046512,0.9560439560439561,0.8851744186046512,0.8505586592178771,1,False
HYBRID_TALON,10,patient042,patient042_case01,IBC,IBC_patient031_0113.jpg,1,1.0,strong_75_plus,644,595,0.9296875,0.9239130434782609,0.9239130434782609,0.8635703918722787,1,False
HYBRID_TALON,10,patient042,patient042_case01,IBC,IBC_patient031_0114.jpg,1,1.0,strong_75_plus,648,606,0.907185628742515,0.9351851851851852,0.907185628742515,0.8535211267605634,1,False
HYBRID_TALON,10,patient042,patient042_case01,IBC,IBC_patient031_0114.jpg,2,,off_target_fp,56,0,0.0,0.0,0.0,0.0,0,False
HYBRID_TALON,10,patient042,patient042_case01,IBC,IBC_patient031_0115.jpg,1,1.0,strong_75_plus,594,506,0.9233576642335767,0.8518518518518519,0.8518518518518519,0.7955974842767296,1,False
HYBRID_TALON,10,patient042,patient042_case01,IBC,IBC_patient031_0115.jpg,2,,off_target_fp,83,0,0.0,0.0,0.0,0.0,0,False
HYBRID_TALON,10,patient042,patient042_case01,IBC,IBC_patient031_0116.jpg,1,1.0,strong_75_plus,520,457,0.9067460317460317,0.8788461538461538,0.8788461538461538,0.8059964726631393,1,False
HYBRID_TALON,10,patient042,patient042_case01,IBC,IBC_patient031_0116.jpg,2,,off_target_fp,96,0,0.0,0.0,0.0,0.0,0,False
HYBRID_TALON,10,patient042,patient042_case01,IBC,IBC_patient031_0117.jpg,1,1.0,strong_75_plus,484,433,0.9173728813559322,0.8946280991735537,0.8946280991735537,0.8279158699808795,1,False
HYBRID_TALON,10,patient042,patient042_case01,IBC,IBC_patient031_0117.jpg,2,,off_target_fp,21,0,0.0,0.0,0.0,0.0,0,False
HYBRID_TALON,10,patient042,patient042_case01,IBC,IBC_patient031_0117.jpg,3,,off_target_fp,139,0,0.0,0.0,0.0,0.0,0,False
HYBRID_TALON,10,patient042,patient042_case01,IBC,IBC_patient031_0118.jpg,1,1.0,strong_75_plus,447,401,0.9369158878504673,0.8970917225950783,0.8970917225950783,0.8459915611814346,1,False
HYBRID_TALON,10,patient042,patient042_case01,IBC,IBC_patient031_0118.jpg,2,,off_target_fp,21,0,0.0,0.0,0.0,0.0,0,False
HYBRID_TALON,10,patient042,patient042_case01,IBC,IBC_patient031_0118.jpg,3,,off_target_fp,15,0,0.0,0.0,0.0,0.0,0,False
HYBRID_TALON,10,patient042,patient042_case01,IBC,IBC_patient031_0118.jpg,4,,off_target_fp,207,0,0.0,0.0,0.0,0.0,0,False
HYBRID_TALON,10,patient042,patient042_case01,IBC,IBC_patient031_0119.jpg,1,1.0,strong_75_plus,406,338,0.9086021505376344,0.8325123152709359,0.8325123152709359,0.7681818181818182,1,False
HYBRID_TALON,10,patient042,patient042_case01,IBC,IBC_patient031_0119.jpg,2,,off_target_fp,27,0,0.0,0.0,0.0,0.0,0,False
HYBRID_TALON,10,patient042,patient042_case01,IBC,IBC_patient031_0119.jpg,3,,off_target_fp,193,0,0.0,0.0,0.0,0.0,0,False
HYBRID_TALON,10,patient042,patient042_case01,IBC,IBC_patient031_0120.jpg,1,1.0,strong_75_plus,350,339,0.7566964285714286,0.9685714285714285,0.7566964285714286,0.738562091503268,1,False
HYBRID_TALON,10,patient042,patient042_case01,IBC,IBC_patient031_0120.jpg,2,,off_target_fp,20,0,0.0,0.0,0.0,0.0,0,False
HYBRID_TALON,10,patient042,patient042_case01,IBC,IBC_patient031_0120.jpg,3,,off_target_fp,14,0,0.0,0.0,0.0,0.0,0,False
HYBRID_TALON,10,patient042,patient042_case01,IBC,IBC_patient031_0120.jpg,4,,off_target_fp,28,0,0.0,0.0,0.0,0.0,0,False
HYBRID_TALON,10,patient042,patient042_case01,IBC,IBC_patient031_0120.jpg,5,,off_target_fp,161,0,0.0,0.0,0.0,0.0,0,False
HYBRID_TALON,10,patient042,patient042_case01,IBC,IBC_patient031_0121.jpg,1,1.0,moderate_50_to_75,247,166,0.9651162790697675,0.6720647773279352,0.6720647773279352,0.6561264822134387,1,False
HYBRID_TALON,10,patient042,patient042_case01,IBC,IBC_patient031_0121.jpg,2,,off_target_fp,11,0,0.0,0.0,0.0,0.0,0,False
HYBRID_TALON,10,patient042,patient042_case01,IBC,IBC_patient031_0121.jpg,3,,off_target_fp,26,0,0.0,0.0,0.0,0.0,0,False
HYBRID_TALON,10,patient042,patient042_case01,IBC,IBC_patient031_0121.jpg,4,,off_target_fp,48,0,0.0,0.0,0.0,0.0,0,False
HYBRID_TALON,10,patient042,patient042_case01,IBC,IBC_patient031_0121.jpg,5,,off_target_fp,127,0,0.0,0.0,0.0,0.0,0,False
HYBRID_TALON,10,patient042,patient042_case01,IBC,IBC_patient031_0122.jpg,1,1.0,low_25_to_50,71,67,0.35638297872340424,0.9436619718309859,0.35638297872340424,0.3489583333333333,1,False
HYBRID_TALON,10,patient042,patient042_case01,IBC,IBC_patient031_0122.jpg,2,,off_target_fp,41,0,0.0,0.0,0.0,0.0,0,False
HYBRID_TALON,10,patient042,patient042_case01,IBC,IBC_patient031_0122.jpg,3,,off_target_fp,46,0,0.0,0.0,0.0,0.0,0,False
HYBRID_TALON,10,patient042,patient042_case01,IBC,IBC_patient031_0122.jpg,4,,off_target_fp,51,0,0.0,0.0,0.0,0.0,0,False
HYBRID_TALON,10,patient042,patient042_case01,IBC,IBC_patient031_0122.jpg,5,,off_target_fp,79,0,0.0,0.0,0.0,0.0,0,False
HYBRID_TALON,10,patient044,patient044_case01,IBC,IBC_patient032_0054.jpg,1,,off_target_fp,43,0,0.0,0.0,0.0,0.0,0,False
HYBRID_TALON,10,patient044,patient044_case01,IBC,IBC_patient032_0054.jpg,2,,off_target_fp,31,0,0.0,0.0,0.0,0.0,0,False
HYBRID_TALON,10,patient044,patient044_case01,IBC,IBC_patient032_0054.jpg,3,,off_target_fp,176,0,0.0,0.0,0.0,0.0,0,False
HYBRID_TALON,10,patient044,patient044_case01,IBC,IBC_patient032_0054.jpg,4,,off_target_fp,54,0,0.0,0.0,0.0,0.0,0,False
HYBRID_TALON,10,patient044,patient044_case01,IBC,IBC_patient032_0054.jpg,5,1.0,partial_below_25,17,15,0.09375,0.8823529411764706,0.09375,0.09259259259259259,1,False
HYBRID_TALON,10,patient044,patient044_case01,IBC,IBC_patient032_0055.jpg,1,,off_target_fp,12,0,0.0,0.0,0.0,0.0,0,False
HYBRID_TALON,10,patient044,patient044_case01,IBC,IBC_patient032_0055.jpg,2,,off_target_fp,13,0,0.0,0.0,0.0,0.0,0,False
HYBRID_TALON,10,patient044,patient044_case01,IBC,IBC_patient032_0055.jpg,3,,off_target_fp,251,0,0.0,0.0,0.0,0.0,0,False
HYBRID_TALON,10,patient044,patient044_case01,IBC,IBC_patient032_0055.jpg,4,1.0,strong_75_plus,249,231,0.77,0.927710843373494,0.77,0.7264150943396226,1,False
HYBRID_TALON,10,patient044,patient044_case01,IBC,IBC_patient032_0056.jpg,1,,off_target_fp,20,0,0.0,0.0,0.0,0.0,0,False
HYBRID_TALON,10,patient044,patient044_case01,IBC,IBC_patient032_0056.jpg,2,,off_target_fp,19,0,0.0,0.0,0.0,0.0,0,False
HYBRID_TALON,10,patient044,patient044_case01,IBC,IBC_patient032_0056.jpg,3,,off_target_fp,13,0,0.0,0.0,0.0,0.0,0,False
HYBRID_TALON,10,patient044,patient044_case01,IBC,IBC_patient032_0056.jpg,4,1.0,low_25_to_50,111,102,0.2602040816326531,0.918918918918919,0.2602040816326531,0.2543640897755611,1,False
HYBRID_TALON,10,patient044,patient044_case01,IBC,IBC_patient032_0057.jpg,1,,off_target_fp,20,0,0.0,0.0,0.0,0.0,0,False
HYBRID_TALON,10,patient044,patient044_case01,IBC,IBC_patient032_0057.jpg,2,1.0,low_25_to_50,319,292,0.41954022988505746,0.9153605015673981,0.41954022988505746,0.40387275242047027,1,False
HYBRID_TALON,10,patient044,patient044_case01,IBC,IBC_patient032_0058.jpg,1,1.0,moderate_50_to_75,692,682,0.7445414847161572,0.9855491329479769,0.7445414847161572,0.7365010799136069,1,False
HYBRID_TALON,10,patient044,patient044_case01,IBC,IBC_patient032_0059.jpg,1,1.0,moderate_50_to_75,558,465,0.5406976744186046,0.8333333333333334,0.5406976744186046,0.4879328436516264,1,False
HYBRID_TALON,10,patient044,patient044_case01,IBC,IBC_patient032_0060.jpg,1,1.0,moderate_50_to_75,622,564,0.7268041237113402,0.9067524115755627,0.7268041237113402,0.6762589928057554,1,False
HYBRID_TALON,10,patient044,patient044_case01,IBC,IBC_patient032_0061.jpg,1,1.0,strong_75_plus,567,532,0.7777777777777778,0.9382716049382716,0.7777777777777778,0.7399165507649513,1,False
HYBRID_TALON,10,patient044,patient044_case01,IBC,IBC_patient032_0062.jpg,1,1.0,moderate_50_to_75,427,417,0.7043918918918919,0.9765807962529274,0.7043918918918919,0.6926910299003323,1,False
HYBRID_TALON,10,patient044,patient044_case01,IBC,IBC_patient032_0063.jpg,1,,off_target_fp,32,0,0.0,0.0,0.0,0.0,0,False
HYBRID_TALON,10,patient044,patient044_case01,IBC,IBC_patient032_0063.jpg,2,1.0,strong_75_plus,318,284,0.8987341772151899,0.8930817610062893,0.8930817610062893,0.8114285714285714,1,False
HYBRID_TALON,10,patient044,patient044_case01,IBC,IBC_patient032_0064.jpg,1,,off_target_fp,77,0,0.0,0.0,0.0,0.0,0,False
HYBRID_TALON,10,patient044,patient044_case01,IBC,IBC_patient032_0064.jpg,2,,off_target_fp,12,0,0.0,0.0,0.0,0.0,0,False
HYBRID_TALON,10,patient044,patient044_case01,IBC,IBC_patient032_0064.jpg,3,,off_target_fp,14,0,0.0,0.0,0.0,0.0,0,False
HYBRID_TALON,10,patient043,patient043_case01,IGM,IGM_patient032_0141.jpg,1,,off_target_fp,15,0,0.0,0.0,0.0,0.0,0,False
HYBRID_TALON,10,patient043,patient043_case01,IGM,IGM_patient032_0141.jpg,2,,off_target_fp,19,0,0.0,0.0,0.0,0.0,0,False
HYBRID_TALON,10,patient043,patient043_case01,IGM,IGM_patient032_0141.jpg,3,,off_target_fp,34,0,0.0,0.0,0.0,0.0,0,False
HYBRID_TALON,10,patient043,patient043_case01,IGM,IGM_patient032_0142.jpg,1,,off_target_fp,11,0,0.0,0.0,0.0,0.0,0,False
HYBRID_TALON,10,patient043,patient043_case01,IGM,IGM_patient032_0142.jpg,2,,off_target_fp,12,0,0.0,0.0,0.0,0.0,0,False
HYBRID_TALON,10,patient043,patient043_case01,IGM,IGM_patient032_0142.jpg,3,,off_target_fp,34,0,0.0,0.0,0.0,0.0,0,False
HYBRID_TALON,10,patient043,patient043_case01,IGM,IGM_patient032_0143.jpg,1,,off_target_fp,13,0,0.0,0.0,0.0,0.0,0,False
HYBRID_TALON,10,patient043,patient043_case01,IGM,IGM_patient032_0143.jpg,2,1.0,strong_75_plus,104,89,0.8240740740740741,0.8557692307692307,0.8240740740740741,0.7235772357723578,1,False
HYBRID_TALON,10,patient043,patient043_case01,IGM,IGM_patient032_0143.jpg,3,,off_target_fp,17,0,0.0,0.0,0.0,0.0,0,False
HYBRID_TALON,10,patient043,patient043_case01,IGM,IGM_patient032_0143.jpg,4,,off_target_fp,42,0,0.0,0.0,0.0,0.0,0,False
HYBRID_TALON,10,patient043,patient043_case01,IGM,IGM_patient032_0144.jpg,1,1.0,strong_75_plus,147,141,0.8597560975609756,0.9591836734693877,0.8597560975609756,0.8294117647058824,1,False
HYBRID_TALON,10,patient043,patient043_case01,IGM,IGM_patient032_0144.jpg,2,,off_target_fp,10,0,0.0,0.0,0.0,0.0,0,False
HYBRID_TALON,10,patient043,patient043_case01,IGM,IGM_patient032_0144.jpg,3,,off_target_fp,32,0,0.0,0.0,0.0,0.0,0,False
HYBRID_TALON,10,patient043,patient043_case01,IGM,IGM_patient032_0145.jpg,1,1.0,strong_75_plus,176,152,0.95,0.8636363636363636,0.8636363636363636,0.8260869565217391,1,False
HYBRID_TALON,10,patient043,patient043_case01,IGM,IGM_patient032_0145.jpg,2,,off_target_fp,19,0,0.0,0.0,0.0,0.0,0,False
HYBRID_TALON,10,patient043,patient043_case01,IGM,IGM_patient032_0146.jpg,1,1.0,moderate_50_to_75,184,132,1.0,0.717391304347826,0.717391304347826,0.717391304347826,1,False
HYBRID_TALON,10,patient043,patient043_case01,IGM,IGM_patient032_0146.jpg,2,,off_target_fp,16,0,0.0,0.0,0.0,0.0,0,False
HYBRID_TALON,10,patient043,patient043_case01,IGM,IGM_patient032_0147.jpg,1,,off_target_fp,35,0,0.0,0.0,0.0,0.0,0,False
HYBRID_TALON,10,patient043,patient043_case01,IGM,IGM_patient032_0147.jpg,2,1.0,strong_75_plus,181,164,0.8723404255319149,0.9060773480662984,0.8723404255319149,0.8,1,False
HYBRID_TALON,10,patient043,patient043_case01,IGM,IGM_patient032_0147.jpg,3,,off_target_fp,15,0,0.0,0.0,0.0,0.0,0,False
HYBRID_TALON,10,patient043,patient043_case01,IGM,IGM_patient032_0148.jpg,1,,off_target_fp,84,0,0.0,0.0,0.0,0.0,0,False
HYBRID_TALON,10,patient043,patient043_case01,IGM,IGM_patient032_0148.jpg,2,1.0,strong_75_plus,173,158,0.8977272727272727,0.9132947976878613,0.8977272727272727,0.8272251308900523,1,False
HYBRID_TALON,10,patient043,patient043_case01,IGM,IGM_patient032_0148.jpg,3,,off_target_fp,11,0,0.0,0.0,0.0,0.0,0,False
HYBRID_TALON,10,patient043,patient043_case01,IGM,IGM_patient032_0149.jpg,1,,off_target_fp,112,0,0.0,0.0,0.0,0.0,0,False
HYBRID_TALON,10,patient043,patient043_case01,IGM,IGM_patient032_0149.jpg,2,1.0,strong_75_plus,140,109,0.9083333333333333,0.7785714285714286,0.7785714285714286,0.7218543046357616,1,False
HYBRID_TALON,10,patient043,patient043_case01,IGM,IGM_patient032_0149.jpg,3,,off_target_fp,25,0,0.0,0.0,0.0,0.0,0,False
HYBRID_TALON,10,patient043,patient043_case01,IGM,IGM_patient032_0150.jpg,1,,off_target_fp,115,0,0.0,0.0,0.0,0.0,0,False
HYBRID_TALON,10,patient043,patient043_case01,IGM,IGM_patient032_0150.jpg,2,,off_target_fp,34,0,0.0,0.0,0.0,0.0,0,False
HYBRID_TALON,10,patient043,patient043_case01,IGM,IGM_patient032_0150.jpg,3,1.0,strong_75_plus,114,92,0.8518518518518519,0.8070175438596491,0.8070175438596491,0.7076923076923077,1,False
HYBRID_TALON,10,patient043,patient043_case01,IGM,IGM_patient032_0150.jpg,4,,off_target_fp,35,0,0.0,0.0,0.0,0.0,0,False
HYBRID_TALON,10,patient043,patient043_case01,IGM,IGM_patient032_0151.jpg,1,,off_target_fp,105,0,0.0,0.0,0.0,0.0,0,False
HYBRID_TALON,10,patient043,patient043_case01,IGM,IGM_patient032_0151.jpg,2,,off_target_fp,76,0,0.0,0.0,0.0,0.0,0,False
HYBRID_TALON,10,patient043,patient043_case01,IGM,IGM_patient032_0151.jpg,3,1.0,strong_75_plus,96,84,0.8076923076923077,0.875,0.8076923076923077,0.7241379310344828,1,False
HYBRID_TALON,10,patient043,patient043_case01,IGM,IGM_patient032_0151.jpg,4,,off_target_fp,22,0,0.0,0.0,0.0,0.0,0,False
HYBRID_TALON,10,patient043,patient043_case01,IGM,IGM_patient032_0152.jpg,1,,off_target_fp,88,0,0.0,0.0,0.0,0.0,0,False
HYBRID_TALON,10,patient043,patient043_case01,IGM,IGM_patient032_0152.jpg,2,,off_target_fp,94,0,0.0,0.0,0.0,0.0,0,False
HYBRID_TALON,10,patient043,patient043_case01,IGM,IGM_patient032_0152.jpg,3,1.0,low_25_to_50,46,45,0.46875,0.9782608695652174,0.46875,0.4639175257731959,1,False
HYBRID_TALON,10,patient043,patient043_case01,IGM,IGM_patient032_0153.jpg,1,,off_target_fp,38,0,0.0,0.0,0.0,0.0,0,False
HYBRID_TALON,10,patient043,patient043_case01,IGM,IGM_patient032_0153.jpg,2,,off_target_fp,88,0,0.0,0.0,0.0,0.0,0,False
HYBRID_TALON,10,patient045,patient045_case01,IBC,IBC_patient033_0064.jpg,1,,off_target_fp,117,0,0.0,0.0,0.0,0.0,0,False
HYBRID_TALON,10,patient045,patient045_case01,IBC,IBC_patient033_0064.jpg,2,,off_target_fp,126,0,0.0,0.0,0.0,0.0,0,False
HYBRID_TALON,10,patient045,patient045_case01,IBC,IBC_patient033_0064.jpg,3,,off_target_fp,10,0,0.0,0.0,0.0,0.0,0,False
HYBRID_TALON,10,patient045,patient045_case01,IBC,IBC_patient033_0065.jpg,1,,off_target_fp,81,0,0.0,0.0,0.0,0.0,0,False
HYBRID_TALON,10,patient045,patient045_case01,IBC,IBC_patient033_0065.jpg,2,,off_target_fp,15,0,0.0,0.0,0.0,0.0,0,False
HYBRID_TALON,10,patient045,patient045_case01,IBC,IBC_patient033_0065.jpg,3,1.0,low_25_to_50,340,115,0.8712121212121212,0.3382352941176471,0.3382352941176471,0.32212885154061627,1,False
HYBRID_TALON,10,patient045,patient045_case01,IBC,IBC_patient033_0066.jpg,1,,off_target_fp,49,0,0.0,0.0,0.0,0.0,0,False
HYBRID_TALON,10,patient045,patient045_case01,IBC,IBC_patient033_0066.jpg,2,1.0,strong_75_plus,386,300,0.9493670886075949,0.7772020725388601,0.7772020725388601,0.746268656716418,1,False
HYBRID_TALON,10,patient045,patient045_case01,IBC,IBC_patient033_0067.jpg,1,,off_target_fp,199,0,0.0,0.0,0.0,0.0,0,False
HYBRID_TALON,10,patient045,patient045_case01,IBC,IBC_patient033_0067.jpg,2,1.0,moderate_50_to_75,338,245,0.9423076923076923,0.7248520710059172,0.7248520710059172,0.6940509915014165,1,False
HYBRID_TALON,10,patient045,patient045_case01,IBC,IBC_patient033_0068.jpg,1,,off_target_fp,204,0,0.0,0.0,0.0,0.0,0,False
HYBRID_TALON,10,patient045,patient045_case01,IBC,IBC_patient033_0068.jpg,2,,off_target_fp,77,0,0.0,0.0,0.0,0.0,0,False
HYBRID_TALON,10,patient045,patient045_case01,IBC,IBC_patient033_0068.jpg,3,,off_target_fp,72,0,0.0,0.0,0.0,0.0,0,False
HYBRID_TALON,10,patient045,patient045_case01,IBC,IBC_patient033_0068.jpg,4,1.0,moderate_50_to_75,140,131,0.5646551724137931,0.9357142857142857,0.5646551724137931,0.5435684647302904,1,False
HYBRID_TALON,10,patient045,patient045_case01,IBC,IBC_patient033_0069.jpg,1,,off_target_fp,160,0,0.0,0.0,0.0,0.0,0,False
HYBRID_TALON,10,patient045,patient045_case01,IBC,IBC_patient033_0069.jpg,2,,off_target_fp,82,0,0.0,0.0,0.0,0.0,0,False
HYBRID_TALON,10,patient046,patient046_case01,IBC,IBC_patient034_0192.jpg,1,,off_target_fp,17,0,0.0,0.0,0.0,0.0,0,False
HYBRID_TALON,10,patient046,patient046_case01,IBC,IBC_patient034_0192.jpg,2,1.0,moderate_50_to_75,27,15,0.5357142857142857,0.5555555555555556,0.5357142857142857,0.375,1,False
HYBRID_TALON,10,patient046,patient046_case01,IBC,IBC_patient034_0193.jpg,1,,off_target_fp,53,0,0.0,0.0,0.0,0.0,0,False
HYBRID_TALON,10,patient046,patient046_case01,IBC,IBC_patient034_0193.jpg,2,1.0,moderate_50_to_75,111,70,0.6730769230769231,0.6306306306306306,0.6306306306306306,0.4827586206896552,1,False
HYBRID_TALON,10,patient046,patient046_case01,IBC,IBC_patient034_0194.jpg,1,,off_target_fp,84,0,0.0,0.0,0.0,0.0,0,False
HYBRID_TALON,10,patient046,patient046_case01,IBC,IBC_patient034_0194.jpg,2,,off_target_fp,13,0,0.0,0.0,0.0,0.0,0,False
HYBRID_TALON,10,patient046,patient046_case01,IBC,IBC_patient034_0194.jpg,3,1.0,moderate_50_to_75,265,139,0.9144736842105263,0.5245283018867924,0.5245283018867924,0.5,1,False
HYBRID_TALON,10,patient046,patient046_case01,IBC,IBC_patient034_0195.jpg,1,,off_target_fp,92,0,0.0,0.0,0.0,0.0,0,False
HYBRID_TALON,10,patient046,patient046_case01,IBC,IBC_patient034_0195.jpg,2,,off_target_fp,40,0,0.0,0.0,0.0,0.0,0,False
HYBRID_TALON,10,patient046,patient046_case01,IBC,IBC_patient034_0195.jpg,3,1.0,low_25_to_50,339,166,0.9880952380952381,0.4896755162241888,0.4896755162241888,0.4868035190615836,1,False
HYBRID_TALON,10,patient046,patient046_case01,IBC,IBC_patient034_0196.jpg,1,,off_target_fp,81,0,0.0,0.0,0.0,0.0,0,False
HYBRID_TALON,10,patient046,patient046_case01,IBC,IBC_patient034_0196.jpg,2,,off_target_fp,67,0,0.0,0.0,0.0,0.0,0,False
HYBRID_TALON,10,patient046,patient046_case01,IBC,IBC_patient034_0196.jpg,3,,off_target_fp,80,0,0.0,0.0,0.0,0.0,0,False
HYBRID_TALON,10,patient046,patient046_case01,IBC,IBC_patient034_0196.jpg,4,1.0,strong_75_plus,288,223,0.9780701754385965,0.7743055555555556,0.7743055555555556,0.7610921501706485,1,False
HYBRID_TALON,10,patient046,patient046_case01,IBC,IBC_patient034_0197.jpg,1,,off_target_fp,65,0,0.0,0.0,0.0,0.0,0,False
HYBRID_TALON,10,patient046,patient046_case01,IBC,IBC_patient034_0197.jpg,2,,off_target_fp,86,0,0.0,0.0,0.0,0.0,0,False
HYBRID_TALON,10,patient046,patient046_case01,IBC,IBC_patient034_0197.jpg,3,,off_target_fp,53,0,0.0,0.0,0.0,0.0,0,False
HYBRID_TALON,10,patient046,patient046_case01,IBC,IBC_patient034_0197.jpg,4,1.0,strong_75_plus,369,315,0.9264705882352942,0.8536585365853658,0.8536585365853658,0.799492385786802,1,False
HYBRID_TALON,10,patient046,patient046_case01,IBC,IBC_patient034_0198.jpg,1,,off_target_fp,33,0,0.0,0.0,0.0,0.0,0,False
HYBRID_TALON,10,patient046,patient046_case01,IBC,IBC_patient034_0198.jpg,2,,off_target_fp,95,0,0.0,0.0,0.0,0.0,0,False
HYBRID_TALON,10,patient046,patient046_case01,IBC,IBC_patient034_0198.jpg,3,,off_target_fp,28,0,0.0,0.0,0.0,0.0,0,False
HYBRID_TALON,10,patient046,patient046_case01,IBC,IBC_patient034_0198.jpg,4,,off_target_fp,43,0,0.0,0.0,0.0,0.0,0,False
HYBRID_TALON,10,patient046,patient046_case01,IBC,IBC_patient034_0198.jpg,5,1.0,strong_75_plus,442,394,0.9563106796116505,0.8914027149321267,0.8914027149321267,0.8565217391304348,1,False
HYBRID_TALON,10,patient046,patient046_case01,IBC,IBC_patient034_0199.jpg,1,,off_target_fp,40,0,0.0,0.0,0.0,0.0,0,False
HYBRID_TALON,10,patient046,patient046_case01,IBC,IBC_patient034_0199.jpg,2,,off_target_fp,102,0,0.0,0.0,0.0,0.0,0,False
HYBRID_TALON,10,patient046,patient046_case01,IBC,IBC_patient034_0199.jpg,3,,off_target_fp,22,0,0.0,0.0,0.0,0.0,0,False
HYBRID_TALON,10,patient046,patient046_case01,IBC,IBC_patient034_0199.jpg,4,1.0,strong_75_plus,522,470,0.94,0.9003831417624522,0.9003831417624522,0.8514492753623188,1,False
HYBRID_TALON,10,patient046,patient046_case01,IBC,IBC_patient034_0199.jpg,5,,off_target_fp,20,0,0.0,0.0,0.0,0.0,0,False
HYBRID_TALON,10,patient046,patient046_case01,IBC,IBC_patient034_0200.jpg,1,,off_target_fp,24,0,0.0,0.0,0.0,0.0,0,False
HYBRID_TALON,10,patient046,patient046_case01,IBC,IBC_patient034_0200.jpg,2,,off_target_fp,98,0,0.0,0.0,0.0,0.0,0,False
HYBRID_TALON,10,patient046,patient046_case01,IBC,IBC_patient034_0200.jpg,3,1.0,strong_75_plus,567,555,0.7838983050847458,0.9788359788359788,0.7838983050847458,0.7708333333333334,1,False
HYBRID_TALON,10,patient046,patient046_case01,IBC,IBC_patient034_0201.jpg,1,,off_target_fp,13,0,0.0,0.0,0.0,0.0,0,False
HYBRID_TALON,10,patient046,patient046_case01,IBC,IBC_patient034_0201.jpg,2,,off_target_fp,105,0,0.0,0.0,0.0,0.0,0,False
HYBRID_TALON,10,patient046,patient046_case01,IBC,IBC_patient034_0201.jpg,3,1.0,strong_75_plus,659,631,0.8912429378531074,0.9575113808801214,0.8912429378531074,0.8573369565217391,1,False
HYBRID_TALON,10,patient046,patient046_case01,IBC,IBC_patient034_0202.jpg,1,,off_target_fp,13,0,0.0,0.0,0.0,0.0,0,False
HYBRID_TALON,10,patient046,patient046_case01,IBC,IBC_patient034_0202.jpg,2,,off_target_fp,107,0,0.0,0.0,0.0,0.0,0,False
HYBRID_TALON,10,patient046,patient046_case01,IBC,IBC_patient034_0202.jpg,3,1.0,strong_75_plus,734,708,0.9315789473684211,0.9645776566757494,0.9315789473684211,0.9007633587786259,1,False
HYBRID_TALON,10,patient046,patient046_case01,IBC,IBC_patient034_0203.jpg,1,,off_target_fp,95,0,0.0,0.0,0.0,0.0,0,False
HYBRID_TALON,10,patient046,patient046_case01,IBC,IBC_patient034_0203.jpg,2,1.0,strong_75_plus,788,738,0.9318181818181818,0.9365482233502538,0.9318181818181818,0.8764845605700713,1,False
HYBRID_TALON,10,patient046,patient046_case01,IBC,IBC_patient034_0204.jpg,1,,off_target_fp,83,0,0.0,0.0,0.0,0.0,0,False
HYBRID_TALON,10,patient046,patient046_case01,IBC,IBC_patient034_0204.jpg,2,1.0,strong_75_plus,766,719,0.8725728155339806,0.9386422976501305,0.8725728155339806,0.8254879448909299,1,False
HYBRID_TALON,10,patient046,patient046_case01,IBC,IBC_patient034_0205.jpg,1,,off_target_fp,73,0,0.0,0.0,0.0,0.0,0,False
HYBRID_TALON,10,patient046,patient046_case01,IBC,IBC_patient034_0205.jpg,2,1.0,strong_75_plus,748,682,0.8157894736842105,0.9117647058823529,0.8157894736842105,0.7560975609756098,1,False
HYBRID_TALON,10,patient046,patient046_case01,IBC,IBC_patient034_0206.jpg,1,,off_target_fp,84,0,0.0,0.0,0.0,0.0,0,False
HYBRID_TALON,10,patient046,patient046_case01,IBC,IBC_patient034_0206.jpg,2,,off_target_fp,10,0,0.0,0.0,0.0,0.0,0,False
HYBRID_TALON,10,patient046,patient046_case01,IBC,IBC_patient034_0206.jpg,3,1.0,strong_75_plus,806,737,0.8262331838565022,0.9143920595533499,0.8262331838565022,0.7669094693028096,1,False
HYBRID_TALON,10,patient046,patient046_case01,IBC,IBC_patient034_0207.jpg,1,,off_target_fp,57,0,0.0,0.0,0.0,0.0,0,False
HYBRID_TALON,10,patient046,patient046_case01,IBC,IBC_patient034_0207.jpg,2,,off_target_fp,14,0,0.0,0.0,0.0,0.0,0,False
HYBRID_TALON,10,patient046,patient046_case01,IBC,IBC_patient034_0207.jpg,3,1.0,strong_75_plus,854,787,0.8591703056768559,0.9215456674473068,0.8591703056768559,0.8006103763987793,1,False
HYBRID_TALON,10,patient046,patient046_case01,IBC,IBC_patient034_0208.jpg,1,,off_target_fp,51,0,0.0,0.0,0.0,0.0,0,False
HYBRID_TALON,10,patient046,patient046_case01,IBC,IBC_patient034_0208.jpg,2,,off_target_fp,10,0,0.0,0.0,0.0,0.0,0,False
HYBRID_TALON,10,patient046,patient046_case01,IBC,IBC_patient034_0208.jpg,3,1.0,strong_75_plus,888,856,0.8492063492063492,0.963963963963964,0.8492063492063492,0.823076923076923,1,False
HYBRID_TALON,10,patient046,patient046_case01,IBC,IBC_patient034_0209.jpg,1,,off_target_fp,29,0,0.0,0.0,0.0,0.0,0,False
HYBRID_TALON,10,patient046,patient046_case01,IBC,IBC_patient034_0209.jpg,2,1.0,strong_75_plus,889,838,0.8481781376518218,0.9426321709786277,0.8481781376518218,0.8065447545717036,1,False
HYBRID_TALON,10,patient046,patient046_case01,IBC,IBC_patient034_0210.jpg,1,,off_target_fp,31,0,0.0,0.0,0.0,0.0,0,False
HYBRID_TALON,10,patient046,patient046_case01,IBC,IBC_patient034_0210.jpg,2,1.0,strong_75_plus,953,865,0.8826530612244898,0.9076600209863589,0.8826530612244898,0.8099250936329588,1,False
HYBRID_TALON,10,patient046,patient046_case01,IBC,IBC_patient034_0211.jpg,1,,off_target_fp,32,0,0.0,0.0,0.0,0.0,0,False
HYBRID_TALON,10,patient046,patient046_case01,IBC,IBC_patient034_0211.jpg,2,1.0,strong_75_plus,988,916,0.8980392156862745,0.9271255060728745,0.8980392156862745,0.8388278388278388,1,False
HYBRID_TALON,10,patient046,patient046_case01,IBC,IBC_patient034_0212.jpg,1,,off_target_fp,14,0,0.0,0.0,0.0,0.0,0,False
HYBRID_TALON,10,patient046,patient046_case01,IBC,IBC_patient034_0212.jpg,2,,off_target_fp,32,0,0.0,0.0,0.0,0.0,0,False
HYBRID_TALON,10,patient046,patient046_case01,IBC,IBC_patient034_0212.jpg,3,1.0,strong_75_plus,1035,952,0.918918918918919,0.9198067632850242,0.918918918918919,0.8507596067917784,1,False
HYBRID_TALON,10,patient046,patient046_case01,IBC,IBC_patient034_0213.jpg,1,,off_target_fp,15,0,0.0,0.0,0.0,0.0,0,False
HYBRID_TALON,10,patient046,patient046_case01,IBC,IBC_patient034_0213.jpg,2,,off_target_fp,43,0,0.0,0.0,0.0,0.0,0,False
HYBRID_TALON,10,patient046,patient046_case01,IBC,IBC_patient034_0213.jpg,3,1.0,strong_75_plus,1062,977,0.9216981132075471,0.9199623352165726,0.9199623352165726,0.8532751091703057,1,False
HYBRID_TALON,10,patient046,patient046_case01,IBC,IBC_patient034_0214.jpg,1,,off_target_fp,63,0,0.0,0.0,0.0,0.0,0,False
HYBRID_TALON,10,patient046,patient046_case01,IBC,IBC_patient034_0214.jpg,2,,off_target_fp,16,0,0.0,0.0,0.0,0.0,0,False
HYBRID_TALON,10,patient046,patient046_case01,IBC,IBC_patient034_0214.jpg,3,1.0,strong_75_plus,942,896,0.7750865051903114,0.9511677282377919,0.7750865051903114,0.7454242928452579,1,False
HYBRID_TALON,10,patient046,patient046_case01,IBC,IBC_patient034_0215.jpg,1,,off_target_fp,55,0,0.0,0.0,0.0,0.0,0,False
HYBRID_TALON,10,patient046,patient046_case01,IBC,IBC_patient034_0215.jpg,2,,off_target_fp,62,0,0.0,0.0,0.0,0.0,0,False
HYBRID_TALON,10,patient046,patient046_case01,IBC,IBC_patient034_0215.jpg,3,1.0,moderate_50_to_75,860,830,0.6870860927152318,0.9651162790697675,0.6870860927152318,0.6704361873990307,1,False
HYBRID_TALON,10,patient046,patient046_case01,IBC,IBC_patient034_0216.jpg,1,,off_target_fp,18,0,0.0,0.0,0.0,0.0,0,False
HYBRID_TALON,10,patient046,patient046_case01,IBC,IBC_patient034_0216.jpg,2,,off_target_fp,114,0,0.0,0.0,0.0,0.0,0,False
HYBRID_TALON,10,patient046,patient046_case01,IBC,IBC_patient034_0216.jpg,3,1.0,moderate_50_to_75,825,795,0.6714527027027027,0.9636363636363636,0.6714527027027027,0.6548599670510709,1,False
HYBRID_TALON,10,patient046,patient046_case01,IBC,IBC_patient034_0217.jpg,1,,off_target_fp,97,0,0.0,0.0,0.0,0.0,0,False
HYBRID_TALON,10,patient046,patient046_case01,IBC,IBC_patient034_0217.jpg,2,1.0,moderate_50_to_75,665,639,0.5433673469387755,0.9609022556390977,0.5433673469387755,0.5316139767054908,1,False
HYBRID_TALON,10,patient046,patient046_case01,IBC,IBC_patient034_0218.jpg,1,,off_target_fp,81,0,0.0,0.0,0.0,0.0,0,False
HYBRID_TALON,10,patient046,patient046_case01,IBC,IBC_patient034_0218.jpg,2,1.0,moderate_50_to_75,655,626,0.5287162162162162,0.9557251908396946,0.5287162162162162,0.516075845012366,1,False
HYBRID_TALON,10,patient046,patient046_case01,IBC,IBC_patient034_0219.jpg,1,,off_target_fp,63,0,0.0,0.0,0.0,0.0,0,False
HYBRID_TALON,10,patient046,patient046_case01,IBC,IBC_patient034_0219.jpg,2,1.0,moderate_50_to_75,754,749,0.6001602564102564,0.993368700265252,0.6001602564102564,0.5977653631284916,1,False
HYBRID_TALON,10,patient046,patient046_case01,IBC,IBC_patient034_0220.jpg,1,,off_target_fp,20,0,0.0,0.0,0.0,0.0,0,False
HYBRID_TALON,10,patient046,patient046_case01,IBC,IBC_patient034_0220.jpg,2,,off_target_fp,74,0,0.0,0.0,0.0,0.0,0,False
HYBRID_TALON,10,patient046,patient046_case01,IBC,IBC_patient034_0220.jpg,3,1.0,moderate_50_to_75,808,777,0.65625,0.9616336633663366,0.65625,0.6395061728395062,1,False
HYBRID_TALON,10,patient046,patient046_case01,IBC,IBC_patient034_0221.jpg,1,,off_target_fp,43,0,0.0,0.0,0.0,0.0,0,False
HYBRID_TALON,10,patient046,patient046_case01,IBC,IBC_patient034_0221.jpg,2,1.0,strong_75_plus,886,832,0.7619047619047619,0.9390519187358917,0.7619047619047619,0.7260034904013961,1,False
HYBRID_TALON,10,patient046,patient046_case01,IBC,IBC_patient034_0222.jpg,1,1.0,strong_75_plus,897,844,0.7873134328358209,0.9409141583054627,0.7873134328358209,0.7502222222222222,1,False
HYBRID_TALON,10,patient046,patient046_case01,IBC,IBC_patient034_0223.jpg,1,,off_target_fp,40,0,0.0,0.0,0.0,0.0,0,False
HYBRID_TALON,10,patient046,patient046_case01,IBC,IBC_patient034_0223.jpg,2,1.0,strong_75_plus,928,891,0.7734375,0.9601293103448276,0.7734375,0.7493692178301093,1,False
HYBRID_TALON,10,patient046,patient046_case01,IBC,IBC_patient034_0224.jpg,1,,off_target_fp,25,0,0.0,0.0,0.0,0.0,0,False
HYBRID_TALON,10,patient046,patient046_case01,IBC,IBC_patient034_0224.jpg,2,,off_target_fp,101,0,0.0,0.0,0.0,0.0,0,False
HYBRID_TALON,10,patient046,patient046_case01,IBC,IBC_patient034_0224.jpg,3,1.0,strong_75_plus,975,906,0.8813229571984436,0.9292307692307692,0.8813229571984436,0.8258887876025525,1,False
HYBRID_TALON,10,patient046,patient046_case01,IBC,IBC_patient034_0225.jpg,1,,off_target_fp,108,0,0.0,0.0,0.0,0.0,0,False
HYBRID_TALON,10,patient046,patient046_case01,IBC,IBC_patient034_0225.jpg,2,1.0,strong_75_plus,1012,932,0.9282868525896414,0.9209486166007905,0.9209486166007905,0.8597785977859779,1,False
HYBRID_TALON,10,patient046,patient046_case01,IBC,IBC_patient034_0226.jpg,1,,off_target_fp,135,0,0.0,0.0,0.0,0.0,0,False
HYBRID_TALON,10,patient046,patient046_case01,IBC,IBC_patient034_0226.jpg,2,1.0,strong_75_plus,960,892,0.8991935483870968,0.9291666666666667,0.8991935483870968,0.8415094339622642,1,False
HYBRID_TALON,10,patient046,patient046_case01,IBC,IBC_patient034_0227.jpg,1,,off_target_fp,154,0,0.0,0.0,0.0,0.0,0,False
HYBRID_TALON,10,patient046,patient046_case01,IBC,IBC_patient034_0227.jpg,2,1.0,strong_75_plus,922,821,0.9162946428571429,0.8904555314533622,0.8904555314533622,0.8234704112337011,1,False
HYBRID_TALON,10,patient046,patient046_case01,IBC,IBC_patient034_0228.jpg,1,,off_target_fp,134,0,0.0,0.0,0.0,0.0,0,False
HYBRID_TALON,10,patient046,patient046_case01,IBC,IBC_patient034_0228.jpg,2,1.0,strong_75_plus,860,794,0.8630434782608696,0.9232558139534883,0.8630434782608696,0.8052738336713996,1,False
HYBRID_TALON,10,patient046,patient046_case01,IBC,IBC_patient034_0229.jpg,1,,off_target_fp,118,0,0.0,0.0,0.0,0.0,0,False
HYBRID_TALON,10,patient046,patient046_case01,IBC,IBC_patient034_0229.jpg,2,1.0,strong_75_plus,779,740,0.8333333333333334,0.9499358151476252,0.8333333333333334,0.7982740021574973,1,False
HYBRID_TALON,10,patient046,patient046_case01,IBC,IBC_patient034_0230.jpg,1,,off_target_fp,151,0,0.0,0.0,0.0,0.0,0,False
HYBRID_TALON,10,patient046,patient046_case01,IBC,IBC_patient034_0230.jpg,2,1.0,strong_75_plus,719,600,0.9146341463414634,0.8344923504867872,0.8344923504867872,0.7741935483870968,1,False
HYBRID_TALON,10,patient046,patient046_case01,IBC,IBC_patient034_0231.jpg,1,,off_target_fp,173,0,0.0,0.0,0.0,0.0,0,False
HYBRID_TALON,10,patient046,patient046_case01,IBC,IBC_patient034_0231.jpg,2,1.0,strong_75_plus,648,580,0.9119496855345912,0.8950617283950617,0.8950617283950617,0.8238636363636364,1,False
HYBRID_TALON,10,patient046,patient046_case01,IBC,IBC_patient034_0232.jpg,1,,off_target_fp,176,0,0.0,0.0,0.0,0.0,0,False
HYBRID_TALON,10,patient046,patient046_case01,IBC,IBC_patient034_0232.jpg,2,1.0,strong_75_plus,602,541,0.8898026315789473,0.8986710963455149,0.8898026315789473,0.8086696562032885,1,False
HYBRID_TALON,10,patient046,patient046_case01,IBC,IBC_patient034_0233.jpg,1,,off_target_fp,175,0,0.0,0.0,0.0,0.0,0,False
HYBRID_TALON,10,patient046,patient046_case01,IBC,IBC_patient034_0233.jpg,2,1.0,strong_75_plus,508,432,0.9557522123893806,0.8503937007874016,0.8503937007874016,0.8181818181818182,1,False
HYBRID_TALON,10,patient046,patient046_case01,IBC,IBC_patient034_0234.jpg,1,,off_target_fp,160,0,0.0,0.0,0.0,0.0,0,False
HYBRID_TALON,10,patient046,patient046_case01,IBC,IBC_patient034_0234.jpg,2,1.0,strong_75_plus,440,376,0.9690721649484536,0.8545454545454545,0.8545454545454545,0.831858407079646,1,False
HYBRID_TALON,10,patient046,patient046_case01,IBC,IBC_patient034_0235.jpg,1,,off_target_fp,150,0,0.0,0.0,0.0,0.0,0,False
HYBRID_TALON,10,patient046,patient046_case01,IBC,IBC_patient034_0235.jpg,2,1.0,strong_75_plus,375,288,0.9863013698630136,0.768,0.768,0.7598944591029023,1,False
HYBRID_TALON,10,patient046,patient046_case01,IBC,IBC_patient034_0236.jpg,1,,off_target_fp,146,0,0.0,0.0,0.0,0.0,0,False
HYBRID_TALON,10,patient046,patient046_case01,IBC,IBC_patient034_0236.jpg,2,1.0,moderate_50_to_75,300,216,0.9818181818181818,0.72,0.72,0.7105263157894737,1,False
HYBRID_TALON,10,patient050,patient050_case01,IGM,IGM_patient036_0064.jpg,1,1.0,low_25_to_50,82,40,0.43478260869565216,0.4878048780487805,0.43478260869565216,0.29850746268656714,1,False
HYBRID_TALON,10,patient050,patient050_case01,IGM,IGM_patient036_0065.jpg,1,,off_target_fp,132,0,0.0,0.0,0.0,0.0,0,False
HYBRID_TALON,10,patient050,patient050_case01,IGM,IGM_patient036_0065.jpg,2,1.0,low_25_to_50,62,47,0.3671875,0.7580645161290323,0.3671875,0.32867132867132864,1,False
HYBRID_TALON,10,patient050,patient050_case01,IGM,IGM_patient036_0066.jpg,1,,off_target_fp,18,0,0.0,0.0,0.0,0.0,0,False
HYBRID_TALON,10,patient050,patient050_case01,IGM,IGM_patient036_0066.jpg,2,,off_target_fp,11,0,0.0,0.0,0.0,0.0,0,False
HYBRID_TALON,10,patient050,patient050_case01,IGM,IGM_patient036_0066.jpg,3,1.0,low_25_to_50,93,83,0.42346938775510207,0.8924731182795699,0.42346938775510207,0.4029126213592233,1,False
HYBRID_TALON,10,patient050,patient050_case01,IGM,IGM_patient036_0067.jpg,1,,off_target_fp,62,0,0.0,0.0,0.0,0.0,0,False
HYBRID_TALON,10,patient050,patient050_case01,IGM,IGM_patient036_0067.jpg,2,,off_target_fp,13,0,0.0,0.0,0.0,0.0,0,False
HYBRID_TALON,10,patient050,patient050_case01,IGM,IGM_patient036_0067.jpg,3,1.0,low_25_to_50,66,65,0.29545454545454547,0.9848484848484849,0.29545454545454547,0.29411764705882354,1,False
HYBRID_TALON,10,patient050,patient050_case01,IGM,IGM_patient036_0068.jpg,1,,off_target_fp,119,0,0.0,0.0,0.0,0.0,0,False
HYBRID_TALON,10,patient050,patient050_case01,IGM,IGM_patient036_0068.jpg,2,,off_target_fp,31,0,0.0,0.0,0.0,0.0,0,False
HYBRID_TALON,10,patient050,patient050_case01,IGM,IGM_patient036_0068.jpg,3,,off_target_fp,220,0,0.0,0.0,0.0,0.0,0,False
HYBRID_TALON,10,patient050,patient050_case01,IGM,IGM_patient036_0068.jpg,4,,off_target_fp,13,0,0.0,0.0,0.0,0.0,0,False
HYBRID_TALON,10,patient050,patient050_case01,IGM,IGM_patient036_0068.jpg,5,1.0,partial_below_25,50,43,0.19196428571428573,0.86,0.19196428571428573,0.18614718614718614,1,False
HYBRID_TALON,10,patient050,patient050_case01,IGM,IGM_patient036_0068.jpg,6,1.0,partial_below_25,11,5,0.022321428571428572,0.45454545454545453,0.022321428571428572,0.021739130434782608,1,False
HYBRID_TALON,10,patient050,patient050_case01,IGM,IGM_patient036_0068.jpg,7,,off_target_fp,16,0,0.0,0.0,0.0,0.0,0,False
HYBRID_TALON,10,patient050,patient050_case01,IGM,IGM_patient036_0069.jpg,1,,off_target_fp,17,0,0.0,0.0,0.0,0.0,0,False
HYBRID_TALON,10,patient050,patient050_case01,IGM,IGM_patient036_0069.jpg,2,,off_target_fp,354,0,0.0,0.0,0.0,0.0,0,False
HYBRID_TALON,10,patient050,patient050_case01,IGM,IGM_patient036_0069.jpg,3,1.0,partial_below_25,46,43,0.14333333333333334,0.9347826086956522,0.14333333333333334,0.1419141914191419,1,False
HYBRID_TALON,10,patient050,patient050_case01,IGM,IGM_patient036_0070.jpg,1,,off_target_fp,435,0,0.0,0.0,0.0,0.0,0,False
HYBRID_TALON,10,patient050,patient050_case01,IGM,IGM_patient036_0070.jpg,2,,off_target_fp,13,0,0.0,0.0,0.0,0.0,0,False
HYBRID_TALON,10,patient050,patient050_case01,IGM,IGM_patient036_0070.jpg,3,1.0,low_25_to_50,138,118,0.3933333333333333,0.855072463768116,0.3933333333333333,0.36875,1,False
HYBRID_TALON,10,patient050,patient050_case01,IGM,IGM_patient036_0071.jpg,1,,off_target_fp,220,0,0.0,0.0,0.0,0.0,0,False
HYBRID_TALON,10,patient050,patient050_case01,IGM,IGM_patient036_0071.jpg,2,,off_target_fp,25,0,0.0,0.0,0.0,0.0,0,False
HYBRID_TALON,10,patient050,patient050_case01,IGM,IGM_patient036_0071.jpg,3,1.0,moderate_50_to_75,188,181,0.5727848101265823,0.9627659574468085,0.5727848101265823,0.5603715170278638,1,False
HYBRID_TALON,10,patient050,patient050_case01,IGM,IGM_patient036_0072.jpg,1,,off_target_fp,121,0,0.0,0.0,0.0,0.0,0,False
HYBRID_TALON,10,patient050,patient050_case01,IGM,IGM_patient036_0072.jpg,2,1.0,strong_75_plus,194,185,0.8564814814814815,0.9536082474226805,0.8564814814814815,0.8222222222222222,1,False
HYBRID_TALON,10,patient050,patient050_case01,IGM,IGM_patient036_0073.jpg,1,,off_target_fp,114,0,0.0,0.0,0.0,0.0,0,False
HYBRID_TALON,10,patient050,patient050_case01,IGM,IGM_patient036_0073.jpg,2,,off_target_fp,16,0,0.0,0.0,0.0,0.0,0,False
HYBRID_TALON,10,patient050,patient050_case01,IGM,IGM_patient036_0073.jpg,3,,off_target_fp,12,0,0.0,0.0,0.0,0.0,0,False
HYBRID_TALON,10,patient050,patient050_case01,IGM,IGM_patient036_0073.jpg,4,,off_target_fp,24,0,0.0,0.0,0.0,0.0,0,False
HYBRID_TALON,10,patient050,patient050_case01,IGM,IGM_patient036_0074.jpg,1,,off_target_fp,112,0,0.0,0.0,0.0,0.0,0,False
HYBRID_TALON,10,patient050,patient050_case01,IGM,IGM_patient036_0074.jpg,2,,off_target_fp,147,0,0.0,0.0,0.0,0.0,0,False
HYBRID_TALON,10,patient050,patient050_case01,IGM,IGM_patient036_0074.jpg,3,,off_target_fp,10,0,0.0,0.0,0.0,0.0,0,False
HYBRID_TALON,10,patient050,patient050_case01,IGM,IGM_patient036_0074.jpg,4,,off_target_fp,12,0,0.0,0.0,0.0,0.0,0,False
HYBRID_TALON,10,patient050,patient050_case01,IGM,IGM_patient036_0074.jpg,5,,off_target_fp,15,0,0.0,0.0,0.0,0.0,0,False
HYBRID_TALON,10,patient052,patient052_case01,IGM,IGM_patient037_0053.jpg,1,,off_target_fp,22,0,0.0,0.0,0.0,0.0,0,False
HYBRID_TALON,10,patient052,patient052_case01,IGM,IGM_patient037_0053.jpg,2,,off_target_fp,17,0,0.0,0.0,0.0,0.0,0,False
HYBRID_TALON,10,patient052,patient052_case01,IGM,IGM_patient037_0053.jpg,3,1.0,moderate_50_to_75,88,83,0.7410714285714286,0.9431818181818182,0.7410714285714286,0.7094017094017094,1,False
HYBRID_TALON,10,patient052,patient052_case01,IGM,IGM_patient037_0053.jpg,4,,off_target_fp,21,0,0.0,0.0,0.0,0.0,0,False
HYBRID_TALON,10,patient052,patient052_case01,IGM,IGM_patient037_0054.jpg,1,1.0,strong_75_plus,175,169,0.9184782608695652,0.9657142857142857,0.9184782608695652,0.8894736842105263,1,False
HYBRID_TALON,10,patient052,patient052_case01,IGM,IGM_patient037_0054.jpg,2,,off_target_fp,25,0,0.0,0.0,0.0,0.0,0,False
HYBRID_TALON,10,patient052,patient052_case01,IGM,IGM_patient037_0054.jpg,3,,off_target_fp,24,0,0.0,0.0,0.0,0.0,0,False
HYBRID_TALON,10,patient052,patient052_case01,IGM,IGM_patient037_0054.jpg,4,,off_target_fp,12,0,0.0,0.0,0.0,0.0,0,False
HYBRID_TALON,10,patient052,patient052_case01,IGM,IGM_patient037_0055.jpg,1,1.0,moderate_50_to_75,131,115,0.7012195121951219,0.8778625954198473,0.7012195121951219,0.6388888888888888,1,False
HYBRID_TALON,10,patient052,patient052_case01,IGM,IGM_patient037_0055.jpg,2,,off_target_fp,59,0,0.0,0.0,0.0,0.0,0,False
HYBRID_TALON,10,patient052,patient052_case01,IGM,IGM_patient037_0055.jpg,3,,off_target_fp,90,0,0.0,0.0,0.0,0.0,0,False
HYBRID_TALON,10,patient052,patient052_case01,IGM,IGM_patient037_0055.jpg,4,,off_target_fp,28,0,0.0,0.0,0.0,0.0,0,False
HYBRID_TALON,10,patient052,patient052_case01,IGM,IGM_patient037_0056.jpg,1,1.0,partial_below_25,22,19,0.2375,0.8636363636363636,0.2375,0.2289156626506024,1,False
HYBRID_TALON,10,patient052,patient052_case01,IGM,IGM_patient037_0056.jpg,2,,off_target_fp,202,0,0.0,0.0,0.0,0.0,0,False
HYBRID_TALON,10,patient052,patient052_case01,IGM,IGM_patient037_0056.jpg,3,,off_target_fp,52,0,0.0,0.0,0.0,0.0,0,False
HYBRID_TALON,10,patient052,patient052_case01,IGM,IGM_patient037_0056.jpg,4,,off_target_fp,23,0,0.0,0.0,0.0,0.0,0,False
HYBRID_TALON,10,patient052,patient052_case01,IGM,IGM_patient037_0056.jpg,5,,off_target_fp,24,0,0.0,0.0,0.0,0.0,0,False
HYBRID_TALON,10,patient052,patient052_case01,IGM,IGM_patient037_0057.jpg,1,1.0,partial_below_25,23,23,0.18548387096774194,1.0,0.18548387096774194,0.18548387096774194,1,False
HYBRID_TALON,10,patient052,patient052_case01,IGM,IGM_patient037_0057.jpg,2,,off_target_fp,35,0,0.0,0.0,0.0,0.0,0,False
HYBRID_TALON,10,patient052,patient052_case01,IGM,IGM_patient037_0058.jpg,1,1.0,partial_below_25,12,12,0.11538461538461539,1.0,0.11538461538461539,0.11538461538461539,1,False
HYBRID_TALON,10,patient052,patient052_case01,IGM,IGM_patient037_0058.jpg,2,,off_target_fp,83,0,0.0,0.0,0.0,0.0,0,False
HYBRID_TALON,10,patient052,patient052_case01,IGM,IGM_patient037_0058.jpg,3,,off_target_fp,34,0,0.0,0.0,0.0,0.0,0,False
HYBRID_TALON,10,patient052,patient052_case01,IGM,IGM_patient037_0058.jpg,4,,off_target_fp,17,0,0.0,0.0,0.0,0.0,0,False
HYBRID_TALON,10,patient052,patient052_case01,IGM,IGM_patient037_0058.jpg,5,,off_target_fp,55,0,0.0,0.0,0.0,0.0,0,False
HYBRID_TALON,10,patient052,patient052_case01,IGM,IGM_patient037_0059.jpg,1,,off_target_fp,15,0,0.0,0.0,0.0,0.0,0,False
HYBRID_TALON,10,patient052,patient052_case01,IGM,IGM_patient037_0059.jpg,2,,off_target_fp,32,0,0.0,0.0,0.0,0.0,0,False
HYBRID_TALON,10,patient054,patient054_case01,IGM,IGM_patient038_0098.jpg,1,,off_target_fp,91,0,0.0,0.0,0.0,0.0,0,False
HYBRID_TALON,10,patient054,patient054_case01,IGM,IGM_patient038_0098.jpg,2,,off_target_fp,22,0,0.0,0.0,0.0,0.0,0,False
HYBRID_TALON,10,patient054,patient054_case01,IGM,IGM_patient038_0098.jpg,3,,off_target_fp,188,0,0.0,0.0,0.0,0.0,0,False
HYBRID_TALON,10,patient054,patient054_case01,IGM,IGM_patient038_0099.jpg,1,1.0,strong_75_plus,196,188,0.7580645161290323,0.9591836734693877,0.7580645161290323,0.734375,1,False
HYBRID_TALON,10,patient054,patient054_case01,IGM,IGM_patient038_0099.jpg,2,,off_target_fp,71,0,0.0,0.0,0.0,0.0,0,False
HYBRID_TALON,10,patient054,patient054_case01,IGM,IGM_patient038_0099.jpg,3,,off_target_fp,11,0,0.0,0.0,0.0,0.0,0,False
HYBRID_TALON,10,patient054,patient054_case01,IGM,IGM_patient038_0099.jpg,4,,off_target_fp,36,0,0.0,0.0,0.0,0.0,0,False
HYBRID_TALON,10,patient054,patient054_case01,IGM,IGM_patient038_0099.jpg,5,,off_target_fp,196,0,0.0,0.0,0.0,0.0,0,False
HYBRID_TALON,10,patient054,patient054_case01,IGM,IGM_patient038_0100.jpg,1,1.0,strong_75_plus,295,285,0.890625,0.9661016949152542,0.890625,0.8636363636363636,1,False
HYBRID_TALON,10,patient054,patient054_case01,IGM,IGM_patient038_0100.jpg,2,,off_target_fp,58,0,0.0,0.0,0.0,0.0,0,False
HYBRID_TALON,10,patient054,patient054_case01,IGM,IGM_patient038_0100.jpg,3,,off_target_fp,336,0,0.0,0.0,0.0,0.0,0,False
HYBRID_TALON,10,patient054,patient054_case01,IGM,IGM_patient038_0101.jpg,1,1.0,strong_75_plus,349,332,0.9540229885057471,0.9512893982808023,0.9512893982808023,0.9095890410958904,1,False
HYBRID_TALON,10,patient054,patient054_case01,IGM,IGM_patient038_0101.jpg,2,,off_target_fp,37,0,0.0,0.0,0.0,0.0,0,False
HYBRID_TALON,10,patient054,patient054_case01,IGM,IGM_patient038_0101.jpg,3,,off_target_fp,169,0,0.0,0.0,0.0,0.0,0,False
HYBRID_TALON,10,patient054,patient054_case01,IGM,IGM_patient038_0101.jpg,4,,off_target_fp,199,0,0.0,0.0,0.0,0.0,0,False
HYBRID_TALON,10,patient054,patient054_case01,IGM,IGM_patient038_0102.jpg,1,1.0,strong_75_plus,382,362,0.9526315789473684,0.9476439790575916,0.9476439790575916,0.905,1,False
HYBRID_TALON,10,patient054,patient054_case01,IGM,IGM_patient038_0102.jpg,2,,off_target_fp,10,0,0.0,0.0,0.0,0.0,0,False
HYBRID_TALON,10,patient054,patient054_case01,IGM,IGM_patient038_0102.jpg,3,,off_target_fp,192,0,0.0,0.0,0.0,0.0,0,False
HYBRID_TALON,10,patient054,patient054_case01,IGM,IGM_patient038_0102.jpg,4,,off_target_fp,174,0,0.0,0.0,0.0,0.0,0,False
HYBRID_TALON,10,patient054,patient054_case01,IGM,IGM_patient038_0103.jpg,1,1.0,strong_75_plus,397,365,0.9605263157894737,0.9193954659949622,0.9193954659949622,0.8859223300970874,1,False
HYBRID_TALON,10,patient054,patient054_case01,IGM,IGM_patient038_0103.jpg,2,,off_target_fp,195,0,0.0,0.0,0.0,0.0,0,False
HYBRID_TALON,10,patient054,patient054_case01,IGM,IGM_patient038_0103.jpg,3,,off_target_fp,13,0,0.0,0.0,0.0,0.0,0,False
HYBRID_TALON,10,patient054,patient054_case01,IGM,IGM_patient038_0104.jpg,1,1.0,strong_75_plus,395,386,0.8772727272727273,0.9772151898734177,0.8772727272727273,0.8596881959910914,1,False
HYBRID_TALON,10,patient054,patient054_case01,IGM,IGM_patient038_0104.jpg,2,,off_target_fp,194,0,0.0,0.0,0.0,0.0,0,False
HYBRID_TALON,10,patient054,patient054_case01,IGM,IGM_patient038_0105.jpg,1,1.0,strong_75_plus,375,354,0.9315789473684211,0.944,0.9315789473684211,0.8827930174563591,1,False
HYBRID_TALON,10,patient054,patient054_case01,IGM,IGM_patient038_0105.jpg,2,,off_target_fp,186,0,0.0,0.0,0.0,0.0,0,False
HYBRID_TALON,10,patient054,patient054_case01,IGM,IGM_patient038_0106.jpg,1,1.0,strong_75_plus,358,339,0.9313186813186813,0.946927374301676,0.9313186813186813,0.8851174934725848,1,False
HYBRID_TALON,10,patient054,patient054_case01,IGM,IGM_patient038_0106.jpg,2,,off_target_fp,175,0,0.0,0.0,0.0,0.0,0,False
HYBRID_TALON,10,patient054,patient054_case01,IGM,IGM_patient038_0107.jpg,1,1.0,strong_75_plus,348,328,0.9318181818181818,0.9425287356321839,0.9318181818181818,0.8817204301075269,1,False
HYBRID_TALON,10,patient054,patient054_case01,IGM,IGM_patient038_0107.jpg,2,,off_target_fp,170,0,0.0,0.0,0.0,0.0,0,False
HYBRID_TALON,10,patient054,patient054_case01,IGM,IGM_patient038_0108.jpg,1,1.0,strong_75_plus,339,321,0.9119318181818182,0.9469026548672567,0.9119318181818182,0.8675675675675676,1,False
HYBRID_TALON,10,patient054,patient054_case01,IGM,IGM_patient038_0108.jpg,2,,off_target_fp,165,0,0.0,0.0,0.0,0.0,0,False
HYBRID_TALON,10,patient054,patient054_case01,IGM,IGM_patient038_0109.jpg,1,1.0,strong_75_plus,314,300,0.9375,0.9554140127388535,0.9375,0.8982035928143712,1,False
HYBRID_TALON,10,patient054,patient054_case01,IGM,IGM_patient038_0109.jpg,2,,off_target_fp,180,0,0.0,0.0,0.0,0.0,0,False
HYBRID_TALON,10,patient054,patient054_case01,IGM,IGM_patient038_0110.jpg,1,1.0,strong_75_plus,290,254,0.9769230769230769,0.8758620689655172,0.8758620689655172,0.8581081081081081,1,False
HYBRID_TALON,10,patient054,patient054_case01,IGM,IGM_patient038_0110.jpg,2,,off_target_fp,194,0,0.0,0.0,0.0,0.0,0,False
HYBRID_TALON,10,patient054,patient054_case01,IGM,IGM_patient038_0111.jpg,1,1.0,strong_75_plus,261,247,0.8697183098591549,0.946360153256705,0.8697183098591549,0.8288590604026845,1,False
HYBRID_TALON,10,patient054,patient054_case01,IGM,IGM_patient038_0111.jpg,2,,off_target_fp,188,0,0.0,0.0,0.0,0.0,0,False
HYBRID_TALON,10,patient054,patient054_case01,IGM,IGM_patient038_0112.jpg,1,1.0,strong_75_plus,220,204,0.8793103448275862,0.9272727272727272,0.8793103448275862,0.8225806451612904,1,False
HYBRID_TALON,10,patient054,patient054_case01,IGM,IGM_patient038_0112.jpg,2,,off_target_fp,170,0,0.0,0.0,0.0,0.0,0,False
HYBRID_TALON,10,patient054,patient054_case01,IGM,IGM_patient038_0113.jpg,1,1.0,strong_75_plus,169,159,0.8641304347826086,0.9408284023668639,0.8641304347826086,0.8195876288659794,1,False
HYBRID_TALON,10,patient054,patient054_case01,IGM,IGM_patient038_0113.jpg,2,,off_target_fp,131,0,0.0,0.0,0.0,0.0,0,False
HYBRID_TALON,10,patient054,patient054_case01,IGM,IGM_patient038_0114.jpg,1,,off_target_fp,10,0,0.0,0.0,0.0,0.0,0,False
HYBRID_TALON,10,patient054,patient054_case01,IGM,IGM_patient038_0114.jpg,2,1.0,moderate_50_to_75,88,88,0.6666666666666666,1.0,0.6666666666666666,0.6666666666666666,1,False
HYBRID_TALON,10,patient054,patient054_case01,IGM,IGM_patient038_0114.jpg,3,,off_target_fp,74,0,0.0,0.0,0.0,0.0,0,False
HYBRID_TALON,10,patient059,patient059_case01,IBC,IBC_patient040_0059.jpg,1,,off_target_fp,133,0,0.0,0.0,0.0,0.0,0,False
HYBRID_TALON,10,patient059,patient059_case01,IBC,IBC_patient040_0059.jpg,2,,off_target_fp,22,0,0.0,0.0,0.0,0.0,0,False
HYBRID_TALON,10,patient059,patient059_case01,IBC,IBC_patient040_0059.jpg,3,1.0,moderate_50_to_75,39,38,0.5277777777777778,0.9743589743589743,0.5277777777777778,0.5205479452054794,1,False
HYBRID_TALON,10,patient059,patient059_case01,IBC,IBC_patient040_0060.jpg,1,,off_target_fp,21,0,0.0,0.0,0.0,0.0,0,False
HYBRID_TALON,10,patient059,patient059_case01,IBC,IBC_patient040_0060.jpg,2,1.0,strong_75_plus,115,102,0.9807692307692307,0.8869565217391304,0.8869565217391304,0.8717948717948718,1,False
HYBRID_TALON,10,patient059,patient059_case01,IBC,IBC_patient040_0061.jpg,1,,off_target_fp,16,0,0.0,0.0,0.0,0.0,0,False
HYBRID_TALON,10,patient059,patient059_case01,IBC,IBC_patient040_0061.jpg,2,1.0,strong_75_plus,138,128,0.8888888888888888,0.927536231884058,0.8888888888888888,0.8311688311688312,1,False
HYBRID_TALON,10,patient059,patient059_case01,IBC,IBC_patient040_0062.jpg,1,,off_target_fp,16,0,0.0,0.0,0.0,0.0,0,False
HYBRID_TALON,10,patient059,patient059_case01,IBC,IBC_patient040_0062.jpg,2,1.0,strong_75_plus,175,154,0.8369565217391305,0.88,0.8369565217391305,0.751219512195122,1,False
HYBRID_TALON,10,patient059,patient059_case01,IBC,IBC_patient040_0062.jpg,3,,off_target_fp,14,0,0.0,0.0,0.0,0.0,0,False
HYBRID_TALON,10,patient059,patient059_case01,IBC,IBC_patient040_0063.jpg,1,,off_target_fp,10,0,0.0,0.0,0.0,0.0,0,False
HYBRID_TALON,10,patient059,patient059_case01,IBC,IBC_patient040_0063.jpg,2,,off_target_fp,16,0,0.0,0.0,0.0,0.0,0,False
HYBRID_TALON,10,patient059,patient059_case01,IBC,IBC_patient040_0063.jpg,3,1.0,strong_75_plus,231,219,0.8690476190476191,0.948051948051948,0.8690476190476191,0.8295454545454546,1,False
HYBRID_TALON,10,patient059,patient059_case01,IBC,IBC_patient040_0063.jpg,4,,off_target_fp,10,0,0.0,0.0,0.0,0.0,0,False
HYBRID_TALON,10,patient059,patient059_case01,IBC,IBC_patient040_0064.jpg,1,,off_target_fp,83,0,0.0,0.0,0.0,0.0,0,False
HYBRID_TALON,10,patient059,patient059_case01,IBC,IBC_patient040_0064.jpg,2,1.0,moderate_50_to_75,178,144,0.6923076923076923,0.8089887640449438,0.6923076923076923,0.5950413223140496,1,False
HYBRID_TALON,10,patient059,patient059_case01,IBC,IBC_patient040_0065.jpg,1,,off_target_fp,29,0,0.0,0.0,0.0,0.0,0,False
HYBRID_TALON,10,patient059,patient059_case01,IBC,IBC_patient040_0065.jpg,2,1.0,moderate_50_to_75,220,200,0.6944444444444444,0.9090909090909091,0.6944444444444444,0.6493506493506493,1,False
HYBRID_TALON,10,patient059,patient059_case01,IBC,IBC_patient040_0066.jpg,1,,off_target_fp,89,0,0.0,0.0,0.0,0.0,0,False
HYBRID_TALON,10,patient059,patient059_case01,IBC,IBC_patient040_0066.jpg,2,1.0,strong_75_plus,296,239,0.8415492957746479,0.8074324324324325,0.8074324324324325,0.7008797653958945,1,False
HYBRID_TALON,10,patient059,patient059_case01,IBC,IBC_patient040_0067.jpg,1,,off_target_fp,210,0,0.0,0.0,0.0,0.0,0,False
HYBRID_TALON,10,patient059,patient059_case01,IBC,IBC_patient040_0067.jpg,2,1.0,strong_75_plus,309,257,0.9448529411764706,0.8317152103559871,0.8317152103559871,0.7932098765432098,1,False
HYBRID_TALON,10,patient059,patient059_case01,IBC,IBC_patient040_0068.jpg,1,,off_target_fp,218,0,0.0,0.0,0.0,0.0,0,False
HYBRID_TALON,10,patient059,patient059_case01,IBC,IBC_patient040_0068.jpg,2,1.0,strong_75_plus,267,215,0.9110169491525424,0.8052434456928839,0.8052434456928839,0.7465277777777778,1,False
HYBRID_TALON,10,patient059,patient059_case01,IBC,IBC_patient040_0069.jpg,1,1.0,strong_75_plus,309,277,0.8343373493975904,0.8964401294498382,0.8343373493975904,0.760989010989011,1,False
HYBRID_TALON,10,patient059,patient059_case01,IBC,IBC_patient040_0070.jpg,1,1.0,moderate_50_to_75,181,126,0.984375,0.6961325966850829,0.6961325966850829,0.6885245901639344,1,False
HYBRID_TALON,10,patient064,patient064_case01,IGM,IGM_patient043_0054.jpg,1,1.0,strong_75_plus,473,371,0.8918269230769231,0.7843551797040169,0.7843551797040169,0.7162162162162162,1,False
HYBRID_TALON,10,patient064,patient064_case01,IGM,IGM_patient043_0055.jpg,1,1.0,strong_75_plus,651,586,0.9331210191082803,0.9001536098310292,0.9001536098310292,0.8455988455988456,1,False
HYBRID_TALON,10,patient064,patient064_case01,IGM,IGM_patient043_0056.jpg,1,1.0,moderate_50_to_75,506,413,0.6334355828220859,0.8162055335968379,0.6334355828220859,0.5543624161073826,1,False
HYBRID_TALON,10,patient064,patient064_case01,IGM,IGM_patient043_0057.jpg,1,,off_target_fp,22,0,0.0,0.0,0.0,0.0,0,False
HYBRID_TALON,10,patient064,patient064_case01,IGM,IGM_patient043_0057.jpg,2,,off_target_fp,20,0,0.0,0.0,0.0,0.0,0,False
HYBRID_TALON,10,patient064,patient064_case01,IGM,IGM_patient043_0057.jpg,3,1.0,strong_75_plus,545,466,0.7925170068027211,0.8550458715596331,0.7925170068027211,0.6986506746626686,1,False
HYBRID_TALON,10,patient064,patient064_case01,IGM,IGM_patient043_0058.jpg,1,1.0,strong_75_plus,579,474,0.8464285714285714,0.8186528497409327,0.8186528497409327,0.7127819548872181,1,False
HYBRID_TALON,10,patient064,patient064_case01,IGM,IGM_patient043_0059.jpg,1,,off_target_fp,181,0,0.0,0.0,0.0,0.0,0,False
HYBRID_TALON,10,patient064,patient064_case01,IGM,IGM_patient043_0059.jpg,2,,off_target_fp,76,0,0.0,0.0,0.0,0.0,0,False
HYBRID_TALON,10,patient064,patient064_case01,IGM,IGM_patient043_0059.jpg,3,,off_target_fp,27,0,0.0,0.0,0.0,0.0,0,False
HYBRID_TALON,10,patient064,patient064_case01,IGM,IGM_patient043_0059.jpg,4,1.0,moderate_50_to_75,504,444,0.6166666666666667,0.8809523809523809,0.6166666666666667,0.5692307692307692,1,False
HYBRID_TALON,10,patient064,patient064_case01,IGM,IGM_patient043_0060.jpg,1,,off_target_fp,384,0,0.0,0.0,0.0,0.0,0,False
HYBRID_TALON,10,patient064,patient064_case01,IGM,IGM_patient043_0060.jpg,2,,off_target_fp,44,0,0.0,0.0,0.0,0.0,0,False
HYBRID_TALON,10,patient064,patient064_case01,IGM,IGM_patient043_0060.jpg,3,1.0,low_25_to_50,308,272,0.4444444444444444,0.8831168831168831,0.4444444444444444,0.41975308641975306,1,False
HYBRID_TALON,10,patient064,patient064_case01,IGM,IGM_patient043_0061.jpg,1,,off_target_fp,243,0,0.0,0.0,0.0,0.0,0,False
HYBRID_TALON,10,patient064,patient064_case01,IGM,IGM_patient043_0061.jpg,2,,off_target_fp,259,0,0.0,0.0,0.0,0.0,0,False
HYBRID_TALON,10,patient064,patient064_case01,IGM,IGM_patient043_0061.jpg,3,,off_target_fp,23,0,0.0,0.0,0.0,0.0,0,False
HYBRID_TALON,10,patient070,patient070_case01,IBC,IBC_patient046_0056.jpg,1,1.0,moderate_50_to_75,73,54,0.9642857142857143,0.7397260273972602,0.7397260273972602,0.72,1,False
HYBRID_TALON,10,patient070,patient070_case01,IBC,IBC_patient046_0057.jpg,1,1.0,strong_75_plus,118,103,0.9196428571428571,0.8728813559322034,0.8728813559322034,0.8110236220472441,1,False
HYBRID_TALON,10,patient070,patient070_case01,IBC,IBC_patient046_0058.jpg,1,1.0,strong_75_plus,170,132,0.9428571428571428,0.7764705882352941,0.7764705882352941,0.7415730337078652,1,False
HYBRID_TALON,10,patient070,patient070_case01,IBC,IBC_patient046_0058.jpg,2,,off_target_fp,14,0,0.0,0.0,0.0,0.0,0,False
HYBRID_TALON,10,patient070,patient070_case01,IBC,IBC_patient046_0059.jpg,1,1.0,strong_75_plus,164,127,0.9921875,0.774390243902439,0.774390243902439,0.7696969696969697,1,False
HYBRID_TALON,10,patient070,patient070_case01,IBC,IBC_patient046_0059.jpg,2,,off_target_fp,26,0,0.0,0.0,0.0,0.0,0,False
HYBRID_TALON,10,patient070,patient070_case01,IBC,IBC_patient046_0059.jpg,3,,off_target_fp,18,0,0.0,0.0,0.0,0.0,0,False
HYBRID_TALON,10,patient070,patient070_case01,IBC,IBC_patient046_0060.jpg,1,1.0,strong_75_plus,110,104,0.8666666666666667,0.9454545454545454,0.8666666666666667,0.8253968253968254,1,False
HYBRID_TALON,10,patient070,patient070_case01,IBC,IBC_patient046_0060.jpg,2,,off_target_fp,174,0,0.0,0.0,0.0,0.0,0,False
HYBRID_TALON,10,patient070,patient070_case01,IBC,IBC_patient046_0061.jpg,1,,off_target_fp,39,0,0.0,0.0,0.0,0.0,0,False
HYBRID_TALON,10,patient070,patient070_case01,IBC,IBC_patient046_0061.jpg,2,1.0,moderate_50_to_75,215,161,0.9817073170731707,0.7488372093023256,0.7488372093023256,0.7385321100917431,1,False
HYBRID_TALON,10,patient070,patient070_case01,IBC,IBC_patient046_0062.jpg,1,1.0,strong_75_plus,192,167,0.9709302325581395,0.8697916666666666,0.8697916666666666,0.8477157360406091,1,False
HYBRID_TALON,10,patient070,patient070_case01,IBC,IBC_patient046_0063.jpg,1,,off_target_fp,94,0,0.0,0.0,0.0,0.0,0,False
HYBRID_TALON,10,patient070,patient070_case01,IBC,IBC_patient046_0063.jpg,2,1.0,moderate_50_to_75,138,102,0.9807692307692307,0.7391304347826086,0.7391304347826086,0.7285714285714285,1,False
HYBRID_TALON,10,patient070,patient070_case01,IBC,IBC_patient046_0063.jpg,3,,off_target_fp,13,0,0.0,0.0,0.0,0.0,0,False
HYBRID_TALON,10,patient070,patient070_case01,IBC,IBC_patient046_0067.jpg,1,,off_target_fp,12,0,0.0,0.0,0.0,0.0,0,False
HYBRID_TALON,10,patient070,patient070_case01,IBC,IBC_patient046_0067.jpg,2,1.0,moderate_50_to_75,151,151,0.6088709677419355,1.0,0.6088709677419355,0.6088709677419355,1,False
HYBRID_TALON,10,patient070,patient070_case01,IBC,IBC_patient046_0067.jpg,3,,off_target_fp,13,0,0.0,0.0,0.0,0.0,0,False
HYBRID_TALON,10,patient070,patient070_case01,IBC,IBC_patient046_0067.jpg,4,,off_target_fp,19,0,0.0,0.0,0.0,0.0,0,False
HYBRID_TALON,10,patient070,patient070_case01,IBC,IBC_patient046_0068.jpg,1,1.0,strong_75_plus,318,251,0.9365671641791045,0.789308176100629,0.789308176100629,0.7492537313432835,1,False
HYBRID_TALON,10,patient070,patient070_case01,IBC,IBC_patient046_0068.jpg,2,,off_target_fp,24,0,0.0,0.0,0.0,0.0,0,False
HYBRID_TALON,10,patient070,patient070_case01,IBC,IBC_patient046_0069.jpg,1,1.0,strong_75_plus,324,257,0.9884615384615385,0.7932098765432098,0.7932098765432098,0.7859327217125383,1,False
HYBRID_TALON,10,patient070,patient070_case01,IBC,IBC_patient046_0069.jpg,2,,off_target_fp,53,0,0.0,0.0,0.0,0.0,0,False
HYBRID_TALON,10,patient070,patient070_case01,IBC,IBC_patient046_0070.jpg,1,1.0,strong_75_plus,206,185,0.8726415094339622,0.8980582524271845,0.8726415094339622,0.7939914163090128,1,False
HYBRID_TALON,10,patient070,patient070_case01,IBC,IBC_patient046_0071.jpg,1,,off_target_fp,80,0,0.0,0.0,0.0,0.0,0,False
HYBRID_TALON,10,patient070,patient070_case01,IBC,IBC_patient046_0071.jpg,2,,off_target_fp,12,0,0.0,0.0,0.0,0.0,0,False
HYBRID_TALON,10,patient070,patient070_case01,IBC,IBC_patient046_0071.jpg,3,1.0,moderate_50_to_75,81,74,0.74,0.9135802469135802,0.74,0.6915887850467289,1,False
HYBRID_TALON,10,patient070,patient070_case01,IBC,IBC_patient046_0071.jpg,4,,off_target_fp,39,0,0.0,0.0,0.0,0.0,0,False
HYBRID_TALON,10,patient072,patient072_case01,IBC,IBC_patient047_0053.jpg,1,1.0,strong_75_plus,284,245,0.9722222222222222,0.8626760563380281,0.8626760563380281,0.8419243986254296,1,False
HYBRID_TALON,10,patient072,patient072_case01,IBC,IBC_patient047_0054.jpg,1,1.0,strong_75_plus,465,437,0.9180672268907563,0.9397849462365592,0.9180672268907563,0.8670634920634921,1,False
HYBRID_TALON,10,patient072,patient072_case01,IBC,IBC_patient047_0055.jpg,1,1.0,strong_75_plus,513,495,0.7832278481012658,0.9649122807017544,0.7832278481012658,0.7615384615384615,1,False
HYBRID_TALON,10,patient072,patient072_case01,IBC,IBC_patient047_0056.jpg,1,1.0,moderate_50_to_75,496,493,0.6847222222222222,0.9939516129032258,0.6847222222222222,0.681881051175657,1,False
HYBRID_TALON,10,patient072,patient072_case01,IBC,IBC_patient047_0057.jpg,1,1.0,moderate_50_to_75,445,304,0.6666666666666666,0.6831460674157304,0.6666666666666666,0.509212730318258,1,False
HYBRID_TALON,10,patient072,patient072_case01,IBC,IBC_patient047_0057.jpg,2,1.0,partial_below_25,29,29,0.06359649122807018,1.0,0.06359649122807018,0.06359649122807018,1,False
HYBRID_TALON,10,patient072,patient072_case01,IBC,IBC_patient047_0058.jpg,1,,off_target_fp,10,0,0.0,0.0,0.0,0.0,0,False
HYBRID_TALON,10,patient072,patient072_case01,IBC,IBC_patient047_0058.jpg,2,1.0,low_25_to_50,272,138,0.26744186046511625,0.5073529411764706,0.26744186046511625,0.2123076923076923,1,False
HYBRID_TALON,10,patient072,patient072_case01,IBC,IBC_patient047_0059.jpg,1,,off_target_fp,13,0,0.0,0.0,0.0,0.0,0,False
HYBRID_TALON,10,patient072,patient072_case01,IBC,IBC_patient047_0059.jpg,2,,off_target_fp,155,0,0.0,0.0,0.0,0.0,0,False
HYBRID_TALON,10,patient072,patient072_case01,IBC,IBC_patient047_0059.jpg,3,1.0,strong_75_plus,176,162,0.9,0.9204545454545454,0.9,0.8350515463917526,1,False
HYBRID_TALON,10,patient083,patient083_case01,IGM,IGM_patient052_0059.jpg,1,1.0,moderate_50_to_75,74,69,0.69,0.9324324324324325,0.69,0.6571428571428571,1,False
HYBRID_TALON,10,patient083,patient083_case01,IGM,IGM_patient052_0060.jpg,1,1.0,moderate_50_to_75,132,118,0.6704545454545454,0.8939393939393939,0.6704545454545454,0.6210526315789474,1,False
HYBRID_TALON,10,patient083,patient083_case01,IGM,IGM_patient052_0061.jpg,1,1.0,strong_75_plus,197,185,0.8258928571428571,0.9390862944162437,0.8258928571428571,0.7838983050847458,1,False
HYBRID_TALON,10,patient083,patient083_case01,IGM,IGM_patient052_0062.jpg,1,1.0,strong_75_plus,232,218,0.8515625,0.9396551724137931,0.8515625,0.8074074074074075,1,False
HYBRID_TALON,10,patient083,patient083_case01,IGM,IGM_patient052_0063.jpg,1,1.0,strong_75_plus,251,233,0.8694029850746269,0.9282868525896414,0.8694029850746269,0.8146853146853147,1,False
HYBRID_TALON,10,patient083,patient083_case01,IGM,IGM_patient052_0064.jpg,1,1.0,strong_75_plus,251,240,0.9375,0.9561752988047809,0.9375,0.898876404494382,1,False
HYBRID_TALON,10,patient083,patient083_case01,IGM,IGM_patient052_0065.jpg,1,1.0,strong_75_plus,214,206,0.7923076923076923,0.9626168224299065,0.7923076923076923,0.7686567164179104,1,False
HYBRID_TALON,10,patient083,patient083_case01,IGM,IGM_patient052_0066.jpg,1,,off_target_fp,14,0,0.0,0.0,0.0,0.0,0,False
HYBRID_TALON,10,patient083,patient083_case01,IGM,IGM_patient052_0066.jpg,2,1.0,strong_75_plus,133,127,0.8581081081081081,0.9548872180451128,0.8581081081081081,0.8246753246753247,1,False
HYBRID_TALON,10,patient083,patient083_case01,IGM,IGM_patient052_0066.jpg,3,,off_target_fp,11,0,0.0,0.0,0.0,0.0,0,False
HYBRID_TALON,10,patient083,patient083_case01,IGM,IGM_patient052_0066.jpg,4,,off_target_fp,13,0,0.0,0.0,0.0,0.0,0,False
HYBRID_TALON,10,patient083,patient083_case01,IGM,IGM_patient052_0067.jpg,1,1.0,low_25_to_50,66,66,0.358695652173913,1.0,0.358695652173913,0.358695652173913,1,False
HYBRID_TALON,10,patient083,patient083_case01,IGM,IGM_patient052_0067.jpg,2,,off_target_fp,11,0,0.0,0.0,0.0,0.0,0,False
HYBRID_TALON,10,patient083,patient083_case01,IGM,IGM_patient052_0067.jpg,3,1.0,low_25_to_50,62,60,0.32608695652173914,0.967741935483871,0.32608695652173914,0.3225806451612903,1,False
HYBRID_TALON,10,patient083,patient083_case01,IGM,IGM_patient052_0068.jpg,1,1.0,moderate_50_to_75,103,97,0.7132352941176471,0.941747572815534,0.7132352941176471,0.6830985915492958,1,False
HYBRID_TALON,10,patient083,patient083_case01,IGM,IGM_patient052_0068.jpg,2,,off_target_fp,12,0,0.0,0.0,0.0,0.0,0,False
HYBRID_TALON,10,patient083,patient083_case01,IGM,IGM_patient052_0068.jpg,3,,off_target_fp,10,0,0.0,0.0,0.0,0.0,0,False
HYBRID_TALON,10,patient083,patient083_case01,IGM,IGM_patient052_0068.jpg,4,,off_target_fp,14,0,0.0,0.0,0.0,0.0,0,False
HYBRID_TALON,10,patient083,patient083_case01,IGM,IGM_patient052_0069.jpg,1,1.0,strong_75_plus,128,124,0.775,0.96875,0.775,0.7560975609756098,1,False
HYBRID_TALON,10,patient083,patient083_case01,IGM,IGM_patient052_0069.jpg,2,,off_target_fp,14,0,0.0,0.0,0.0,0.0,0,False
HYBRID_TALON,10,patient083,patient083_case01,IGM,IGM_patient052_0070.jpg,1,1.0,strong_75_plus,135,123,0.8092105263157895,0.9111111111111111,0.8092105263157895,0.75,1,False
HYBRID_TALON,10,patient083,patient083_case01,IGM,IGM_patient052_0070.jpg,2,,off_target_fp,42,0,0.0,0.0,0.0,0.0,0,False
HYBRID_TALON,10,patient083,patient083_case01,IGM,IGM_patient052_0071.jpg,1,1.0,moderate_50_to_75,119,116,0.7435897435897436,0.9747899159663865,0.7435897435897436,0.7295597484276729,1,False
HYBRID_TALON,10,patient083,patient083_case01,IGM,IGM_patient052_0071.jpg,2,,off_target_fp,10,0,0.0,0.0,0.0,0.0,0,False
HYBRID_TALON,10,patient083,patient083_case01,IGM,IGM_patient052_0071.jpg,3,,off_target_fp,15,0,0.0,0.0,0.0,0.0,0,False
HYBRID_TALON,10,patient083,patient083_case01,IGM,IGM_patient052_0072.jpg,1,1.0,low_25_to_50,69,67,0.4407894736842105,0.9710144927536232,0.4407894736842105,0.43506493506493504,1,False
HYBRID_TALON,10,patient083,patient083_case01,IGM,IGM_patient052_0072.jpg,2,,off_target_fp,11,0,0.0,0.0,0.0,0.0,0,False
HYBRID_TALON,10,patient086,patient086_case01,IGM,IGM_patient053_0060.jpg,1,,off_target_fp,34,0,0.0,0.0,0.0,0.0,0,False
HYBRID_TALON,10,patient086,patient086_case01,IGM,IGM_patient053_0060.jpg,2,,off_target_fp,14,0,0.0,0.0,0.0,0.0,0,False
HYBRID_TALON,10,patient086,patient086_case01,IGM,IGM_patient053_0061.jpg,1,,off_target_fp,43,0,0.0,0.0,0.0,0.0,0,False
HYBRID_TALON,10,patient086,patient086_case01,IGM,IGM_patient053_0062.jpg,1,,off_target_fp,21,0,0.0,0.0,0.0,0.0,0,False
HYBRID_TALON,10,patient086,patient086_case01,IGM,IGM_patient053_0062.jpg,2,,off_target_fp,75,0,0.0,0.0,0.0,0.0,0,False
HYBRID_TALON,10,patient086,patient086_case01,IGM,IGM_patient053_0063.jpg,1,,off_target_fp,154,0,0.0,0.0,0.0,0.0,0,False
HYBRID_TALON,10,patient086,patient086_case01,IGM,IGM_patient053_0064.jpg,1,,off_target_fp,14,0,0.0,0.0,0.0,0.0,0,False
HYBRID_TALON,10,patient086,patient086_case01,IGM,IGM_patient053_0064.jpg,2,,off_target_fp,178,0,0.0,0.0,0.0,0.0,0,False
HYBRID_TALON,10,patient086,patient086_case01,IGM,IGM_patient053_0065.jpg,1,,off_target_fp,11,0,0.0,0.0,0.0,0.0,0,False
HYBRID_TALON,10,patient086,patient086_case01,IGM,IGM_patient053_0065.jpg,2,,off_target_fp,16,0,0.0,0.0,0.0,0.0,0,False
HYBRID_TALON,10,patient086,patient086_case01,IGM,IGM_patient053_0065.jpg,3,,off_target_fp,135,0,0.0,0.0,0.0,0.0,0,False
HYBRID_TALON,10,patient086,patient086_case01,IGM,IGM_patient053_0065.jpg,4,,off_target_fp,54,0,0.0,0.0,0.0,0.0,0,False
HYBRID_TALON,10,patient086,patient086_case01,IGM,IGM_patient053_0066.jpg,1,1.0,moderate_50_to_75,51,45,0.6617647058823529,0.8823529411764706,0.6617647058823529,0.6081081081081081,1,False
HYBRID_TALON,10,patient086,patient086_case01,IGM,IGM_patient053_0066.jpg,2,,off_target_fp,132,0,0.0,0.0,0.0,0.0,0,False
HYBRID_TALON,10,patient088,patient088_case01,IGM,IGM_patient054_0055.jpg,1,,off_target_fp,41,0,0.0,0.0,0.0,0.0,0,False
HYBRID_TALON,10,patient088,patient088_case01,IGM,IGM_patient054_0056.jpg,1,1.0,moderate_50_to_75,131,130,0.7222222222222222,0.9923664122137404,0.7222222222222222,0.7182320441988951,1,False
HYBRID_TALON,10,patient088,patient088_case01,IGM,IGM_patient054_0056.jpg,2,,off_target_fp,19,0,0.0,0.0,0.0,0.0,0,False
HYBRID_TALON,10,patient088,patient088_case01,IGM,IGM_patient054_0057.jpg,1,1.0,strong_75_plus,201,194,0.8981481481481481,0.9651741293532339,0.8981481481481481,0.8699551569506726,1,False
HYBRID_TALON,10,patient088,patient088_case01,IGM,IGM_patient054_0058.jpg,1,1.0,strong_75_plus,245,238,0.8040540540540541,0.9714285714285714,0.8040540540540541,0.7854785478547854,1,False
HYBRID_TALON,10,patient088,patient088_case01,IGM,IGM_patient054_0059.jpg,1,1.0,strong_75_plus,185,177,0.8349056603773585,0.9567567567567568,0.8349056603773585,0.8045454545454546,1,False
HYBRID_TALON,10,patient088,patient088_case01,IGM,IGM_patient054_0060.jpg,1,,off_target_fp,72,0,0.0,0.0,0.0,0.0,0,False
HYBRID_TALON,10,patient088,patient088_case01,IGM,IGM_patient054_0061.jpg,1,,off_target_fp,11,0,0.0,0.0,0.0,0.0,0,False
HYBRID_TALON,10,patient088,patient088_case01,IGM,IGM_patient054_0061.jpg,2,,off_target_fp,24,0,0.0,0.0,0.0,0.0,0,False
HYBRID_TALON,10,patient088,patient088_case01,IGM,IGM_patient054_0062.jpg,1,1.0,strong_75_plus,187,179,0.8287037037037037,0.9572192513368984,0.8287037037037037,0.7991071428571429,1,False
HYBRID_TALON,10,patient088,patient088_case01,IGM,IGM_patient054_0062.jpg,2,,off_target_fp,14,0,0.0,0.0,0.0,0.0,0,False
HYBRID_TALON,10,patient088,patient088_case01,IGM,IGM_patient054_0063.jpg,1,1.0,strong_75_plus,254,251,0.814935064935065,0.9881889763779528,0.814935064935065,0.8070739549839229,1,False
HYBRID_TALON,10,patient088,patient088_case01,IGM,IGM_patient054_0063.jpg,2,,off_target_fp,41,0,0.0,0.0,0.0,0.0,0,False
HYBRID_TALON,10,patient088,patient088_case01,IGM,IGM_patient054_0063.jpg,3,,off_target_fp,13,0,0.0,0.0,0.0,0.0,0,False
HYBRID_TALON,10,patient088,patient088_case01,IGM,IGM_patient054_0064.jpg,1,1.0,strong_75_plus,223,217,0.7534722222222222,0.9730941704035875,0.7534722222222222,0.7380952380952381,1,False
HYBRID_TALON,10,patient088,patient088_case01,IGM,IGM_patient054_0064.jpg,2,,off_target_fp,21,0,0.0,0.0,0.0,0.0,0,False
HYBRID_TALON,10,patient088,patient088_case01,IGM,IGM_patient054_0064.jpg,3,,off_target_fp,22,0,0.0,0.0,0.0,0.0,0,False
HYBRID_TALON,10,patient088,patient088_case01,IGM,IGM_patient054_0065.jpg,1,1.0,moderate_50_to_75,164,158,0.5197368421052632,0.9634146341463414,0.5197368421052632,0.5096774193548387,1,False
HYBRID_TALON,10,patient088,patient088_case01,IGM,IGM_patient054_0065.jpg,2,1.0,partial_below_25,18,18,0.05921052631578947,1.0,0.05921052631578947,0.05921052631578947,1,False
HYBRID_TALON,10,patient088,patient088_case01,IGM,IGM_patient054_0065.jpg,3,,off_target_fp,22,0,0.0,0.0,0.0,0.0,0,False
HYBRID_TALON,10,patient088,patient088_case01,IGM,IGM_patient054_0065.jpg,4,,off_target_fp,13,0,0.0,0.0,0.0,0.0,0,False
HYBRID_TALON,10,patient097,patient097_case01,IGM,IGM_patient007_0057.jpg,1,1.0,moderate_50_to_75,114,71,0.9861111111111112,0.6228070175438597,0.6228070175438597,0.6173913043478261,1,False
HYBRID_TALON,10,patient097,patient097_case01,IGM,IGM_patient007_0057.jpg,2,,off_target_fp,117,0,0.0,0.0,0.0,0.0,0,False
HYBRID_TALON,10,patient097,patient097_case01,IGM,IGM_patient007_0057.jpg,3,,off_target_fp,59,0,0.0,0.0,0.0,0.0,0,False
HYBRID_TALON,10,patient097,patient097_case01,IGM,IGM_patient007_0057.jpg,4,,off_target_fp,71,0,0.0,0.0,0.0,0.0,0,False
HYBRID_TALON,10,patient097,patient097_case01,IGM,IGM_patient007_0058.jpg,1,1.0,moderate_50_to_75,205,124,0.9393939393939394,0.6048780487804878,0.6048780487804878,0.5821596244131455,1,False
HYBRID_TALON,10,patient097,patient097_case01,IGM,IGM_patient007_0058.jpg,2,,off_target_fp,46,0,0.0,0.0,0.0,0.0,0,False
HYBRID_TALON,10,patient097,patient097_case01,IGM,IGM_patient007_0058.jpg,3,,off_target_fp,168,0,0.0,0.0,0.0,0.0,0,False
HYBRID_TALON,10,patient097,patient097_case01,IGM,IGM_patient007_0059.jpg,1,,off_target_fp,83,0,0.0,0.0,0.0,0.0,0,False
HYBRID_TALON,10,patient097,patient097_case01,IGM,IGM_patient007_0059.jpg,2,,off_target_fp,24,0,0.0,0.0,0.0,0.0,0,False
HYBRID_TALON,10,patient097,patient097_case01,IGM,IGM_patient007_0059.jpg,3,1.0,strong_75_plus,222,177,0.921875,0.7972972972972973,0.7972972972972973,0.7468354430379747,1,False
HYBRID_TALON,10,patient097,patient097_case01,IGM,IGM_patient007_0059.jpg,4,,off_target_fp,155,0,0.0,0.0,0.0,0.0,0,False
HYBRID_TALON,10,patient097,patient097_case01,IGM,IGM_patient007_0060.jpg,1,,off_target_fp,24,0,0.0,0.0,0.0,0.0,0,False
HYBRID_TALON,10,patient097,patient097_case01,IGM,IGM_patient007_0060.jpg,2,1.0,strong_75_plus,264,206,0.9537037037037037,0.7803030303030303,0.7803030303030303,0.7518248175182481,1,False
HYBRID_TALON,10,patient097,patient097_case01,IGM,IGM_patient007_0060.jpg,3,,off_target_fp,87,0,0.0,0.0,0.0,0.0,0,False
HYBRID_TALON,10,patient097,patient097_case01,IGM,IGM_patient007_0061.jpg,1,1.0,strong_75_plus,246,187,0.9540816326530612,0.7601626016260162,0.7601626016260162,0.7333333333333333,1,False
HYBRID_TALON,10,patient097,patient097_case01,IGM,IGM_patient007_0062.jpg,1,1.0,strong_75_plus,160,136,0.9444444444444444,0.85,0.85,0.8095238095238095,1,False
HYBRID_TALON,10,patient097,patient097_case01,IGM,IGM_patient007_0063.jpg,1,1.0,moderate_50_to_75,57,57,0.5277777777777778,1.0,0.5277777777777778,0.5277777777777778,1,False
HYBRID_TALON,25,patient021,patient021_case01,IBC,IBC_patient001_0050.jpg,1,1.0,strong_75_plus,136,124,0.775,0.9117647058823529,0.775,0.7209302325581395,1,False
HYBRID_TALON,25,patient021,patient021_case01,IBC,IBC_patient001_0051.jpg,1,1.0,moderate_50_to_75,447,300,0.8241758241758241,0.6711409395973155,0.6711409395973155,0.5870841487279843,1,False
HYBRID_TALON,25,patient021,patient021_case01,IBC,IBC_patient001_0052.jpg,1,1.0,strong_75_plus,744,733,0.8852657004830918,0.9852150537634409,0.8852657004830918,0.8736591179976162,1,False
HYBRID_TALON,25,patient021,patient021_case01,IBC,IBC_patient001_0053.jpg,1,1.0,strong_75_plus,1000,964,0.9450980392156862,0.964,0.9450980392156862,0.9128787878787878,1,False
HYBRID_TALON,25,patient021,patient021_case01,IBC,IBC_patient001_0054.jpg,1,1.0,strong_75_plus,1146,1101,0.9557291666666666,0.9607329842931938,0.9557291666666666,0.9197994987468672,1,False
HYBRID_TALON,25,patient021,patient021_case01,IBC,IBC_patient001_0055.jpg,1,1.0,strong_75_plus,1199,1180,0.9394904458598726,0.9841534612176814,0.9394904458598726,0.9254901960784314,1,False
HYBRID_TALON,25,patient021,patient021_case01,IBC,IBC_patient001_0056.jpg,1,1.0,strong_75_plus,1235,1177,0.9224137931034483,0.9530364372469635,0.9224137931034483,0.8823088455772113,1,False
HYBRID_TALON,25,patient021,patient021_case01,IBC,IBC_patient001_0057.jpg,1,1.0,strong_75_plus,1252,1191,0.9246894409937888,0.9512779552715654,0.9246894409937888,0.882876204595997,1,False
HYBRID_TALON,25,patient021,patient021_case01,IBC,IBC_patient001_0058.jpg,1,1.0,strong_75_plus,1229,1226,0.8782234957020058,0.9975589910496339,0.8782234957020058,0.8763402430307362,1,False
HYBRID_TALON,25,patient021,patient021_case01,IBC,IBC_patient001_0059.jpg,1,1.0,strong_75_plus,1231,1188,0.928125,0.9650690495532088,0.928125,0.8979591836734694,1,False
HYBRID_TALON,25,patient021,patient021_case01,IBC,IBC_patient001_0060.jpg,1,1.0,strong_75_plus,1075,1044,0.8969072164948454,0.9711627906976744,0.8969072164948454,0.8736401673640167,1,False
HYBRID_TALON,25,patient021,patient021_case01,IBC,IBC_patient001_0060.jpg,2,,off_target_fp,161,0,0.0,0.0,0.0,0.0,0,False
HYBRID_TALON,25,patient021,patient021_case01,IBC,IBC_patient001_0061.jpg,1,1.0,strong_75_plus,927,910,0.8992094861660079,0.9816612729234089,0.8992094861660079,0.8843537414965986,1,False
HYBRID_TALON,25,patient021,patient021_case01,IBC,IBC_patient001_0061.jpg,2,,off_target_fp,186,0,0.0,0.0,0.0,0.0,0,False
HYBRID_TALON,25,patient021,patient021_case01,IBC,IBC_patient001_0062.jpg,1,1.0,strong_75_plus,731,723,0.8406976744186047,0.9890560875512996,0.8406976744186047,0.8329493087557603,1,False
HYBRID_TALON,25,patient021,patient021_case01,IBC,IBC_patient001_0062.jpg,2,,off_target_fp,176,0,0.0,0.0,0.0,0.0,0,False
HYBRID_TALON,25,patient021,patient021_case01,IBC,IBC_patient001_0063.jpg,1,1.0,strong_75_plus,318,291,0.8871951219512195,0.9150943396226415,0.8871951219512195,0.819718309859155,1,False
HYBRID_TALON,25,patient021,patient021_case01,IBC,IBC_patient001_0063.jpg,2,,off_target_fp,148,0,0.0,0.0,0.0,0.0,0,False
HYBRID_TALON,25,patient021,patient021_case01,IBC,IBC_patient001_0064.jpg,1,1.0,strong_75_plus,287,267,0.9270833333333334,0.9303135888501742,0.9270833333333334,0.8668831168831169,1,False
HYBRID_TALON,25,patient021,patient021_case01,IBC,IBC_patient001_0064.jpg,2,,off_target_fp,62,0,0.0,0.0,0.0,0.0,0,False
HYBRID_TALON,25,patient021,patient021_case01,IBC,IBC_patient001_0065.jpg,1,1.0,strong_75_plus,185,183,0.8026315789473685,0.9891891891891892,0.8026315789473685,0.7956521739130434,1,False
HYBRID_TALON,25,patient021,patient021_case01,IBC,IBC_patient001_0065.jpg,2,,off_target_fp,31,0,0.0,0.0,0.0,0.0,0,False
HYBRID_TALON,25,patient021,patient021_case01,IBC,IBC_patient001_0066.jpg,1,,off_target_fp,69,0,0.0,0.0,0.0,0.0,0,False
HYBRID_TALON,25,patient030,patient030_case01,IBC,IBC_patient025_0056.jpg,1,1.0,strong_75_plus,336,286,0.9533333333333334,0.8511904761904762,0.8511904761904762,0.8171428571428572,1,False
HYBRID_TALON,25,patient030,patient030_case01,IBC,IBC_patient025_0056.jpg,2,,off_target_fp,47,0,0.0,0.0,0.0,0.0,0,False
HYBRID_TALON,25,patient030,patient030_case01,IBC,IBC_patient025_0057.jpg,1,1.0,strong_75_plus,963,931,0.8402527075812274,0.9667705088265836,0.8402527075812274,0.8166666666666667,1,False
HYBRID_TALON,25,patient030,patient030_case01,IBC,IBC_patient025_0057.jpg,2,,off_target_fp,37,0,0.0,0.0,0.0,0.0,0,False
HYBRID_TALON,25,patient030,patient030_case01,IBC,IBC_patient025_0058.jpg,1,1.0,strong_75_plus,1282,1240,0.9117647058823529,0.9672386895475819,0.9117647058823529,0.884450784593438,1,False
HYBRID_TALON,25,patient030,patient030_case01,IBC,IBC_patient025_0059.jpg,1,1.0,moderate_50_to_75,1022,1016,0.6195121951219512,0.9941291585127201,0.6195121951219512,0.6172539489671932,1,False
HYBRID_TALON,25,patient030,patient030_case01,IBC,IBC_patient025_0060.jpg,1,1.0,moderate_50_to_75,1056,1045,0.6005747126436781,0.9895833333333334,0.6005747126436781,0.5968018275271274,1,False
HYBRID_TALON,25,patient030,patient030_case01,IBC,IBC_patient025_0061.jpg,1,1.0,strong_75_plus,1404,1371,0.8359756097560975,0.9764957264957265,0.8359756097560975,0.8194859533771668,1,False
HYBRID_TALON,25,patient030,patient030_case01,IBC,IBC_patient025_0062.jpg,1,1.0,strong_75_plus,1262,1256,0.8134715025906736,0.9952456418383518,0.8134715025906736,0.8103225806451613,1,False
HYBRID_TALON,25,patient030,patient030_case01,IBC,IBC_patient025_0063.jpg,1,1.0,strong_75_plus,1252,1216,0.9074626865671642,0.9712460063897763,0.9074626865671642,0.8837209302325582,1,False
HYBRID_TALON,25,patient030,patient030_case01,IBC,IBC_patient025_0064.jpg,1,1.0,strong_75_plus,959,950,0.8605072463768116,0.9906152241918665,0.8605072463768116,0.8535489667565139,1,False
HYBRID_TALON,25,patient030,patient030_case01,IBC,IBC_patient025_0064.jpg,2,,off_target_fp,33,0,0.0,0.0,0.0,0.0,0,False
HYBRID_TALON,25,patient030,patient030_case01,IBC,IBC_patient025_0065.jpg,1,1.0,strong_75_plus,730,709,0.9581081081081081,0.9712328767123287,0.9581081081081081,0.9316688567674113,1,False
HYBRID_TALON,25,patient030,patient030_case01,IBC,IBC_patient025_0065.jpg,2,,off_target_fp,32,0,0.0,0.0,0.0,0.0,0,False
HYBRID_TALON,25,patient030,patient030_case01,IBC,IBC_patient025_0066.jpg,1,1.0,strong_75_plus,701,679,0.9126344086021505,0.9686162624821684,0.9126344086021505,0.8864229765013055,1,False
HYBRID_TALON,25,patient030,patient030_case01,IBC,IBC_patient025_0066.jpg,2,,off_target_fp,35,0,0.0,0.0,0.0,0.0,0,False
HYBRID_TALON,25,patient030,patient030_case01,IBC,IBC_patient025_0067.jpg,1,1.0,strong_75_plus,622,581,0.9555921052631579,0.9340836012861736,0.9340836012861736,0.8952234206471494,1,False
HYBRID_TALON,25,patient030,patient030_case01,IBC,IBC_patient025_0067.jpg,2,,off_target_fp,35,0,0.0,0.0,0.0,0.0,0,False
HYBRID_TALON,25,patient030,patient030_case01,IBC,IBC_patient025_0068.jpg,1,1.0,strong_75_plus,481,456,0.9193548387096774,0.9480249480249481,0.9193548387096774,0.8752399232245681,1,False
HYBRID_TALON,25,patient030,patient030_case01,IBC,IBC_patient025_0068.jpg,2,,off_target_fp,31,0,0.0,0.0,0.0,0.0,0,False
HYBRID_TALON,25,patient030,patient030_case01,IBC,IBC_patient025_0069.jpg,1,,off_target_fp,39,0,0.0,0.0,0.0,0.0,0,False
HYBRID_TALON,25,patient030,patient030_case01,IBC,IBC_patient025_0069.jpg,2,1.0,partial_below_25,25,25,0.1524390243902439,1.0,0.1524390243902439,0.1524390243902439,1,False
HYBRID_TALON,25,patient033,patient033_case01,IBC,IBC_patient027_0056.jpg,1,,off_target_fp,41,0,0.0,0.0,0.0,0.0,0,False
HYBRID_TALON,25,patient033,patient033_case01,IBC,IBC_patient027_0056.jpg,2,1.0,moderate_50_to_75,43,38,0.6333333333333333,0.8837209302325582,0.6333333333333333,0.5846153846153846,1,False
HYBRID_TALON,25,patient033,patient033_case01,IBC,IBC_patient027_0057.jpg,1,1.0,strong_75_plus,200,170,0.9444444444444444,0.85,0.85,0.8095238095238095,1,False
HYBRID_TALON,25,patient033,patient033_case01,IBC,IBC_patient027_0058.jpg,1,,off_target_fp,76,0,0.0,0.0,0.0,0.0,0,False
HYBRID_TALON,25,patient033,patient033_case01,IBC,IBC_patient027_0058.jpg,2,1.0,strong_75_plus,271,246,0.9761904761904762,0.9077490774907749,0.9077490774907749,0.8880866425992779,1,False
HYBRID_TALON,25,patient033,patient033_case01,IBC,IBC_patient027_0059.jpg,1,1.0,strong_75_plus,343,312,0.975,0.9096209912536443,0.9096209912536443,0.8888888888888888,1,False
HYBRID_TALON,25,patient033,patient033_case01,IBC,IBC_patient027_0060.jpg,1,1.0,strong_75_plus,386,318,0.9814814814814815,0.8238341968911918,0.8238341968911918,0.8112244897959183,1,False
HYBRID_TALON,25,patient033,patient033_case01,IBC,IBC_patient027_0061.jpg,1,1.0,strong_75_plus,344,287,0.9566666666666667,0.8343023255813954,0.8343023255813954,0.803921568627451,1,False
HYBRID_TALON,25,patient033,patient033_case01,IBC,IBC_patient027_0062.jpg,1,,off_target_fp,49,0,0.0,0.0,0.0,0.0,0,False
HYBRID_TALON,25,patient033,patient033_case01,IBC,IBC_patient027_0062.jpg,2,,off_target_fp,115,0,0.0,0.0,0.0,0.0,0,False
HYBRID_TALON,25,patient033,patient033_case01,IBC,IBC_patient027_0062.jpg,3,1.0,moderate_50_to_75,240,142,0.9861111111111112,0.5916666666666667,0.5916666666666667,0.5867768595041323,1,False
HYBRID_TALON,25,patient033,patient033_case01,IBC,IBC_patient027_0063.jpg,1,1.0,low_25_to_50,165,63,0.984375,0.38181818181818183,0.38181818181818183,0.3795180722891566,1,False
HYBRID_TALON,25,patient035,patient035_case01,IBC,IBC_patient028_0115.jpg,1,,off_target_fp,150,0,0.0,0.0,0.0,0.0,0,False
HYBRID_TALON,25,patient035,patient035_case01,IBC,IBC_patient028_0115.jpg,2,1.0,moderate_50_to_75,271,271,0.6049107142857143,1.0,0.6049107142857143,0.6049107142857143,1,False
HYBRID_TALON,25,patient035,patient035_case01,IBC,IBC_patient028_0116.jpg,1,,off_target_fp,213,0,0.0,0.0,0.0,0.0,0,False
HYBRID_TALON,25,patient035,patient035_case01,IBC,IBC_patient028_0116.jpg,2,1.0,moderate_50_to_75,416,406,0.7097902097902098,0.9759615384615384,0.7097902097902098,0.697594501718213,1,False
HYBRID_TALON,25,patient035,patient035_case01,IBC,IBC_patient028_0117.jpg,1,,off_target_fp,237,0,0.0,0.0,0.0,0.0,0,False
HYBRID_TALON,25,patient035,patient035_case01,IBC,IBC_patient028_0117.jpg,2,1.0,strong_75_plus,638,606,0.9017857142857143,0.9498432601880877,0.9017857142857143,0.8607954545454546,1,False
HYBRID_TALON,25,patient035,patient035_case01,IBC,IBC_patient028_0118.jpg,1,1.0,moderate_50_to_75,1014,744,0.93,0.7337278106508875,0.7337278106508875,0.6953271028037383,1,False
HYBRID_TALON,25,patient035,patient035_case01,IBC,IBC_patient028_0119.jpg,1,1.0,strong_75_plus,1036,786,0.8891402714932126,0.7586872586872587,0.7586872586872587,0.6931216931216931,1,False
HYBRID_TALON,25,patient035,patient035_case01,IBC,IBC_patient028_0120.jpg,1,1.0,strong_75_plus,1133,1041,0.8504901960784313,0.9187996469549867,0.8504901960784313,0.791033434650456,1,False
HYBRID_TALON,25,patient035,patient035_case01,IBC,IBC_patient028_0121.jpg,1,1.0,strong_75_plus,1143,1033,0.8303858520900321,0.9037620297462817,0.8303858520900321,0.7629246676514032,1,False
HYBRID_TALON,25,patient035,patient035_case01,IBC,IBC_patient028_0122.jpg,1,1.0,strong_75_plus,1186,1141,0.8035211267605634,0.9620573355817875,0.8035211267605634,0.778839590443686,1,False
HYBRID_TALON,25,patient035,patient035_case01,IBC,IBC_patient028_0123.jpg,1,1.0,moderate_50_to_75,1111,1092,0.5711297071129707,0.9828982898289829,0.5711297071129707,0.5655100983946142,1,False
HYBRID_TALON,25,patient035,patient035_case01,IBC,IBC_patient028_0124.jpg,1,1.0,moderate_50_to_75,1142,1090,0.5712788259958071,0.9544658493870403,0.5712788259958071,0.5561224489795918,1,False
HYBRID_TALON,25,patient035,patient035_case01,IBC,IBC_patient028_0125.jpg,1,1.0,moderate_50_to_75,1087,1042,0.5338114754098361,0.9586016559337627,0.5338114754098361,0.5217826740110165,1,False
HYBRID_TALON,25,patient035,patient035_case01,IBC,IBC_patient028_0126.jpg,1,1.0,moderate_50_to_75,1126,1104,0.5369649805447471,0.9804618117229129,0.5369649805447471,0.5312800769971127,1,False
HYBRID_TALON,25,patient035,patient035_case01,IBC,IBC_patient028_0127.jpg,1,1.0,low_25_to_50,1167,1165,0.4870401337792642,0.998286203941731,0.4870401337792642,0.48663324979114453,1,False
HYBRID_TALON,25,patient035,patient035_case01,IBC,IBC_patient028_0128.jpg,1,1.0,moderate_50_to_75,1295,1167,0.5100524475524476,0.9011583011583012,0.5100524475524476,0.4830298013245033,1,False
HYBRID_TALON,25,patient035,patient035_case01,IBC,IBC_patient028_0129.jpg,1,1.0,moderate_50_to_75,1388,1239,0.5424693520140105,0.8926512968299711,0.5424693520140105,0.5092478421701603,1,False
HYBRID_TALON,25,patient035,patient035_case01,IBC,IBC_patient028_0130.jpg,1,1.0,moderate_50_to_75,1559,1392,0.6327272727272727,0.8928800513149455,0.6327272727272727,0.5880861850443599,1,False
HYBRID_TALON,25,patient035,patient035_case01,IBC,IBC_patient028_0131.jpg,1,1.0,partial_below_25,99,99,0.043043478260869565,1.0,0.043043478260869565,0.043043478260869565,1,False
HYBRID_TALON,25,patient035,patient035_case01,IBC,IBC_patient028_0131.jpg,2,1.0,moderate_50_to_75,1557,1414,0.6147826086956522,0.9081567116249197,0.6147826086956522,0.5787965616045845,1,False
HYBRID_TALON,25,patient035,patient035_case01,IBC,IBC_patient028_0132.jpg,1,1.0,partial_below_25,92,92,0.039655172413793106,1.0,0.039655172413793106,0.039655172413793106,1,False
HYBRID_TALON,25,patient035,patient035_case01,IBC,IBC_patient028_0132.jpg,2,1.0,partial_below_25,445,356,0.15344827586206897,0.8,0.15344827586206897,0.1477791614777916,1,False
HYBRID_TALON,25,patient035,patient035_case01,IBC,IBC_patient028_0132.jpg,3,1.0,low_25_to_50,990,973,0.4193965517241379,0.9828282828282828,0.4193965517241379,0.4163457424047925,1,False
HYBRID_TALON,25,patient035,patient035_case01,IBC,IBC_patient028_0133.jpg,1,1.0,partial_below_25,50,38,0.018199233716475097,0.76,0.018199233716475097,0.018095238095238095,1,False
HYBRID_TALON,25,patient035,patient035_case01,IBC,IBC_patient028_0133.jpg,2,1.0,low_25_to_50,960,889,0.4257662835249042,0.9260416666666667,0.4257662835249042,0.4117647058823529,1,False
HYBRID_TALON,25,patient035,patient035_case01,IBC,IBC_patient028_0133.jpg,3,1.0,partial_below_25,364,286,0.13697318007662834,0.7857142857142857,0.13697318007662834,0.13204062788550322,1,False
HYBRID_TALON,25,patient035,patient035_case01,IBC,IBC_patient028_0134.jpg,1,1.0,partial_below_25,302,250,0.12112403100775193,0.8278145695364238,0.12112403100775193,0.11814744801512288,1,False
HYBRID_TALON,25,patient035,patient035_case01,IBC,IBC_patient028_0134.jpg,2,1.0,low_25_to_50,861,797,0.3861434108527132,0.9256678281068524,0.3861434108527132,0.37453007518796994,1,False
HYBRID_TALON,25,patient035,patient035_case01,IBC,IBC_patient028_0135.jpg,1,1.0,low_25_to_50,849,780,0.3686200378071834,0.9187279151943463,0.3686200378071834,0.35697940503432496,1,False
HYBRID_TALON,25,patient035,patient035_case01,IBC,IBC_patient028_0135.jpg,2,1.0,partial_below_25,286,281,0.1327977315689981,0.9825174825174825,0.1327977315689981,0.1324846770391325,1,False
HYBRID_TALON,25,patient035,patient035_case01,IBC,IBC_patient028_0136.jpg,1,1.0,low_25_to_50,795,749,0.3392210144927536,0.9421383647798742,0.3392210144927536,0.33229813664596275,1,False
HYBRID_TALON,25,patient035,patient035_case01,IBC,IBC_patient028_0136.jpg,2,1.0,partial_below_25,258,258,0.11684782608695653,1.0,0.11684782608695653,0.11684782608695653,1,False
HYBRID_TALON,25,patient035,patient035_case01,IBC,IBC_patient028_0137.jpg,1,1.0,low_25_to_50,544,534,0.2654075546719682,0.9816176470588235,0.2654075546719682,0.26409495548961426,1,False
HYBRID_TALON,25,patient035,patient035_case01,IBC,IBC_patient028_0137.jpg,2,1.0,partial_below_25,50,50,0.02485089463220676,1.0,0.02485089463220676,0.02485089463220676,1,False
HYBRID_TALON,25,patient035,patient035_case01,IBC,IBC_patient028_0138.jpg,1,1.0,partial_below_25,338,312,0.15234375,0.9230769230769231,0.15234375,0.15043394406943106,1,False
HYBRID_TALON,25,patient035,patient035_case01,IBC,IBC_patient028_0139.jpg,1,1.0,partial_below_25,234,184,0.10526315789473684,0.7863247863247863,0.10526315789473684,0.10233592880978866,1,False
HYBRID_TALON,25,patient035,patient035_case01,IBC,IBC_patient028_0140.jpg,1,1.0,partial_below_25,126,113,0.06405895691609978,0.8968253968253969,0.06405895691609978,0.06359032076533483,1,False
HYBRID_TALON,25,patient035,patient035_case01,IBC,IBC_patient028_0141.jpg,1,1.0,partial_below_25,47,47,0.0254880694143167,1.0,0.0254880694143167,0.0254880694143167,1,False
HYBRID_TALON,25,patient035,patient035_case01,IBC,IBC_patient028_0145.jpg,1,1.0,partial_below_25,25,25,0.025510204081632654,1.0,0.025510204081632654,0.025510204081632654,1,False
HYBRID_TALON,25,patient035,patient035_case01,IBC,IBC_patient028_0146.jpg,1,1.0,partial_below_25,98,98,0.09351145038167939,1.0,0.09351145038167939,0.09351145038167939,1,False
HYBRID_TALON,25,patient035,patient035_case01,IBC,IBC_patient028_0151.jpg,1,,off_target_fp,35,0,0.0,0.0,0.0,0.0,0,False
HYBRID_TALON,25,patient035,patient035_case01,IBC,IBC_patient028_0152.jpg,1,,off_target_fp,57,0,0.0,0.0,0.0,0.0,0,False
HYBRID_TALON,25,patient040,patient040_case01,IBC,IBC_patient030_0123.jpg,1,,off_target_fp,44,0,0.0,0.0,0.0,0.0,0,False
HYBRID_TALON,25,patient040,patient040_case01,IBC,IBC_patient030_0123.jpg,2,,off_target_fp,149,0,0.0,0.0,0.0,0.0,0,False
HYBRID_TALON,25,patient040,patient040_case01,IBC,IBC_patient030_0124.jpg,1,,off_target_fp,26,0,0.0,0.0,0.0,0.0,0,False
HYBRID_TALON,25,patient040,patient040_case01,IBC,IBC_patient030_0124.jpg,2,,off_target_fp,145,0,0.0,0.0,0.0,0.0,0,False
HYBRID_TALON,25,patient040,patient040_case01,IBC,IBC_patient030_0125.jpg,1,,off_target_fp,127,0,0.0,0.0,0.0,0.0,0,False
HYBRID_TALON,25,patient040,patient040_case01,IBC,IBC_patient030_0126.jpg,1,,off_target_fp,106,0,0.0,0.0,0.0,0.0,0,False
HYBRID_TALON,25,patient040,patient040_case01,IBC,IBC_patient030_0126.jpg,2,,off_target_fp,28,0,0.0,0.0,0.0,0.0,0,False
HYBRID_TALON,25,patient040,patient040_case01,IBC,IBC_patient030_0127.jpg,1,1.0,low_25_to_50,46,46,0.4791666666666667,1.0,0.4791666666666667,0.4791666666666667,1,False
HYBRID_TALON,25,patient040,patient040_case01,IBC,IBC_patient030_0127.jpg,2,,off_target_fp,31,0,0.0,0.0,0.0,0.0,0,False
HYBRID_TALON,25,patient040,patient040_case01,IBC,IBC_patient030_0128.jpg,1,1.0,moderate_50_to_75,71,69,0.5227272727272727,0.971830985915493,0.5227272727272727,0.5149253731343284,1,False
HYBRID_TALON,25,patient040,patient040_case01,IBC,IBC_patient030_0129.jpg,1,1.0,low_25_to_50,46,46,0.3026315789473684,1.0,0.3026315789473684,0.3026315789473684,1,False
HYBRID_TALON,25,patient040,patient040_case01,IBC,IBC_patient030_0130.jpg,1,,off_target_fp,25,0,0.0,0.0,0.0,0.0,0,False
HYBRID_TALON,25,patient042,patient042_case01,IBC,IBC_patient031_0102.jpg,1,1.0,partial_below_25,30,30,0.13157894736842105,1.0,0.13157894736842105,0.13157894736842105,1,False
HYBRID_TALON,25,patient042,patient042_case01,IBC,IBC_patient031_0103.jpg,1,1.0,strong_75_plus,265,261,0.8474025974025974,0.9849056603773585,0.8474025974025974,0.8365384615384616,1,False
HYBRID_TALON,25,patient042,patient042_case01,IBC,IBC_patient031_0104.jpg,1,1.0,strong_75_plus,364,338,0.8894736842105263,0.9285714285714286,0.8894736842105263,0.8325123152709359,1,False
HYBRID_TALON,25,patient042,patient042_case01,IBC,IBC_patient031_0105.jpg,1,1.0,strong_75_plus,434,390,0.9112149532710281,0.8986175115207373,0.8986175115207373,0.826271186440678,1,False
HYBRID_TALON,25,patient042,patient042_case01,IBC,IBC_patient031_0106.jpg,1,1.0,strong_75_plus,493,460,0.9126984126984127,0.9330628803245437,0.9126984126984127,0.8566108007448789,1,False
HYBRID_TALON,25,patient042,patient042_case01,IBC,IBC_patient031_0107.jpg,1,1.0,strong_75_plus,554,500,0.9541984732824428,0.9025270758122743,0.9025270758122743,0.8650519031141869,1,False
HYBRID_TALON,25,patient042,patient042_case01,IBC,IBC_patient031_0108.jpg,1,1.0,strong_75_plus,586,542,0.928082191780822,0.9249146757679181,0.9249146757679181,0.8630573248407644,1,False
HYBRID_TALON,25,patient042,patient042_case01,IBC,IBC_patient031_0109.jpg,1,1.0,strong_75_plus,604,573,0.8953125,0.9486754966887417,0.8953125,0.8539493293591655,1,False
HYBRID_TALON,25,patient042,patient042_case01,IBC,IBC_patient031_0110.jpg,1,1.0,strong_75_plus,631,595,0.9015151515151515,0.9429477020602218,0.9015151515151515,0.8548850574712644,1,False
HYBRID_TALON,25,patient042,patient042_case01,IBC,IBC_patient031_0111.jpg,1,1.0,strong_75_plus,639,588,0.8647058823529412,0.92018779342723,0.8647058823529412,0.8043775649794802,1,False
HYBRID_TALON,25,patient042,patient042_case01,IBC,IBC_patient031_0112.jpg,1,1.0,strong_75_plus,637,609,0.8851744186046512,0.9560439560439561,0.8851744186046512,0.8505586592178771,1,False
HYBRID_TALON,25,patient042,patient042_case01,IBC,IBC_patient031_0113.jpg,1,1.0,strong_75_plus,644,595,0.9296875,0.9239130434782609,0.9239130434782609,0.8635703918722787,1,False
HYBRID_TALON,25,patient042,patient042_case01,IBC,IBC_patient031_0114.jpg,1,1.0,strong_75_plus,648,606,0.907185628742515,0.9351851851851852,0.907185628742515,0.8535211267605634,1,False
HYBRID_TALON,25,patient042,patient042_case01,IBC,IBC_patient031_0114.jpg,2,,off_target_fp,56,0,0.0,0.0,0.0,0.0,0,False
HYBRID_TALON,25,patient042,patient042_case01,IBC,IBC_patient031_0115.jpg,1,1.0,strong_75_plus,594,506,0.9233576642335767,0.8518518518518519,0.8518518518518519,0.7955974842767296,1,False
HYBRID_TALON,25,patient042,patient042_case01,IBC,IBC_patient031_0115.jpg,2,,off_target_fp,83,0,0.0,0.0,0.0,0.0,0,False
HYBRID_TALON,25,patient042,patient042_case01,IBC,IBC_patient031_0116.jpg,1,1.0,strong_75_plus,520,457,0.9067460317460317,0.8788461538461538,0.8788461538461538,0.8059964726631393,1,False
HYBRID_TALON,25,patient042,patient042_case01,IBC,IBC_patient031_0116.jpg,2,,off_target_fp,96,0,0.0,0.0,0.0,0.0,0,False
HYBRID_TALON,25,patient042,patient042_case01,IBC,IBC_patient031_0117.jpg,1,1.0,strong_75_plus,484,433,0.9173728813559322,0.8946280991735537,0.8946280991735537,0.8279158699808795,1,False
HYBRID_TALON,25,patient042,patient042_case01,IBC,IBC_patient031_0117.jpg,2,,off_target_fp,139,0,0.0,0.0,0.0,0.0,0,False
HYBRID_TALON,25,patient042,patient042_case01,IBC,IBC_patient031_0118.jpg,1,1.0,strong_75_plus,447,401,0.9369158878504673,0.8970917225950783,0.8970917225950783,0.8459915611814346,1,False
HYBRID_TALON,25,patient042,patient042_case01,IBC,IBC_patient031_0118.jpg,2,,off_target_fp,207,0,0.0,0.0,0.0,0.0,0,False
HYBRID_TALON,25,patient042,patient042_case01,IBC,IBC_patient031_0119.jpg,1,1.0,strong_75_plus,406,338,0.9086021505376344,0.8325123152709359,0.8325123152709359,0.7681818181818182,1,False
HYBRID_TALON,25,patient042,patient042_case01,IBC,IBC_patient031_0119.jpg,2,,off_target_fp,27,0,0.0,0.0,0.0,0.0,0,False
HYBRID_TALON,25,patient042,patient042_case01,IBC,IBC_patient031_0119.jpg,3,,off_target_fp,193,0,0.0,0.0,0.0,0.0,0,False
HYBRID_TALON,25,patient042,patient042_case01,IBC,IBC_patient031_0120.jpg,1,1.0,strong_75_plus,350,339,0.7566964285714286,0.9685714285714285,0.7566964285714286,0.738562091503268,1,False
HYBRID_TALON,25,patient042,patient042_case01,IBC,IBC_patient031_0120.jpg,2,,off_target_fp,28,0,0.0,0.0,0.0,0.0,0,False
HYBRID_TALON,25,patient042,patient042_case01,IBC,IBC_patient031_0120.jpg,3,,off_target_fp,161,0,0.0,0.0,0.0,0.0,0,False
HYBRID_TALON,25,patient042,patient042_case01,IBC,IBC_patient031_0121.jpg,1,1.0,moderate_50_to_75,247,166,0.9651162790697675,0.6720647773279352,0.6720647773279352,0.6561264822134387,1,False
HYBRID_TALON,25,patient042,patient042_case01,IBC,IBC_patient031_0121.jpg,2,,off_target_fp,26,0,0.0,0.0,0.0,0.0,0,False
HYBRID_TALON,25,patient042,patient042_case01,IBC,IBC_patient031_0121.jpg,3,,off_target_fp,48,0,0.0,0.0,0.0,0.0,0,False
HYBRID_TALON,25,patient042,patient042_case01,IBC,IBC_patient031_0121.jpg,4,,off_target_fp,127,0,0.0,0.0,0.0,0.0,0,False
HYBRID_TALON,25,patient042,patient042_case01,IBC,IBC_patient031_0122.jpg,1,1.0,low_25_to_50,71,67,0.35638297872340424,0.9436619718309859,0.35638297872340424,0.3489583333333333,1,False
HYBRID_TALON,25,patient042,patient042_case01,IBC,IBC_patient031_0122.jpg,2,,off_target_fp,41,0,0.0,0.0,0.0,0.0,0,False
HYBRID_TALON,25,patient042,patient042_case01,IBC,IBC_patient031_0122.jpg,3,,off_target_fp,46,0,0.0,0.0,0.0,0.0,0,False
HYBRID_TALON,25,patient042,patient042_case01,IBC,IBC_patient031_0122.jpg,4,,off_target_fp,51,0,0.0,0.0,0.0,0.0,0,False
HYBRID_TALON,25,patient042,patient042_case01,IBC,IBC_patient031_0122.jpg,5,,off_target_fp,79,0,0.0,0.0,0.0,0.0,0,False
HYBRID_TALON,25,patient044,patient044_case01,IBC,IBC_patient032_0054.jpg,1,,off_target_fp,43,0,0.0,0.0,0.0,0.0,0,False
HYBRID_TALON,25,patient044,patient044_case01,IBC,IBC_patient032_0054.jpg,2,,off_target_fp,31,0,0.0,0.0,0.0,0.0,0,False
HYBRID_TALON,25,patient044,patient044_case01,IBC,IBC_patient032_0054.jpg,3,,off_target_fp,176,0,0.0,0.0,0.0,0.0,0,False
HYBRID_TALON,25,patient044,patient044_case01,IBC,IBC_patient032_0054.jpg,4,,off_target_fp,54,0,0.0,0.0,0.0,0.0,0,False
HYBRID_TALON,25,patient044,patient044_case01,IBC,IBC_patient032_0055.jpg,1,,off_target_fp,251,0,0.0,0.0,0.0,0.0,0,False
HYBRID_TALON,25,patient044,patient044_case01,IBC,IBC_patient032_0055.jpg,2,1.0,strong_75_plus,249,231,0.77,0.927710843373494,0.77,0.7264150943396226,1,False
HYBRID_TALON,25,patient044,patient044_case01,IBC,IBC_patient032_0056.jpg,1,1.0,low_25_to_50,111,102,0.2602040816326531,0.918918918918919,0.2602040816326531,0.2543640897755611,1,False
HYBRID_TALON,25,patient044,patient044_case01,IBC,IBC_patient032_0057.jpg,1,1.0,low_25_to_50,319,292,0.41954022988505746,0.9153605015673981,0.41954022988505746,0.40387275242047027,1,False
HYBRID_TALON,25,patient044,patient044_case01,IBC,IBC_patient032_0058.jpg,1,1.0,moderate_50_to_75,692,682,0.7445414847161572,0.9855491329479769,0.7445414847161572,0.7365010799136069,1,False
HYBRID_TALON,25,patient044,patient044_case01,IBC,IBC_patient032_0059.jpg,1,1.0,moderate_50_to_75,558,465,0.5406976744186046,0.8333333333333334,0.5406976744186046,0.4879328436516264,1,False
HYBRID_TALON,25,patient044,patient044_case01,IBC,IBC_patient032_0060.jpg,1,1.0,moderate_50_to_75,622,564,0.7268041237113402,0.9067524115755627,0.7268041237113402,0.6762589928057554,1,False
HYBRID_TALON,25,patient044,patient044_case01,IBC,IBC_patient032_0061.jpg,1,1.0,strong_75_plus,567,532,0.7777777777777778,0.9382716049382716,0.7777777777777778,0.7399165507649513,1,False
HYBRID_TALON,25,patient044,patient044_case01,IBC,IBC_patient032_0062.jpg,1,1.0,moderate_50_to_75,427,417,0.7043918918918919,0.9765807962529274,0.7043918918918919,0.6926910299003323,1,False
HYBRID_TALON,25,patient044,patient044_case01,IBC,IBC_patient032_0063.jpg,1,,off_target_fp,32,0,0.0,0.0,0.0,0.0,0,False
HYBRID_TALON,25,patient044,patient044_case01,IBC,IBC_patient032_0063.jpg,2,1.0,strong_75_plus,318,284,0.8987341772151899,0.8930817610062893,0.8930817610062893,0.8114285714285714,1,False
HYBRID_TALON,25,patient044,patient044_case01,IBC,IBC_patient032_0064.jpg,1,,off_target_fp,77,0,0.0,0.0,0.0,0.0,0,False
HYBRID_TALON,25,patient043,patient043_case01,IGM,IGM_patient032_0141.jpg,1,,off_target_fp,34,0,0.0,0.0,0.0,0.0,0,False
HYBRID_TALON,25,patient043,patient043_case01,IGM,IGM_patient032_0142.jpg,1,,off_target_fp,34,0,0.0,0.0,0.0,0.0,0,False
HYBRID_TALON,25,patient043,patient043_case01,IGM,IGM_patient032_0143.jpg,1,1.0,strong_75_plus,104,89,0.8240740740740741,0.8557692307692307,0.8240740740740741,0.7235772357723578,1,False
HYBRID_TALON,25,patient043,patient043_case01,IGM,IGM_patient032_0143.jpg,2,,off_target_fp,42,0,0.0,0.0,0.0,0.0,0,False
HYBRID_TALON,25,patient043,patient043_case01,IGM,IGM_patient032_0144.jpg,1,1.0,strong_75_plus,147,141,0.8597560975609756,0.9591836734693877,0.8597560975609756,0.8294117647058824,1,False
HYBRID_TALON,25,patient043,patient043_case01,IGM,IGM_patient032_0144.jpg,2,,off_target_fp,32,0,0.0,0.0,0.0,0.0,0,False
HYBRID_TALON,25,patient043,patient043_case01,IGM,IGM_patient032_0145.jpg,1,1.0,strong_75_plus,176,152,0.95,0.8636363636363636,0.8636363636363636,0.8260869565217391,1,False
HYBRID_TALON,25,patient043,patient043_case01,IGM,IGM_patient032_0146.jpg,1,1.0,moderate_50_to_75,184,132,1.0,0.717391304347826,0.717391304347826,0.717391304347826,1,False
HYBRID_TALON,25,patient043,patient043_case01,IGM,IGM_patient032_0147.jpg,1,,off_target_fp,35,0,0.0,0.0,0.0,0.0,0,False
HYBRID_TALON,25,patient043,patient043_case01,IGM,IGM_patient032_0147.jpg,2,1.0,strong_75_plus,181,164,0.8723404255319149,0.9060773480662984,0.8723404255319149,0.8,1,False
HYBRID_TALON,25,patient043,patient043_case01,IGM,IGM_patient032_0148.jpg,1,,off_target_fp,84,0,0.0,0.0,0.0,0.0,0,False
HYBRID_TALON,25,patient043,patient043_case01,IGM,IGM_patient032_0148.jpg,2,1.0,strong_75_plus,173,158,0.8977272727272727,0.9132947976878613,0.8977272727272727,0.8272251308900523,1,False
HYBRID_TALON,25,patient043,patient043_case01,IGM,IGM_patient032_0149.jpg,1,,off_target_fp,112,0,0.0,0.0,0.0,0.0,0,False
HYBRID_TALON,25,patient043,patient043_case01,IGM,IGM_patient032_0149.jpg,2,1.0,strong_75_plus,140,109,0.9083333333333333,0.7785714285714286,0.7785714285714286,0.7218543046357616,1,False
HYBRID_TALON,25,patient043,patient043_case01,IGM,IGM_patient032_0149.jpg,3,,off_target_fp,25,0,0.0,0.0,0.0,0.0,0,False
HYBRID_TALON,25,patient043,patient043_case01,IGM,IGM_patient032_0150.jpg,1,,off_target_fp,115,0,0.0,0.0,0.0,0.0,0,False
HYBRID_TALON,25,patient043,patient043_case01,IGM,IGM_patient032_0150.jpg,2,,off_target_fp,34,0,0.0,0.0,0.0,0.0,0,False
HYBRID_TALON,25,patient043,patient043_case01,IGM,IGM_patient032_0150.jpg,3,1.0,strong_75_plus,114,92,0.8518518518518519,0.8070175438596491,0.8070175438596491,0.7076923076923077,1,False
HYBRID_TALON,25,patient043,patient043_case01,IGM,IGM_patient032_0150.jpg,4,,off_target_fp,35,0,0.0,0.0,0.0,0.0,0,False
HYBRID_TALON,25,patient043,patient043_case01,IGM,IGM_patient032_0151.jpg,1,,off_target_fp,105,0,0.0,0.0,0.0,0.0,0,False
HYBRID_TALON,25,patient043,patient043_case01,IGM,IGM_patient032_0151.jpg,2,,off_target_fp,76,0,0.0,0.0,0.0,0.0,0,False
HYBRID_TALON,25,patient043,patient043_case01,IGM,IGM_patient032_0151.jpg,3,1.0,strong_75_plus,96,84,0.8076923076923077,0.875,0.8076923076923077,0.7241379310344828,1,False
HYBRID_TALON,25,patient043,patient043_case01,IGM,IGM_patient032_0152.jpg,1,,off_target_fp,88,0,0.0,0.0,0.0,0.0,0,False
HYBRID_TALON,25,patient043,patient043_case01,IGM,IGM_patient032_0152.jpg,2,,off_target_fp,94,0,0.0,0.0,0.0,0.0,0,False
HYBRID_TALON,25,patient043,patient043_case01,IGM,IGM_patient032_0152.jpg,3,1.0,low_25_to_50,46,45,0.46875,0.9782608695652174,0.46875,0.4639175257731959,1,False
HYBRID_TALON,25,patient043,patient043_case01,IGM,IGM_patient032_0153.jpg,1,,off_target_fp,38,0,0.0,0.0,0.0,0.0,0,False
HYBRID_TALON,25,patient043,patient043_case01,IGM,IGM_patient032_0153.jpg,2,,off_target_fp,88,0,0.0,0.0,0.0,0.0,0,False
HYBRID_TALON,25,patient045,patient045_case01,IBC,IBC_patient033_0064.jpg,1,,off_target_fp,117,0,0.0,0.0,0.0,0.0,0,False
HYBRID_TALON,25,patient045,patient045_case01,IBC,IBC_patient033_0064.jpg,2,,off_target_fp,126,0,0.0,0.0,0.0,0.0,0,False
HYBRID_TALON,25,patient045,patient045_case01,IBC,IBC_patient033_0065.jpg,1,,off_target_fp,81,0,0.0,0.0,0.0,0.0,0,False
HYBRID_TALON,25,patient045,patient045_case01,IBC,IBC_patient033_0065.jpg,2,1.0,low_25_to_50,340,115,0.8712121212121212,0.3382352941176471,0.3382352941176471,0.32212885154061627,1,False
HYBRID_TALON,25,patient045,patient045_case01,IBC,IBC_patient033_0066.jpg,1,,off_target_fp,49,0,0.0,0.0,0.0,0.0,0,False
HYBRID_TALON,25,patient045,patient045_case01,IBC,IBC_patient033_0066.jpg,2,1.0,strong_75_plus,386,300,0.9493670886075949,0.7772020725388601,0.7772020725388601,0.746268656716418,1,False
HYBRID_TALON,25,patient045,patient045_case01,IBC,IBC_patient033_0067.jpg,1,,off_target_fp,199,0,0.0,0.0,0.0,0.0,0,False
HYBRID_TALON,25,patient045,patient045_case01,IBC,IBC_patient033_0067.jpg,2,1.0,moderate_50_to_75,338,245,0.9423076923076923,0.7248520710059172,0.7248520710059172,0.6940509915014165,1,False
HYBRID_TALON,25,patient045,patient045_case01,IBC,IBC_patient033_0068.jpg,1,,off_target_fp,204,0,0.0,0.0,0.0,0.0,0,False
HYBRID_TALON,25,patient045,patient045_case01,IBC,IBC_patient033_0068.jpg,2,,off_target_fp,77,0,0.0,0.0,0.0,0.0,0,False
HYBRID_TALON,25,patient045,patient045_case01,IBC,IBC_patient033_0068.jpg,3,,off_target_fp,72,0,0.0,0.0,0.0,0.0,0,False
HYBRID_TALON,25,patient045,patient045_case01,IBC,IBC_patient033_0068.jpg,4,1.0,moderate_50_to_75,140,131,0.5646551724137931,0.9357142857142857,0.5646551724137931,0.5435684647302904,1,False
HYBRID_TALON,25,patient045,patient045_case01,IBC,IBC_patient033_0069.jpg,1,,off_target_fp,160,0,0.0,0.0,0.0,0.0,0,False
HYBRID_TALON,25,patient045,patient045_case01,IBC,IBC_patient033_0069.jpg,2,,off_target_fp,82,0,0.0,0.0,0.0,0.0,0,False
HYBRID_TALON,25,patient046,patient046_case01,IBC,IBC_patient034_0192.jpg,1,1.0,moderate_50_to_75,27,15,0.5357142857142857,0.5555555555555556,0.5357142857142857,0.375,1,False
HYBRID_TALON,25,patient046,patient046_case01,IBC,IBC_patient034_0193.jpg,1,,off_target_fp,53,0,0.0,0.0,0.0,0.0,0,False
HYBRID_TALON,25,patient046,patient046_case01,IBC,IBC_patient034_0193.jpg,2,1.0,moderate_50_to_75,111,70,0.6730769230769231,0.6306306306306306,0.6306306306306306,0.4827586206896552,1,False
HYBRID_TALON,25,patient046,patient046_case01,IBC,IBC_patient034_0194.jpg,1,,off_target_fp,84,0,0.0,0.0,0.0,0.0,0,False
HYBRID_TALON,25,patient046,patient046_case01,IBC,IBC_patient034_0194.jpg,2,1.0,moderate_50_to_75,265,139,0.9144736842105263,0.5245283018867924,0.5245283018867924,0.5,1,False
HYBRID_TALON,25,patient046,patient046_case01,IBC,IBC_patient034_0195.jpg,1,,off_target_fp,92,0,0.0,0.0,0.0,0.0,0,False
HYBRID_TALON,25,patient046,patient046_case01,IBC,IBC_patient034_0195.jpg,2,,off_target_fp,40,0,0.0,0.0,0.0,0.0,0,False
HYBRID_TALON,25,patient046,patient046_case01,IBC,IBC_patient034_0195.jpg,3,1.0,low_25_to_50,339,166,0.9880952380952381,0.4896755162241888,0.4896755162241888,0.4868035190615836,1,False
HYBRID_TALON,25,patient046,patient046_case01,IBC,IBC_patient034_0196.jpg,1,,off_target_fp,81,0,0.0,0.0,0.0,0.0,0,False
HYBRID_TALON,25,patient046,patient046_case01,IBC,IBC_patient034_0196.jpg,2,,off_target_fp,67,0,0.0,0.0,0.0,0.0,0,False
HYBRID_TALON,25,patient046,patient046_case01,IBC,IBC_patient034_0196.jpg,3,,off_target_fp,80,0,0.0,0.0,0.0,0.0,0,False
HYBRID_TALON,25,patient046,patient046_case01,IBC,IBC_patient034_0196.jpg,4,1.0,strong_75_plus,288,223,0.9780701754385965,0.7743055555555556,0.7743055555555556,0.7610921501706485,1,False
HYBRID_TALON,25,patient046,patient046_case01,IBC,IBC_patient034_0197.jpg,1,,off_target_fp,65,0,0.0,0.0,0.0,0.0,0,False
HYBRID_TALON,25,patient046,patient046_case01,IBC,IBC_patient034_0197.jpg,2,,off_target_fp,86,0,0.0,0.0,0.0,0.0,0,False
HYBRID_TALON,25,patient046,patient046_case01,IBC,IBC_patient034_0197.jpg,3,,off_target_fp,53,0,0.0,0.0,0.0,0.0,0,False
HYBRID_TALON,25,patient046,patient046_case01,IBC,IBC_patient034_0197.jpg,4,1.0,strong_75_plus,369,315,0.9264705882352942,0.8536585365853658,0.8536585365853658,0.799492385786802,1,False
HYBRID_TALON,25,patient046,patient046_case01,IBC,IBC_patient034_0198.jpg,1,,off_target_fp,33,0,0.0,0.0,0.0,0.0,0,False
HYBRID_TALON,25,patient046,patient046_case01,IBC,IBC_patient034_0198.jpg,2,,off_target_fp,95,0,0.0,0.0,0.0,0.0,0,False
HYBRID_TALON,25,patient046,patient046_case01,IBC,IBC_patient034_0198.jpg,3,,off_target_fp,28,0,0.0,0.0,0.0,0.0,0,False
HYBRID_TALON,25,patient046,patient046_case01,IBC,IBC_patient034_0198.jpg,4,,off_target_fp,43,0,0.0,0.0,0.0,0.0,0,False
HYBRID_TALON,25,patient046,patient046_case01,IBC,IBC_patient034_0198.jpg,5,1.0,strong_75_plus,442,394,0.9563106796116505,0.8914027149321267,0.8914027149321267,0.8565217391304348,1,False
HYBRID_TALON,25,patient046,patient046_case01,IBC,IBC_patient034_0199.jpg,1,,off_target_fp,40,0,0.0,0.0,0.0,0.0,0,False
HYBRID_TALON,25,patient046,patient046_case01,IBC,IBC_patient034_0199.jpg,2,,off_target_fp,102,0,0.0,0.0,0.0,0.0,0,False
HYBRID_TALON,25,patient046,patient046_case01,IBC,IBC_patient034_0199.jpg,3,1.0,strong_75_plus,522,470,0.94,0.9003831417624522,0.9003831417624522,0.8514492753623188,1,False
HYBRID_TALON,25,patient046,patient046_case01,IBC,IBC_patient034_0200.jpg,1,,off_target_fp,98,0,0.0,0.0,0.0,0.0,0,False
HYBRID_TALON,25,patient046,patient046_case01,IBC,IBC_patient034_0200.jpg,2,1.0,strong_75_plus,567,555,0.7838983050847458,0.9788359788359788,0.7838983050847458,0.7708333333333334,1,False
HYBRID_TALON,25,patient046,patient046_case01,IBC,IBC_patient034_0201.jpg,1,,off_target_fp,105,0,0.0,0.0,0.0,0.0,0,False
HYBRID_TALON,25,patient046,patient046_case01,IBC,IBC_patient034_0201.jpg,2,1.0,strong_75_plus,659,631,0.8912429378531074,0.9575113808801214,0.8912429378531074,0.8573369565217391,1,False
HYBRID_TALON,25,patient046,patient046_case01,IBC,IBC_patient034_0202.jpg,1,,off_target_fp,107,0,0.0,0.0,0.0,0.0,0,False
HYBRID_TALON,25,patient046,patient046_case01,IBC,IBC_patient034_0202.jpg,2,1.0,strong_75_plus,734,708,0.9315789473684211,0.9645776566757494,0.9315789473684211,0.9007633587786259,1,False
HYBRID_TALON,25,patient046,patient046_case01,IBC,IBC_patient034_0203.jpg,1,,off_target_fp,95,0,0.0,0.0,0.0,0.0,0,False
HYBRID_TALON,25,patient046,patient046_case01,IBC,IBC_patient034_0203.jpg,2,1.0,strong_75_plus,788,738,0.9318181818181818,0.9365482233502538,0.9318181818181818,0.8764845605700713,1,False
HYBRID_TALON,25,patient046,patient046_case01,IBC,IBC_patient034_0204.jpg,1,,off_target_fp,83,0,0.0,0.0,0.0,0.0,0,False
HYBRID_TALON,25,patient046,patient046_case01,IBC,IBC_patient034_0204.jpg,2,1.0,strong_75_plus,766,719,0.8725728155339806,0.9386422976501305,0.8725728155339806,0.8254879448909299,1,False
HYBRID_TALON,25,patient046,patient046_case01,IBC,IBC_patient034_0205.jpg,1,,off_target_fp,73,0,0.0,0.0,0.0,0.0,0,False
HYBRID_TALON,25,patient046,patient046_case01,IBC,IBC_patient034_0205.jpg,2,1.0,strong_75_plus,748,682,0.8157894736842105,0.9117647058823529,0.8157894736842105,0.7560975609756098,1,False
HYBRID_TALON,25,patient046,patient046_case01,IBC,IBC_patient034_0206.jpg,1,,off_target_fp,84,0,0.0,0.0,0.0,0.0,0,False
HYBRID_TALON,25,patient046,patient046_case01,IBC,IBC_patient034_0206.jpg,2,1.0,strong_75_plus,806,737,0.8262331838565022,0.9143920595533499,0.8262331838565022,0.7669094693028096,1,False
HYBRID_TALON,25,patient046,patient046_case01,IBC,IBC_patient034_0207.jpg,1,,off_target_fp,57,0,0.0,0.0,0.0,0.0,0,False
HYBRID_TALON,25,patient046,patient046_case01,IBC,IBC_patient034_0207.jpg,2,1.0,strong_75_plus,854,787,0.8591703056768559,0.9215456674473068,0.8591703056768559,0.8006103763987793,1,False
HYBRID_TALON,25,patient046,patient046_case01,IBC,IBC_patient034_0208.jpg,1,,off_target_fp,51,0,0.0,0.0,0.0,0.0,0,False
HYBRID_TALON,25,patient046,patient046_case01,IBC,IBC_patient034_0208.jpg,2,1.0,strong_75_plus,888,856,0.8492063492063492,0.963963963963964,0.8492063492063492,0.823076923076923,1,False
HYBRID_TALON,25,patient046,patient046_case01,IBC,IBC_patient034_0209.jpg,1,,off_target_fp,29,0,0.0,0.0,0.0,0.0,0,False
HYBRID_TALON,25,patient046,patient046_case01,IBC,IBC_patient034_0209.jpg,2,1.0,strong_75_plus,889,838,0.8481781376518218,0.9426321709786277,0.8481781376518218,0.8065447545717036,1,False
HYBRID_TALON,25,patient046,patient046_case01,IBC,IBC_patient034_0210.jpg,1,,off_target_fp,31,0,0.0,0.0,0.0,0.0,0,False
HYBRID_TALON,25,patient046,patient046_case01,IBC,IBC_patient034_0210.jpg,2,1.0,strong_75_plus,953,865,0.8826530612244898,0.9076600209863589,0.8826530612244898,0.8099250936329588,1,False
HYBRID_TALON,25,patient046,patient046_case01,IBC,IBC_patient034_0211.jpg,1,,off_target_fp,32,0,0.0,0.0,0.0,0.0,0,False
HYBRID_TALON,25,patient046,patient046_case01,IBC,IBC_patient034_0211.jpg,2,1.0,strong_75_plus,988,916,0.8980392156862745,0.9271255060728745,0.8980392156862745,0.8388278388278388,1,False
HYBRID_TALON,25,patient046,patient046_case01,IBC,IBC_patient034_0212.jpg,1,,off_target_fp,32,0,0.0,0.0,0.0,0.0,0,False
HYBRID_TALON,25,patient046,patient046_case01,IBC,IBC_patient034_0212.jpg,2,1.0,strong_75_plus,1035,952,0.918918918918919,0.9198067632850242,0.918918918918919,0.8507596067917784,1,False
HYBRID_TALON,25,patient046,patient046_case01,IBC,IBC_patient034_0213.jpg,1,,off_target_fp,43,0,0.0,0.0,0.0,0.0,0,False
HYBRID_TALON,25,patient046,patient046_case01,IBC,IBC_patient034_0213.jpg,2,1.0,strong_75_plus,1062,977,0.9216981132075471,0.9199623352165726,0.9199623352165726,0.8532751091703057,1,False
HYBRID_TALON,25,patient046,patient046_case01,IBC,IBC_patient034_0214.jpg,1,,off_target_fp,63,0,0.0,0.0,0.0,0.0,0,False
HYBRID_TALON,25,patient046,patient046_case01,IBC,IBC_patient034_0214.jpg,2,1.0,strong_75_plus,942,896,0.7750865051903114,0.9511677282377919,0.7750865051903114,0.7454242928452579,1,False
HYBRID_TALON,25,patient046,patient046_case01,IBC,IBC_patient034_0215.jpg,1,,off_target_fp,55,0,0.0,0.0,0.0,0.0,0,False
HYBRID_TALON,25,patient046,patient046_case01,IBC,IBC_patient034_0215.jpg,2,,off_target_fp,62,0,0.0,0.0,0.0,0.0,0,False
HYBRID_TALON,25,patient046,patient046_case01,IBC,IBC_patient034_0215.jpg,3,1.0,moderate_50_to_75,860,830,0.6870860927152318,0.9651162790697675,0.6870860927152318,0.6704361873990307,1,False
HYBRID_TALON,25,patient046,patient046_case01,IBC,IBC_patient034_0216.jpg,1,,off_target_fp,114,0,0.0,0.0,0.0,0.0,0,False
HYBRID_TALON,25,patient046,patient046_case01,IBC,IBC_patient034_0216.jpg,2,1.0,moderate_50_to_75,825,795,0.6714527027027027,0.9636363636363636,0.6714527027027027,0.6548599670510709,1,False
HYBRID_TALON,25,patient046,patient046_case01,IBC,IBC_patient034_0217.jpg,1,,off_target_fp,97,0,0.0,0.0,0.0,0.0,0,False
HYBRID_TALON,25,patient046,patient046_case01,IBC,IBC_patient034_0217.jpg,2,1.0,moderate_50_to_75,665,639,0.5433673469387755,0.9609022556390977,0.5433673469387755,0.5316139767054908,1,False
HYBRID_TALON,25,patient046,patient046_case01,IBC,IBC_patient034_0218.jpg,1,,off_target_fp,81,0,0.0,0.0,0.0,0.0,0,False
HYBRID_TALON,25,patient046,patient046_case01,IBC,IBC_patient034_0218.jpg,2,1.0,moderate_50_to_75,655,626,0.5287162162162162,0.9557251908396946,0.5287162162162162,0.516075845012366,1,False
HYBRID_TALON,25,patient046,patient046_case01,IBC,IBC_patient034_0219.jpg,1,,off_target_fp,63,0,0.0,0.0,0.0,0.0,0,False
HYBRID_TALON,25,patient046,patient046_case01,IBC,IBC_patient034_0219.jpg,2,1.0,moderate_50_to_75,754,749,0.6001602564102564,0.993368700265252,0.6001602564102564,0.5977653631284916,1,False
HYBRID_TALON,25,patient046,patient046_case01,IBC,IBC_patient034_0220.jpg,1,,off_target_fp,74,0,0.0,0.0,0.0,0.0,0,False
HYBRID_TALON,25,patient046,patient046_case01,IBC,IBC_patient034_0220.jpg,2,1.0,moderate_50_to_75,808,777,0.65625,0.9616336633663366,0.65625,0.6395061728395062,1,False
HYBRID_TALON,25,patient046,patient046_case01,IBC,IBC_patient034_0221.jpg,1,,off_target_fp,43,0,0.0,0.0,0.0,0.0,0,False
HYBRID_TALON,25,patient046,patient046_case01,IBC,IBC_patient034_0221.jpg,2,1.0,strong_75_plus,886,832,0.7619047619047619,0.9390519187358917,0.7619047619047619,0.7260034904013961,1,False
HYBRID_TALON,25,patient046,patient046_case01,IBC,IBC_patient034_0222.jpg,1,1.0,strong_75_plus,897,844,0.7873134328358209,0.9409141583054627,0.7873134328358209,0.7502222222222222,1,False
HYBRID_TALON,25,patient046,patient046_case01,IBC,IBC_patient034_0223.jpg,1,,off_target_fp,40,0,0.0,0.0,0.0,0.0,0,False
HYBRID_TALON,25,patient046,patient046_case01,IBC,IBC_patient034_0223.jpg,2,1.0,strong_75_plus,928,891,0.7734375,0.9601293103448276,0.7734375,0.7493692178301093,1,False
HYBRID_TALON,25,patient046,patient046_case01,IBC,IBC_patient034_0224.jpg,1,,off_target_fp,25,0,0.0,0.0,0.0,0.0,0,False
HYBRID_TALON,25,patient046,patient046_case01,IBC,IBC_patient034_0224.jpg,2,,off_target_fp,101,0,0.0,0.0,0.0,0.0,0,False
HYBRID_TALON,25,patient046,patient046_case01,IBC,IBC_patient034_0224.jpg,3,1.0,strong_75_plus,975,906,0.8813229571984436,0.9292307692307692,0.8813229571984436,0.8258887876025525,1,False
HYBRID_TALON,25,patient046,patient046_case01,IBC,IBC_patient034_0225.jpg,1,,off_target_fp,108,0,0.0,0.0,0.0,0.0,0,False
HYBRID_TALON,25,patient046,patient046_case01,IBC,IBC_patient034_0225.jpg,2,1.0,strong_75_plus,1012,932,0.9282868525896414,0.9209486166007905,0.9209486166007905,0.8597785977859779,1,False
HYBRID_TALON,25,patient046,patient046_case01,IBC,IBC_patient034_0226.jpg,1,,off_target_fp,135,0,0.0,0.0,0.0,0.0,0,False
HYBRID_TALON,25,patient046,patient046_case01,IBC,IBC_patient034_0226.jpg,2,1.0,strong_75_plus,960,892,0.8991935483870968,0.9291666666666667,0.8991935483870968,0.8415094339622642,1,False
HYBRID_TALON,25,patient046,patient046_case01,IBC,IBC_patient034_0227.jpg,1,,off_target_fp,154,0,0.0,0.0,0.0,0.0,0,False
HYBRID_TALON,25,patient046,patient046_case01,IBC,IBC_patient034_0227.jpg,2,1.0,strong_75_plus,922,821,0.9162946428571429,0.8904555314533622,0.8904555314533622,0.8234704112337011,1,False
HYBRID_TALON,25,patient046,patient046_case01,IBC,IBC_patient034_0228.jpg,1,,off_target_fp,134,0,0.0,0.0,0.0,0.0,0,False
HYBRID_TALON,25,patient046,patient046_case01,IBC,IBC_patient034_0228.jpg,2,1.0,strong_75_plus,860,794,0.8630434782608696,0.9232558139534883,0.8630434782608696,0.8052738336713996,1,False
HYBRID_TALON,25,patient046,patient046_case01,IBC,IBC_patient034_0229.jpg,1,,off_target_fp,118,0,0.0,0.0,0.0,0.0,0,False
HYBRID_TALON,25,patient046,patient046_case01,IBC,IBC_patient034_0229.jpg,2,1.0,strong_75_plus,779,740,0.8333333333333334,0.9499358151476252,0.8333333333333334,0.7982740021574973,1,False
HYBRID_TALON,25,patient046,patient046_case01,IBC,IBC_patient034_0230.jpg,1,,off_target_fp,151,0,0.0,0.0,0.0,0.0,0,False
HYBRID_TALON,25,patient046,patient046_case01,IBC,IBC_patient034_0230.jpg,2,1.0,strong_75_plus,719,600,0.9146341463414634,0.8344923504867872,0.8344923504867872,0.7741935483870968,1,False
HYBRID_TALON,25,patient046,patient046_case01,IBC,IBC_patient034_0231.jpg,1,,off_target_fp,173,0,0.0,0.0,0.0,0.0,0,False
HYBRID_TALON,25,patient046,patient046_case01,IBC,IBC_patient034_0231.jpg,2,1.0,strong_75_plus,648,580,0.9119496855345912,0.8950617283950617,0.8950617283950617,0.8238636363636364,1,False
HYBRID_TALON,25,patient046,patient046_case01,IBC,IBC_patient034_0232.jpg,1,,off_target_fp,176,0,0.0,0.0,0.0,0.0,0,False
HYBRID_TALON,25,patient046,patient046_case01,IBC,IBC_patient034_0232.jpg,2,1.0,strong_75_plus,602,541,0.8898026315789473,0.8986710963455149,0.8898026315789473,0.8086696562032885,1,False
HYBRID_TALON,25,patient046,patient046_case01,IBC,IBC_patient034_0233.jpg,1,,off_target_fp,175,0,0.0,0.0,0.0,0.0,0,False
HYBRID_TALON,25,patient046,patient046_case01,IBC,IBC_patient034_0233.jpg,2,1.0,strong_75_plus,508,432,0.9557522123893806,0.8503937007874016,0.8503937007874016,0.8181818181818182,1,False
HYBRID_TALON,25,patient046,patient046_case01,IBC,IBC_patient034_0234.jpg,1,,off_target_fp,160,0,0.0,0.0,0.0,0.0,0,False
HYBRID_TALON,25,patient046,patient046_case01,IBC,IBC_patient034_0234.jpg,2,1.0,strong_75_plus,440,376,0.9690721649484536,0.8545454545454545,0.8545454545454545,0.831858407079646,1,False
HYBRID_TALON,25,patient046,patient046_case01,IBC,IBC_patient034_0235.jpg,1,,off_target_fp,150,0,0.0,0.0,0.0,0.0,0,False
HYBRID_TALON,25,patient046,patient046_case01,IBC,IBC_patient034_0235.jpg,2,1.0,strong_75_plus,375,288,0.9863013698630136,0.768,0.768,0.7598944591029023,1,False
HYBRID_TALON,25,patient046,patient046_case01,IBC,IBC_patient034_0236.jpg,1,,off_target_fp,146,0,0.0,0.0,0.0,0.0,0,False
HYBRID_TALON,25,patient046,patient046_case01,IBC,IBC_patient034_0236.jpg,2,1.0,moderate_50_to_75,300,216,0.9818181818181818,0.72,0.72,0.7105263157894737,1,False
HYBRID_TALON,25,patient050,patient050_case01,IGM,IGM_patient036_0064.jpg,1,1.0,low_25_to_50,82,40,0.43478260869565216,0.4878048780487805,0.43478260869565216,0.29850746268656714,1,False
HYBRID_TALON,25,patient050,patient050_case01,IGM,IGM_patient036_0065.jpg,1,,off_target_fp,132,0,0.0,0.0,0.0,0.0,0,False
HYBRID_TALON,25,patient050,patient050_case01,IGM,IGM_patient036_0065.jpg,2,1.0,low_25_to_50,62,47,0.3671875,0.7580645161290323,0.3671875,0.32867132867132864,1,False
HYBRID_TALON,25,patient050,patient050_case01,IGM,IGM_patient036_0066.jpg,1,1.0,low_25_to_50,93,83,0.42346938775510207,0.8924731182795699,0.42346938775510207,0.4029126213592233,1,False
HYBRID_TALON,25,patient050,patient050_case01,IGM,IGM_patient036_0067.jpg,1,,off_target_fp,62,0,0.0,0.0,0.0,0.0,0,False
HYBRID_TALON,25,patient050,patient050_case01,IGM,IGM_patient036_0067.jpg,2,1.0,low_25_to_50,66,65,0.29545454545454547,0.9848484848484849,0.29545454545454547,0.29411764705882354,1,False
HYBRID_TALON,25,patient050,patient050_case01,IGM,IGM_patient036_0068.jpg,1,,off_target_fp,119,0,0.0,0.0,0.0,0.0,0,False
HYBRID_TALON,25,patient050,patient050_case01,IGM,IGM_patient036_0068.jpg,2,,off_target_fp,31,0,0.0,0.0,0.0,0.0,0,False
HYBRID_TALON,25,patient050,patient050_case01,IGM,IGM_patient036_0068.jpg,3,,off_target_fp,220,0,0.0,0.0,0.0,0.0,0,False
HYBRID_TALON,25,patient050,patient050_case01,IGM,IGM_patient036_0068.jpg,4,1.0,partial_below_25,50,43,0.19196428571428573,0.86,0.19196428571428573,0.18614718614718614,1,False
HYBRID_TALON,25,patient050,patient050_case01,IGM,IGM_patient036_0069.jpg,1,,off_target_fp,354,0,0.0,0.0,0.0,0.0,0,False
HYBRID_TALON,25,patient050,patient050_case01,IGM,IGM_patient036_0069.jpg,2,1.0,partial_below_25,46,43,0.14333333333333334,0.9347826086956522,0.14333333333333334,0.1419141914191419,1,False
HYBRID_TALON,25,patient050,patient050_case01,IGM,IGM_patient036_0070.jpg,1,,off_target_fp,435,0,0.0,0.0,0.0,0.0,0,False
HYBRID_TALON,25,patient050,patient050_case01,IGM,IGM_patient036_0070.jpg,2,1.0,low_25_to_50,138,118,0.3933333333333333,0.855072463768116,0.3933333333333333,0.36875,1,False
HYBRID_TALON,25,patient050,patient050_case01,IGM,IGM_patient036_0071.jpg,1,,off_target_fp,220,0,0.0,0.0,0.0,0.0,0,False
HYBRID_TALON,25,patient050,patient050_case01,IGM,IGM_patient036_0071.jpg,2,,off_target_fp,25,0,0.0,0.0,0.0,0.0,0,False
HYBRID_TALON,25,patient050,patient050_case01,IGM,IGM_patient036_0071.jpg,3,1.0,moderate_50_to_75,188,181,0.5727848101265823,0.9627659574468085,0.5727848101265823,0.5603715170278638,1,False
HYBRID_TALON,25,patient050,patient050_case01,IGM,IGM_patient036_0072.jpg,1,,off_target_fp,121,0,0.0,0.0,0.0,0.0,0,False
HYBRID_TALON,25,patient050,patient050_case01,IGM,IGM_patient036_0072.jpg,2,1.0,strong_75_plus,194,185,0.8564814814814815,0.9536082474226805,0.8564814814814815,0.8222222222222222,1,False
HYBRID_TALON,25,patient050,patient050_case01,IGM,IGM_patient036_0073.jpg,1,,off_target_fp,114,0,0.0,0.0,0.0,0.0,0,False
HYBRID_TALON,25,patient050,patient050_case01,IGM,IGM_patient036_0074.jpg,1,,off_target_fp,112,0,0.0,0.0,0.0,0.0,0,False
HYBRID_TALON,25,patient050,patient050_case01,IGM,IGM_patient036_0074.jpg,2,,off_target_fp,147,0,0.0,0.0,0.0,0.0,0,False
HYBRID_TALON,25,patient052,patient052_case01,IGM,IGM_patient037_0053.jpg,1,1.0,moderate_50_to_75,88,83,0.7410714285714286,0.9431818181818182,0.7410714285714286,0.7094017094017094,1,False
HYBRID_TALON,25,patient052,patient052_case01,IGM,IGM_patient037_0054.jpg,1,1.0,strong_75_plus,175,169,0.9184782608695652,0.9657142857142857,0.9184782608695652,0.8894736842105263,1,False
HYBRID_TALON,25,patient052,patient052_case01,IGM,IGM_patient037_0054.jpg,2,,off_target_fp,25,0,0.0,0.0,0.0,0.0,0,False
HYBRID_TALON,25,patient052,patient052_case01,IGM,IGM_patient037_0055.jpg,1,1.0,moderate_50_to_75,131,115,0.7012195121951219,0.8778625954198473,0.7012195121951219,0.6388888888888888,1,False
HYBRID_TALON,25,patient052,patient052_case01,IGM,IGM_patient037_0055.jpg,2,,off_target_fp,59,0,0.0,0.0,0.0,0.0,0,False
HYBRID_TALON,25,patient052,patient052_case01,IGM,IGM_patient037_0055.jpg,3,,off_target_fp,90,0,0.0,0.0,0.0,0.0,0,False
HYBRID_TALON,25,patient052,patient052_case01,IGM,IGM_patient037_0055.jpg,4,,off_target_fp,28,0,0.0,0.0,0.0,0.0,0,False
HYBRID_TALON,25,patient052,patient052_case01,IGM,IGM_patient037_0056.jpg,1,,off_target_fp,202,0,0.0,0.0,0.0,0.0,0,False
HYBRID_TALON,25,patient052,patient052_case01,IGM,IGM_patient037_0056.jpg,2,,off_target_fp,52,0,0.0,0.0,0.0,0.0,0,False
HYBRID_TALON,25,patient052,patient052_case01,IGM,IGM_patient037_0057.jpg,1,,off_target_fp,35,0,0.0,0.0,0.0,0.0,0,False
HYBRID_TALON,25,patient052,patient052_case01,IGM,IGM_patient037_0058.jpg,1,,off_target_fp,83,0,0.0,0.0,0.0,0.0,0,False
HYBRID_TALON,25,patient052,patient052_case01,IGM,IGM_patient037_0058.jpg,2,,off_target_fp,34,0,0.0,0.0,0.0,0.0,0,False
HYBRID_TALON,25,patient052,patient052_case01,IGM,IGM_patient037_0058.jpg,3,,off_target_fp,55,0,0.0,0.0,0.0,0.0,0,False
HYBRID_TALON,25,patient052,patient052_case01,IGM,IGM_patient037_0059.jpg,1,,off_target_fp,32,0,0.0,0.0,0.0,0.0,0,False
HYBRID_TALON,25,patient054,patient054_case01,IGM,IGM_patient038_0098.jpg,1,,off_target_fp,91,0,0.0,0.0,0.0,0.0,0,False
HYBRID_TALON,25,patient054,patient054_case01,IGM,IGM_patient038_0098.jpg,2,,off_target_fp,188,0,0.0,0.0,0.0,0.0,0,False
HYBRID_TALON,25,patient054,patient054_case01,IGM,IGM_patient038_0099.jpg,1,1.0,strong_75_plus,196,188,0.7580645161290323,0.9591836734693877,0.7580645161290323,0.734375,1,False
HYBRID_TALON,25,patient054,patient054_case01,IGM,IGM_patient038_0099.jpg,2,,off_target_fp,71,0,0.0,0.0,0.0,0.0,0,False
HYBRID_TALON,25,patient054,patient054_case01,IGM,IGM_patient038_0099.jpg,3,,off_target_fp,36,0,0.0,0.0,0.0,0.0,0,False
HYBRID_TALON,25,patient054,patient054_case01,IGM,IGM_patient038_0099.jpg,4,,off_target_fp,196,0,0.0,0.0,0.0,0.0,0,False
HYBRID_TALON,25,patient054,patient054_case01,IGM,IGM_patient038_0100.jpg,1,1.0,strong_75_plus,295,285,0.890625,0.9661016949152542,0.890625,0.8636363636363636,1,False
HYBRID_TALON,25,patient054,patient054_case01,IGM,IGM_patient038_0100.jpg,2,,off_target_fp,58,0,0.0,0.0,0.0,0.0,0,False
HYBRID_TALON,25,patient054,patient054_case01,IGM,IGM_patient038_0100.jpg,3,,off_target_fp,336,0,0.0,0.0,0.0,0.0,0,False
HYBRID_TALON,25,patient054,patient054_case01,IGM,IGM_patient038_0101.jpg,1,1.0,strong_75_plus,349,332,0.9540229885057471,0.9512893982808023,0.9512893982808023,0.9095890410958904,1,False
HYBRID_TALON,25,patient054,patient054_case01,IGM,IGM_patient038_0101.jpg,2,,off_target_fp,37,0,0.0,0.0,0.0,0.0,0,False
HYBRID_TALON,25,patient054,patient054_case01,IGM,IGM_patient038_0101.jpg,3,,off_target_fp,169,0,0.0,0.0,0.0,0.0,0,False
HYBRID_TALON,25,patient054,patient054_case01,IGM,IGM_patient038_0101.jpg,4,,off_target_fp,199,0,0.0,0.0,0.0,0.0,0,False
HYBRID_TALON,25,patient054,patient054_case01,IGM,IGM_patient038_0102.jpg,1,1.0,strong_75_plus,382,362,0.9526315789473684,0.9476439790575916,0.9476439790575916,0.905,1,False
HYBRID_TALON,25,patient054,patient054_case01,IGM,IGM_patient038_0102.jpg,2,,off_target_fp,192,0,0.0,0.0,0.0,0.0,0,False
HYBRID_TALON,25,patient054,patient054_case01,IGM,IGM_patient038_0102.jpg,3,,off_target_fp,174,0,0.0,0.0,0.0,0.0,0,False
HYBRID_TALON,25,patient054,patient054_case01,IGM,IGM_patient038_0103.jpg,1,1.0,strong_75_plus,397,365,0.9605263157894737,0.9193954659949622,0.9193954659949622,0.8859223300970874,1,False
HYBRID_TALON,25,patient054,patient054_case01,IGM,IGM_patient038_0103.jpg,2,,off_target_fp,195,0,0.0,0.0,0.0,0.0,0,False
HYBRID_TALON,25,patient054,patient054_case01,IGM,IGM_patient038_0104.jpg,1,1.0,strong_75_plus,395,386,0.8772727272727273,0.9772151898734177,0.8772727272727273,0.8596881959910914,1,False
HYBRID_TALON,25,patient054,patient054_case01,IGM,IGM_patient038_0104.jpg,2,,off_target_fp,194,0,0.0,0.0,0.0,0.0,0,False
HYBRID_TALON,25,patient054,patient054_case01,IGM,IGM_patient038_0105.jpg,1,1.0,strong_75_plus,375,354,0.9315789473684211,0.944,0.9315789473684211,0.8827930174563591,1,False
HYBRID_TALON,25,patient054,patient054_case01,IGM,IGM_patient038_0105.jpg,2,,off_target_fp,186,0,0.0,0.0,0.0,0.0,0,False
HYBRID_TALON,25,patient054,patient054_case01,IGM,IGM_patient038_0106.jpg,1,1.0,strong_75_plus,358,339,0.9313186813186813,0.946927374301676,0.9313186813186813,0.8851174934725848,1,False
HYBRID_TALON,25,patient054,patient054_case01,IGM,IGM_patient038_0106.jpg,2,,off_target_fp,175,0,0.0,0.0,0.0,0.0,0,False
HYBRID_TALON,25,patient054,patient054_case01,IGM,IGM_patient038_0107.jpg,1,1.0,strong_75_plus,348,328,0.9318181818181818,0.9425287356321839,0.9318181818181818,0.8817204301075269,1,False
HYBRID_TALON,25,patient054,patient054_case01,IGM,IGM_patient038_0107.jpg,2,,off_target_fp,170,0,0.0,0.0,0.0,0.0,0,False
HYBRID_TALON,25,patient054,patient054_case01,IGM,IGM_patient038_0108.jpg,1,1.0,strong_75_plus,339,321,0.9119318181818182,0.9469026548672567,0.9119318181818182,0.8675675675675676,1,False
HYBRID_TALON,25,patient054,patient054_case01,IGM,IGM_patient038_0108.jpg,2,,off_target_fp,165,0,0.0,0.0,0.0,0.0,0,False
HYBRID_TALON,25,patient054,patient054_case01,IGM,IGM_patient038_0109.jpg,1,1.0,strong_75_plus,314,300,0.9375,0.9554140127388535,0.9375,0.8982035928143712,1,False
HYBRID_TALON,25,patient054,patient054_case01,IGM,IGM_patient038_0109.jpg,2,,off_target_fp,180,0,0.0,0.0,0.0,0.0,0,False
HYBRID_TALON,25,patient054,patient054_case01,IGM,IGM_patient038_0110.jpg,1,1.0,strong_75_plus,290,254,0.9769230769230769,0.8758620689655172,0.8758620689655172,0.8581081081081081,1,False
HYBRID_TALON,25,patient054,patient054_case01,IGM,IGM_patient038_0110.jpg,2,,off_target_fp,194,0,0.0,0.0,0.0,0.0,0,False
HYBRID_TALON,25,patient054,patient054_case01,IGM,IGM_patient038_0111.jpg,1,1.0,strong_75_plus,261,247,0.8697183098591549,0.946360153256705,0.8697183098591549,0.8288590604026845,1,False
HYBRID_TALON,25,patient054,patient054_case01,IGM,IGM_patient038_0111.jpg,2,,off_target_fp,188,0,0.0,0.0,0.0,0.0,0,False
HYBRID_TALON,25,patient054,patient054_case01,IGM,IGM_patient038_0112.jpg,1,1.0,strong_75_plus,220,204,0.8793103448275862,0.9272727272727272,0.8793103448275862,0.8225806451612904,1,False
HYBRID_TALON,25,patient054,patient054_case01,IGM,IGM_patient038_0112.jpg,2,,off_target_fp,170,0,0.0,0.0,0.0,0.0,0,False
HYBRID_TALON,25,patient054,patient054_case01,IGM,IGM_patient038_0113.jpg,1,1.0,strong_75_plus,169,159,0.8641304347826086,0.9408284023668639,0.8641304347826086,0.8195876288659794,1,False
HYBRID_TALON,25,patient054,patient054_case01,IGM,IGM_patient038_0113.jpg,2,,off_target_fp,131,0,0.0,0.0,0.0,0.0,0,False
HYBRID_TALON,25,patient054,patient054_case01,IGM,IGM_patient038_0114.jpg,1,1.0,moderate_50_to_75,88,88,0.6666666666666666,1.0,0.6666666666666666,0.6666666666666666,1,False
HYBRID_TALON,25,patient054,patient054_case01,IGM,IGM_patient038_0114.jpg,2,,off_target_fp,74,0,0.0,0.0,0.0,0.0,0,False
HYBRID_TALON,25,patient059,patient059_case01,IBC,IBC_patient040_0059.jpg,1,,off_target_fp,133,0,0.0,0.0,0.0,0.0,0,False
HYBRID_TALON,25,patient059,patient059_case01,IBC,IBC_patient040_0059.jpg,2,1.0,moderate_50_to_75,39,38,0.5277777777777778,0.9743589743589743,0.5277777777777778,0.5205479452054794,1,False
HYBRID_TALON,25,patient059,patient059_case01,IBC,IBC_patient040_0060.jpg,1,1.0,strong_75_plus,115,102,0.9807692307692307,0.8869565217391304,0.8869565217391304,0.8717948717948718,1,False
HYBRID_TALON,25,patient059,patient059_case01,IBC,IBC_patient040_0061.jpg,1,1.0,strong_75_plus,138,128,0.8888888888888888,0.927536231884058,0.8888888888888888,0.8311688311688312,1,False
HYBRID_TALON,25,patient059,patient059_case01,IBC,IBC_patient040_0062.jpg,1,1.0,strong_75_plus,175,154,0.8369565217391305,0.88,0.8369565217391305,0.751219512195122,1,False
HYBRID_TALON,25,patient059,patient059_case01,IBC,IBC_patient040_0063.jpg,1,1.0,strong_75_plus,231,219,0.8690476190476191,0.948051948051948,0.8690476190476191,0.8295454545454546,1,False
HYBRID_TALON,25,patient059,patient059_case01,IBC,IBC_patient040_0064.jpg,1,,off_target_fp,83,0,0.0,0.0,0.0,0.0,0,False
HYBRID_TALON,25,patient059,patient059_case01,IBC,IBC_patient040_0064.jpg,2,1.0,moderate_50_to_75,178,144,0.6923076923076923,0.8089887640449438,0.6923076923076923,0.5950413223140496,1,False
HYBRID_TALON,25,patient059,patient059_case01,IBC,IBC_patient040_0065.jpg,1,,off_target_fp,29,0,0.0,0.0,0.0,0.0,0,False
HYBRID_TALON,25,patient059,patient059_case01,IBC,IBC_patient040_0065.jpg,2,1.0,moderate_50_to_75,220,200,0.6944444444444444,0.9090909090909091,0.6944444444444444,0.6493506493506493,1,False
HYBRID_TALON,25,patient059,patient059_case01,IBC,IBC_patient040_0066.jpg,1,,off_target_fp,89,0,0.0,0.0,0.0,0.0,0,False
HYBRID_TALON,25,patient059,patient059_case01,IBC,IBC_patient040_0066.jpg,2,1.0,strong_75_plus,296,239,0.8415492957746479,0.8074324324324325,0.8074324324324325,0.7008797653958945,1,False
HYBRID_TALON,25,patient059,patient059_case01,IBC,IBC_patient040_0067.jpg,1,,off_target_fp,210,0,0.0,0.0,0.0,0.0,0,False
HYBRID_TALON,25,patient059,patient059_case01,IBC,IBC_patient040_0067.jpg,2,1.0,strong_75_plus,309,257,0.9448529411764706,0.8317152103559871,0.8317152103559871,0.7932098765432098,1,False
HYBRID_TALON,25,patient059,patient059_case01,IBC,IBC_patient040_0068.jpg,1,,off_target_fp,218,0,0.0,0.0,0.0,0.0,0,False
HYBRID_TALON,25,patient059,patient059_case01,IBC,IBC_patient040_0068.jpg,2,1.0,strong_75_plus,267,215,0.9110169491525424,0.8052434456928839,0.8052434456928839,0.7465277777777778,1,False
HYBRID_TALON,25,patient059,patient059_case01,IBC,IBC_patient040_0069.jpg,1,1.0,strong_75_plus,309,277,0.8343373493975904,0.8964401294498382,0.8343373493975904,0.760989010989011,1,False
HYBRID_TALON,25,patient059,patient059_case01,IBC,IBC_patient040_0070.jpg,1,1.0,moderate_50_to_75,181,126,0.984375,0.6961325966850829,0.6961325966850829,0.6885245901639344,1,False
HYBRID_TALON,25,patient064,patient064_case01,IGM,IGM_patient043_0054.jpg,1,1.0,strong_75_plus,473,371,0.8918269230769231,0.7843551797040169,0.7843551797040169,0.7162162162162162,1,False
HYBRID_TALON,25,patient064,patient064_case01,IGM,IGM_patient043_0055.jpg,1,1.0,strong_75_plus,651,586,0.9331210191082803,0.9001536098310292,0.9001536098310292,0.8455988455988456,1,False
HYBRID_TALON,25,patient064,patient064_case01,IGM,IGM_patient043_0056.jpg,1,1.0,moderate_50_to_75,506,413,0.6334355828220859,0.8162055335968379,0.6334355828220859,0.5543624161073826,1,False
HYBRID_TALON,25,patient064,patient064_case01,IGM,IGM_patient043_0057.jpg,1,1.0,strong_75_plus,545,466,0.7925170068027211,0.8550458715596331,0.7925170068027211,0.6986506746626686,1,False
HYBRID_TALON,25,patient064,patient064_case01,IGM,IGM_patient043_0058.jpg,1,1.0,strong_75_plus,579,474,0.8464285714285714,0.8186528497409327,0.8186528497409327,0.7127819548872181,1,False
HYBRID_TALON,25,patient064,patient064_case01,IGM,IGM_patient043_0059.jpg,1,,off_target_fp,181,0,0.0,0.0,0.0,0.0,0,False
HYBRID_TALON,25,patient064,patient064_case01,IGM,IGM_patient043_0059.jpg,2,,off_target_fp,76,0,0.0,0.0,0.0,0.0,0,False
HYBRID_TALON,25,patient064,patient064_case01,IGM,IGM_patient043_0059.jpg,3,,off_target_fp,27,0,0.0,0.0,0.0,0.0,0,False
HYBRID_TALON,25,patient064,patient064_case01,IGM,IGM_patient043_0059.jpg,4,1.0,moderate_50_to_75,504,444,0.6166666666666667,0.8809523809523809,0.6166666666666667,0.5692307692307692,1,False
HYBRID_TALON,25,patient064,patient064_case01,IGM,IGM_patient043_0060.jpg,1,,off_target_fp,384,0,0.0,0.0,0.0,0.0,0,False
HYBRID_TALON,25,patient064,patient064_case01,IGM,IGM_patient043_0060.jpg,2,,off_target_fp,44,0,0.0,0.0,0.0,0.0,0,False
HYBRID_TALON,25,patient064,patient064_case01,IGM,IGM_patient043_0060.jpg,3,1.0,low_25_to_50,308,272,0.4444444444444444,0.8831168831168831,0.4444444444444444,0.41975308641975306,1,False
HYBRID_TALON,25,patient064,patient064_case01,IGM,IGM_patient043_0061.jpg,1,,off_target_fp,243,0,0.0,0.0,0.0,0.0,0,False
HYBRID_TALON,25,patient064,patient064_case01,IGM,IGM_patient043_0061.jpg,2,,off_target_fp,259,0,0.0,0.0,0.0,0.0,0,False
HYBRID_TALON,25,patient070,patient070_case01,IBC,IBC_patient046_0056.jpg,1,1.0,moderate_50_to_75,73,54,0.9642857142857143,0.7397260273972602,0.7397260273972602,0.72,1,False
HYBRID_TALON,25,patient070,patient070_case01,IBC,IBC_patient046_0057.jpg,1,1.0,strong_75_plus,118,103,0.9196428571428571,0.8728813559322034,0.8728813559322034,0.8110236220472441,1,False
HYBRID_TALON,25,patient070,patient070_case01,IBC,IBC_patient046_0058.jpg,1,1.0,strong_75_plus,170,132,0.9428571428571428,0.7764705882352941,0.7764705882352941,0.7415730337078652,1,False
HYBRID_TALON,25,patient070,patient070_case01,IBC,IBC_patient046_0059.jpg,1,1.0,strong_75_plus,164,127,0.9921875,0.774390243902439,0.774390243902439,0.7696969696969697,1,False
HYBRID_TALON,25,patient070,patient070_case01,IBC,IBC_patient046_0059.jpg,2,,off_target_fp,26,0,0.0,0.0,0.0,0.0,0,False
HYBRID_TALON,25,patient070,patient070_case01,IBC,IBC_patient046_0060.jpg,1,1.0,strong_75_plus,110,104,0.8666666666666667,0.9454545454545454,0.8666666666666667,0.8253968253968254,1,False
HYBRID_TALON,25,patient070,patient070_case01,IBC,IBC_patient046_0060.jpg,2,,off_target_fp,174,0,0.0,0.0,0.0,0.0,0,False
HYBRID_TALON,25,patient070,patient070_case01,IBC,IBC_patient046_0061.jpg,1,,off_target_fp,39,0,0.0,0.0,0.0,0.0,0,False
HYBRID_TALON,25,patient070,patient070_case01,IBC,IBC_patient046_0061.jpg,2,1.0,moderate_50_to_75,215,161,0.9817073170731707,0.7488372093023256,0.7488372093023256,0.7385321100917431,1,False
HYBRID_TALON,25,patient070,patient070_case01,IBC,IBC_patient046_0062.jpg,1,1.0,strong_75_plus,192,167,0.9709302325581395,0.8697916666666666,0.8697916666666666,0.8477157360406091,1,False
HYBRID_TALON,25,patient070,patient070_case01,IBC,IBC_patient046_0063.jpg,1,,off_target_fp,94,0,0.0,0.0,0.0,0.0,0,False
HYBRID_TALON,25,patient070,patient070_case01,IBC,IBC_patient046_0063.jpg,2,1.0,moderate_50_to_75,138,102,0.9807692307692307,0.7391304347826086,0.7391304347826086,0.7285714285714285,1,False
HYBRID_TALON,25,patient070,patient070_case01,IBC,IBC_patient046_0067.jpg,1,1.0,moderate_50_to_75,151,151,0.6088709677419355,1.0,0.6088709677419355,0.6088709677419355,1,False
HYBRID_TALON,25,patient070,patient070_case01,IBC,IBC_patient046_0068.jpg,1,1.0,strong_75_plus,318,251,0.9365671641791045,0.789308176100629,0.789308176100629,0.7492537313432835,1,False
HYBRID_TALON,25,patient070,patient070_case01,IBC,IBC_patient046_0069.jpg,1,1.0,strong_75_plus,324,257,0.9884615384615385,0.7932098765432098,0.7932098765432098,0.7859327217125383,1,False
HYBRID_TALON,25,patient070,patient070_case01,IBC,IBC_patient046_0069.jpg,2,,off_target_fp,53,0,0.0,0.0,0.0,0.0,0,False
HYBRID_TALON,25,patient070,patient070_case01,IBC,IBC_patient046_0070.jpg,1,1.0,strong_75_plus,206,185,0.8726415094339622,0.8980582524271845,0.8726415094339622,0.7939914163090128,1,False
HYBRID_TALON,25,patient070,patient070_case01,IBC,IBC_patient046_0071.jpg,1,,off_target_fp,80,0,0.0,0.0,0.0,0.0,0,False
HYBRID_TALON,25,patient070,patient070_case01,IBC,IBC_patient046_0071.jpg,2,1.0,moderate_50_to_75,81,74,0.74,0.9135802469135802,0.74,0.6915887850467289,1,False
HYBRID_TALON,25,patient070,patient070_case01,IBC,IBC_patient046_0071.jpg,3,,off_target_fp,39,0,0.0,0.0,0.0,0.0,0,False
HYBRID_TALON,25,patient072,patient072_case01,IBC,IBC_patient047_0053.jpg,1,1.0,strong_75_plus,284,245,0.9722222222222222,0.8626760563380281,0.8626760563380281,0.8419243986254296,1,False
HYBRID_TALON,25,patient072,patient072_case01,IBC,IBC_patient047_0054.jpg,1,1.0,strong_75_plus,465,437,0.9180672268907563,0.9397849462365592,0.9180672268907563,0.8670634920634921,1,False
HYBRID_TALON,25,patient072,patient072_case01,IBC,IBC_patient047_0055.jpg,1,1.0,strong_75_plus,513,495,0.7832278481012658,0.9649122807017544,0.7832278481012658,0.7615384615384615,1,False
HYBRID_TALON,25,patient072,patient072_case01,IBC,IBC_patient047_0056.jpg,1,1.0,moderate_50_to_75,496,493,0.6847222222222222,0.9939516129032258,0.6847222222222222,0.681881051175657,1,False
HYBRID_TALON,25,patient072,patient072_case01,IBC,IBC_patient047_0057.jpg,1,1.0,moderate_50_to_75,445,304,0.6666666666666666,0.6831460674157304,0.6666666666666666,0.509212730318258,1,False
HYBRID_TALON,25,patient072,patient072_case01,IBC,IBC_patient047_0057.jpg,2,1.0,partial_below_25,29,29,0.06359649122807018,1.0,0.06359649122807018,0.06359649122807018,1,False
HYBRID_TALON,25,patient072,patient072_case01,IBC,IBC_patient047_0058.jpg,1,1.0,low_25_to_50,272,138,0.26744186046511625,0.5073529411764706,0.26744186046511625,0.2123076923076923,1,False
HYBRID_TALON,25,patient072,patient072_case01,IBC,IBC_patient047_0059.jpg,1,,off_target_fp,155,0,0.0,0.0,0.0,0.0,0,False
HYBRID_TALON,25,patient072,patient072_case01,IBC,IBC_patient047_0059.jpg,2,1.0,strong_75_plus,176,162,0.9,0.9204545454545454,0.9,0.8350515463917526,1,False
HYBRID_TALON,25,patient083,patient083_case01,IGM,IGM_patient052_0059.jpg,1,1.0,moderate_50_to_75,74,69,0.69,0.9324324324324325,0.69,0.6571428571428571,1,False
HYBRID_TALON,25,patient083,patient083_case01,IGM,IGM_patient052_0060.jpg,1,1.0,moderate_50_to_75,132,118,0.6704545454545454,0.8939393939393939,0.6704545454545454,0.6210526315789474,1,False
HYBRID_TALON,25,patient083,patient083_case01,IGM,IGM_patient052_0061.jpg,1,1.0,strong_75_plus,197,185,0.8258928571428571,0.9390862944162437,0.8258928571428571,0.7838983050847458,1,False
HYBRID_TALON,25,patient083,patient083_case01,IGM,IGM_patient052_0062.jpg,1,1.0,strong_75_plus,232,218,0.8515625,0.9396551724137931,0.8515625,0.8074074074074075,1,False
HYBRID_TALON,25,patient083,patient083_case01,IGM,IGM_patient052_0063.jpg,1,1.0,strong_75_plus,251,233,0.8694029850746269,0.9282868525896414,0.8694029850746269,0.8146853146853147,1,False
HYBRID_TALON,25,patient083,patient083_case01,IGM,IGM_patient052_0064.jpg,1,1.0,strong_75_plus,251,240,0.9375,0.9561752988047809,0.9375,0.898876404494382,1,False
HYBRID_TALON,25,patient083,patient083_case01,IGM,IGM_patient052_0065.jpg,1,1.0,strong_75_plus,214,206,0.7923076923076923,0.9626168224299065,0.7923076923076923,0.7686567164179104,1,False
HYBRID_TALON,25,patient083,patient083_case01,IGM,IGM_patient052_0066.jpg,1,1.0,strong_75_plus,133,127,0.8581081081081081,0.9548872180451128,0.8581081081081081,0.8246753246753247,1,False
HYBRID_TALON,25,patient083,patient083_case01,IGM,IGM_patient052_0067.jpg,1,1.0,low_25_to_50,66,66,0.358695652173913,1.0,0.358695652173913,0.358695652173913,1,False
HYBRID_TALON,25,patient083,patient083_case01,IGM,IGM_patient052_0067.jpg,2,1.0,low_25_to_50,62,60,0.32608695652173914,0.967741935483871,0.32608695652173914,0.3225806451612903,1,False
HYBRID_TALON,25,patient083,patient083_case01,IGM,IGM_patient052_0068.jpg,1,1.0,moderate_50_to_75,103,97,0.7132352941176471,0.941747572815534,0.7132352941176471,0.6830985915492958,1,False
HYBRID_TALON,25,patient083,patient083_case01,IGM,IGM_patient052_0069.jpg,1,1.0,strong_75_plus,128,124,0.775,0.96875,0.775,0.7560975609756098,1,False
HYBRID_TALON,25,patient083,patient083_case01,IGM,IGM_patient052_0070.jpg,1,1.0,strong_75_plus,135,123,0.8092105263157895,0.9111111111111111,0.8092105263157895,0.75,1,False
HYBRID_TALON,25,patient083,patient083_case01,IGM,IGM_patient052_0070.jpg,2,,off_target_fp,42,0,0.0,0.0,0.0,0.0,0,False
HYBRID_TALON,25,patient083,patient083_case01,IGM,IGM_patient052_0071.jpg,1,1.0,moderate_50_to_75,119,116,0.7435897435897436,0.9747899159663865,0.7435897435897436,0.7295597484276729,1,False
HYBRID_TALON,25,patient083,patient083_case01,IGM,IGM_patient052_0072.jpg,1,1.0,low_25_to_50,69,67,0.4407894736842105,0.9710144927536232,0.4407894736842105,0.43506493506493504,1,False
HYBRID_TALON,25,patient086,patient086_case01,IGM,IGM_patient053_0060.jpg,1,,off_target_fp,34,0,0.0,0.0,0.0,0.0,0,False
HYBRID_TALON,25,patient086,patient086_case01,IGM,IGM_patient053_0061.jpg,1,,off_target_fp,43,0,0.0,0.0,0.0,0.0,0,False
HYBRID_TALON,25,patient086,patient086_case01,IGM,IGM_patient053_0062.jpg,1,,off_target_fp,75,0,0.0,0.0,0.0,0.0,0,False
HYBRID_TALON,25,patient086,patient086_case01,IGM,IGM_patient053_0063.jpg,1,,off_target_fp,154,0,0.0,0.0,0.0,0.0,0,False
HYBRID_TALON,25,patient086,patient086_case01,IGM,IGM_patient053_0064.jpg,1,,off_target_fp,178,0,0.0,0.0,0.0,0.0,0,False
HYBRID_TALON,25,patient086,patient086_case01,IGM,IGM_patient053_0065.jpg,1,,off_target_fp,135,0,0.0,0.0,0.0,0.0,0,False
HYBRID_TALON,25,patient086,patient086_case01,IGM,IGM_patient053_0065.jpg,2,,off_target_fp,54,0,0.0,0.0,0.0,0.0,0,False
HYBRID_TALON,25,patient086,patient086_case01,IGM,IGM_patient053_0066.jpg,1,1.0,moderate_50_to_75,51,45,0.6617647058823529,0.8823529411764706,0.6617647058823529,0.6081081081081081,1,False
HYBRID_TALON,25,patient086,patient086_case01,IGM,IGM_patient053_0066.jpg,2,,off_target_fp,132,0,0.0,0.0,0.0,0.0,0,False
HYBRID_TALON,25,patient088,patient088_case01,IGM,IGM_patient054_0055.jpg,1,,off_target_fp,41,0,0.0,0.0,0.0,0.0,0,False
HYBRID_TALON,25,patient088,patient088_case01,IGM,IGM_patient054_0056.jpg,1,1.0,moderate_50_to_75,131,130,0.7222222222222222,0.9923664122137404,0.7222222222222222,0.7182320441988951,1,False
HYBRID_TALON,25,patient088,patient088_case01,IGM,IGM_patient054_0057.jpg,1,1.0,strong_75_plus,201,194,0.8981481481481481,0.9651741293532339,0.8981481481481481,0.8699551569506726,1,False
HYBRID_TALON,25,patient088,patient088_case01,IGM,IGM_patient054_0058.jpg,1,1.0,strong_75_plus,245,238,0.8040540540540541,0.9714285714285714,0.8040540540540541,0.7854785478547854,1,False
HYBRID_TALON,25,patient088,patient088_case01,IGM,IGM_patient054_0059.jpg,1,1.0,strong_75_plus,185,177,0.8349056603773585,0.9567567567567568,0.8349056603773585,0.8045454545454546,1,False
HYBRID_TALON,25,patient088,patient088_case01,IGM,IGM_patient054_0060.jpg,1,,off_target_fp,72,0,0.0,0.0,0.0,0.0,0,False
HYBRID_TALON,25,patient088,patient088_case01,IGM,IGM_patient054_0062.jpg,1,1.0,strong_75_plus,187,179,0.8287037037037037,0.9572192513368984,0.8287037037037037,0.7991071428571429,1,False
HYBRID_TALON,25,patient088,patient088_case01,IGM,IGM_patient054_0063.jpg,1,1.0,strong_75_plus,254,251,0.814935064935065,0.9881889763779528,0.814935064935065,0.8070739549839229,1,False
HYBRID_TALON,25,patient088,patient088_case01,IGM,IGM_patient054_0063.jpg,2,,off_target_fp,41,0,0.0,0.0,0.0,0.0,0,False
HYBRID_TALON,25,patient088,patient088_case01,IGM,IGM_patient054_0064.jpg,1,1.0,strong_75_plus,223,217,0.7534722222222222,0.9730941704035875,0.7534722222222222,0.7380952380952381,1,False
HYBRID_TALON,25,patient088,patient088_case01,IGM,IGM_patient054_0065.jpg,1,1.0,moderate_50_to_75,164,158,0.5197368421052632,0.9634146341463414,0.5197368421052632,0.5096774193548387,1,False
HYBRID_TALON,25,patient097,patient097_case01,IGM,IGM_patient007_0057.jpg,1,1.0,moderate_50_to_75,114,71,0.9861111111111112,0.6228070175438597,0.6228070175438597,0.6173913043478261,1,False
HYBRID_TALON,25,patient097,patient097_case01,IGM,IGM_patient007_0057.jpg,2,,off_target_fp,117,0,0.0,0.0,0.0,0.0,0,False
HYBRID_TALON,25,patient097,patient097_case01,IGM,IGM_patient007_0057.jpg,3,,off_target_fp,59,0,0.0,0.0,0.0,0.0,0,False
HYBRID_TALON,25,patient097,patient097_case01,IGM,IGM_patient007_0057.jpg,4,,off_target_fp,71,0,0.0,0.0,0.0,0.0,0,False
HYBRID_TALON,25,patient097,patient097_case01,IGM,IGM_patient007_0058.jpg,1,1.0,moderate_50_to_75,205,124,0.9393939393939394,0.6048780487804878,0.6048780487804878,0.5821596244131455,1,False
HYBRID_TALON,25,patient097,patient097_case01,IGM,IGM_patient007_0058.jpg,2,,off_target_fp,46,0,0.0,0.0,0.0,0.0,0,False
HYBRID_TALON,25,patient097,patient097_case01,IGM,IGM_patient007_0058.jpg,3,,off_target_fp,168,0,0.0,0.0,0.0,0.0,0,False
HYBRID_TALON,25,patient097,patient097_case01,IGM,IGM_patient007_0059.jpg,1,,off_target_fp,83,0,0.0,0.0,0.0,0.0,0,False
HYBRID_TALON,25,patient097,patient097_case01,IGM,IGM_patient007_0059.jpg,2,1.0,strong_75_plus,222,177,0.921875,0.7972972972972973,0.7972972972972973,0.7468354430379747,1,False
HYBRID_TALON,25,patient097,patient097_case01,IGM,IGM_patient007_0059.jpg,3,,off_target_fp,155,0,0.0,0.0,0.0,0.0,0,False
HYBRID_TALON,25,patient097,patient097_case01,IGM,IGM_patient007_0060.jpg,1,1.0,strong_75_plus,264,206,0.9537037037037037,0.7803030303030303,0.7803030303030303,0.7518248175182481,1,False
HYBRID_TALON,25,patient097,patient097_case01,IGM,IGM_patient007_0060.jpg,2,,off_target_fp,87,0,0.0,0.0,0.0,0.0,0,False
HYBRID_TALON,25,patient097,patient097_case01,IGM,IGM_patient007_0061.jpg,1,1.0,strong_75_plus,246,187,0.9540816326530612,0.7601626016260162,0.7601626016260162,0.7333333333333333,1,False
HYBRID_TALON,25,patient097,patient097_case01,IGM,IGM_patient007_0062.jpg,1,1.0,strong_75_plus,160,136,0.9444444444444444,0.85,0.85,0.8095238095238095,1,False
HYBRID_TALON,25,patient097,patient097_case01,IGM,IGM_patient007_0063.jpg,1,1.0,moderate_50_to_75,57,57,0.5277777777777778,1.0,0.5277777777777778,0.5277777777777778,1,False
UNET_MTL_MASK_GUIDED,1,patient021,patient021_case01,IBC,IBC_patient001_0050.jpg,1,1.0,moderate_50_to_75,116,105,0.65625,0.9051724137931034,0.65625,0.6140350877192983,1,False
UNET_MTL_MASK_GUIDED,1,patient021,patient021_case01,IBC,IBC_patient001_0050.jpg,2,,off_target_fp,188,0,0.0,0.0,0.0,0.0,0,False
UNET_MTL_MASK_GUIDED,1,patient021,patient021_case01,IBC,IBC_patient001_0050.jpg,3,,off_target_fp,32,0,0.0,0.0,0.0,0.0,0,False
UNET_MTL_MASK_GUIDED,1,patient021,patient021_case01,IBC,IBC_patient001_0051.jpg,1,1.0,moderate_50_to_75,541,320,0.8791208791208791,0.5914972273567468,0.5914972273567468,0.5470085470085471,1,False
UNET_MTL_MASK_GUIDED,1,patient021,patient021_case01,IBC,IBC_patient001_0051.jpg,2,,off_target_fp,84,0,0.0,0.0,0.0,0.0,0,False
UNET_MTL_MASK_GUIDED,1,patient021,patient021_case01,IBC,IBC_patient001_0051.jpg,3,,off_target_fp,1,0,0.0,0.0,0.0,0.0,0,False
UNET_MTL_MASK_GUIDED,1,patient021,patient021_case01,IBC,IBC_patient001_0052.jpg,1,1.0,strong_75_plus,832,788,0.9516908212560387,0.9471153846153846,0.9471153846153846,0.9036697247706422,1,False
UNET_MTL_MASK_GUIDED,1,patient021,patient021_case01,IBC,IBC_patient001_0053.jpg,1,1.0,strong_75_plus,1071,988,0.9686274509803922,0.9225023342670402,0.9225023342670402,0.8957388939256573,1,False
UNET_MTL_MASK_GUIDED,1,patient021,patient021_case01,IBC,IBC_patient001_0054.jpg,1,1.0,strong_75_plus,1186,1102,0.9565972222222222,0.9291736930860034,0.9291736930860034,0.8915857605177994,1,False
UNET_MTL_MASK_GUIDED,1,patient021,patient021_case01,IBC,IBC_patient001_0054.jpg,2,,off_target_fp,37,0,0.0,0.0,0.0,0.0,0,False
UNET_MTL_MASK_GUIDED,1,patient021,patient021_case01,IBC,IBC_patient001_0055.jpg,1,1.0,strong_75_plus,1223,1168,0.9299363057324841,0.9550286181520851,0.9299363057324841,0.8909229595728452,1,False
UNET_MTL_MASK_GUIDED,1,patient021,patient021_case01,IBC,IBC_patient001_0056.jpg,1,1.0,strong_75_plus,1244,1156,0.9059561128526645,0.9292604501607717,0.9059561128526645,0.8475073313782991,1,False
UNET_MTL_MASK_GUIDED,1,patient021,patient021_case01,IBC,IBC_patient001_0056.jpg,2,,off_target_fp,5,0,0.0,0.0,0.0,0.0,0,False
UNET_MTL_MASK_GUIDED,1,patient021,patient021_case01,IBC,IBC_patient001_0057.jpg,1,1.0,strong_75_plus,1293,1175,0.9122670807453416,0.908739365815932,0.908739365815932,0.8357041251778093,1,False
UNET_MTL_MASK_GUIDED,1,patient021,patient021_case01,IBC,IBC_patient001_0057.jpg,2,,off_target_fp,50,0,0.0,0.0,0.0,0.0,0,False
UNET_MTL_MASK_GUIDED,1,patient021,patient021_case01,IBC,IBC_patient001_0058.jpg,1,1.0,strong_75_plus,1292,1254,0.8982808022922636,0.9705882352941176,0.8982808022922636,0.8744769874476988,1,False
UNET_MTL_MASK_GUIDED,1,patient021,patient021_case01,IBC,IBC_patient001_0058.jpg,2,,off_target_fp,75,0,0.0,0.0,0.0,0.0,0,False
UNET_MTL_MASK_GUIDED,1,patient021,patient021_case01,IBC,IBC_patient001_0059.jpg,1,1.0,strong_75_plus,1213,1108,0.865625,0.9134377576257213,0.865625,0.8,1,False
UNET_MTL_MASK_GUIDED,1,patient021,patient021_case01,IBC,IBC_patient001_0059.jpg,2,,off_target_fp,178,0,0.0,0.0,0.0,0.0,0,False
UNET_MTL_MASK_GUIDED,1,patient021,patient021_case01,IBC,IBC_patient001_0059.jpg,3,,off_target_fp,81,0,0.0,0.0,0.0,0.0,0,False
UNET_MTL_MASK_GUIDED,1,patient021,patient021_case01,IBC,IBC_patient001_0059.jpg,4,,off_target_fp,87,0,0.0,0.0,0.0,0.0,0,False
UNET_MTL_MASK_GUIDED,1,patient021,patient021_case01,IBC,IBC_patient001_0060.jpg,1,1.0,strong_75_plus,1068,1010,0.8676975945017182,0.9456928838951311,0.8676975945017182,0.8265139116202946,1,False
UNET_MTL_MASK_GUIDED,1,patient021,patient021_case01,IBC,IBC_patient001_0060.jpg,2,,off_target_fp,109,0,0.0,0.0,0.0,0.0,0,False
UNET_MTL_MASK_GUIDED,1,patient021,patient021_case01,IBC,IBC_patient001_0060.jpg,3,,off_target_fp,124,0,0.0,0.0,0.0,0.0,0,False
UNET_MTL_MASK_GUIDED,1,patient021,patient021_case01,IBC,IBC_patient001_0060.jpg,4,,off_target_fp,166,0,0.0,0.0,0.0,0.0,0,False
UNET_MTL_MASK_GUIDED,1,patient021,patient021_case01,IBC,IBC_patient001_0061.jpg,1,1.0,strong_75_plus,874,846,0.8359683794466403,0.9679633867276888,0.8359683794466403,0.8134615384615385,1,False
UNET_MTL_MASK_GUIDED,1,patient021,patient021_case01,IBC,IBC_patient001_0061.jpg,2,,off_target_fp,146,0,0.0,0.0,0.0,0.0,0,False
UNET_MTL_MASK_GUIDED,1,patient021,patient021_case01,IBC,IBC_patient001_0061.jpg,3,,off_target_fp,202,0,0.0,0.0,0.0,0.0,0,False
UNET_MTL_MASK_GUIDED,1,patient021,patient021_case01,IBC,IBC_patient001_0062.jpg,1,1.0,strong_75_plus,786,756,0.8790697674418605,0.9618320610687023,0.8790697674418605,0.849438202247191,1,False
UNET_MTL_MASK_GUIDED,1,patient021,patient021_case01,IBC,IBC_patient001_0062.jpg,2,,off_target_fp,88,0,0.0,0.0,0.0,0.0,0,False
UNET_MTL_MASK_GUIDED,1,patient021,patient021_case01,IBC,IBC_patient001_0062.jpg,3,,off_target_fp,174,0,0.0,0.0,0.0,0.0,0,False
UNET_MTL_MASK_GUIDED,1,patient021,patient021_case01,IBC,IBC_patient001_0063.jpg,1,1.0,moderate_50_to_75,526,298,0.9085365853658537,0.5665399239543726,0.5665399239543726,0.5359712230215827,1,False
UNET_MTL_MASK_GUIDED,1,patient021,patient021_case01,IBC,IBC_patient001_0063.jpg,2,,off_target_fp,12,0,0.0,0.0,0.0,0.0,0,False
UNET_MTL_MASK_GUIDED,1,patient021,patient021_case01,IBC,IBC_patient001_0063.jpg,3,,off_target_fp,152,0,0.0,0.0,0.0,0.0,0,False
UNET_MTL_MASK_GUIDED,1,patient021,patient021_case01,IBC,IBC_patient001_0064.jpg,1,1.0,strong_75_plus,261,235,0.8159722222222222,0.9003831417624522,0.8159722222222222,0.7484076433121019,1,False
UNET_MTL_MASK_GUIDED,1,patient021,patient021_case01,IBC,IBC_patient001_0064.jpg,2,,off_target_fp,100,0,0.0,0.0,0.0,0.0,0,False
UNET_MTL_MASK_GUIDED,1,patient021,patient021_case01,IBC,IBC_patient001_0064.jpg,3,,off_target_fp,77,0,0.0,0.0,0.0,0.0,0,False
UNET_MTL_MASK_GUIDED,1,patient021,patient021_case01,IBC,IBC_patient001_0064.jpg,4,,off_target_fp,114,0,0.0,0.0,0.0,0.0,0,False
UNET_MTL_MASK_GUIDED,1,patient021,patient021_case01,IBC,IBC_patient001_0065.jpg,1,1.0,moderate_50_to_75,179,168,0.7368421052631579,0.9385474860335196,0.7368421052631579,0.702928870292887,1,False
UNET_MTL_MASK_GUIDED,1,patient021,patient021_case01,IBC,IBC_patient001_0065.jpg,2,,off_target_fp,179,0,0.0,0.0,0.0,0.0,0,False
UNET_MTL_MASK_GUIDED,1,patient021,patient021_case01,IBC,IBC_patient001_0065.jpg,3,,off_target_fp,80,0,0.0,0.0,0.0,0.0,0,False
UNET_MTL_MASK_GUIDED,1,patient021,patient021_case01,IBC,IBC_patient001_0066.jpg,1,,off_target_fp,10,0,0.0,0.0,0.0,0.0,0,False
UNET_MTL_MASK_GUIDED,1,patient021,patient021_case01,IBC,IBC_patient001_0066.jpg,2,,off_target_fp,107,0,0.0,0.0,0.0,0.0,0,False
UNET_MTL_MASK_GUIDED,1,patient021,patient021_case01,IBC,IBC_patient001_0066.jpg,3,,off_target_fp,80,0,0.0,0.0,0.0,0.0,0,False
UNET_MTL_MASK_GUIDED,1,patient030,patient030_case01,IBC,IBC_patient025_0056.jpg,1,1.0,strong_75_plus,375,294,0.98,0.784,0.784,0.7716535433070866,1,False
UNET_MTL_MASK_GUIDED,1,patient030,patient030_case01,IBC,IBC_patient025_0056.jpg,2,,off_target_fp,34,0,0.0,0.0,0.0,0.0,0,False
UNET_MTL_MASK_GUIDED,1,patient030,patient030_case01,IBC,IBC_patient025_0057.jpg,1,1.0,strong_75_plus,979,926,0.8357400722021661,0.9458631256384066,0.8357400722021661,0.797588285960379,1,False
UNET_MTL_MASK_GUIDED,1,patient030,patient030_case01,IBC,IBC_patient025_0058.jpg,1,1.0,strong_75_plus,1233,1171,0.8610294117647059,0.9497161394971614,0.8610294117647059,0.8234880450070323,1,False
UNET_MTL_MASK_GUIDED,1,patient030,patient030_case01,IBC,IBC_patient025_0059.jpg,1,1.0,strong_75_plus,1392,1350,0.823170731707317,0.9698275862068966,0.823170731707317,0.8026159334126041,1,False
UNET_MTL_MASK_GUIDED,1,patient030,patient030_case01,IBC,IBC_patient025_0060.jpg,1,1.0,strong_75_plus,1574,1567,0.9005747126436782,0.9955527318932655,0.9005747126436782,0.8969662278191185,1,False
UNET_MTL_MASK_GUIDED,1,patient030,patient030_case01,IBC,IBC_patient025_0061.jpg,1,1.0,strong_75_plus,1652,1500,0.9146341463414634,0.9079903147699758,0.9079903147699758,0.8370535714285714,1,False
UNET_MTL_MASK_GUIDED,1,patient030,patient030_case01,IBC,IBC_patient025_0061.jpg,2,,off_target_fp,11,0,0.0,0.0,0.0,0.0,0,False
UNET_MTL_MASK_GUIDED,1,patient030,patient030_case01,IBC,IBC_patient025_0062.jpg,1,1.0,strong_75_plus,1569,1389,0.8996113989637305,0.8852772466539197,0.8852772466539197,0.8056844547563805,1,False
UNET_MTL_MASK_GUIDED,1,patient030,patient030_case01,IBC,IBC_patient025_0062.jpg,2,,off_target_fp,35,0,0.0,0.0,0.0,0.0,0,False
UNET_MTL_MASK_GUIDED,1,patient030,patient030_case01,IBC,IBC_patient025_0062.jpg,3,,off_target_fp,54,0,0.0,0.0,0.0,0.0,0,False
UNET_MTL_MASK_GUIDED,1,patient030,patient030_case01,IBC,IBC_patient025_0062.jpg,4,,off_target_fp,9,0,0.0,0.0,0.0,0.0,0,False
UNET_MTL_MASK_GUIDED,1,patient030,patient030_case01,IBC,IBC_patient025_0062.jpg,5,,off_target_fp,136,0,0.0,0.0,0.0,0.0,0,False
UNET_MTL_MASK_GUIDED,1,patient030,patient030_case01,IBC,IBC_patient025_0062.jpg,6,,off_target_fp,9,0,0.0,0.0,0.0,0.0,0,False
UNET_MTL_MASK_GUIDED,1,patient030,patient030_case01,IBC,IBC_patient025_0063.jpg,1,1.0,strong_75_plus,1355,1263,0.9425373134328359,0.9321033210332104,0.9321033210332104,0.8819832402234636,1,False
UNET_MTL_MASK_GUIDED,1,patient030,patient030_case01,IBC,IBC_patient025_0063.jpg,2,,off_target_fp,84,0,0.0,0.0,0.0,0.0,0,False
UNET_MTL_MASK_GUIDED,1,patient030,patient030_case01,IBC,IBC_patient025_0063.jpg,3,,off_target_fp,11,0,0.0,0.0,0.0,0.0,0,False
UNET_MTL_MASK_GUIDED,1,patient030,patient030_case01,IBC,IBC_patient025_0064.jpg,1,1.0,strong_75_plus,1135,1023,0.9266304347826086,0.9013215859030838,0.9013215859030838,0.8412828947368421,1,False
UNET_MTL_MASK_GUIDED,1,patient030,patient030_case01,IBC,IBC_patient025_0064.jpg,2,,off_target_fp,91,0,0.0,0.0,0.0,0.0,0,False
UNET_MTL_MASK_GUIDED,1,patient030,patient030_case01,IBC,IBC_patient025_0064.jpg,3,,off_target_fp,11,0,0.0,0.0,0.0,0.0,0,False
UNET_MTL_MASK_GUIDED,1,patient030,patient030_case01,IBC,IBC_patient025_0065.jpg,1,1.0,strong_75_plus,793,714,0.9648648648648649,0.9003783102143758,0.9003783102143758,0.8717948717948718,1,False
UNET_MTL_MASK_GUIDED,1,patient030,patient030_case01,IBC,IBC_patient025_0065.jpg,2,,off_target_fp,72,0,0.0,0.0,0.0,0.0,0,False
UNET_MTL_MASK_GUIDED,1,patient030,patient030_case01,IBC,IBC_patient025_0065.jpg,3,,off_target_fp,23,0,0.0,0.0,0.0,0.0,0,False
UNET_MTL_MASK_GUIDED,1,patient030,patient030_case01,IBC,IBC_patient025_0065.jpg,4,,off_target_fp,162,0,0.0,0.0,0.0,0.0,0,False
UNET_MTL_MASK_GUIDED,1,patient030,patient030_case01,IBC,IBC_patient025_0065.jpg,5,,off_target_fp,58,0,0.0,0.0,0.0,0.0,0,False
UNET_MTL_MASK_GUIDED,1,patient030,patient030_case01,IBC,IBC_patient025_0065.jpg,6,,off_target_fp,13,0,0.0,0.0,0.0,0.0,0,False
UNET_MTL_MASK_GUIDED,1,patient030,patient030_case01,IBC,IBC_patient025_0066.jpg,1,,off_target_fp,243,0,0.0,0.0,0.0,0.0,0,False
UNET_MTL_MASK_GUIDED,1,patient030,patient030_case01,IBC,IBC_patient025_0066.jpg,2,1.0,strong_75_plus,792,686,0.9220430107526881,0.8661616161616161,0.8661616161616161,0.8070588235294117,1,False
UNET_MTL_MASK_GUIDED,1,patient030,patient030_case01,IBC,IBC_patient025_0066.jpg,3,,off_target_fp,95,0,0.0,0.0,0.0,0.0,0,False
UNET_MTL_MASK_GUIDED,1,patient030,patient030_case01,IBC,IBC_patient025_0066.jpg,4,,off_target_fp,6,0,0.0,0.0,0.0,0.0,0,False
UNET_MTL_MASK_GUIDED,1,patient030,patient030_case01,IBC,IBC_patient025_0067.jpg,1,,off_target_fp,99,0,0.0,0.0,0.0,0.0,0,False
UNET_MTL_MASK_GUIDED,1,patient030,patient030_case01,IBC,IBC_patient025_0067.jpg,2,1.0,strong_75_plus,679,580,0.9539473684210527,0.8541973490427098,0.8541973490427098,0.8203677510608204,1,False
UNET_MTL_MASK_GUIDED,1,patient030,patient030_case01,IBC,IBC_patient025_0067.jpg,3,,off_target_fp,25,0,0.0,0.0,0.0,0.0,0,False
UNET_MTL_MASK_GUIDED,1,patient030,patient030_case01,IBC,IBC_patient025_0067.jpg,4,,off_target_fp,65,0,0.0,0.0,0.0,0.0,0,False
UNET_MTL_MASK_GUIDED,1,patient030,patient030_case01,IBC,IBC_patient025_0067.jpg,5,,off_target_fp,18,0,0.0,0.0,0.0,0.0,0,False
UNET_MTL_MASK_GUIDED,1,patient030,patient030_case01,IBC,IBC_patient025_0068.jpg,1,,off_target_fp,85,0,0.0,0.0,0.0,0.0,0,False
UNET_MTL_MASK_GUIDED,1,patient030,patient030_case01,IBC,IBC_patient025_0068.jpg,2,1.0,strong_75_plus,563,472,0.9516129032258065,0.8383658969804618,0.8383658969804618,0.8040885860306644,1,False
UNET_MTL_MASK_GUIDED,1,patient030,patient030_case01,IBC,IBC_patient025_0068.jpg,3,,off_target_fp,9,0,0.0,0.0,0.0,0.0,0,False
UNET_MTL_MASK_GUIDED,1,patient030,patient030_case01,IBC,IBC_patient025_0068.jpg,4,,off_target_fp,102,0,0.0,0.0,0.0,0.0,0,False
UNET_MTL_MASK_GUIDED,1,patient030,patient030_case01,IBC,IBC_patient025_0068.jpg,5,,off_target_fp,38,0,0.0,0.0,0.0,0.0,0,False
UNET_MTL_MASK_GUIDED,1,patient030,patient030_case01,IBC,IBC_patient025_0069.jpg,1,,off_target_fp,41,0,0.0,0.0,0.0,0.0,0,False
UNET_MTL_MASK_GUIDED,1,patient030,patient030_case01,IBC,IBC_patient025_0069.jpg,2,1.0,strong_75_plus,137,126,0.7682926829268293,0.9197080291970803,0.7682926829268293,0.72,1,False
UNET_MTL_MASK_GUIDED,1,patient030,patient030_case01,IBC,IBC_patient025_0069.jpg,3,,off_target_fp,6,0,0.0,0.0,0.0,0.0,0,False
UNET_MTL_MASK_GUIDED,1,patient033,patient033_case01,IBC,IBC_patient027_0056.jpg,1,,off_target_fp,20,0,0.0,0.0,0.0,0.0,0,False
UNET_MTL_MASK_GUIDED,1,patient033,patient033_case01,IBC,IBC_patient027_0056.jpg,2,,off_target_fp,140,0,0.0,0.0,0.0,0.0,0,False
UNET_MTL_MASK_GUIDED,1,patient033,patient033_case01,IBC,IBC_patient027_0056.jpg,3,1.0,strong_75_plus,56,46,0.7666666666666667,0.8214285714285714,0.7666666666666667,0.6571428571428571,1,False
UNET_MTL_MASK_GUIDED,1,patient033,patient033_case01,IBC,IBC_patient027_0057.jpg,1,,off_target_fp,25,0,0.0,0.0,0.0,0.0,0,False
UNET_MTL_MASK_GUIDED,1,patient033,patient033_case01,IBC,IBC_patient027_0057.jpg,2,,off_target_fp,41,0,0.0,0.0,0.0,0.0,0,False
UNET_MTL_MASK_GUIDED,1,patient033,patient033_case01,IBC,IBC_patient027_0057.jpg,3,1.0,strong_75_plus,201,166,0.9222222222222223,0.8258706467661692,0.8258706467661692,0.772093023255814,1,False
UNET_MTL_MASK_GUIDED,1,patient033,patient033_case01,IBC,IBC_patient027_0058.jpg,1,,off_target_fp,73,0,0.0,0.0,0.0,0.0,0,False
UNET_MTL_MASK_GUIDED,1,patient033,patient033_case01,IBC,IBC_patient027_0058.jpg,2,1.0,strong_75_plus,299,236,0.9365079365079365,0.7892976588628763,0.7892976588628763,0.7492063492063492,1,False
UNET_MTL_MASK_GUIDED,1,patient033,patient033_case01,IBC,IBC_patient027_0059.jpg,1,,off_target_fp,3,0,0.0,0.0,0.0,0.0,0,False
UNET_MTL_MASK_GUIDED,1,patient033,patient033_case01,IBC,IBC_patient027_0059.jpg,2,,off_target_fp,58,0,0.0,0.0,0.0,0.0,0,False
UNET_MTL_MASK_GUIDED,1,patient033,patient033_case01,IBC,IBC_patient027_0059.jpg,3,1.0,strong_75_plus,333,294,0.91875,0.8828828828828829,0.8828828828828829,0.8189415041782729,1,False
UNET_MTL_MASK_GUIDED,1,patient033,patient033_case01,IBC,IBC_patient027_0059.jpg,4,,off_target_fp,12,0,0.0,0.0,0.0,0.0,0,False
UNET_MTL_MASK_GUIDED,1,patient033,patient033_case01,IBC,IBC_patient027_0059.jpg,5,,off_target_fp,10,0,0.0,0.0,0.0,0.0,0,False
UNET_MTL_MASK_GUIDED,1,patient033,patient033_case01,IBC,IBC_patient027_0060.jpg,1,1.0,strong_75_plus,365,312,0.9629629629629629,0.8547945205479452,0.8547945205479452,0.8275862068965517,1,False
UNET_MTL_MASK_GUIDED,1,patient033,patient033_case01,IBC,IBC_patient027_0060.jpg,2,,off_target_fp,29,0,0.0,0.0,0.0,0.0,0,False
UNET_MTL_MASK_GUIDED,1,patient033,patient033_case01,IBC,IBC_patient027_0060.jpg,3,,off_target_fp,20,0,0.0,0.0,0.0,0.0,0,False
UNET_MTL_MASK_GUIDED,1,patient033,patient033_case01,IBC,IBC_patient027_0060.jpg,4,,off_target_fp,18,0,0.0,0.0,0.0,0.0,0,False
UNET_MTL_MASK_GUIDED,1,patient033,patient033_case01,IBC,IBC_patient027_0061.jpg,1,1.0,strong_75_plus,317,279,0.93,0.8801261829652997,0.8801261829652997,0.8254437869822485,1,False
UNET_MTL_MASK_GUIDED,1,patient033,patient033_case01,IBC,IBC_patient027_0061.jpg,2,,off_target_fp,27,0,0.0,0.0,0.0,0.0,0,False
UNET_MTL_MASK_GUIDED,1,patient033,patient033_case01,IBC,IBC_patient027_0062.jpg,1,,off_target_fp,24,0,0.0,0.0,0.0,0.0,0,False
UNET_MTL_MASK_GUIDED,1,patient033,patient033_case01,IBC,IBC_patient027_0062.jpg,2,,off_target_fp,34,0,0.0,0.0,0.0,0.0,0,False
UNET_MTL_MASK_GUIDED,1,patient033,patient033_case01,IBC,IBC_patient027_0062.jpg,3,,off_target_fp,50,0,0.0,0.0,0.0,0.0,0,False
UNET_MTL_MASK_GUIDED,1,patient033,patient033_case01,IBC,IBC_patient027_0062.jpg,4,,off_target_fp,26,0,0.0,0.0,0.0,0.0,0,False
UNET_MTL_MASK_GUIDED,1,patient033,patient033_case01,IBC,IBC_patient027_0062.jpg,5,1.0,moderate_50_to_75,248,142,0.9861111111111112,0.5725806451612904,0.5725806451612904,0.568,1,False
UNET_MTL_MASK_GUIDED,1,patient033,patient033_case01,IBC,IBC_patient027_0063.jpg,1,,off_target_fp,35,0,0.0,0.0,0.0,0.0,0,False
UNET_MTL_MASK_GUIDED,1,patient033,patient033_case01,IBC,IBC_patient027_0063.jpg,2,,off_target_fp,100,0,0.0,0.0,0.0,0.0,0,False
UNET_MTL_MASK_GUIDED,1,patient033,patient033_case01,IBC,IBC_patient027_0063.jpg,3,,off_target_fp,34,0,0.0,0.0,0.0,0.0,0,False
UNET_MTL_MASK_GUIDED,1,patient033,patient033_case01,IBC,IBC_patient027_0063.jpg,4,1.0,low_25_to_50,159,63,0.984375,0.39622641509433965,0.39622641509433965,0.39375,1,False
UNET_MTL_MASK_GUIDED,1,patient033,patient033_case01,IBC,IBC_patient027_0063.jpg,5,,off_target_fp,1,0,0.0,0.0,0.0,0.0,0,False
UNET_MTL_MASK_GUIDED,1,patient033,patient033_case01,IBC,IBC_patient027_0063.jpg,6,,off_target_fp,124,0,0.0,0.0,0.0,0.0,0,False
UNET_MTL_MASK_GUIDED,1,patient033,patient033_case01,IBC,IBC_patient027_0063.jpg,7,,off_target_fp,5,0,0.0,0.0,0.0,0.0,0,False
UNET_MTL_MASK_GUIDED,1,patient035,patient035_case01,IBC,IBC_patient028_0115.jpg,1,1.0,low_25_to_50,155,155,0.34598214285714285,1.0,0.34598214285714285,0.34598214285714285,1,False
UNET_MTL_MASK_GUIDED,1,patient035,patient035_case01,IBC,IBC_patient028_0116.jpg,1,1.0,strong_75_plus,569,512,0.8951048951048951,0.8998242530755711,0.8951048951048951,0.8139904610492846,1,False
UNET_MTL_MASK_GUIDED,1,patient035,patient035_case01,IBC,IBC_patient028_0117.jpg,1,1.0,strong_75_plus,770,627,0.9330357142857143,0.8142857142857143,0.8142857142857143,0.7693251533742331,1,False
UNET_MTL_MASK_GUIDED,1,patient035,patient035_case01,IBC,IBC_patient028_0117.jpg,2,,off_target_fp,6,0,0.0,0.0,0.0,0.0,0,False
UNET_MTL_MASK_GUIDED,1,patient035,patient035_case01,IBC,IBC_patient028_0118.jpg,1,1.0,strong_75_plus,826,691,0.86375,0.8365617433414043,0.8365617433414043,0.7390374331550802,1,False
UNET_MTL_MASK_GUIDED,1,patient035,patient035_case01,IBC,IBC_patient028_0119.jpg,1,1.0,strong_75_plus,824,703,0.7952488687782805,0.8531553398058253,0.7952488687782805,0.699502487562189,1,False
UNET_MTL_MASK_GUIDED,1,patient035,patient035_case01,IBC,IBC_patient028_0120.jpg,1,1.0,moderate_50_to_75,866,736,0.6013071895424836,0.8498845265588915,0.6013071895424836,0.5435745937961596,1,False
UNET_MTL_MASK_GUIDED,1,patient035,patient035_case01,IBC,IBC_patient028_0120.jpg,2,,off_target_fp,87,0,0.0,0.0,0.0,0.0,0,False
UNET_MTL_MASK_GUIDED,1,patient035,patient035_case01,IBC,IBC_patient028_0121.jpg,1,1.0,moderate_50_to_75,973,841,0.6760450160771704,0.8643371017471737,0.6760450160771704,0.6111918604651163,1,False
UNET_MTL_MASK_GUIDED,1,patient035,patient035_case01,IBC,IBC_patient028_0121.jpg,2,1.0,partial_below_25,1,1,0.0008038585209003215,1.0,0.0008038585209003215,0.0008038585209003215,1,False
UNET_MTL_MASK_GUIDED,1,patient035,patient035_case01,IBC,IBC_patient028_0121.jpg,3,,off_target_fp,118,0,0.0,0.0,0.0,0.0,0,False
UNET_MTL_MASK_GUIDED,1,patient035,patient035_case01,IBC,IBC_patient028_0122.jpg,1,1.0,moderate_50_to_75,1124,1012,0.7126760563380282,0.900355871886121,0.7126760563380282,0.660574412532637,1,False
UNET_MTL_MASK_GUIDED,1,patient035,patient035_case01,IBC,IBC_patient028_0122.jpg,2,,off_target_fp,104,0,0.0,0.0,0.0,0.0,0,False
UNET_MTL_MASK_GUIDED,1,patient035,patient035_case01,IBC,IBC_patient028_0123.jpg,1,1.0,moderate_50_to_75,1243,1149,0.6009414225941423,0.9243765084473049,0.6009414225941423,0.5727816550348953,1,False
UNET_MTL_MASK_GUIDED,1,patient035,patient035_case01,IBC,IBC_patient028_0123.jpg,2,,off_target_fp,150,0,0.0,0.0,0.0,0.0,0,False
UNET_MTL_MASK_GUIDED,1,patient035,patient035_case01,IBC,IBC_patient028_0124.jpg,1,1.0,moderate_50_to_75,1383,1283,0.6724318658280922,0.9276934201012292,0.6724318658280922,0.6389442231075697,1,False
UNET_MTL_MASK_GUIDED,1,patient035,patient035_case01,IBC,IBC_patient028_0124.jpg,2,,off_target_fp,170,0,0.0,0.0,0.0,0.0,0,False
UNET_MTL_MASK_GUIDED,1,patient035,patient035_case01,IBC,IBC_patient028_0125.jpg,1,1.0,moderate_50_to_75,1189,1084,0.555327868852459,0.911690496215307,0.555327868852459,0.5269810403500244,1,False
UNET_MTL_MASK_GUIDED,1,patient035,patient035_case01,IBC,IBC_patient028_0125.jpg,2,,off_target_fp,179,0,0.0,0.0,0.0,0.0,0,False
UNET_MTL_MASK_GUIDED,1,patient035,patient035_case01,IBC,IBC_patient028_0126.jpg,1,1.0,low_25_to_50,729,679,0.33025291828793774,0.9314128943758574,0.33025291828793774,0.3224121557454891,1,False
UNET_MTL_MASK_GUIDED,1,patient035,patient035_case01,IBC,IBC_patient028_0126.jpg,2,,off_target_fp,183,0,0.0,0.0,0.0,0.0,0,False
UNET_MTL_MASK_GUIDED,1,patient035,patient035_case01,IBC,IBC_patient028_0127.jpg,1,1.0,partial_below_25,123,123,0.05142140468227425,1.0,0.05142140468227425,0.05142140468227425,1,False
UNET_MTL_MASK_GUIDED,1,patient035,patient035_case01,IBC,IBC_patient028_0127.jpg,2,1.0,partial_below_25,9,9,0.003762541806020067,1.0,0.003762541806020067,0.003762541806020067,1,False
UNET_MTL_MASK_GUIDED,1,patient035,patient035_case01,IBC,IBC_patient028_0127.jpg,3,1.0,partial_below_25,22,22,0.00919732441471572,1.0,0.00919732441471572,0.00919732441471572,1,False
UNET_MTL_MASK_GUIDED,1,patient035,patient035_case01,IBC,IBC_patient028_0127.jpg,4,,off_target_fp,192,0,0.0,0.0,0.0,0.0,0,False
UNET_MTL_MASK_GUIDED,1,patient035,patient035_case01,IBC,IBC_patient028_0128.jpg,1,1.0,partial_below_25,273,273,0.11931818181818182,1.0,0.11931818181818182,0.11931818181818182,1,False
UNET_MTL_MASK_GUIDED,1,patient035,patient035_case01,IBC,IBC_patient028_0128.jpg,2,,off_target_fp,194,0,0.0,0.0,0.0,0.0,0,False
UNET_MTL_MASK_GUIDED,1,patient035,patient035_case01,IBC,IBC_patient028_0128.jpg,3,,off_target_fp,1,0,0.0,0.0,0.0,0.0,0,False
UNET_MTL_MASK_GUIDED,1,patient035,patient035_case01,IBC,IBC_patient028_0129.jpg,1,1.0,partial_below_25,456,450,0.19702276707530647,0.9868421052631579,0.19702276707530647,0.1965065502183406,1,False
UNET_MTL_MASK_GUIDED,1,patient035,patient035_case01,IBC,IBC_patient028_0129.jpg,2,,off_target_fp,176,0,0.0,0.0,0.0,0.0,0,False
UNET_MTL_MASK_GUIDED,1,patient035,patient035_case01,IBC,IBC_patient028_0130.jpg,1,1.0,low_25_to_50,627,603,0.2740909090909091,0.9617224880382775,0.2740909090909091,0.27113309352517984,1,False
UNET_MTL_MASK_GUIDED,1,patient035,patient035_case01,IBC,IBC_patient028_0130.jpg,2,,off_target_fp,179,0,0.0,0.0,0.0,0.0,0,False
UNET_MTL_MASK_GUIDED,1,patient035,patient035_case01,IBC,IBC_patient028_0131.jpg,1,1.0,low_25_to_50,907,870,0.3782608695652174,0.9592061742006616,0.3782608695652174,0.3722721437740693,1,False
UNET_MTL_MASK_GUIDED,1,patient035,patient035_case01,IBC,IBC_patient028_0131.jpg,2,,off_target_fp,168,0,0.0,0.0,0.0,0.0,0,False
UNET_MTL_MASK_GUIDED,1,patient035,patient035_case01,IBC,IBC_patient028_0132.jpg,1,1.0,low_25_to_50,904,888,0.38275862068965516,0.9823008849557522,0.38275862068965516,0.3801369863013699,1,False
UNET_MTL_MASK_GUIDED,1,patient035,patient035_case01,IBC,IBC_patient028_0132.jpg,2,,off_target_fp,46,0,0.0,0.0,0.0,0.0,0,False
UNET_MTL_MASK_GUIDED,1,patient035,patient035_case01,IBC,IBC_patient028_0132.jpg,3,,off_target_fp,56,0,0.0,0.0,0.0,0.0,0,False
UNET_MTL_MASK_GUIDED,1,patient035,patient035_case01,IBC,IBC_patient028_0133.jpg,1,1.0,low_25_to_50,762,687,0.3290229885057471,0.9015748031496063,0.3290229885057471,0.31761442441054094,1,False
UNET_MTL_MASK_GUIDED,1,patient035,patient035_case01,IBC,IBC_patient028_0134.jpg,1,1.0,low_25_to_50,609,538,0.2606589147286822,0.8834154351395731,0.2606589147286822,0.25199063231850116,1,False
UNET_MTL_MASK_GUIDED,1,patient035,patient035_case01,IBC,IBC_patient028_0135.jpg,1,1.0,low_25_to_50,620,539,0.2547258979206049,0.8693548387096774,0.2547258979206049,0.24533454710969504,1,False
UNET_MTL_MASK_GUIDED,1,patient035,patient035_case01,IBC,IBC_patient028_0136.jpg,1,1.0,low_25_to_50,701,618,0.2798913043478261,0.8815977175463623,0.2798913043478261,0.2697512003491925,1,False
UNET_MTL_MASK_GUIDED,1,patient035,patient035_case01,IBC,IBC_patient028_0137.jpg,1,1.0,partial_below_25,501,461,0.22912524850894633,0.9201596806387226,0.22912524850894633,0.2246588693957115,1,False
UNET_MTL_MASK_GUIDED,1,patient035,patient035_case01,IBC,IBC_patient028_0138.jpg,1,1.0,partial_below_25,291,234,0.1142578125,0.8041237113402062,0.1142578125,0.11116389548693587,1,False
UNET_MTL_MASK_GUIDED,1,patient035,patient035_case01,IBC,IBC_patient028_0138.jpg,2,,off_target_fp,38,0,0.0,0.0,0.0,0.0,0,False
UNET_MTL_MASK_GUIDED,1,patient035,patient035_case01,IBC,IBC_patient028_0139.jpg,1,1.0,partial_below_25,79,47,0.02688787185354691,0.5949367088607594,0.02688787185354691,0.026404494382022473,1,False
UNET_MTL_MASK_GUIDED,1,patient035,patient035_case01,IBC,IBC_patient028_0139.jpg,2,,off_target_fp,1,0,0.0,0.0,0.0,0.0,0,False
UNET_MTL_MASK_GUIDED,1,patient035,patient035_case01,IBC,IBC_patient028_0150.jpg,1,,off_target_fp,221,0,0.0,0.0,0.0,0.0,0,False
UNET_MTL_MASK_GUIDED,1,patient035,patient035_case01,IBC,IBC_patient028_0151.jpg,1,,off_target_fp,187,0,0.0,0.0,0.0,0.0,0,False
UNET_MTL_MASK_GUIDED,1,patient035,patient035_case01,IBC,IBC_patient028_0151.jpg,2,,off_target_fp,5,0,0.0,0.0,0.0,0.0,0,False
UNET_MTL_MASK_GUIDED,1,patient035,patient035_case01,IBC,IBC_patient028_0152.jpg,1,,off_target_fp,5,0,0.0,0.0,0.0,0.0,0,False
UNET_MTL_MASK_GUIDED,1,patient040,patient040_case01,IBC,IBC_patient030_0123.jpg,1,,off_target_fp,129,0,0.0,0.0,0.0,0.0,0,False
UNET_MTL_MASK_GUIDED,1,patient040,patient040_case01,IBC,IBC_patient030_0123.jpg,2,,off_target_fp,17,0,0.0,0.0,0.0,0.0,0,False
UNET_MTL_MASK_GUIDED,1,patient040,patient040_case01,IBC,IBC_patient030_0124.jpg,1,,off_target_fp,121,0,0.0,0.0,0.0,0.0,0,False
UNET_MTL_MASK_GUIDED,1,patient040,patient040_case01,IBC,IBC_patient030_0124.jpg,2,,off_target_fp,25,0,0.0,0.0,0.0,0.0,0,False
UNET_MTL_MASK_GUIDED,1,patient040,patient040_case01,IBC,IBC_patient030_0125.jpg,1,,off_target_fp,97,0,0.0,0.0,0.0,0.0,0,False
UNET_MTL_MASK_GUIDED,1,patient040,patient040_case01,IBC,IBC_patient030_0125.jpg,2,,off_target_fp,25,0,0.0,0.0,0.0,0.0,0,False
UNET_MTL_MASK_GUIDED,1,patient040,patient040_case01,IBC,IBC_patient030_0126.jpg,1,,off_target_fp,76,0,0.0,0.0,0.0,0.0,0,False
UNET_MTL_MASK_GUIDED,1,patient040,patient040_case01,IBC,IBC_patient030_0126.jpg,2,,off_target_fp,36,0,0.0,0.0,0.0,0.0,0,False
UNET_MTL_MASK_GUIDED,1,patient040,patient040_case01,IBC,IBC_patient030_0127.jpg,1,,off_target_fp,40,0,0.0,0.0,0.0,0.0,0,False
UNET_MTL_MASK_GUIDED,1,patient040,patient040_case01,IBC,IBC_patient030_0128.jpg,1,1.0,partial_below_25,28,28,0.21212121212121213,1.0,0.21212121212121213,0.21212121212121213,1,False
UNET_MTL_MASK_GUIDED,1,patient040,patient040_case01,IBC,IBC_patient030_0128.jpg,2,,off_target_fp,24,0,0.0,0.0,0.0,0.0,0,False
UNET_MTL_MASK_GUIDED,1,patient040,patient040_case01,IBC,IBC_patient030_0129.jpg,1,1.0,low_25_to_50,62,62,0.40789473684210525,1.0,0.40789473684210525,0.40789473684210525,1,False
UNET_MTL_MASK_GUIDED,1,patient040,patient040_case01,IBC,IBC_patient030_0129.jpg,2,,off_target_fp,3,0,0.0,0.0,0.0,0.0,0,False
UNET_MTL_MASK_GUIDED,1,patient040,patient040_case01,IBC,IBC_patient030_0130.jpg,1,1.0,low_25_to_50,40,38,0.36538461538461536,0.95,0.36538461538461536,0.3584905660377358,1,False
UNET_MTL_MASK_GUIDED,1,patient040,patient040_case01,IBC,IBC_patient030_0131.jpg,1,1.0,partial_below_25,2,2,0.016129032258064516,1.0,0.016129032258064516,0.016129032258064516,1,False
UNET_MTL_MASK_GUIDED,1,patient042,patient042_case01,IBC,IBC_patient031_0101.jpg,1,,off_target_fp,43,0,0.0,0.0,0.0,0.0,0,False
UNET_MTL_MASK_GUIDED,1,patient042,patient042_case01,IBC,IBC_patient031_0101.jpg,2,,off_target_fp,37,0,0.0,0.0,0.0,0.0,0,False
UNET_MTL_MASK_GUIDED,1,patient042,patient042_case01,IBC,IBC_patient031_0102.jpg,1,1.0,moderate_50_to_75,180,170,0.7456140350877193,0.9444444444444444,0.7456140350877193,0.7142857142857143,1,False
UNET_MTL_MASK_GUIDED,1,patient042,patient042_case01,IBC,IBC_patient031_0102.jpg,2,,off_target_fp,5,0,0.0,0.0,0.0,0.0,0,False
UNET_MTL_MASK_GUIDED,1,patient042,patient042_case01,IBC,IBC_patient031_0103.jpg,1,1.0,strong_75_plus,313,291,0.9448051948051948,0.9297124600638977,0.9297124600638977,0.8818181818181818,1,False
UNET_MTL_MASK_GUIDED,1,patient042,patient042_case01,IBC,IBC_patient031_0104.jpg,1,1.0,strong_75_plus,398,362,0.9526315789473684,0.9095477386934674,0.9095477386934674,0.8701923076923077,1,False
UNET_MTL_MASK_GUIDED,1,patient042,patient042_case01,IBC,IBC_patient031_0104.jpg,2,,off_target_fp,68,0,0.0,0.0,0.0,0.0,0,False
UNET_MTL_MASK_GUIDED,1,patient042,patient042_case01,IBC,IBC_patient031_0105.jpg,1,1.0,strong_75_plus,478,410,0.9579439252336449,0.8577405857740585,0.8577405857740585,0.8266129032258065,1,False
UNET_MTL_MASK_GUIDED,1,patient042,patient042_case01,IBC,IBC_patient031_0105.jpg,2,,off_target_fp,98,0,0.0,0.0,0.0,0.0,0,False
UNET_MTL_MASK_GUIDED,1,patient042,patient042_case01,IBC,IBC_patient031_0106.jpg,1,1.0,strong_75_plus,578,489,0.9702380952380952,0.8460207612456747,0.8460207612456747,0.8246205733558178,1,False
UNET_MTL_MASK_GUIDED,1,patient042,patient042_case01,IBC,IBC_patient031_0106.jpg,2,,off_target_fp,112,0,0.0,0.0,0.0,0.0,0,False
UNET_MTL_MASK_GUIDED,1,patient042,patient042_case01,IBC,IBC_patient031_0107.jpg,1,1.0,strong_75_plus,646,516,0.9847328244274809,0.7987616099071208,0.7987616099071208,0.7889908256880734,1,False
UNET_MTL_MASK_GUIDED,1,patient042,patient042_case01,IBC,IBC_patient031_0107.jpg,2,,off_target_fp,104,0,0.0,0.0,0.0,0.0,0,False
UNET_MTL_MASK_GUIDED,1,patient042,patient042_case01,IBC,IBC_patient031_0107.jpg,3,,off_target_fp,118,0,0.0,0.0,0.0,0.0,0,False
UNET_MTL_MASK_GUIDED,1,patient042,patient042_case01,IBC,IBC_patient031_0108.jpg,1,1.0,strong_75_plus,671,568,0.9726027397260274,0.8464977645305514,0.8464977645305514,0.826783114992722,1,False
UNET_MTL_MASK_GUIDED,1,patient042,patient042_case01,IBC,IBC_patient031_0108.jpg,2,,off_target_fp,115,0,0.0,0.0,0.0,0.0,0,False
UNET_MTL_MASK_GUIDED,1,patient042,patient042_case01,IBC,IBC_patient031_0108.jpg,3,,off_target_fp,160,0,0.0,0.0,0.0,0.0,0,False
UNET_MTL_MASK_GUIDED,1,patient042,patient042_case01,IBC,IBC_patient031_0109.jpg,1,1.0,strong_75_plus,670,598,0.934375,0.8925373134328358,0.8925373134328358,0.8398876404494382,1,False
UNET_MTL_MASK_GUIDED,1,patient042,patient042_case01,IBC,IBC_patient031_0109.jpg,2,,off_target_fp,101,0,0.0,0.0,0.0,0.0,0,False
UNET_MTL_MASK_GUIDED,1,patient042,patient042_case01,IBC,IBC_patient031_0109.jpg,3,,off_target_fp,202,0,0.0,0.0,0.0,0.0,0,False
UNET_MTL_MASK_GUIDED,1,patient042,patient042_case01,IBC,IBC_patient031_0110.jpg,1,1.0,strong_75_plus,686,617,0.9348484848484848,0.8994169096209913,0.8994169096209913,0.8463648834019204,1,False
UNET_MTL_MASK_GUIDED,1,patient042,patient042_case01,IBC,IBC_patient031_0110.jpg,2,,off_target_fp,25,0,0.0,0.0,0.0,0.0,0,False
UNET_MTL_MASK_GUIDED,1,patient042,patient042_case01,IBC,IBC_patient031_0110.jpg,3,,off_target_fp,201,0,0.0,0.0,0.0,0.0,0,False
UNET_MTL_MASK_GUIDED,1,patient042,patient042_case01,IBC,IBC_patient031_0111.jpg,1,1.0,strong_75_plus,701,619,0.9102941176470588,0.8830242510699001,0.8830242510699001,0.8123359580052494,1,False
UNET_MTL_MASK_GUIDED,1,patient042,patient042_case01,IBC,IBC_patient031_0111.jpg,2,,off_target_fp,174,0,0.0,0.0,0.0,0.0,0,False
UNET_MTL_MASK_GUIDED,1,patient042,patient042_case01,IBC,IBC_patient031_0112.jpg,1,1.0,strong_75_plus,697,630,0.9156976744186046,0.9038737446197992,0.9038737446197992,0.8344370860927153,1,False
UNET_MTL_MASK_GUIDED,1,patient042,patient042_case01,IBC,IBC_patient031_0112.jpg,2,,off_target_fp,1,0,0.0,0.0,0.0,0.0,0,False
UNET_MTL_MASK_GUIDED,1,patient042,patient042_case01,IBC,IBC_patient031_0112.jpg,3,,off_target_fp,92,0,0.0,0.0,0.0,0.0,0,False
UNET_MTL_MASK_GUIDED,1,patient042,patient042_case01,IBC,IBC_patient031_0113.jpg,1,1.0,strong_75_plus,705,611,0.9546875,0.8666666666666667,0.8666666666666667,0.832425068119891,1,False
UNET_MTL_MASK_GUIDED,1,patient042,patient042_case01,IBC,IBC_patient031_0113.jpg,2,,off_target_fp,6,0,0.0,0.0,0.0,0.0,0,False
UNET_MTL_MASK_GUIDED,1,patient042,patient042_case01,IBC,IBC_patient031_0114.jpg,1,1.0,strong_75_plus,674,606,0.907185628742515,0.8991097922848664,0.8991097922848664,0.8233695652173914,1,False
UNET_MTL_MASK_GUIDED,1,patient042,patient042_case01,IBC,IBC_patient031_0114.jpg,2,,off_target_fp,14,0,0.0,0.0,0.0,0.0,0,False
UNET_MTL_MASK_GUIDED,1,patient042,patient042_case01,IBC,IBC_patient031_0114.jpg,3,,off_target_fp,42,0,0.0,0.0,0.0,0.0,0,False
UNET_MTL_MASK_GUIDED,1,patient042,patient042_case01,IBC,IBC_patient031_0115.jpg,1,1.0,strong_75_plus,670,526,0.9598540145985401,0.7850746268656716,0.7850746268656716,0.7601156069364162,1,False
UNET_MTL_MASK_GUIDED,1,patient042,patient042_case01,IBC,IBC_patient031_0115.jpg,2,,off_target_fp,15,0,0.0,0.0,0.0,0.0,0,False
UNET_MTL_MASK_GUIDED,1,patient042,patient042_case01,IBC,IBC_patient031_0115.jpg,3,,off_target_fp,84,0,0.0,0.0,0.0,0.0,0,False
UNET_MTL_MASK_GUIDED,1,patient042,patient042_case01,IBC,IBC_patient031_0116.jpg,1,1.0,strong_75_plus,653,494,0.9801587301587301,0.7565084226646248,0.7565084226646248,0.7450980392156863,1,False
UNET_MTL_MASK_GUIDED,1,patient042,patient042_case01,IBC,IBC_patient031_0116.jpg,2,,off_target_fp,11,0,0.0,0.0,0.0,0.0,0,False
UNET_MTL_MASK_GUIDED,1,patient042,patient042_case01,IBC,IBC_patient031_0116.jpg,3,,off_target_fp,98,0,0.0,0.0,0.0,0.0,0,False
UNET_MTL_MASK_GUIDED,1,patient042,patient042_case01,IBC,IBC_patient031_0117.jpg,1,1.0,strong_75_plus,562,459,0.972457627118644,0.8167259786476868,0.8167259786476868,0.7982608695652174,1,False
UNET_MTL_MASK_GUIDED,1,patient042,patient042_case01,IBC,IBC_patient031_0117.jpg,2,,off_target_fp,9,0,0.0,0.0,0.0,0.0,0,False
UNET_MTL_MASK_GUIDED,1,patient042,patient042_case01,IBC,IBC_patient031_0117.jpg,3,,off_target_fp,120,0,0.0,0.0,0.0,0.0,0,False
UNET_MTL_MASK_GUIDED,1,patient042,patient042_case01,IBC,IBC_patient031_0118.jpg,1,,off_target_fp,73,0,0.0,0.0,0.0,0.0,0,False
UNET_MTL_MASK_GUIDED,1,patient042,patient042_case01,IBC,IBC_patient031_0118.jpg,2,1.0,strong_75_plus,505,416,0.9719626168224299,0.8237623762376237,0.8237623762376237,0.804642166344294,1,False
UNET_MTL_MASK_GUIDED,1,patient042,patient042_case01,IBC,IBC_patient031_0118.jpg,3,,off_target_fp,4,0,0.0,0.0,0.0,0.0,0,False
UNET_MTL_MASK_GUIDED,1,patient042,patient042_case01,IBC,IBC_patient031_0118.jpg,4,,off_target_fp,197,0,0.0,0.0,0.0,0.0,0,False
UNET_MTL_MASK_GUIDED,1,patient042,patient042_case01,IBC,IBC_patient031_0119.jpg,1,,off_target_fp,80,0,0.0,0.0,0.0,0.0,0,False
UNET_MTL_MASK_GUIDED,1,patient042,patient042_case01,IBC,IBC_patient031_0119.jpg,2,1.0,moderate_50_to_75,476,350,0.9408602150537635,0.7352941176470589,0.7352941176470589,0.7028112449799196,1,False
UNET_MTL_MASK_GUIDED,1,patient042,patient042_case01,IBC,IBC_patient031_0119.jpg,3,,off_target_fp,192,0,0.0,0.0,0.0,0.0,0,False
UNET_MTL_MASK_GUIDED,1,patient042,patient042_case01,IBC,IBC_patient031_0120.jpg,1,,off_target_fp,43,0,0.0,0.0,0.0,0.0,0,False
UNET_MTL_MASK_GUIDED,1,patient042,patient042_case01,IBC,IBC_patient031_0120.jpg,2,1.0,strong_75_plus,447,376,0.8392857142857143,0.8411633109619687,0.8392857142857143,0.7244701348747592,1,False
UNET_MTL_MASK_GUIDED,1,patient042,patient042_case01,IBC,IBC_patient031_0120.jpg,3,,off_target_fp,6,0,0.0,0.0,0.0,0.0,0,False
UNET_MTL_MASK_GUIDED,1,patient042,patient042_case01,IBC,IBC_patient031_0120.jpg,4,,off_target_fp,164,0,0.0,0.0,0.0,0.0,0,False
UNET_MTL_MASK_GUIDED,1,patient042,patient042_case01,IBC,IBC_patient031_0121.jpg,1,1.0,low_25_to_50,360,172,1.0,0.4777777777777778,0.4777777777777778,0.4777777777777778,1,False
UNET_MTL_MASK_GUIDED,1,patient042,patient042_case01,IBC,IBC_patient031_0121.jpg,2,,off_target_fp,2,0,0.0,0.0,0.0,0.0,0,False
UNET_MTL_MASK_GUIDED,1,patient042,patient042_case01,IBC,IBC_patient031_0121.jpg,3,,off_target_fp,36,0,0.0,0.0,0.0,0.0,0,False
UNET_MTL_MASK_GUIDED,1,patient042,patient042_case01,IBC,IBC_patient031_0121.jpg,4,,off_target_fp,128,0,0.0,0.0,0.0,0.0,0,False
UNET_MTL_MASK_GUIDED,1,patient042,patient042_case01,IBC,IBC_patient031_0122.jpg,1,,off_target_fp,16,0,0.0,0.0,0.0,0.0,0,False
UNET_MTL_MASK_GUIDED,1,patient042,patient042_case01,IBC,IBC_patient031_0122.jpg,2,,off_target_fp,24,0,0.0,0.0,0.0,0.0,0,False
UNET_MTL_MASK_GUIDED,1,patient042,patient042_case01,IBC,IBC_patient031_0122.jpg,3,,off_target_fp,40,0,0.0,0.0,0.0,0.0,0,False
UNET_MTL_MASK_GUIDED,1,patient042,patient042_case01,IBC,IBC_patient031_0122.jpg,4,,off_target_fp,49,0,0.0,0.0,0.0,0.0,0,False
UNET_MTL_MASK_GUIDED,1,patient044,patient044_case01,IBC,IBC_patient032_0054.jpg,1,,off_target_fp,107,0,0.0,0.0,0.0,0.0,0,False
UNET_MTL_MASK_GUIDED,1,patient044,patient044_case01,IBC,IBC_patient032_0054.jpg,2,,off_target_fp,10,0,0.0,0.0,0.0,0.0,0,False
UNET_MTL_MASK_GUIDED,1,patient044,patient044_case01,IBC,IBC_patient032_0054.jpg,3,,off_target_fp,12,0,0.0,0.0,0.0,0.0,0,False
UNET_MTL_MASK_GUIDED,1,patient044,patient044_case01,IBC,IBC_patient032_0054.jpg,4,,off_target_fp,161,0,0.0,0.0,0.0,0.0,0,False
UNET_MTL_MASK_GUIDED,1,patient044,patient044_case01,IBC,IBC_patient032_0054.jpg,5,,off_target_fp,204,0,0.0,0.0,0.0,0.0,0,False
UNET_MTL_MASK_GUIDED,1,patient044,patient044_case01,IBC,IBC_patient032_0054.jpg,6,1.0,strong_75_plus,167,141,0.88125,0.844311377245509,0.844311377245509,0.7580645161290323,1,False
UNET_MTL_MASK_GUIDED,1,patient044,patient044_case01,IBC,IBC_patient032_0055.jpg,1,,off_target_fp,51,0,0.0,0.0,0.0,0.0,0,False
UNET_MTL_MASK_GUIDED,1,patient044,patient044_case01,IBC,IBC_patient032_0055.jpg,2,,off_target_fp,29,0,0.0,0.0,0.0,0.0,0,False
UNET_MTL_MASK_GUIDED,1,patient044,patient044_case01,IBC,IBC_patient032_0055.jpg,3,1.0,strong_75_plus,288,257,0.8566666666666667,0.8923611111111112,0.8566666666666667,0.7764350453172205,1,False
UNET_MTL_MASK_GUIDED,1,patient044,patient044_case01,IBC,IBC_patient032_0056.jpg,1,,off_target_fp,90,0,0.0,0.0,0.0,0.0,0,False
UNET_MTL_MASK_GUIDED,1,patient044,patient044_case01,IBC,IBC_patient032_0056.jpg,2,1.0,moderate_50_to_75,280,263,0.6709183673469388,0.9392857142857143,0.6709183673469388,0.6430317848410758,1,False
UNET_MTL_MASK_GUIDED,1,patient044,patient044_case01,IBC,IBC_patient032_0057.jpg,1,,off_target_fp,98,0,0.0,0.0,0.0,0.0,0,False
UNET_MTL_MASK_GUIDED,1,patient044,patient044_case01,IBC,IBC_patient032_0058.jpg,1,,off_target_fp,98,0,0.0,0.0,0.0,0.0,0,False
UNET_MTL_MASK_GUIDED,1,patient044,patient044_case01,IBC,IBC_patient032_0058.jpg,2,1.0,moderate_50_to_75,525,517,0.5644104803493449,0.9847619047619047,0.5644104803493449,0.5595238095238095,1,False
UNET_MTL_MASK_GUIDED,1,patient044,patient044_case01,IBC,IBC_patient032_0059.jpg,1,1.0,partial_below_25,218,210,0.2441860465116279,0.963302752293578,0.2441860465116279,0.24193548387096775,1,False
UNET_MTL_MASK_GUIDED,1,patient044,patient044_case01,IBC,IBC_patient032_0060.jpg,1,,off_target_fp,84,0,0.0,0.0,0.0,0.0,0,False
UNET_MTL_MASK_GUIDED,1,patient044,patient044_case01,IBC,IBC_patient032_0060.jpg,2,,off_target_fp,3,0,0.0,0.0,0.0,0.0,0,False
UNET_MTL_MASK_GUIDED,1,patient044,patient044_case01,IBC,IBC_patient032_0060.jpg,3,1.0,strong_75_plus,747,675,0.8698453608247423,0.9036144578313253,0.8698453608247423,0.7959905660377359,1,False
UNET_MTL_MASK_GUIDED,1,patient044,patient044_case01,IBC,IBC_patient032_0061.jpg,1,,off_target_fp,133,0,0.0,0.0,0.0,0.0,0,False
UNET_MTL_MASK_GUIDED,1,patient044,patient044_case01,IBC,IBC_patient032_0061.jpg,2,1.0,strong_75_plus,688,640,0.935672514619883,0.9302325581395349,0.9302325581395349,0.8743169398907104,1,False
UNET_MTL_MASK_GUIDED,1,patient044,patient044_case01,IBC,IBC_patient032_0061.jpg,3,,off_target_fp,31,0,0.0,0.0,0.0,0.0,0,False
UNET_MTL_MASK_GUIDED,1,patient044,patient044_case01,IBC,IBC_patient032_0062.jpg,1,,off_target_fp,204,0,0.0,0.0,0.0,0.0,0,False
UNET_MTL_MASK_GUIDED,1,patient044,patient044_case01,IBC,IBC_patient032_0062.jpg,2,1.0,strong_75_plus,553,540,0.9121621621621622,0.976491862567812,0.9121621621621622,0.8925619834710744,1,False
UNET_MTL_MASK_GUIDED,1,patient044,patient044_case01,IBC,IBC_patient032_0063.jpg,1,,off_target_fp,144,0,0.0,0.0,0.0,0.0,0,False
UNET_MTL_MASK_GUIDED,1,patient044,patient044_case01,IBC,IBC_patient032_0063.jpg,2,,off_target_fp,141,0,0.0,0.0,0.0,0.0,0,False
UNET_MTL_MASK_GUIDED,1,patient044,patient044_case01,IBC,IBC_patient032_0063.jpg,3,,off_target_fp,58,0,0.0,0.0,0.0,0.0,0,False
UNET_MTL_MASK_GUIDED,1,patient044,patient044_case01,IBC,IBC_patient032_0063.jpg,4,1.0,strong_75_plus,346,298,0.9430379746835443,0.861271676300578,0.861271676300578,0.8186813186813187,1,False
UNET_MTL_MASK_GUIDED,1,patient044,patient044_case01,IBC,IBC_patient032_0064.jpg,1,,off_target_fp,316,0,0.0,0.0,0.0,0.0,0,False
UNET_MTL_MASK_GUIDED,1,patient044,patient044_case01,IBC,IBC_patient032_0064.jpg,2,,off_target_fp,77,0,0.0,0.0,0.0,0.0,0,False
UNET_MTL_MASK_GUIDED,1,patient043,patient043_case01,IGM,IGM_patient032_0141.jpg,1,,off_target_fp,277,0,0.0,0.0,0.0,0.0,0,False
UNET_MTL_MASK_GUIDED,1,patient043,patient043_case01,IGM,IGM_patient032_0143.jpg,1,1.0,moderate_50_to_75,59,54,0.5,0.9152542372881356,0.5,0.4778761061946903,1,False
UNET_MTL_MASK_GUIDED,1,patient043,patient043_case01,IGM,IGM_patient032_0144.jpg,1,1.0,moderate_50_to_75,123,114,0.6951219512195121,0.926829268292683,0.6951219512195121,0.6589595375722543,1,False
UNET_MTL_MASK_GUIDED,1,patient043,patient043_case01,IGM,IGM_patient032_0145.jpg,1,1.0,strong_75_plus,169,139,0.86875,0.8224852071005917,0.8224852071005917,0.7315789473684211,1,False
UNET_MTL_MASK_GUIDED,1,patient043,patient043_case01,IGM,IGM_patient032_0146.jpg,1,1.0,moderate_50_to_75,194,130,0.9848484848484849,0.6701030927835051,0.6701030927835051,0.6632653061224489,1,False
UNET_MTL_MASK_GUIDED,1,patient043,patient043_case01,IGM,IGM_patient032_0147.jpg,1,,off_target_fp,56,0,0.0,0.0,0.0,0.0,0,False
UNET_MTL_MASK_GUIDED,1,patient043,patient043_case01,IGM,IGM_patient032_0147.jpg,2,1.0,strong_75_plus,205,170,0.9042553191489362,0.8292682926829268,0.8292682926829268,0.7623318385650224,1,False
UNET_MTL_MASK_GUIDED,1,patient043,patient043_case01,IGM,IGM_patient032_0148.jpg,1,,off_target_fp,90,0,0.0,0.0,0.0,0.0,0,False
UNET_MTL_MASK_GUIDED,1,patient043,patient043_case01,IGM,IGM_patient032_0148.jpg,2,1.0,strong_75_plus,213,170,0.9659090909090909,0.7981220657276995,0.7981220657276995,0.776255707762557,1,False
UNET_MTL_MASK_GUIDED,1,patient043,patient043_case01,IGM,IGM_patient032_0148.jpg,3,,off_target_fp,38,0,0.0,0.0,0.0,0.0,0,False
UNET_MTL_MASK_GUIDED,1,patient043,patient043_case01,IGM,IGM_patient032_0149.jpg,1,,off_target_fp,66,0,0.0,0.0,0.0,0.0,0,False
UNET_MTL_MASK_GUIDED,1,patient043,patient043_case01,IGM,IGM_patient032_0149.jpg,2,1.0,moderate_50_to_75,179,116,0.9666666666666667,0.6480446927374302,0.6480446927374302,0.6338797814207651,1,False
UNET_MTL_MASK_GUIDED,1,patient043,patient043_case01,IGM,IGM_patient032_0149.jpg,3,,off_target_fp,21,0,0.0,0.0,0.0,0.0,0,False
UNET_MTL_MASK_GUIDED,1,patient043,patient043_case01,IGM,IGM_patient032_0149.jpg,4,,off_target_fp,38,0,0.0,0.0,0.0,0.0,0,False
UNET_MTL_MASK_GUIDED,1,patient043,patient043_case01,IGM,IGM_patient032_0150.jpg,1,,off_target_fp,40,0,0.0,0.0,0.0,0.0,0,False
UNET_MTL_MASK_GUIDED,1,patient043,patient043_case01,IGM,IGM_patient032_0150.jpg,2,,off_target_fp,1,0,0.0,0.0,0.0,0.0,0,False
UNET_MTL_MASK_GUIDED,1,patient043,patient043_case01,IGM,IGM_patient032_0150.jpg,3,,off_target_fp,41,0,0.0,0.0,0.0,0.0,0,False
UNET_MTL_MASK_GUIDED,1,patient043,patient043_case01,IGM,IGM_patient032_0150.jpg,4,1.0,moderate_50_to_75,123,91,0.8425925925925926,0.7398373983739838,0.7398373983739838,0.65,1,False
UNET_MTL_MASK_GUIDED,1,patient043,patient043_case01,IGM,IGM_patient032_0151.jpg,1,,off_target_fp,23,0,0.0,0.0,0.0,0.0,0,False
UNET_MTL_MASK_GUIDED,1,patient043,patient043_case01,IGM,IGM_patient032_0151.jpg,2,,off_target_fp,53,0,0.0,0.0,0.0,0.0,0,False
UNET_MTL_MASK_GUIDED,1,patient043,patient043_case01,IGM,IGM_patient032_0151.jpg,3,1.0,strong_75_plus,98,78,0.75,0.7959183673469388,0.75,0.6290322580645161,1,False
UNET_MTL_MASK_GUIDED,1,patient043,patient043_case01,IGM,IGM_patient032_0152.jpg,1,,off_target_fp,28,0,0.0,0.0,0.0,0.0,0,False
UNET_MTL_MASK_GUIDED,1,patient043,patient043_case01,IGM,IGM_patient032_0152.jpg,2,1.0,partial_below_25,2,2,0.020833333333333332,1.0,0.020833333333333332,0.020833333333333332,1,False
UNET_MTL_MASK_GUIDED,1,patient045,patient045_case01,IBC,IBC_patient033_0064.jpg,1,,off_target_fp,94,0,0.0,0.0,0.0,0.0,0,False
UNET_MTL_MASK_GUIDED,1,patient045,patient045_case01,IBC,IBC_patient033_0064.jpg,2,,off_target_fp,169,0,0.0,0.0,0.0,0.0,0,False
UNET_MTL_MASK_GUIDED,1,patient045,patient045_case01,IBC,IBC_patient033_0064.jpg,3,1.0,moderate_50_to_75,82,56,0.875,0.6829268292682927,0.6829268292682927,0.6222222222222222,1,False
UNET_MTL_MASK_GUIDED,1,patient045,patient045_case01,IBC,IBC_patient033_0065.jpg,1,,off_target_fp,22,0,0.0,0.0,0.0,0.0,0,False
UNET_MTL_MASK_GUIDED,1,patient045,patient045_case01,IBC,IBC_patient033_0065.jpg,2,1.0,low_25_to_50,416,130,0.9848484848484849,0.3125,0.3125,0.31100478468899523,1,False
UNET_MTL_MASK_GUIDED,1,patient045,patient045_case01,IBC,IBC_patient033_0066.jpg,1,,off_target_fp,94,0,0.0,0.0,0.0,0.0,0,False
UNET_MTL_MASK_GUIDED,1,patient045,patient045_case01,IBC,IBC_patient033_0066.jpg,2,1.0,moderate_50_to_75,435,306,0.9683544303797469,0.7034482758620689,0.7034482758620689,0.6876404494382022,1,False
UNET_MTL_MASK_GUIDED,1,patient045,patient045_case01,IBC,IBC_patient033_0067.jpg,1,,off_target_fp,207,0,0.0,0.0,0.0,0.0,0,False
UNET_MTL_MASK_GUIDED,1,patient045,patient045_case01,IBC,IBC_patient033_0067.jpg,2,1.0,moderate_50_to_75,403,255,0.9807692307692307,0.6327543424317618,0.6327543424317618,0.625,1,False
UNET_MTL_MASK_GUIDED,1,patient045,patient045_case01,IBC,IBC_patient033_0068.jpg,1,,off_target_fp,211,0,0.0,0.0,0.0,0.0,0,False
UNET_MTL_MASK_GUIDED,1,patient045,patient045_case01,IBC,IBC_patient033_0068.jpg,2,,off_target_fp,108,0,0.0,0.0,0.0,0.0,0,False
UNET_MTL_MASK_GUIDED,1,patient045,patient045_case01,IBC,IBC_patient033_0068.jpg,3,,off_target_fp,104,0,0.0,0.0,0.0,0.0,0,False
UNET_MTL_MASK_GUIDED,1,patient045,patient045_case01,IBC,IBC_patient033_0068.jpg,4,1.0,strong_75_plus,264,214,0.9224137931034483,0.8106060606060606,0.8106060606060606,0.7588652482269503,1,False
UNET_MTL_MASK_GUIDED,1,patient045,patient045_case01,IBC,IBC_patient033_0069.jpg,1,,off_target_fp,167,0,0.0,0.0,0.0,0.0,0,False
UNET_MTL_MASK_GUIDED,1,patient045,patient045_case01,IBC,IBC_patient033_0069.jpg,2,,off_target_fp,115,0,0.0,0.0,0.0,0.0,0,False
UNET_MTL_MASK_GUIDED,1,patient045,patient045_case01,IBC,IBC_patient033_0069.jpg,3,1.0,strong_75_plus,138,121,0.8402777777777778,0.8768115942028986,0.8402777777777778,0.7515527950310559,1,False
UNET_MTL_MASK_GUIDED,1,patient046,patient046_case01,IBC,IBC_patient034_0192.jpg,1,1.0,moderate_50_to_75,43,25,0.8928571428571429,0.5813953488372093,0.5813953488372093,0.5434782608695652,1,False
UNET_MTL_MASK_GUIDED,1,patient046,patient046_case01,IBC,IBC_patient034_0193.jpg,1,,off_target_fp,34,0,0.0,0.0,0.0,0.0,0,False
UNET_MTL_MASK_GUIDED,1,patient046,patient046_case01,IBC,IBC_patient034_0193.jpg,2,1.0,moderate_50_to_75,122,87,0.8365384615384616,0.7131147540983607,0.7131147540983607,0.6258992805755396,1,False
UNET_MTL_MASK_GUIDED,1,patient046,patient046_case01,IBC,IBC_patient034_0193.jpg,3,,off_target_fp,25,0,0.0,0.0,0.0,0.0,0,False
UNET_MTL_MASK_GUIDED,1,patient046,patient046_case01,IBC,IBC_patient034_0194.jpg,1,,off_target_fp,75,0,0.0,0.0,0.0,0.0,0,False
UNET_MTL_MASK_GUIDED,1,patient046,patient046_case01,IBC,IBC_patient034_0194.jpg,2,,off_target_fp,17,0,0.0,0.0,0.0,0.0,0,False
UNET_MTL_MASK_GUIDED,1,patient046,patient046_case01,IBC,IBC_patient034_0194.jpg,3,1.0,moderate_50_to_75,274,142,0.9342105263157895,0.5182481751824818,0.5182481751824818,0.5,1,False
UNET_MTL_MASK_GUIDED,1,patient046,patient046_case01,IBC,IBC_patient034_0195.jpg,1,,off_target_fp,83,0,0.0,0.0,0.0,0.0,0,False
UNET_MTL_MASK_GUIDED,1,patient046,patient046_case01,IBC,IBC_patient034_0195.jpg,2,,off_target_fp,30,0,0.0,0.0,0.0,0.0,0,False
UNET_MTL_MASK_GUIDED,1,patient046,patient046_case01,IBC,IBC_patient034_0195.jpg,3,,off_target_fp,1,0,0.0,0.0,0.0,0.0,0,False
UNET_MTL_MASK_GUIDED,1,patient046,patient046_case01,IBC,IBC_patient034_0195.jpg,4,1.0,low_25_to_50,352,166,0.9880952380952381,0.4715909090909091,0.4715909090909091,0.4689265536723164,1,False
UNET_MTL_MASK_GUIDED,1,patient046,patient046_case01,IBC,IBC_patient034_0196.jpg,1,,off_target_fp,56,0,0.0,0.0,0.0,0.0,0,False
UNET_MTL_MASK_GUIDED,1,patient046,patient046_case01,IBC,IBC_patient034_0196.jpg,2,,off_target_fp,2,0,0.0,0.0,0.0,0.0,0,False
UNET_MTL_MASK_GUIDED,1,patient046,patient046_case01,IBC,IBC_patient034_0196.jpg,3,1.0,moderate_50_to_75,398,226,0.9912280701754386,0.5678391959798995,0.5678391959798995,0.565,1,False
UNET_MTL_MASK_GUIDED,1,patient046,patient046_case01,IBC,IBC_patient034_0197.jpg,1,,off_target_fp,28,0,0.0,0.0,0.0,0.0,0,False
UNET_MTL_MASK_GUIDED,1,patient046,patient046_case01,IBC,IBC_patient034_0197.jpg,2,,off_target_fp,52,0,0.0,0.0,0.0,0.0,0,False
UNET_MTL_MASK_GUIDED,1,patient046,patient046_case01,IBC,IBC_patient034_0197.jpg,3,1.0,moderate_50_to_75,455,322,0.9470588235294117,0.7076923076923077,0.7076923076923077,0.6807610993657506,1,False
UNET_MTL_MASK_GUIDED,1,patient046,patient046_case01,IBC,IBC_patient034_0198.jpg,1,,off_target_fp,60,0,0.0,0.0,0.0,0.0,0,False
UNET_MTL_MASK_GUIDED,1,patient046,patient046_case01,IBC,IBC_patient034_0198.jpg,2,1.0,strong_75_plus,485,394,0.9563106796116505,0.8123711340206186,0.8123711340206186,0.7833001988071571,1,False
UNET_MTL_MASK_GUIDED,1,patient046,patient046_case01,IBC,IBC_patient034_0199.jpg,1,,off_target_fp,70,0,0.0,0.0,0.0,0.0,0,False
UNET_MTL_MASK_GUIDED,1,patient046,patient046_case01,IBC,IBC_patient034_0199.jpg,2,,off_target_fp,8,0,0.0,0.0,0.0,0.0,0,False
UNET_MTL_MASK_GUIDED,1,patient046,patient046_case01,IBC,IBC_patient034_0199.jpg,3,1.0,strong_75_plus,589,480,0.96,0.8149405772495756,0.8149405772495756,0.7881773399014779,1,False
UNET_MTL_MASK_GUIDED,1,patient046,patient046_case01,IBC,IBC_patient034_0200.jpg,1,,off_target_fp,63,0,0.0,0.0,0.0,0.0,0,False
UNET_MTL_MASK_GUIDED,1,patient046,patient046_case01,IBC,IBC_patient034_0200.jpg,2,1.0,strong_75_plus,658,625,0.882768361581921,0.9498480243161094,0.882768361581921,0.8434547908232118,1,False
UNET_MTL_MASK_GUIDED,1,patient046,patient046_case01,IBC,IBC_patient034_0200.jpg,3,,off_target_fp,5,0,0.0,0.0,0.0,0.0,0,False
UNET_MTL_MASK_GUIDED,1,patient046,patient046_case01,IBC,IBC_patient034_0201.jpg,1,,off_target_fp,32,0,0.0,0.0,0.0,0.0,0,False
UNET_MTL_MASK_GUIDED,1,patient046,patient046_case01,IBC,IBC_patient034_0201.jpg,2,1.0,strong_75_plus,726,662,0.9350282485875706,0.9118457300275482,0.9118457300275482,0.8575129533678757,1,False
UNET_MTL_MASK_GUIDED,1,patient046,patient046_case01,IBC,IBC_patient034_0202.jpg,1,,off_target_fp,52,0,0.0,0.0,0.0,0.0,0,False
UNET_MTL_MASK_GUIDED,1,patient046,patient046_case01,IBC,IBC_patient034_0202.jpg,2,1.0,strong_75_plus,725,683,0.8986842105263158,0.9420689655172414,0.8986842105263158,0.8516209476309227,1,False
UNET_MTL_MASK_GUIDED,1,patient046,patient046_case01,IBC,IBC_patient034_0203.jpg,1,,off_target_fp,22,0,0.0,0.0,0.0,0.0,0,False
UNET_MTL_MASK_GUIDED,1,patient046,patient046_case01,IBC,IBC_patient034_0203.jpg,2,1.0,moderate_50_to_75,563,552,0.696969696969697,0.9804618117229129,0.696969696969697,0.6874221668742216,1,False
UNET_MTL_MASK_GUIDED,1,patient046,patient046_case01,IBC,IBC_patient034_0204.jpg,1,1.0,moderate_50_to_75,491,466,0.5655339805825242,0.9490835030549898,0.5655339805825242,0.5488810365135454,1,False
UNET_MTL_MASK_GUIDED,1,patient046,patient046_case01,IBC,IBC_patient034_0205.jpg,1,1.0,partial_below_25,221,198,0.23684210526315788,0.8959276018099548,0.23684210526315788,0.23050058207217694,1,False
UNET_MTL_MASK_GUIDED,1,patient046,patient046_case01,IBC,IBC_patient034_0206.jpg,1,1.0,partial_below_25,2,2,0.002242152466367713,1.0,0.002242152466367713,0.002242152466367713,1,False
UNET_MTL_MASK_GUIDED,1,patient046,patient046_case01,IBC,IBC_patient034_0206.jpg,2,1.0,partial_below_25,20,19,0.021300448430493273,0.95,0.021300448430493273,0.02127659574468085,1,False
UNET_MTL_MASK_GUIDED,1,patient046,patient046_case01,IBC,IBC_patient034_0207.jpg,1,1.0,partial_below_25,195,178,0.1943231441048035,0.9128205128205128,0.1943231441048035,0.1907824222936763,1,False
UNET_MTL_MASK_GUIDED,1,patient046,patient046_case01,IBC,IBC_patient034_0208.jpg,1,1.0,low_25_to_50,280,264,0.2619047619047619,0.9428571428571428,0.2619047619047619,0.2578125,1,False
UNET_MTL_MASK_GUIDED,1,patient046,patient046_case01,IBC,IBC_patient034_0209.jpg,1,1.0,partial_below_25,122,120,0.1214574898785425,0.9836065573770492,0.1214574898785425,0.12121212121212122,1,False
UNET_MTL_MASK_GUIDED,1,patient046,patient046_case01,IBC,IBC_patient034_0210.jpg,1,1.0,partial_below_25,71,56,0.05714285714285714,0.7887323943661971,0.05714285714285714,0.05628140703517588,1,False
UNET_MTL_MASK_GUIDED,1,patient046,patient046_case01,IBC,IBC_patient034_0211.jpg,1,1.0,partial_below_25,64,50,0.049019607843137254,0.78125,0.049019607843137254,0.048355899419729204,1,False
UNET_MTL_MASK_GUIDED,1,patient046,patient046_case01,IBC,IBC_patient034_0212.jpg,1,1.0,partial_below_25,144,127,0.12258687258687259,0.8819444444444444,0.12258687258687259,0.12060778727445394,1,False
UNET_MTL_MASK_GUIDED,1,patient046,patient046_case01,IBC,IBC_patient034_0213.jpg,1,1.0,low_25_to_50,271,266,0.2509433962264151,0.981549815498155,0.2509433962264151,0.24976525821596243,1,False
UNET_MTL_MASK_GUIDED,1,patient046,patient046_case01,IBC,IBC_patient034_0213.jpg,2,1.0,partial_below_25,1,1,0.0009433962264150943,1.0,0.0009433962264150943,0.0009433962264150943,1,False
UNET_MTL_MASK_GUIDED,1,patient046,patient046_case01,IBC,IBC_patient034_0214.jpg,1,1.0,partial_below_25,155,144,0.1245674740484429,0.9290322580645162,0.1245674740484429,0.12339331619537275,1,False
UNET_MTL_MASK_GUIDED,1,patient046,patient046_case01,IBC,IBC_patient034_0215.jpg,1,1.0,partial_below_25,19,19,0.015728476821192054,1.0,0.015728476821192054,0.015728476821192054,1,False
UNET_MTL_MASK_GUIDED,1,patient046,patient046_case01,IBC,IBC_patient034_0216.jpg,1,1.0,partial_below_25,19,19,0.016047297297297296,1.0,0.016047297297297296,0.016047297297297296,1,False
UNET_MTL_MASK_GUIDED,1,patient046,patient046_case01,IBC,IBC_patient034_0217.jpg,1,1.0,partial_below_25,165,154,0.13095238095238096,0.9333333333333333,0.13095238095238096,0.12973883740522324,1,False
UNET_MTL_MASK_GUIDED,1,patient046,patient046_case01,IBC,IBC_patient034_0218.jpg,1,1.0,partial_below_25,171,156,0.13175675675675674,0.9122807017543859,0.13175675675675674,0.13010842368640535,1,False
UNET_MTL_MASK_GUIDED,1,patient046,patient046_case01,IBC,IBC_patient034_0219.jpg,1,1.0,low_25_to_50,462,460,0.3685897435897436,0.9956709956709957,0.3685897435897436,0.368,1,False
UNET_MTL_MASK_GUIDED,1,patient046,patient046_case01,IBC,IBC_patient034_0220.jpg,1,1.0,moderate_50_to_75,632,608,0.5135135135135135,0.9620253164556962,0.5135135135135135,0.5033112582781457,1,False
UNET_MTL_MASK_GUIDED,1,patient046,patient046_case01,IBC,IBC_patient034_0221.jpg,1,,off_target_fp,11,0,0.0,0.0,0.0,0.0,0,False
UNET_MTL_MASK_GUIDED,1,patient046,patient046_case01,IBC,IBC_patient034_0221.jpg,2,1.0,moderate_50_to_75,701,668,0.6117216117216118,0.9529243937232525,0.6117216117216118,0.5937777777777777,1,False
UNET_MTL_MASK_GUIDED,1,patient046,patient046_case01,IBC,IBC_patient034_0222.jpg,1,,off_target_fp,29,0,0.0,0.0,0.0,0.0,0,False
UNET_MTL_MASK_GUIDED,1,patient046,patient046_case01,IBC,IBC_patient034_0222.jpg,2,1.0,low_25_to_50,483,473,0.4412313432835821,0.979296066252588,0.4412313432835821,0.43715341959334564,1,False
UNET_MTL_MASK_GUIDED,1,patient046,patient046_case01,IBC,IBC_patient034_0223.jpg,1,,off_target_fp,5,0,0.0,0.0,0.0,0.0,0,False
UNET_MTL_MASK_GUIDED,1,patient046,patient046_case01,IBC,IBC_patient034_0223.jpg,2,,off_target_fp,9,0,0.0,0.0,0.0,0.0,0,False
UNET_MTL_MASK_GUIDED,1,patient046,patient046_case01,IBC,IBC_patient034_0223.jpg,3,1.0,partial_below_25,77,77,0.06684027777777778,1.0,0.06684027777777778,0.06684027777777778,1,False
UNET_MTL_MASK_GUIDED,1,patient046,patient046_case01,IBC,IBC_patient034_0223.jpg,4,1.0,partial_below_25,100,100,0.08680555555555555,1.0,0.08680555555555555,0.08680555555555555,1,False
UNET_MTL_MASK_GUIDED,1,patient046,patient046_case01,IBC,IBC_patient034_0224.jpg,1,,off_target_fp,6,0,0.0,0.0,0.0,0.0,0,False
UNET_MTL_MASK_GUIDED,1,patient046,patient046_case01,IBC,IBC_patient034_0224.jpg,2,,off_target_fp,16,0,0.0,0.0,0.0,0.0,0,False
UNET_MTL_MASK_GUIDED,1,patient046,patient046_case01,IBC,IBC_patient034_0224.jpg,3,1.0,partial_below_25,187,181,0.17607003891050585,0.9679144385026738,0.17607003891050585,0.17504835589941972,1,False
UNET_MTL_MASK_GUIDED,1,patient046,patient046_case01,IBC,IBC_patient034_0224.jpg,4,1.0,partial_below_25,127,125,0.12159533073929961,0.984251968503937,0.12159533073929961,0.12135922330097088,1,False
UNET_MTL_MASK_GUIDED,1,patient046,patient046_case01,IBC,IBC_patient034_0225.jpg,1,1.0,moderate_50_to_75,605,579,0.5766932270916335,0.9570247933884297,0.5766932270916335,0.5621359223300971,1,False
UNET_MTL_MASK_GUIDED,1,patient046,patient046_case01,IBC,IBC_patient034_0226.jpg,1,1.0,low_25_to_50,351,337,0.3397177419354839,0.9601139601139601,0.3397177419354839,0.3349900596421471,1,False
UNET_MTL_MASK_GUIDED,1,patient046,patient046_case01,IBC,IBC_patient034_0226.jpg,2,1.0,partial_below_25,50,50,0.05040322580645161,1.0,0.05040322580645161,0.05040322580645161,1,False
UNET_MTL_MASK_GUIDED,1,patient046,patient046_case01,IBC,IBC_patient034_0227.jpg,1,1.0,low_25_to_50,462,421,0.46986607142857145,0.9112554112554112,0.46986607142857145,0.44930629669156885,1,False
UNET_MTL_MASK_GUIDED,1,patient046,patient046_case01,IBC,IBC_patient034_0227.jpg,2,1.0,partial_below_25,31,31,0.03459821428571429,1.0,0.03459821428571429,0.03459821428571429,1,False
UNET_MTL_MASK_GUIDED,1,patient046,patient046_case01,IBC,IBC_patient034_0228.jpg,1,,off_target_fp,43,0,0.0,0.0,0.0,0.0,0,False
UNET_MTL_MASK_GUIDED,1,patient046,patient046_case01,IBC,IBC_patient034_0228.jpg,2,,off_target_fp,135,0,0.0,0.0,0.0,0.0,0,False
UNET_MTL_MASK_GUIDED,1,patient046,patient046_case01,IBC,IBC_patient034_0228.jpg,3,1.0,moderate_50_to_75,649,613,0.6663043478260869,0.9445300462249615,0.6663043478260869,0.641213389121339,1,False
UNET_MTL_MASK_GUIDED,1,patient046,patient046_case01,IBC,IBC_patient034_0229.jpg,1,,off_target_fp,96,0,0.0,0.0,0.0,0.0,0,False
UNET_MTL_MASK_GUIDED,1,patient046,patient046_case01,IBC,IBC_patient034_0229.jpg,2,1.0,partial_below_25,109,106,0.11936936936936937,0.9724770642201835,0.11936936936936937,0.11896745230078563,1,False
UNET_MTL_MASK_GUIDED,1,patient046,patient046_case01,IBC,IBC_patient034_0230.jpg,1,,off_target_fp,148,0,0.0,0.0,0.0,0.0,0,False
UNET_MTL_MASK_GUIDED,1,patient046,patient046_case01,IBC,IBC_patient034_0230.jpg,2,,off_target_fp,100,0,0.0,0.0,0.0,0.0,0,False
UNET_MTL_MASK_GUIDED,1,patient046,patient046_case01,IBC,IBC_patient034_0230.jpg,3,1.0,partial_below_25,16,15,0.022865853658536585,0.9375,0.022865853658536585,0.0228310502283105,1,False
UNET_MTL_MASK_GUIDED,1,patient046,patient046_case01,IBC,IBC_patient034_0231.jpg,1,,off_target_fp,80,0,0.0,0.0,0.0,0.0,0,False
UNET_MTL_MASK_GUIDED,1,patient046,patient046_case01,IBC,IBC_patient034_0231.jpg,2,,off_target_fp,10,0,0.0,0.0,0.0,0.0,0,False
UNET_MTL_MASK_GUIDED,1,patient046,patient046_case01,IBC,IBC_patient034_0231.jpg,3,1.0,partial_below_25,2,2,0.0031446540880503146,1.0,0.0031446540880503146,0.0031446540880503146,1,False
UNET_MTL_MASK_GUIDED,1,patient046,patient046_case01,IBC,IBC_patient034_0231.jpg,4,1.0,partial_below_25,21,21,0.0330188679245283,1.0,0.0330188679245283,0.0330188679245283,1,False
UNET_MTL_MASK_GUIDED,1,patient046,patient046_case01,IBC,IBC_patient034_0232.jpg,1,1.0,partial_below_25,1,1,0.001644736842105263,1.0,0.001644736842105263,0.001644736842105263,1,False
UNET_MTL_MASK_GUIDED,1,patient046,patient046_case01,IBC,IBC_patient034_0232.jpg,2,1.0,partial_below_25,25,25,0.04111842105263158,1.0,0.04111842105263158,0.04111842105263158,1,False
UNET_MTL_MASK_GUIDED,1,patient046,patient046_case01,IBC,IBC_patient034_0232.jpg,3,,off_target_fp,7,0,0.0,0.0,0.0,0.0,0,False
UNET_MTL_MASK_GUIDED,1,patient046,patient046_case01,IBC,IBC_patient034_0233.jpg,1,,off_target_fp,4,0,0.0,0.0,0.0,0.0,0,False
UNET_MTL_MASK_GUIDED,1,patient046,patient046_case01,IBC,IBC_patient034_0233.jpg,2,,off_target_fp,37,0,0.0,0.0,0.0,0.0,0,False
UNET_MTL_MASK_GUIDED,1,patient046,patient046_case01,IBC,IBC_patient034_0234.jpg,1,,off_target_fp,50,0,0.0,0.0,0.0,0.0,0,False
UNET_MTL_MASK_GUIDED,1,patient046,patient046_case01,IBC,IBC_patient034_0235.jpg,1,,off_target_fp,2,0,0.0,0.0,0.0,0.0,0,False
UNET_MTL_MASK_GUIDED,1,patient046,patient046_case01,IBC,IBC_patient034_0235.jpg,2,,off_target_fp,56,0,0.0,0.0,0.0,0.0,0,False
UNET_MTL_MASK_GUIDED,1,patient046,patient046_case01,IBC,IBC_patient034_0236.jpg,1,,off_target_fp,54,0,0.0,0.0,0.0,0.0,0,False
UNET_MTL_MASK_GUIDED,1,patient050,patient050_case01,IGM,IGM_patient036_0064.jpg,1,,off_target_fp,36,0,0.0,0.0,0.0,0.0,0,False
UNET_MTL_MASK_GUIDED,1,patient050,patient050_case01,IGM,IGM_patient036_0064.jpg,2,,off_target_fp,84,0,0.0,0.0,0.0,0.0,0,False
UNET_MTL_MASK_GUIDED,1,patient050,patient050_case01,IGM,IGM_patient036_0064.jpg,3,,off_target_fp,75,0,0.0,0.0,0.0,0.0,0,False
UNET_MTL_MASK_GUIDED,1,patient050,patient050_case01,IGM,IGM_patient036_0064.jpg,4,,off_target_fp,208,0,0.0,0.0,0.0,0.0,0,False
UNET_MTL_MASK_GUIDED,1,patient050,patient050_case01,IGM,IGM_patient036_0064.jpg,5,,off_target_fp,73,0,0.0,0.0,0.0,0.0,0,False
UNET_MTL_MASK_GUIDED,1,patient050,patient050_case01,IGM,IGM_patient036_0064.jpg,6,1.0,low_25_to_50,102,47,0.5108695652173914,0.46078431372549017,0.46078431372549017,0.3197278911564626,1,False
UNET_MTL_MASK_GUIDED,1,patient050,patient050_case01,IGM,IGM_patient036_0064.jpg,7,,off_target_fp,16,0,0.0,0.0,0.0,0.0,0,False
UNET_MTL_MASK_GUIDED,1,patient050,patient050_case01,IGM,IGM_patient036_0065.jpg,1,,off_target_fp,116,0,0.0,0.0,0.0,0.0,0,False
UNET_MTL_MASK_GUIDED,1,patient050,patient050_case01,IGM,IGM_patient036_0065.jpg,2,,off_target_fp,457,0,0.0,0.0,0.0,0.0,0,False
UNET_MTL_MASK_GUIDED,1,patient050,patient050_case01,IGM,IGM_patient036_0065.jpg,3,,off_target_fp,41,0,0.0,0.0,0.0,0.0,0,False
UNET_MTL_MASK_GUIDED,1,patient050,patient050_case01,IGM,IGM_patient036_0065.jpg,4,,off_target_fp,117,0,0.0,0.0,0.0,0.0,0,False
UNET_MTL_MASK_GUIDED,1,patient050,patient050_case01,IGM,IGM_patient036_0065.jpg,5,1.0,moderate_50_to_75,138,101,0.7890625,0.7318840579710145,0.7318840579710145,0.6121212121212121,1,False
UNET_MTL_MASK_GUIDED,1,patient050,patient050_case01,IGM,IGM_patient036_0066.jpg,1,,off_target_fp,38,0,0.0,0.0,0.0,0.0,0,False
UNET_MTL_MASK_GUIDED,1,patient050,patient050_case01,IGM,IGM_patient036_0066.jpg,2,,off_target_fp,515,0,0.0,0.0,0.0,0.0,0,False
UNET_MTL_MASK_GUIDED,1,patient050,patient050_case01,IGM,IGM_patient036_0066.jpg,3,,off_target_fp,20,0,0.0,0.0,0.0,0.0,0,False
UNET_MTL_MASK_GUIDED,1,patient050,patient050_case01,IGM,IGM_patient036_0066.jpg,4,,off_target_fp,11,0,0.0,0.0,0.0,0.0,0,False
UNET_MTL_MASK_GUIDED,1,patient050,patient050_case01,IGM,IGM_patient036_0066.jpg,5,,off_target_fp,95,0,0.0,0.0,0.0,0.0,0,False
UNET_MTL_MASK_GUIDED,1,patient050,patient050_case01,IGM,IGM_patient036_0066.jpg,6,,off_target_fp,14,0,0.0,0.0,0.0,0.0,0,False
UNET_MTL_MASK_GUIDED,1,patient050,patient050_case01,IGM,IGM_patient036_0066.jpg,7,1.0,low_25_to_50,100,83,0.42346938775510207,0.83,0.42346938775510207,0.38967136150234744,1,False
UNET_MTL_MASK_GUIDED,1,patient050,patient050_case01,IGM,IGM_patient036_0067.jpg,1,,off_target_fp,55,0,0.0,0.0,0.0,0.0,0,False
UNET_MTL_MASK_GUIDED,1,patient050,patient050_case01,IGM,IGM_patient036_0067.jpg,2,,off_target_fp,19,0,0.0,0.0,0.0,0.0,0,False
UNET_MTL_MASK_GUIDED,1,patient050,patient050_case01,IGM,IGM_patient036_0067.jpg,3,,off_target_fp,46,0,0.0,0.0,0.0,0.0,0,False
UNET_MTL_MASK_GUIDED,1,patient050,patient050_case01,IGM,IGM_patient036_0067.jpg,4,,off_target_fp,436,0,0.0,0.0,0.0,0.0,0,False
UNET_MTL_MASK_GUIDED,1,patient050,patient050_case01,IGM,IGM_patient036_0067.jpg,5,,off_target_fp,36,0,0.0,0.0,0.0,0.0,0,False
UNET_MTL_MASK_GUIDED,1,patient050,patient050_case01,IGM,IGM_patient036_0067.jpg,6,1.0,low_25_to_50,77,71,0.32272727272727275,0.922077922077922,0.32272727272727275,0.3141592920353982,1,False
UNET_MTL_MASK_GUIDED,1,patient050,patient050_case01,IGM,IGM_patient036_0067.jpg,7,1.0,partial_below_25,5,5,0.022727272727272728,1.0,0.022727272727272728,0.022727272727272728,1,False
UNET_MTL_MASK_GUIDED,1,patient050,patient050_case01,IGM,IGM_patient036_0068.jpg,1,,off_target_fp,119,0,0.0,0.0,0.0,0.0,0,False
UNET_MTL_MASK_GUIDED,1,patient050,patient050_case01,IGM,IGM_patient036_0068.jpg,2,,off_target_fp,442,0,0.0,0.0,0.0,0.0,0,False
UNET_MTL_MASK_GUIDED,1,patient050,patient050_case01,IGM,IGM_patient036_0068.jpg,3,,off_target_fp,8,0,0.0,0.0,0.0,0.0,0,False
UNET_MTL_MASK_GUIDED,1,patient050,patient050_case01,IGM,IGM_patient036_0068.jpg,4,,off_target_fp,13,0,0.0,0.0,0.0,0.0,0,False
UNET_MTL_MASK_GUIDED,1,patient050,patient050_case01,IGM,IGM_patient036_0068.jpg,5,,off_target_fp,304,0,0.0,0.0,0.0,0.0,0,False
UNET_MTL_MASK_GUIDED,1,patient050,patient050_case01,IGM,IGM_patient036_0068.jpg,6,,off_target_fp,10,0,0.0,0.0,0.0,0.0,0,False
UNET_MTL_MASK_GUIDED,1,patient050,patient050_case01,IGM,IGM_patient036_0068.jpg,7,,off_target_fp,8,0,0.0,0.0,0.0,0.0,0,False
UNET_MTL_MASK_GUIDED,1,patient050,patient050_case01,IGM,IGM_patient036_0068.jpg,8,1.0,partial_below_25,19,18,0.08035714285714286,0.9473684210526315,0.08035714285714286,0.08,1,False
UNET_MTL_MASK_GUIDED,1,patient050,patient050_case01,IGM,IGM_patient036_0068.jpg,9,1.0,partial_below_25,44,36,0.16071428571428573,0.8181818181818182,0.16071428571428573,0.15517241379310345,1,False
UNET_MTL_MASK_GUIDED,1,patient050,patient050_case01,IGM,IGM_patient036_0068.jpg,10,1.0,partial_below_25,38,33,0.14732142857142858,0.868421052631579,0.14732142857142858,0.14410480349344978,1,False
UNET_MTL_MASK_GUIDED,1,patient050,patient050_case01,IGM,IGM_patient036_0069.jpg,1,,off_target_fp,100,0,0.0,0.0,0.0,0.0,0,False
UNET_MTL_MASK_GUIDED,1,patient050,patient050_case01,IGM,IGM_patient036_0069.jpg,2,,off_target_fp,359,0,0.0,0.0,0.0,0.0,0,False
UNET_MTL_MASK_GUIDED,1,patient050,patient050_case01,IGM,IGM_patient036_0069.jpg,3,,off_target_fp,9,0,0.0,0.0,0.0,0.0,0,False
UNET_MTL_MASK_GUIDED,1,patient050,patient050_case01,IGM,IGM_patient036_0069.jpg,4,1.0,moderate_50_to_75,249,218,0.7266666666666667,0.8755020080321285,0.7266666666666667,0.6586102719033232,1,False
UNET_MTL_MASK_GUIDED,1,patient050,patient050_case01,IGM,IGM_patient036_0070.jpg,1,,off_target_fp,25,0,0.0,0.0,0.0,0.0,0,False
UNET_MTL_MASK_GUIDED,1,patient050,patient050_case01,IGM,IGM_patient036_0070.jpg,2,,off_target_fp,436,0,0.0,0.0,0.0,0.0,0,False
UNET_MTL_MASK_GUIDED,1,patient050,patient050_case01,IGM,IGM_patient036_0070.jpg,3,,off_target_fp,22,0,0.0,0.0,0.0,0.0,0,False
UNET_MTL_MASK_GUIDED,1,patient050,patient050_case01,IGM,IGM_patient036_0070.jpg,4,1.0,moderate_50_to_75,263,221,0.7366666666666667,0.8403041825095057,0.7366666666666667,0.6461988304093568,1,False
UNET_MTL_MASK_GUIDED,1,patient050,patient050_case01,IGM,IGM_patient036_0071.jpg,1,,off_target_fp,239,0,0.0,0.0,0.0,0.0,0,False
UNET_MTL_MASK_GUIDED,1,patient050,patient050_case01,IGM,IGM_patient036_0071.jpg,2,,off_target_fp,45,0,0.0,0.0,0.0,0.0,0,False
UNET_MTL_MASK_GUIDED,1,patient050,patient050_case01,IGM,IGM_patient036_0071.jpg,3,1.0,strong_75_plus,314,293,0.9272151898734177,0.9331210191082803,0.9272151898734177,0.8694362017804155,1,False
UNET_MTL_MASK_GUIDED,1,patient050,patient050_case01,IGM,IGM_patient036_0072.jpg,1,,off_target_fp,140,0,0.0,0.0,0.0,0.0,0,False
UNET_MTL_MASK_GUIDED,1,patient050,patient050_case01,IGM,IGM_patient036_0072.jpg,2,,off_target_fp,104,0,0.0,0.0,0.0,0.0,0,False
UNET_MTL_MASK_GUIDED,1,patient050,patient050_case01,IGM,IGM_patient036_0072.jpg,3,,off_target_fp,241,0,0.0,0.0,0.0,0.0,0,False
UNET_MTL_MASK_GUIDED,1,patient050,patient050_case01,IGM,IGM_patient036_0072.jpg,4,1.0,strong_75_plus,233,209,0.9675925925925926,0.8969957081545065,0.8969957081545065,0.8708333333333333,1,False
UNET_MTL_MASK_GUIDED,1,patient050,patient050_case01,IGM,IGM_patient036_0073.jpg,1,,off_target_fp,237,0,0.0,0.0,0.0,0.0,0,False
UNET_MTL_MASK_GUIDED,1,patient050,patient050_case01,IGM,IGM_patient036_0073.jpg,2,,off_target_fp,16,0,0.0,0.0,0.0,0.0,0,False
UNET_MTL_MASK_GUIDED,1,patient050,patient050_case01,IGM,IGM_patient036_0073.jpg,3,,off_target_fp,85,0,0.0,0.0,0.0,0.0,0,False
UNET_MTL_MASK_GUIDED,1,patient050,patient050_case01,IGM,IGM_patient036_0073.jpg,4,,off_target_fp,4,0,0.0,0.0,0.0,0.0,0,False
UNET_MTL_MASK_GUIDED,1,patient050,patient050_case01,IGM,IGM_patient036_0073.jpg,5,,off_target_fp,251,0,0.0,0.0,0.0,0.0,0,False
UNET_MTL_MASK_GUIDED,1,patient050,patient050_case01,IGM,IGM_patient036_0073.jpg,6,1.0,moderate_50_to_75,80,80,0.5,1.0,0.5,0.5,1,False
UNET_MTL_MASK_GUIDED,1,patient050,patient050_case01,IGM,IGM_patient036_0074.jpg,1,,off_target_fp,184,0,0.0,0.0,0.0,0.0,0,False
UNET_MTL_MASK_GUIDED,1,patient050,patient050_case01,IGM,IGM_patient036_0074.jpg,2,,off_target_fp,55,0,0.0,0.0,0.0,0.0,0,False
UNET_MTL_MASK_GUIDED,1,patient050,patient050_case01,IGM,IGM_patient036_0074.jpg,3,,off_target_fp,171,0,0.0,0.0,0.0,0.0,0,False
UNET_MTL_MASK_GUIDED,1,patient050,patient050_case01,IGM,IGM_patient036_0074.jpg,4,,off_target_fp,36,0,0.0,0.0,0.0,0.0,0,False
UNET_MTL_MASK_GUIDED,1,patient050,patient050_case01,IGM,IGM_patient036_0074.jpg,5,,off_target_fp,1,0,0.0,0.0,0.0,0.0,0,False
UNET_MTL_MASK_GUIDED,1,patient052,patient052_case01,IGM,IGM_patient037_0053.jpg,1,,off_target_fp,24,0,0.0,0.0,0.0,0.0,0,False
UNET_MTL_MASK_GUIDED,1,patient052,patient052_case01,IGM,IGM_patient037_0053.jpg,2,1.0,moderate_50_to_75,90,81,0.7232142857142857,0.9,0.7232142857142857,0.6694214876033058,1,False
UNET_MTL_MASK_GUIDED,1,patient052,patient052_case01,IGM,IGM_patient037_0053.jpg,3,,off_target_fp,62,0,0.0,0.0,0.0,0.0,0,False
UNET_MTL_MASK_GUIDED,1,patient052,patient052_case01,IGM,IGM_patient037_0053.jpg,4,,off_target_fp,92,0,0.0,0.0,0.0,0.0,0,False
UNET_MTL_MASK_GUIDED,1,patient052,patient052_case01,IGM,IGM_patient037_0053.jpg,5,,off_target_fp,16,0,0.0,0.0,0.0,0.0,0,False
UNET_MTL_MASK_GUIDED,1,patient052,patient052_case01,IGM,IGM_patient037_0054.jpg,1,1.0,strong_75_plus,188,165,0.8967391304347826,0.8776595744680851,0.8776595744680851,0.7971014492753623,1,False
UNET_MTL_MASK_GUIDED,1,patient052,patient052_case01,IGM,IGM_patient037_0054.jpg,2,,off_target_fp,18,0,0.0,0.0,0.0,0.0,0,False
UNET_MTL_MASK_GUIDED,1,patient052,patient052_case01,IGM,IGM_patient037_0054.jpg,3,,off_target_fp,62,0,0.0,0.0,0.0,0.0,0,False
UNET_MTL_MASK_GUIDED,1,patient052,patient052_case01,IGM,IGM_patient037_0054.jpg,4,,off_target_fp,27,0,0.0,0.0,0.0,0.0,0,False
UNET_MTL_MASK_GUIDED,1,patient052,patient052_case01,IGM,IGM_patient037_0054.jpg,5,,off_target_fp,26,0,0.0,0.0,0.0,0.0,0,False
UNET_MTL_MASK_GUIDED,1,patient052,patient052_case01,IGM,IGM_patient037_0054.jpg,6,,off_target_fp,1,0,0.0,0.0,0.0,0.0,0,False
UNET_MTL_MASK_GUIDED,1,patient052,patient052_case01,IGM,IGM_patient037_0055.jpg,1,1.0,moderate_50_to_75,210,155,0.9451219512195121,0.7380952380952381,0.7380952380952381,0.7077625570776256,1,False
UNET_MTL_MASK_GUIDED,1,patient052,patient052_case01,IGM,IGM_patient037_0055.jpg,2,,off_target_fp,276,0,0.0,0.0,0.0,0.0,0,False
UNET_MTL_MASK_GUIDED,1,patient052,patient052_case01,IGM,IGM_patient037_0055.jpg,3,,off_target_fp,140,0,0.0,0.0,0.0,0.0,0,False
UNET_MTL_MASK_GUIDED,1,patient052,patient052_case01,IGM,IGM_patient037_0055.jpg,4,,off_target_fp,178,0,0.0,0.0,0.0,0.0,0,False
UNET_MTL_MASK_GUIDED,1,patient052,patient052_case01,IGM,IGM_patient037_0055.jpg,5,,off_target_fp,36,0,0.0,0.0,0.0,0.0,0,False
UNET_MTL_MASK_GUIDED,1,patient052,patient052_case01,IGM,IGM_patient037_0056.jpg,1,1.0,low_25_to_50,148,69,0.8625,0.46621621621621623,0.46621621621621623,0.4339622641509434,1,False
UNET_MTL_MASK_GUIDED,1,patient052,patient052_case01,IGM,IGM_patient037_0056.jpg,2,,off_target_fp,213,0,0.0,0.0,0.0,0.0,0,False
UNET_MTL_MASK_GUIDED,1,patient052,patient052_case01,IGM,IGM_patient037_0056.jpg,3,,off_target_fp,20,0,0.0,0.0,0.0,0.0,0,False
UNET_MTL_MASK_GUIDED,1,patient052,patient052_case01,IGM,IGM_patient037_0056.jpg,4,,off_target_fp,113,0,0.0,0.0,0.0,0.0,0,False
UNET_MTL_MASK_GUIDED,1,patient052,patient052_case01,IGM,IGM_patient037_0056.jpg,5,,off_target_fp,200,0,0.0,0.0,0.0,0.0,0,False
UNET_MTL_MASK_GUIDED,1,patient052,patient052_case01,IGM,IGM_patient037_0056.jpg,6,,off_target_fp,18,0,0.0,0.0,0.0,0.0,0,False
UNET_MTL_MASK_GUIDED,1,patient052,patient052_case01,IGM,IGM_patient037_0056.jpg,7,,off_target_fp,49,0,0.0,0.0,0.0,0.0,0,False
UNET_MTL_MASK_GUIDED,1,patient052,patient052_case01,IGM,IGM_patient037_0057.jpg,1,1.0,moderate_50_to_75,114,92,0.7419354838709677,0.8070175438596491,0.7419354838709677,0.6301369863013698,1,False
UNET_MTL_MASK_GUIDED,1,patient052,patient052_case01,IGM,IGM_patient037_0057.jpg,2,,off_target_fp,238,0,0.0,0.0,0.0,0.0,0,False
UNET_MTL_MASK_GUIDED,1,patient052,patient052_case01,IGM,IGM_patient037_0057.jpg,3,,off_target_fp,228,0,0.0,0.0,0.0,0.0,0,False
UNET_MTL_MASK_GUIDED,1,patient052,patient052_case01,IGM,IGM_patient037_0057.jpg,4,,off_target_fp,43,0,0.0,0.0,0.0,0.0,0,False
UNET_MTL_MASK_GUIDED,1,patient052,patient052_case01,IGM,IGM_patient037_0057.jpg,5,,off_target_fp,55,0,0.0,0.0,0.0,0.0,0,False
UNET_MTL_MASK_GUIDED,1,patient052,patient052_case01,IGM,IGM_patient037_0058.jpg,1,1.0,low_25_to_50,54,51,0.49038461538461536,0.9444444444444444,0.49038461538461536,0.4766355140186916,1,False
UNET_MTL_MASK_GUIDED,1,patient052,patient052_case01,IGM,IGM_patient037_0058.jpg,2,1.0,partial_below_25,9,6,0.057692307692307696,0.6666666666666666,0.057692307692307696,0.056074766355140186,1,False
UNET_MTL_MASK_GUIDED,1,patient052,patient052_case01,IGM,IGM_patient037_0058.jpg,3,,off_target_fp,162,0,0.0,0.0,0.0,0.0,0,False
UNET_MTL_MASK_GUIDED,1,patient052,patient052_case01,IGM,IGM_patient037_0058.jpg,4,,off_target_fp,36,0,0.0,0.0,0.0,0.0,0,False
UNET_MTL_MASK_GUIDED,1,patient052,patient052_case01,IGM,IGM_patient037_0058.jpg,5,,off_target_fp,55,0,0.0,0.0,0.0,0.0,0,False
UNET_MTL_MASK_GUIDED,1,patient052,patient052_case01,IGM,IGM_patient037_0059.jpg,1,,off_target_fp,2,0,0.0,0.0,0.0,0.0,0,False
UNET_MTL_MASK_GUIDED,1,patient052,patient052_case01,IGM,IGM_patient037_0059.jpg,2,,off_target_fp,19,0,0.0,0.0,0.0,0.0,0,False
UNET_MTL_MASK_GUIDED,1,patient052,patient052_case01,IGM,IGM_patient037_0059.jpg,3,,off_target_fp,46,0,0.0,0.0,0.0,0.0,0,False
UNET_MTL_MASK_GUIDED,1,patient054,patient054_case01,IGM,IGM_patient038_0098.jpg,1,1.0,moderate_50_to_75,96,90,0.5357142857142857,0.9375,0.5357142857142857,0.5172413793103449,1,False
UNET_MTL_MASK_GUIDED,1,patient054,patient054_case01,IGM,IGM_patient038_0098.jpg,2,,off_target_fp,30,0,0.0,0.0,0.0,0.0,0,False
UNET_MTL_MASK_GUIDED,1,patient054,patient054_case01,IGM,IGM_patient038_0098.jpg,3,,off_target_fp,74,0,0.0,0.0,0.0,0.0,0,False
UNET_MTL_MASK_GUIDED,1,patient054,patient054_case01,IGM,IGM_patient038_0098.jpg,4,,off_target_fp,187,0,0.0,0.0,0.0,0.0,0,False
UNET_MTL_MASK_GUIDED,1,patient054,patient054_case01,IGM,IGM_patient038_0099.jpg,1,1.0,strong_75_plus,294,236,0.9516129032258065,0.8027210884353742,0.8027210884353742,0.7712418300653595,1,False
UNET_MTL_MASK_GUIDED,1,patient054,patient054_case01,IGM,IGM_patient038_0099.jpg,2,,off_target_fp,67,0,0.0,0.0,0.0,0.0,0,False
UNET_MTL_MASK_GUIDED,1,patient054,patient054_case01,IGM,IGM_patient038_0099.jpg,3,,off_target_fp,50,0,0.0,0.0,0.0,0.0,0,False
UNET_MTL_MASK_GUIDED,1,patient054,patient054_case01,IGM,IGM_patient038_0099.jpg,4,,off_target_fp,201,0,0.0,0.0,0.0,0.0,0,False
UNET_MTL_MASK_GUIDED,1,patient054,patient054_case01,IGM,IGM_patient038_0100.jpg,1,1.0,strong_75_plus,366,310,0.96875,0.8469945355191257,0.8469945355191257,0.824468085106383,1,False
UNET_MTL_MASK_GUIDED,1,patient054,patient054_case01,IGM,IGM_patient038_0100.jpg,2,,off_target_fp,29,0,0.0,0.0,0.0,0.0,0,False
UNET_MTL_MASK_GUIDED,1,patient054,patient054_case01,IGM,IGM_patient038_0100.jpg,3,,off_target_fp,59,0,0.0,0.0,0.0,0.0,0,False
UNET_MTL_MASK_GUIDED,1,patient054,patient054_case01,IGM,IGM_patient038_0100.jpg,4,,off_target_fp,337,0,0.0,0.0,0.0,0.0,0,False
UNET_MTL_MASK_GUIDED,1,patient054,patient054_case01,IGM,IGM_patient038_0101.jpg,1,1.0,strong_75_plus,416,341,0.9798850574712644,0.8197115384615384,0.8197115384615384,0.806146572104019,1,False
UNET_MTL_MASK_GUIDED,1,patient054,patient054_case01,IGM,IGM_patient038_0101.jpg,2,,off_target_fp,27,0,0.0,0.0,0.0,0.0,0,False
UNET_MTL_MASK_GUIDED,1,patient054,patient054_case01,IGM,IGM_patient038_0101.jpg,3,,off_target_fp,63,0,0.0,0.0,0.0,0.0,0,False
UNET_MTL_MASK_GUIDED,1,patient054,patient054_case01,IGM,IGM_patient038_0101.jpg,4,,off_target_fp,153,0,0.0,0.0,0.0,0.0,0,False
UNET_MTL_MASK_GUIDED,1,patient054,patient054_case01,IGM,IGM_patient038_0101.jpg,5,,off_target_fp,186,0,0.0,0.0,0.0,0.0,0,False
UNET_MTL_MASK_GUIDED,1,patient054,patient054_case01,IGM,IGM_patient038_0102.jpg,1,1.0,strong_75_plus,450,376,0.9894736842105263,0.8355555555555556,0.8355555555555556,0.8281938325991189,1,False
UNET_MTL_MASK_GUIDED,1,patient054,patient054_case01,IGM,IGM_patient038_0102.jpg,2,,off_target_fp,58,0,0.0,0.0,0.0,0.0,0,False
UNET_MTL_MASK_GUIDED,1,patient054,patient054_case01,IGM,IGM_patient038_0102.jpg,3,,off_target_fp,168,0,0.0,0.0,0.0,0.0,0,False
UNET_MTL_MASK_GUIDED,1,patient054,patient054_case01,IGM,IGM_patient038_0102.jpg,4,,off_target_fp,147,0,0.0,0.0,0.0,0.0,0,False
UNET_MTL_MASK_GUIDED,1,patient054,patient054_case01,IGM,IGM_patient038_0103.jpg,1,1.0,strong_75_plus,474,375,0.9868421052631579,0.7911392405063291,0.7911392405063291,0.7828810020876826,1,False
UNET_MTL_MASK_GUIDED,1,patient054,patient054_case01,IGM,IGM_patient038_0103.jpg,2,,off_target_fp,50,0,0.0,0.0,0.0,0.0,0,False
UNET_MTL_MASK_GUIDED,1,patient054,patient054_case01,IGM,IGM_patient038_0103.jpg,3,,off_target_fp,198,0,0.0,0.0,0.0,0.0,0,False
UNET_MTL_MASK_GUIDED,1,patient054,patient054_case01,IGM,IGM_patient038_0103.jpg,4,,off_target_fp,27,0,0.0,0.0,0.0,0.0,0,False
UNET_MTL_MASK_GUIDED,1,patient054,patient054_case01,IGM,IGM_patient038_0104.jpg,1,1.0,strong_75_plus,479,422,0.9590909090909091,0.8810020876826722,0.8810020876826722,0.8490945674044266,1,False
UNET_MTL_MASK_GUIDED,1,patient054,patient054_case01,IGM,IGM_patient038_0104.jpg,2,,off_target_fp,44,0,0.0,0.0,0.0,0.0,0,False
UNET_MTL_MASK_GUIDED,1,patient054,patient054_case01,IGM,IGM_patient038_0104.jpg,3,,off_target_fp,190,0,0.0,0.0,0.0,0.0,0,False
UNET_MTL_MASK_GUIDED,1,patient054,patient054_case01,IGM,IGM_patient038_0105.jpg,1,1.0,strong_75_plus,465,372,0.9789473684210527,0.8,0.8,0.7864693446088795,1,False
UNET_MTL_MASK_GUIDED,1,patient054,patient054_case01,IGM,IGM_patient038_0105.jpg,2,,off_target_fp,54,0,0.0,0.0,0.0,0.0,0,False
UNET_MTL_MASK_GUIDED,1,patient054,patient054_case01,IGM,IGM_patient038_0105.jpg,3,,off_target_fp,184,0,0.0,0.0,0.0,0.0,0,False
UNET_MTL_MASK_GUIDED,1,patient054,patient054_case01,IGM,IGM_patient038_0106.jpg,1,1.0,strong_75_plus,458,357,0.9807692307692307,0.7794759825327511,0.7794759825327511,0.7677419354838709,1,False
UNET_MTL_MASK_GUIDED,1,patient054,patient054_case01,IGM,IGM_patient038_0106.jpg,2,,off_target_fp,65,0,0.0,0.0,0.0,0.0,0,False
UNET_MTL_MASK_GUIDED,1,patient054,patient054_case01,IGM,IGM_patient038_0106.jpg,3,,off_target_fp,176,0,0.0,0.0,0.0,0.0,0,False
UNET_MTL_MASK_GUIDED,1,patient054,patient054_case01,IGM,IGM_patient038_0107.jpg,1,1.0,moderate_50_to_75,468,346,0.9829545454545454,0.7393162393162394,0.7393162393162394,0.729957805907173,1,False
UNET_MTL_MASK_GUIDED,1,patient054,patient054_case01,IGM,IGM_patient038_0107.jpg,2,,off_target_fp,66,0,0.0,0.0,0.0,0.0,0,False
UNET_MTL_MASK_GUIDED,1,patient054,patient054_case01,IGM,IGM_patient038_0107.jpg,3,,off_target_fp,172,0,0.0,0.0,0.0,0.0,0,False
UNET_MTL_MASK_GUIDED,1,patient054,patient054_case01,IGM,IGM_patient038_0108.jpg,1,1.0,strong_75_plus,441,347,0.9857954545454546,0.7868480725623582,0.7868480725623582,0.7780269058295964,1,False
UNET_MTL_MASK_GUIDED,1,patient054,patient054_case01,IGM,IGM_patient038_0108.jpg,2,,off_target_fp,65,0,0.0,0.0,0.0,0.0,0,False
UNET_MTL_MASK_GUIDED,1,patient054,patient054_case01,IGM,IGM_patient038_0108.jpg,3,,off_target_fp,174,0,0.0,0.0,0.0,0.0,0,False
UNET_MTL_MASK_GUIDED,1,patient054,patient054_case01,IGM,IGM_patient038_0109.jpg,1,1.0,strong_75_plus,383,317,0.990625,0.8276762402088773,0.8276762402088773,0.8212435233160622,1,False
UNET_MTL_MASK_GUIDED,1,patient054,patient054_case01,IGM,IGM_patient038_0109.jpg,2,,off_target_fp,65,0,0.0,0.0,0.0,0.0,0,False
UNET_MTL_MASK_GUIDED,1,patient054,patient054_case01,IGM,IGM_patient038_0109.jpg,3,,off_target_fp,177,0,0.0,0.0,0.0,0.0,0,False
UNET_MTL_MASK_GUIDED,1,patient054,patient054_case01,IGM,IGM_patient038_0110.jpg,1,1.0,strong_75_plus,342,260,1.0,0.7602339181286549,0.7602339181286549,0.7602339181286549,1,False
UNET_MTL_MASK_GUIDED,1,patient054,patient054_case01,IGM,IGM_patient038_0110.jpg,2,,off_target_fp,42,0,0.0,0.0,0.0,0.0,0,False
UNET_MTL_MASK_GUIDED,1,patient054,patient054_case01,IGM,IGM_patient038_0110.jpg,3,,off_target_fp,190,0,0.0,0.0,0.0,0.0,0,False
UNET_MTL_MASK_GUIDED,1,patient054,patient054_case01,IGM,IGM_patient038_0111.jpg,1,1.0,strong_75_plus,299,260,0.9154929577464789,0.8695652173913043,0.8695652173913043,0.804953560371517,1,False
UNET_MTL_MASK_GUIDED,1,patient054,patient054_case01,IGM,IGM_patient038_0111.jpg,2,,off_target_fp,31,0,0.0,0.0,0.0,0.0,0,False
UNET_MTL_MASK_GUIDED,1,patient054,patient054_case01,IGM,IGM_patient038_0111.jpg,3,,off_target_fp,182,0,0.0,0.0,0.0,0.0,0,False
UNET_MTL_MASK_GUIDED,1,patient054,patient054_case01,IGM,IGM_patient038_0111.jpg,4,,off_target_fp,82,0,0.0,0.0,0.0,0.0,0,False
UNET_MTL_MASK_GUIDED,1,patient054,patient054_case01,IGM,IGM_patient038_0112.jpg,1,1.0,strong_75_plus,257,216,0.9310344827586207,0.8404669260700389,0.8404669260700389,0.7912087912087912,1,False
UNET_MTL_MASK_GUIDED,1,patient054,patient054_case01,IGM,IGM_patient038_0112.jpg,2,,off_target_fp,37,0,0.0,0.0,0.0,0.0,0,False
UNET_MTL_MASK_GUIDED,1,patient054,patient054_case01,IGM,IGM_patient038_0112.jpg,3,,off_target_fp,167,0,0.0,0.0,0.0,0.0,0,False
UNET_MTL_MASK_GUIDED,1,patient054,patient054_case01,IGM,IGM_patient038_0112.jpg,4,,off_target_fp,102,0,0.0,0.0,0.0,0.0,0,False
UNET_MTL_MASK_GUIDED,1,patient054,patient054_case01,IGM,IGM_patient038_0113.jpg,1,1.0,strong_75_plus,200,172,0.9347826086956522,0.86,0.86,0.8113207547169812,1,False
UNET_MTL_MASK_GUIDED,1,patient054,patient054_case01,IGM,IGM_patient038_0113.jpg,2,,off_target_fp,45,0,0.0,0.0,0.0,0.0,0,False
UNET_MTL_MASK_GUIDED,1,patient054,patient054_case01,IGM,IGM_patient038_0113.jpg,3,,off_target_fp,130,0,0.0,0.0,0.0,0.0,0,False
UNET_MTL_MASK_GUIDED,1,patient054,patient054_case01,IGM,IGM_patient038_0113.jpg,4,,off_target_fp,100,0,0.0,0.0,0.0,0.0,0,False
UNET_MTL_MASK_GUIDED,1,patient054,patient054_case01,IGM,IGM_patient038_0114.jpg,1,,off_target_fp,48,0,0.0,0.0,0.0,0.0,0,False
UNET_MTL_MASK_GUIDED,1,patient054,patient054_case01,IGM,IGM_patient038_0114.jpg,2,,off_target_fp,91,0,0.0,0.0,0.0,0.0,0,False
UNET_MTL_MASK_GUIDED,1,patient054,patient054_case01,IGM,IGM_patient038_0114.jpg,3,,off_target_fp,18,0,0.0,0.0,0.0,0.0,0,False
UNET_MTL_MASK_GUIDED,1,patient059,patient059_case01,IBC,IBC_patient040_0059.jpg,1,,off_target_fp,110,0,0.0,0.0,0.0,0.0,0,False
UNET_MTL_MASK_GUIDED,1,patient059,patient059_case01,IBC,IBC_patient040_0059.jpg,2,,off_target_fp,9,0,0.0,0.0,0.0,0.0,0,False
UNET_MTL_MASK_GUIDED,1,patient059,patient059_case01,IBC,IBC_patient040_0059.jpg,3,1.0,moderate_50_to_75,44,40,0.5555555555555556,0.9090909090909091,0.5555555555555556,0.5263157894736842,1,False
UNET_MTL_MASK_GUIDED,1,patient059,patient059_case01,IBC,IBC_patient040_0060.jpg,1,,off_target_fp,15,0,0.0,0.0,0.0,0.0,0,False
UNET_MTL_MASK_GUIDED,1,patient059,patient059_case01,IBC,IBC_patient040_0060.jpg,2,1.0,moderate_50_to_75,130,95,0.9134615384615384,0.7307692307692307,0.7307692307692307,0.6834532374100719,1,False
UNET_MTL_MASK_GUIDED,1,patient059,patient059_case01,IBC,IBC_patient040_0061.jpg,1,,off_target_fp,5,0,0.0,0.0,0.0,0.0,0,False
UNET_MTL_MASK_GUIDED,1,patient059,patient059_case01,IBC,IBC_patient040_0061.jpg,2,1.0,strong_75_plus,143,122,0.8472222222222222,0.8531468531468531,0.8472222222222222,0.7393939393939394,1,False
UNET_MTL_MASK_GUIDED,1,patient059,patient059_case01,IBC,IBC_patient040_0062.jpg,1,,off_target_fp,19,0,0.0,0.0,0.0,0.0,0,False
UNET_MTL_MASK_GUIDED,1,patient059,patient059_case01,IBC,IBC_patient040_0062.jpg,2,1.0,strong_75_plus,181,151,0.8206521739130435,0.8342541436464088,0.8206521739130435,0.705607476635514,1,False
UNET_MTL_MASK_GUIDED,1,patient059,patient059_case01,IBC,IBC_patient040_0062.jpg,3,,off_target_fp,3,0,0.0,0.0,0.0,0.0,0,False
UNET_MTL_MASK_GUIDED,1,patient059,patient059_case01,IBC,IBC_patient040_0063.jpg,1,,off_target_fp,77,0,0.0,0.0,0.0,0.0,0,False
UNET_MTL_MASK_GUIDED,1,patient059,patient059_case01,IBC,IBC_patient040_0063.jpg,2,1.0,strong_75_plus,231,211,0.8373015873015873,0.9134199134199135,0.8373015873015873,0.7757352941176471,1,False
UNET_MTL_MASK_GUIDED,1,patient059,patient059_case01,IBC,IBC_patient040_0063.jpg,3,,off_target_fp,8,0,0.0,0.0,0.0,0.0,0,False
UNET_MTL_MASK_GUIDED,1,patient059,patient059_case01,IBC,IBC_patient040_0064.jpg,1,,off_target_fp,101,0,0.0,0.0,0.0,0.0,0,False
UNET_MTL_MASK_GUIDED,1,patient059,patient059_case01,IBC,IBC_patient040_0064.jpg,2,1.0,strong_75_plus,252,190,0.9134615384615384,0.753968253968254,0.753968253968254,0.7037037037037037,1,False
UNET_MTL_MASK_GUIDED,1,patient059,patient059_case01,IBC,IBC_patient040_0064.jpg,3,,off_target_fp,45,0,0.0,0.0,0.0,0.0,0,False
UNET_MTL_MASK_GUIDED,1,patient059,patient059_case01,IBC,IBC_patient040_0065.jpg,1,,off_target_fp,52,0,0.0,0.0,0.0,0.0,0,False
UNET_MTL_MASK_GUIDED,1,patient059,patient059_case01,IBC,IBC_patient040_0065.jpg,2,1.0,strong_75_plus,287,248,0.8611111111111112,0.8641114982578397,0.8611111111111112,0.7584097859327217,1,False
UNET_MTL_MASK_GUIDED,1,patient059,patient059_case01,IBC,IBC_patient040_0065.jpg,3,,off_target_fp,115,0,0.0,0.0,0.0,0.0,0,False
UNET_MTL_MASK_GUIDED,1,patient059,patient059_case01,IBC,IBC_patient040_0066.jpg,1,,off_target_fp,103,0,0.0,0.0,0.0,0.0,0,False
UNET_MTL_MASK_GUIDED,1,patient059,patient059_case01,IBC,IBC_patient040_0066.jpg,2,1.0,strong_75_plus,343,266,0.9366197183098591,0.7755102040816326,0.7755102040816326,0.7368421052631579,1,False
UNET_MTL_MASK_GUIDED,1,patient059,patient059_case01,IBC,IBC_patient040_0066.jpg,3,,off_target_fp,105,0,0.0,0.0,0.0,0.0,0,False
UNET_MTL_MASK_GUIDED,1,patient059,patient059_case01,IBC,IBC_patient040_0067.jpg,1,,off_target_fp,335,0,0.0,0.0,0.0,0.0,0,False
UNET_MTL_MASK_GUIDED,1,patient059,patient059_case01,IBC,IBC_patient040_0067.jpg,2,,off_target_fp,119,0,0.0,0.0,0.0,0.0,0,False
UNET_MTL_MASK_GUIDED,1,patient059,patient059_case01,IBC,IBC_patient040_0067.jpg,3,1.0,strong_75_plus,318,256,0.9411764705882353,0.8050314465408805,0.8050314465408805,0.7664670658682635,1,False
UNET_MTL_MASK_GUIDED,1,patient059,patient059_case01,IBC,IBC_patient040_0068.jpg,1,,off_target_fp,339,0,0.0,0.0,0.0,0.0,0,False
UNET_MTL_MASK_GUIDED,1,patient059,patient059_case01,IBC,IBC_patient040_0068.jpg,2,,off_target_fp,33,0,0.0,0.0,0.0,0.0,0,False
UNET_MTL_MASK_GUIDED,1,patient059,patient059_case01,IBC,IBC_patient040_0068.jpg,3,1.0,strong_75_plus,263,208,0.8813559322033898,0.7908745247148289,0.7908745247148289,0.7147766323024055,1,False
UNET_MTL_MASK_GUIDED,1,patient059,patient059_case01,IBC,IBC_patient040_0069.jpg,1,,off_target_fp,211,0,0.0,0.0,0.0,0.0,0,False
UNET_MTL_MASK_GUIDED,1,patient059,patient059_case01,IBC,IBC_patient040_0069.jpg,2,,off_target_fp,253,0,0.0,0.0,0.0,0.0,0,False
UNET_MTL_MASK_GUIDED,1,patient059,patient059_case01,IBC,IBC_patient040_0069.jpg,3,1.0,strong_75_plus,298,275,0.8283132530120482,0.9228187919463087,0.8283132530120482,0.7746478873239436,1,False
UNET_MTL_MASK_GUIDED,1,patient059,patient059_case01,IBC,IBC_patient040_0070.jpg,1,,off_target_fp,228,0,0.0,0.0,0.0,0.0,0,False
UNET_MTL_MASK_GUIDED,1,patient059,patient059_case01,IBC,IBC_patient040_0070.jpg,2,1.0,strong_75_plus,143,113,0.8828125,0.7902097902097902,0.7902097902097902,0.7151898734177216,1,False
UNET_MTL_MASK_GUIDED,1,patient064,patient064_case01,IGM,IGM_patient043_0054.jpg,1,1.0,moderate_50_to_75,565,396,0.9519230769230769,0.7008849557522124,0.7008849557522124,0.676923076923077,1,False
UNET_MTL_MASK_GUIDED,1,patient064,patient064_case01,IGM,IGM_patient043_0055.jpg,1,1.0,strong_75_plus,744,597,0.9506369426751592,0.8024193548387096,0.8024193548387096,0.7703225806451612,1,False
UNET_MTL_MASK_GUIDED,1,patient064,patient064_case01,IGM,IGM_patient043_0056.jpg,1,1.0,strong_75_plus,776,601,0.9217791411042945,0.7744845360824743,0.7744845360824743,0.7267230955259976,1,False
UNET_MTL_MASK_GUIDED,1,patient064,patient064_case01,IGM,IGM_patient043_0056.jpg,2,,off_target_fp,79,0,0.0,0.0,0.0,0.0,0,False
UNET_MTL_MASK_GUIDED,1,patient064,patient064_case01,IGM,IGM_patient043_0057.jpg,1,1.0,strong_75_plus,549,484,0.8231292517006803,0.8816029143897997,0.8231292517006803,0.7411944869831547,1,False
UNET_MTL_MASK_GUIDED,1,patient064,patient064_case01,IGM,IGM_patient043_0057.jpg,2,,off_target_fp,103,0,0.0,0.0,0.0,0.0,0,False
UNET_MTL_MASK_GUIDED,1,patient064,patient064_case01,IGM,IGM_patient043_0057.jpg,3,1.0,partial_below_25,16,15,0.025510204081632654,0.9375,0.025510204081632654,0.025466893039049237,1,False
UNET_MTL_MASK_GUIDED,1,patient064,patient064_case01,IGM,IGM_patient043_0058.jpg,1,1.0,strong_75_plus,546,458,0.8178571428571428,0.8388278388278388,0.8178571428571428,0.7067901234567902,1,False
UNET_MTL_MASK_GUIDED,1,patient064,patient064_case01,IGM,IGM_patient043_0059.jpg,1,1.0,moderate_50_to_75,391,376,0.5222222222222223,0.9616368286445013,0.5222222222222223,0.5115646258503401,1,False
UNET_MTL_MASK_GUIDED,1,patient064,patient064_case01,IGM,IGM_patient043_0060.jpg,1,,off_target_fp,396,0,0.0,0.0,0.0,0.0,0,False
UNET_MTL_MASK_GUIDED,1,patient064,patient064_case01,IGM,IGM_patient043_0060.jpg,2,,off_target_fp,97,0,0.0,0.0,0.0,0.0,0,False
UNET_MTL_MASK_GUIDED,1,patient064,patient064_case01,IGM,IGM_patient043_0060.jpg,3,1.0,low_25_to_50,158,155,0.25326797385620914,0.9810126582278481,0.25326797385620914,0.25203252032520324,1,False
UNET_MTL_MASK_GUIDED,1,patient064,patient064_case01,IGM,IGM_patient043_0060.jpg,4,1.0,low_25_to_50,235,189,0.3088235294117647,0.8042553191489362,0.3088235294117647,0.2872340425531915,1,False
UNET_MTL_MASK_GUIDED,1,patient064,patient064_case01,IGM,IGM_patient043_0061.jpg,1,,off_target_fp,351,0,0.0,0.0,0.0,0.0,0,False
UNET_MTL_MASK_GUIDED,1,patient064,patient064_case01,IGM,IGM_patient043_0061.jpg,2,,off_target_fp,183,0,0.0,0.0,0.0,0.0,0,False
UNET_MTL_MASK_GUIDED,1,patient064,patient064_case01,IGM,IGM_patient043_0061.jpg,3,1.0,moderate_50_to_75,140,87,0.6041666666666666,0.6214285714285714,0.6041666666666666,0.4416243654822335,1,False
UNET_MTL_MASK_GUIDED,1,patient070,patient070_case01,IBC,IBC_patient046_0056.jpg,1,1.0,moderate_50_to_75,50,41,0.7321428571428571,0.82,0.7321428571428571,0.6307692307692307,1,False
UNET_MTL_MASK_GUIDED,1,patient070,patient070_case01,IBC,IBC_patient046_0057.jpg,1,1.0,strong_75_plus,118,101,0.9017857142857143,0.8559322033898306,0.8559322033898306,0.7829457364341085,1,False
UNET_MTL_MASK_GUIDED,1,patient070,patient070_case01,IBC,IBC_patient046_0058.jpg,1,1.0,strong_75_plus,174,131,0.9357142857142857,0.7528735632183908,0.7528735632183908,0.7158469945355191,1,False
UNET_MTL_MASK_GUIDED,1,patient070,patient070_case01,IBC,IBC_patient046_0058.jpg,2,,off_target_fp,113,0,0.0,0.0,0.0,0.0,0,False
UNET_MTL_MASK_GUIDED,1,patient070,patient070_case01,IBC,IBC_patient046_0059.jpg,1,1.0,strong_75_plus,163,123,0.9609375,0.754601226993865,0.754601226993865,0.7321428571428571,1,False
UNET_MTL_MASK_GUIDED,1,patient070,patient070_case01,IBC,IBC_patient046_0059.jpg,2,,off_target_fp,117,0,0.0,0.0,0.0,0.0,0,False
UNET_MTL_MASK_GUIDED,1,patient070,patient070_case01,IBC,IBC_patient046_0060.jpg,1,1.0,strong_75_plus,101,95,0.7916666666666666,0.9405940594059405,0.7916666666666666,0.753968253968254,1,False
UNET_MTL_MASK_GUIDED,1,patient070,patient070_case01,IBC,IBC_patient046_0060.jpg,2,,off_target_fp,122,0,0.0,0.0,0.0,0.0,0,False
UNET_MTL_MASK_GUIDED,1,patient070,patient070_case01,IBC,IBC_patient046_0061.jpg,1,,off_target_fp,3,0,0.0,0.0,0.0,0.0,0,False
UNET_MTL_MASK_GUIDED,1,patient070,patient070_case01,IBC,IBC_patient046_0061.jpg,2,1.0,strong_75_plus,185,149,0.9085365853658537,0.8054054054054054,0.8054054054054054,0.745,1,False
UNET_MTL_MASK_GUIDED,1,patient070,patient070_case01,IBC,IBC_patient046_0061.jpg,3,,off_target_fp,39,0,0.0,0.0,0.0,0.0,0,False
UNET_MTL_MASK_GUIDED,1,patient070,patient070_case01,IBC,IBC_patient046_0062.jpg,1,1.0,strong_75_plus,175,153,0.8895348837209303,0.8742857142857143,0.8742857142857143,0.788659793814433,1,False
UNET_MTL_MASK_GUIDED,1,patient070,patient070_case01,IBC,IBC_patient046_0062.jpg,2,,off_target_fp,101,0,0.0,0.0,0.0,0.0,0,False
UNET_MTL_MASK_GUIDED,1,patient070,patient070_case01,IBC,IBC_patient046_0063.jpg,1,,off_target_fp,53,0,0.0,0.0,0.0,0.0,0,False
UNET_MTL_MASK_GUIDED,1,patient070,patient070_case01,IBC,IBC_patient046_0063.jpg,2,,off_target_fp,73,0,0.0,0.0,0.0,0.0,0,False
UNET_MTL_MASK_GUIDED,1,patient070,patient070_case01,IBC,IBC_patient046_0063.jpg,3,1.0,strong_75_plus,93,84,0.8076923076923077,0.9032258064516129,0.8076923076923077,0.7433628318584071,1,False
UNET_MTL_MASK_GUIDED,1,patient070,patient070_case01,IBC,IBC_patient046_0063.jpg,4,,off_target_fp,2,0,0.0,0.0,0.0,0.0,0,False
UNET_MTL_MASK_GUIDED,1,patient070,patient070_case01,IBC,IBC_patient046_0067.jpg,1,,off_target_fp,41,0,0.0,0.0,0.0,0.0,0,False
UNET_MTL_MASK_GUIDED,1,patient070,patient070_case01,IBC,IBC_patient046_0067.jpg,2,1.0,moderate_50_to_75,170,164,0.6612903225806451,0.9647058823529412,0.6612903225806451,0.6456692913385826,1,False
UNET_MTL_MASK_GUIDED,1,patient070,patient070_case01,IBC,IBC_patient046_0067.jpg,3,,off_target_fp,93,0,0.0,0.0,0.0,0.0,0,False
UNET_MTL_MASK_GUIDED,1,patient070,patient070_case01,IBC,IBC_patient046_0068.jpg,1,1.0,moderate_50_to_75,334,242,0.9029850746268657,0.7245508982035929,0.7245508982035929,0.6722222222222223,1,False
UNET_MTL_MASK_GUIDED,1,patient070,patient070_case01,IBC,IBC_patient046_0068.jpg,2,,off_target_fp,73,0,0.0,0.0,0.0,0.0,0,False
UNET_MTL_MASK_GUIDED,1,patient070,patient070_case01,IBC,IBC_patient046_0069.jpg,1,1.0,strong_75_plus,331,251,0.9653846153846154,0.7583081570996979,0.7583081570996979,0.7382352941176471,1,False
UNET_MTL_MASK_GUIDED,1,patient070,patient070_case01,IBC,IBC_patient046_0069.jpg,2,,off_target_fp,53,0,0.0,0.0,0.0,0.0,0,False
UNET_MTL_MASK_GUIDED,1,patient070,patient070_case01,IBC,IBC_patient046_0070.jpg,1,,off_target_fp,41,0,0.0,0.0,0.0,0.0,0,False
UNET_MTL_MASK_GUIDED,1,patient070,patient070_case01,IBC,IBC_patient046_0070.jpg,2,1.0,strong_75_plus,232,189,0.8915094339622641,0.8146551724137931,0.8146551724137931,0.7411764705882353,1,False
UNET_MTL_MASK_GUIDED,1,patient070,patient070_case01,IBC,IBC_patient046_0070.jpg,3,,off_target_fp,1,0,0.0,0.0,0.0,0.0,0,False
UNET_MTL_MASK_GUIDED,1,patient070,patient070_case01,IBC,IBC_patient046_0071.jpg,1,,off_target_fp,110,0,0.0,0.0,0.0,0.0,0,False
UNET_MTL_MASK_GUIDED,1,patient070,patient070_case01,IBC,IBC_patient046_0071.jpg,2,,off_target_fp,2,0,0.0,0.0,0.0,0.0,0,False
UNET_MTL_MASK_GUIDED,1,patient070,patient070_case01,IBC,IBC_patient046_0071.jpg,3,,off_target_fp,61,0,0.0,0.0,0.0,0.0,0,False
UNET_MTL_MASK_GUIDED,1,patient070,patient070_case01,IBC,IBC_patient046_0071.jpg,4,1.0,moderate_50_to_75,59,51,0.51,0.864406779661017,0.51,0.4722222222222222,1,False
UNET_MTL_MASK_GUIDED,1,patient070,patient070_case01,IBC,IBC_patient046_0071.jpg,5,,off_target_fp,15,0,0.0,0.0,0.0,0.0,0,False
UNET_MTL_MASK_GUIDED,1,patient072,patient072_case01,IBC,IBC_patient047_0052.jpg,1,,off_target_fp,9,0,0.0,0.0,0.0,0.0,0,False
UNET_MTL_MASK_GUIDED,1,patient072,patient072_case01,IBC,IBC_patient047_0053.jpg,1,,off_target_fp,11,0,0.0,0.0,0.0,0.0,0,False
UNET_MTL_MASK_GUIDED,1,patient072,patient072_case01,IBC,IBC_patient047_0053.jpg,2,,off_target_fp,13,0,0.0,0.0,0.0,0.0,0,False
UNET_MTL_MASK_GUIDED,1,patient072,patient072_case01,IBC,IBC_patient047_0053.jpg,3,,off_target_fp,1013,0,0.0,0.0,0.0,0.0,0,False
UNET_MTL_MASK_GUIDED,1,patient072,patient072_case01,IBC,IBC_patient047_0053.jpg,4,1.0,strong_75_plus,311,245,0.9722222222222222,0.7877813504823151,0.7877813504823151,0.7704402515723271,1,False
UNET_MTL_MASK_GUIDED,1,patient072,patient072_case01,IBC,IBC_patient047_0054.jpg,1,,off_target_fp,21,0,0.0,0.0,0.0,0.0,0,False
UNET_MTL_MASK_GUIDED,1,patient072,patient072_case01,IBC,IBC_patient047_0054.jpg,2,,off_target_fp,44,0,0.0,0.0,0.0,0.0,0,False
UNET_MTL_MASK_GUIDED,1,patient072,patient072_case01,IBC,IBC_patient047_0054.jpg,3,,off_target_fp,1,0,0.0,0.0,0.0,0.0,0,False
UNET_MTL_MASK_GUIDED,1,patient072,patient072_case01,IBC,IBC_patient047_0054.jpg,4,,off_target_fp,729,0,0.0,0.0,0.0,0.0,0,False
UNET_MTL_MASK_GUIDED,1,patient072,patient072_case01,IBC,IBC_patient047_0054.jpg,5,1.0,strong_75_plus,494,441,0.9264705882352942,0.8927125506072875,0.8927125506072875,0.833648393194707,1,False
UNET_MTL_MASK_GUIDED,1,patient072,patient072_case01,IBC,IBC_patient047_0055.jpg,1,,off_target_fp,23,0,0.0,0.0,0.0,0.0,0,False
UNET_MTL_MASK_GUIDED,1,patient072,patient072_case01,IBC,IBC_patient047_0055.jpg,2,,off_target_fp,10,0,0.0,0.0,0.0,0.0,0,False
UNET_MTL_MASK_GUIDED,1,patient072,patient072_case01,IBC,IBC_patient047_0055.jpg,3,,off_target_fp,12,0,0.0,0.0,0.0,0.0,0,False
UNET_MTL_MASK_GUIDED,1,patient072,patient072_case01,IBC,IBC_patient047_0055.jpg,4,,off_target_fp,314,0,0.0,0.0,0.0,0.0,0,False
UNET_MTL_MASK_GUIDED,1,patient072,patient072_case01,IBC,IBC_patient047_0055.jpg,5,,off_target_fp,1,0,0.0,0.0,0.0,0.0,0,False
UNET_MTL_MASK_GUIDED,1,patient072,patient072_case01,IBC,IBC_patient047_0055.jpg,6,1.0,strong_75_plus,542,501,0.7927215189873418,0.9243542435424354,0.7927215189873418,0.7444279346210996,1,False
UNET_MTL_MASK_GUIDED,1,patient072,patient072_case01,IBC,IBC_patient047_0056.jpg,1,,off_target_fp,15,0,0.0,0.0,0.0,0.0,0,False
UNET_MTL_MASK_GUIDED,1,patient072,patient072_case01,IBC,IBC_patient047_0056.jpg,2,,off_target_fp,19,0,0.0,0.0,0.0,0.0,0,False
UNET_MTL_MASK_GUIDED,1,patient072,patient072_case01,IBC,IBC_patient047_0056.jpg,3,1.0,strong_75_plus,583,569,0.7902777777777777,0.9759862778730704,0.7902777777777777,0.7752043596730245,1,False
UNET_MTL_MASK_GUIDED,1,patient072,patient072_case01,IBC,IBC_patient047_0057.jpg,1,,off_target_fp,24,0,0.0,0.0,0.0,0.0,0,False
UNET_MTL_MASK_GUIDED,1,patient072,patient072_case01,IBC,IBC_patient047_0057.jpg,2,1.0,moderate_50_to_75,533,364,0.7982456140350878,0.6829268292682927,0.6829268292682927,0.5824,1,False
UNET_MTL_MASK_GUIDED,1,patient072,patient072_case01,IBC,IBC_patient047_0058.jpg,1,,off_target_fp,137,0,0.0,0.0,0.0,0.0,0,False
UNET_MTL_MASK_GUIDED,1,patient072,patient072_case01,IBC,IBC_patient047_0058.jpg,2,1.0,low_25_to_50,278,134,0.2596899224806202,0.48201438848920863,0.2596899224806202,0.20303030303030303,1,False
UNET_MTL_MASK_GUIDED,1,patient072,patient072_case01,IBC,IBC_patient047_0058.jpg,3,1.0,moderate_50_to_75,357,293,0.5678294573643411,0.8207282913165266,0.5678294573643411,0.5051724137931034,1,False
UNET_MTL_MASK_GUIDED,1,patient072,patient072_case01,IBC,IBC_patient047_0059.jpg,1,,off_target_fp,278,0,0.0,0.0,0.0,0.0,0,False
UNET_MTL_MASK_GUIDED,1,patient072,patient072_case01,IBC,IBC_patient047_0059.jpg,2,,off_target_fp,435,0,0.0,0.0,0.0,0.0,0,False
UNET_MTL_MASK_GUIDED,1,patient072,patient072_case01,IBC,IBC_patient047_0059.jpg,3,,off_target_fp,149,0,0.0,0.0,0.0,0.0,0,False
UNET_MTL_MASK_GUIDED,1,patient072,patient072_case01,IBC,IBC_patient047_0059.jpg,4,1.0,strong_75_plus,171,154,0.8555555555555555,0.9005847953216374,0.8555555555555555,0.7817258883248731,1,False
UNET_MTL_MASK_GUIDED,1,patient083,patient083_case01,IGM,IGM_patient052_0059.jpg,1,1.0,strong_75_plus,79,77,0.77,0.9746835443037974,0.77,0.7549019607843137,1,False
UNET_MTL_MASK_GUIDED,1,patient083,patient083_case01,IGM,IGM_patient052_0060.jpg,1,1.0,moderate_50_to_75,137,126,0.7159090909090909,0.9197080291970803,0.7159090909090909,0.6737967914438503,1,False
UNET_MTL_MASK_GUIDED,1,patient083,patient083_case01,IGM,IGM_patient052_0060.jpg,2,,off_target_fp,25,0,0.0,0.0,0.0,0.0,0,False
UNET_MTL_MASK_GUIDED,1,patient083,patient083_case01,IGM,IGM_patient052_0061.jpg,1,1.0,strong_75_plus,180,175,0.78125,0.9722222222222222,0.78125,0.7641921397379913,1,False
UNET_MTL_MASK_GUIDED,1,patient083,patient083_case01,IGM,IGM_patient052_0061.jpg,2,,off_target_fp,52,0,0.0,0.0,0.0,0.0,0,False
UNET_MTL_MASK_GUIDED,1,patient083,patient083_case01,IGM,IGM_patient052_0062.jpg,1,1.0,strong_75_plus,240,229,0.89453125,0.9541666666666667,0.89453125,0.8576779026217228,1,False
UNET_MTL_MASK_GUIDED,1,patient083,patient083_case01,IGM,IGM_patient052_0062.jpg,2,,off_target_fp,47,0,0.0,0.0,0.0,0.0,0,False
UNET_MTL_MASK_GUIDED,1,patient083,patient083_case01,IGM,IGM_patient052_0062.jpg,3,,off_target_fp,55,0,0.0,0.0,0.0,0.0,0,False
UNET_MTL_MASK_GUIDED,1,patient083,patient083_case01,IGM,IGM_patient052_0063.jpg,1,1.0,strong_75_plus,270,244,0.9104477611940298,0.9037037037037037,0.9037037037037037,0.8299319727891157,1,False
UNET_MTL_MASK_GUIDED,1,patient083,patient083_case01,IGM,IGM_patient052_0063.jpg,2,,off_target_fp,28,0,0.0,0.0,0.0,0.0,0,False
UNET_MTL_MASK_GUIDED,1,patient083,patient083_case01,IGM,IGM_patient052_0063.jpg,3,,off_target_fp,1,0,0.0,0.0,0.0,0.0,0,False
UNET_MTL_MASK_GUIDED,1,patient083,patient083_case01,IGM,IGM_patient052_0063.jpg,4,,off_target_fp,125,0,0.0,0.0,0.0,0.0,0,False
UNET_MTL_MASK_GUIDED,1,patient083,patient083_case01,IGM,IGM_patient052_0064.jpg,1,1.0,strong_75_plus,314,252,0.984375,0.802547770700637,0.802547770700637,0.7924528301886793,1,False
UNET_MTL_MASK_GUIDED,1,patient083,patient083_case01,IGM,IGM_patient052_0064.jpg,2,,off_target_fp,63,0,0.0,0.0,0.0,0.0,0,False
UNET_MTL_MASK_GUIDED,1,patient083,patient083_case01,IGM,IGM_patient052_0064.jpg,3,,off_target_fp,206,0,0.0,0.0,0.0,0.0,0,False
UNET_MTL_MASK_GUIDED,1,patient083,patient083_case01,IGM,IGM_patient052_0065.jpg,1,1.0,strong_75_plus,218,202,0.7769230769230769,0.926605504587156,0.7769230769230769,0.7318840579710145,1,False
UNET_MTL_MASK_GUIDED,1,patient083,patient083_case01,IGM,IGM_patient052_0065.jpg,2,,off_target_fp,22,0,0.0,0.0,0.0,0.0,0,False
UNET_MTL_MASK_GUIDED,1,patient083,patient083_case01,IGM,IGM_patient052_0065.jpg,3,,off_target_fp,225,0,0.0,0.0,0.0,0.0,0,False
UNET_MTL_MASK_GUIDED,1,patient083,patient083_case01,IGM,IGM_patient052_0065.jpg,4,,off_target_fp,16,0,0.0,0.0,0.0,0.0,0,False
UNET_MTL_MASK_GUIDED,1,patient083,patient083_case01,IGM,IGM_patient052_0066.jpg,1,1.0,strong_75_plus,146,138,0.9324324324324325,0.9452054794520548,0.9324324324324325,0.8846153846153846,1,False
UNET_MTL_MASK_GUIDED,1,patient083,patient083_case01,IGM,IGM_patient052_0066.jpg,2,,off_target_fp,23,0,0.0,0.0,0.0,0.0,0,False
UNET_MTL_MASK_GUIDED,1,patient083,patient083_case01,IGM,IGM_patient052_0066.jpg,3,,off_target_fp,9,0,0.0,0.0,0.0,0.0,0,False
UNET_MTL_MASK_GUIDED,1,patient083,patient083_case01,IGM,IGM_patient052_0066.jpg,4,,off_target_fp,39,0,0.0,0.0,0.0,0.0,0,False
UNET_MTL_MASK_GUIDED,1,patient083,patient083_case01,IGM,IGM_patient052_0067.jpg,1,1.0,strong_75_plus,159,148,0.8043478260869565,0.9308176100628931,0.8043478260869565,0.7589743589743589,1,False
UNET_MTL_MASK_GUIDED,1,patient083,patient083_case01,IGM,IGM_patient052_0067.jpg,2,,off_target_fp,221,0,0.0,0.0,0.0,0.0,0,False
UNET_MTL_MASK_GUIDED,1,patient083,patient083_case01,IGM,IGM_patient052_0067.jpg,3,,off_target_fp,13,0,0.0,0.0,0.0,0.0,0,False
UNET_MTL_MASK_GUIDED,1,patient083,patient083_case01,IGM,IGM_patient052_0067.jpg,4,,off_target_fp,67,0,0.0,0.0,0.0,0.0,0,False
UNET_MTL_MASK_GUIDED,1,patient083,patient083_case01,IGM,IGM_patient052_0068.jpg,1,1.0,moderate_50_to_75,102,99,0.7279411764705882,0.9705882352941176,0.7279411764705882,0.7122302158273381,1,False
UNET_MTL_MASK_GUIDED,1,patient083,patient083_case01,IGM,IGM_patient052_0068.jpg,2,,off_target_fp,33,0,0.0,0.0,0.0,0.0,0,False
UNET_MTL_MASK_GUIDED,1,patient083,patient083_case01,IGM,IGM_patient052_0068.jpg,3,,off_target_fp,88,0,0.0,0.0,0.0,0.0,0,False
UNET_MTL_MASK_GUIDED,1,patient083,patient083_case01,IGM,IGM_patient052_0068.jpg,4,,off_target_fp,143,0,0.0,0.0,0.0,0.0,0,False
UNET_MTL_MASK_GUIDED,1,patient083,patient083_case01,IGM,IGM_patient052_0069.jpg,1,1.0,strong_75_plus,135,130,0.8125,0.9629629629629629,0.8125,0.7878787878787878,1,False
UNET_MTL_MASK_GUIDED,1,patient083,patient083_case01,IGM,IGM_patient052_0069.jpg,2,,off_target_fp,107,0,0.0,0.0,0.0,0.0,0,False
UNET_MTL_MASK_GUIDED,1,patient083,patient083_case01,IGM,IGM_patient052_0069.jpg,3,,off_target_fp,134,0,0.0,0.0,0.0,0.0,0,False
UNET_MTL_MASK_GUIDED,1,patient083,patient083_case01,IGM,IGM_patient052_0070.jpg,1,1.0,strong_75_plus,138,131,0.8618421052631579,0.9492753623188406,0.8618421052631579,0.8238993710691824,1,False
UNET_MTL_MASK_GUIDED,1,patient083,patient083_case01,IGM,IGM_patient052_0070.jpg,2,,off_target_fp,19,0,0.0,0.0,0.0,0.0,0,False
UNET_MTL_MASK_GUIDED,1,patient083,patient083_case01,IGM,IGM_patient052_0070.jpg,3,,off_target_fp,158,0,0.0,0.0,0.0,0.0,0,False
UNET_MTL_MASK_GUIDED,1,patient083,patient083_case01,IGM,IGM_patient052_0071.jpg,1,1.0,moderate_50_to_75,121,115,0.7371794871794872,0.9504132231404959,0.7371794871794872,0.7098765432098766,1,False
UNET_MTL_MASK_GUIDED,1,patient083,patient083_case01,IGM,IGM_patient052_0071.jpg,2,,off_target_fp,320,0,0.0,0.0,0.0,0.0,0,False
UNET_MTL_MASK_GUIDED,1,patient083,patient083_case01,IGM,IGM_patient052_0071.jpg,3,,off_target_fp,148,0,0.0,0.0,0.0,0.0,0,False
UNET_MTL_MASK_GUIDED,1,patient083,patient083_case01,IGM,IGM_patient052_0071.jpg,4,,off_target_fp,72,0,0.0,0.0,0.0,0.0,0,False
UNET_MTL_MASK_GUIDED,1,patient083,patient083_case01,IGM,IGM_patient052_0072.jpg,1,1.0,low_25_to_50,68,66,0.4342105263157895,0.9705882352941176,0.4342105263157895,0.42857142857142855,1,False
UNET_MTL_MASK_GUIDED,1,patient083,patient083_case01,IGM,IGM_patient052_0072.jpg,2,,off_target_fp,91,0,0.0,0.0,0.0,0.0,0,False
UNET_MTL_MASK_GUIDED,1,patient083,patient083_case01,IGM,IGM_patient052_0072.jpg,3,,off_target_fp,76,0,0.0,0.0,0.0,0.0,0,False
UNET_MTL_MASK_GUIDED,1,patient086,patient086_case01,IGM,IGM_patient053_0060.jpg,1,,off_target_fp,5,0,0.0,0.0,0.0,0.0,0,False
UNET_MTL_MASK_GUIDED,1,patient086,patient086_case01,IGM,IGM_patient053_0061.jpg,1,,off_target_fp,45,0,0.0,0.0,0.0,0.0,0,False
UNET_MTL_MASK_GUIDED,1,patient086,patient086_case01,IGM,IGM_patient053_0061.jpg,2,,off_target_fp,24,0,0.0,0.0,0.0,0.0,0,False
UNET_MTL_MASK_GUIDED,1,patient086,patient086_case01,IGM,IGM_patient053_0061.jpg,3,1.0,low_25_to_50,159,135,0.4560810810810811,0.8490566037735849,0.4560810810810811,0.421875,1,False
UNET_MTL_MASK_GUIDED,1,patient086,patient086_case01,IGM,IGM_patient053_0062.jpg,1,,off_target_fp,101,0,0.0,0.0,0.0,0.0,0,False
UNET_MTL_MASK_GUIDED,1,patient086,patient086_case01,IGM,IGM_patient053_0062.jpg,2,,off_target_fp,44,0,0.0,0.0,0.0,0.0,0,False
UNET_MTL_MASK_GUIDED,1,patient086,patient086_case01,IGM,IGM_patient053_0062.jpg,3,1.0,low_25_to_50,65,64,0.26666666666666666,0.9846153846153847,0.26666666666666666,0.26556016597510373,1,False
UNET_MTL_MASK_GUIDED,1,patient086,patient086_case01,IGM,IGM_patient053_0063.jpg,1,,off_target_fp,80,0,0.0,0.0,0.0,0.0,0,False
UNET_MTL_MASK_GUIDED,1,patient086,patient086_case01,IGM,IGM_patient053_0063.jpg,2,,off_target_fp,163,0,0.0,0.0,0.0,0.0,0,False
UNET_MTL_MASK_GUIDED,1,patient086,patient086_case01,IGM,IGM_patient053_0063.jpg,3,1.0,low_25_to_50,114,111,0.4269230769230769,0.9736842105263158,0.4269230769230769,0.4220532319391635,1,False
UNET_MTL_MASK_GUIDED,1,patient086,patient086_case01,IGM,IGM_patient053_0064.jpg,1,,off_target_fp,177,0,0.0,0.0,0.0,0.0,0,False
UNET_MTL_MASK_GUIDED,1,patient086,patient086_case01,IGM,IGM_patient053_0064.jpg,2,1.0,strong_75_plus,157,149,0.8465909090909091,0.9490445859872612,0.8465909090909091,0.8097826086956522,1,False
UNET_MTL_MASK_GUIDED,1,patient086,patient086_case01,IGM,IGM_patient053_0065.jpg,1,,off_target_fp,126,0,0.0,0.0,0.0,0.0,0,False
UNET_MTL_MASK_GUIDED,1,patient086,patient086_case01,IGM,IGM_patient053_0065.jpg,2,1.0,partial_below_25,13,13,0.10483870967741936,1.0,0.10483870967741936,0.10483870967741936,1,False
UNET_MTL_MASK_GUIDED,1,patient086,patient086_case01,IGM,IGM_patient053_0066.jpg,1,,off_target_fp,15,0,0.0,0.0,0.0,0.0,0,False
UNET_MTL_MASK_GUIDED,1,patient086,patient086_case01,IGM,IGM_patient053_0066.jpg,2,1.0,low_25_to_50,22,22,0.3235294117647059,1.0,0.3235294117647059,0.3235294117647059,1,False
UNET_MTL_MASK_GUIDED,1,patient088,patient088_case01,IGM,IGM_patient054_0055.jpg,1,1.0,low_25_to_50,26,26,0.325,1.0,0.325,0.325,1,False
UNET_MTL_MASK_GUIDED,1,patient088,patient088_case01,IGM,IGM_patient054_0055.jpg,2,,off_target_fp,425,0,0.0,0.0,0.0,0.0,0,False
UNET_MTL_MASK_GUIDED,1,patient088,patient088_case01,IGM,IGM_patient054_0055.jpg,3,,off_target_fp,20,0,0.0,0.0,0.0,0.0,0,False
UNET_MTL_MASK_GUIDED,1,patient088,patient088_case01,IGM,IGM_patient054_0056.jpg,1,1.0,strong_75_plus,145,141,0.7833333333333333,0.9724137931034482,0.7833333333333333,0.7663043478260869,1,False
UNET_MTL_MASK_GUIDED,1,patient088,patient088_case01,IGM,IGM_patient054_0056.jpg,2,,off_target_fp,134,0,0.0,0.0,0.0,0.0,0,False
UNET_MTL_MASK_GUIDED,1,patient088,patient088_case01,IGM,IGM_patient054_0056.jpg,3,,off_target_fp,29,0,0.0,0.0,0.0,0.0,0,False
UNET_MTL_MASK_GUIDED,1,patient088,patient088_case01,IGM,IGM_patient054_0056.jpg,4,,off_target_fp,10,0,0.0,0.0,0.0,0.0,0,False
UNET_MTL_MASK_GUIDED,1,patient088,patient088_case01,IGM,IGM_patient054_0056.jpg,5,,off_target_fp,12,0,0.0,0.0,0.0,0.0,0,False
UNET_MTL_MASK_GUIDED,1,patient088,patient088_case01,IGM,IGM_patient054_0057.jpg,1,1.0,strong_75_plus,262,200,0.9259259259259259,0.7633587786259542,0.7633587786259542,0.7194244604316546,1,False
UNET_MTL_MASK_GUIDED,1,patient088,patient088_case01,IGM,IGM_patient054_0057.jpg,2,,off_target_fp,6,0,0.0,0.0,0.0,0.0,0,False
UNET_MTL_MASK_GUIDED,1,patient088,patient088_case01,IGM,IGM_patient054_0058.jpg,1,1.0,strong_75_plus,289,268,0.9054054054054054,0.9273356401384083,0.9054054054054054,0.8454258675078864,1,False
UNET_MTL_MASK_GUIDED,1,patient088,patient088_case01,IGM,IGM_patient054_0058.jpg,2,,off_target_fp,28,0,0.0,0.0,0.0,0.0,0,False
UNET_MTL_MASK_GUIDED,1,patient088,patient088_case01,IGM,IGM_patient054_0059.jpg,1,1.0,strong_75_plus,204,186,0.8773584905660378,0.9117647058823529,0.8773584905660378,0.808695652173913,1,False
UNET_MTL_MASK_GUIDED,1,patient088,patient088_case01,IGM,IGM_patient054_0061.jpg,1,,off_target_fp,10,0,0.0,0.0,0.0,0.0,0,False
UNET_MTL_MASK_GUIDED,1,patient088,patient088_case01,IGM,IGM_patient054_0061.jpg,2,,off_target_fp,134,0,0.0,0.0,0.0,0.0,0,False
UNET_MTL_MASK_GUIDED,1,patient088,patient088_case01,IGM,IGM_patient054_0062.jpg,1,1.0,strong_75_plus,203,192,0.8888888888888888,0.9458128078817734,0.8888888888888888,0.8458149779735683,1,False
UNET_MTL_MASK_GUIDED,1,patient088,patient088_case01,IGM,IGM_patient054_0062.jpg,2,,off_target_fp,182,0,0.0,0.0,0.0,0.0,0,False
UNET_MTL_MASK_GUIDED,1,patient088,patient088_case01,IGM,IGM_patient054_0063.jpg,1,1.0,strong_75_plus,267,255,0.827922077922078,0.9550561797752809,0.827922077922078,0.796875,1,False
UNET_MTL_MASK_GUIDED,1,patient088,patient088_case01,IGM,IGM_patient054_0063.jpg,2,,off_target_fp,188,0,0.0,0.0,0.0,0.0,0,False
UNET_MTL_MASK_GUIDED,1,patient088,patient088_case01,IGM,IGM_patient054_0064.jpg,1,1.0,strong_75_plus,264,248,0.8611111111111112,0.9393939393939394,0.8611111111111112,0.8157894736842105,1,False
UNET_MTL_MASK_GUIDED,1,patient088,patient088_case01,IGM,IGM_patient054_0064.jpg,2,,off_target_fp,242,0,0.0,0.0,0.0,0.0,0,False
UNET_MTL_MASK_GUIDED,1,patient088,patient088_case01,IGM,IGM_patient054_0065.jpg,1,1.0,strong_75_plus,277,262,0.8618421052631579,0.9458483754512635,0.8618421052631579,0.8213166144200627,1,False
UNET_MTL_MASK_GUIDED,1,patient088,patient088_case01,IGM,IGM_patient054_0065.jpg,2,,off_target_fp,12,0,0.0,0.0,0.0,0.0,0,False
UNET_MTL_MASK_GUIDED,1,patient088,patient088_case01,IGM,IGM_patient054_0065.jpg,3,,off_target_fp,147,0,0.0,0.0,0.0,0.0,0,False
UNET_MTL_MASK_GUIDED,1,patient088,patient088_case01,IGM,IGM_patient054_0065.jpg,4,,off_target_fp,9,0,0.0,0.0,0.0,0.0,0,False
UNET_MTL_MASK_GUIDED,1,patient097,patient097_case01,IGM,IGM_patient007_0057.jpg,1,1.0,low_25_to_50,163,72,1.0,0.44171779141104295,0.44171779141104295,0.44171779141104295,1,False
UNET_MTL_MASK_GUIDED,1,patient097,patient097_case01,IGM,IGM_patient007_0057.jpg,2,,off_target_fp,181,0,0.0,0.0,0.0,0.0,0,False
UNET_MTL_MASK_GUIDED,1,patient097,patient097_case01,IGM,IGM_patient007_0057.jpg,3,,off_target_fp,47,0,0.0,0.0,0.0,0.0,0,False
UNET_MTL_MASK_GUIDED,1,patient097,patient097_case01,IGM,IGM_patient007_0057.jpg,4,,off_target_fp,95,0,0.0,0.0,0.0,0.0,0,False
UNET_MTL_MASK_GUIDED,1,patient097,patient097_case01,IGM,IGM_patient007_0057.jpg,5,,off_target_fp,12,0,0.0,0.0,0.0,0.0,0,False
UNET_MTL_MASK_GUIDED,1,patient097,patient097_case01,IGM,IGM_patient007_0057.jpg,6,,off_target_fp,24,0,0.0,0.0,0.0,0.0,0,False
UNET_MTL_MASK_GUIDED,1,patient097,patient097_case01,IGM,IGM_patient007_0058.jpg,1,1.0,moderate_50_to_75,256,131,0.9924242424242424,0.51171875,0.51171875,0.5097276264591439,1,False
UNET_MTL_MASK_GUIDED,1,patient097,patient097_case01,IGM,IGM_patient007_0058.jpg,2,,off_target_fp,105,0,0.0,0.0,0.0,0.0,0,False
UNET_MTL_MASK_GUIDED,1,patient097,patient097_case01,IGM,IGM_patient007_0058.jpg,3,,off_target_fp,44,0,0.0,0.0,0.0,0.0,0,False
UNET_MTL_MASK_GUIDED,1,patient097,patient097_case01,IGM,IGM_patient007_0058.jpg,4,,off_target_fp,178,0,0.0,0.0,0.0,0.0,0,False
UNET_MTL_MASK_GUIDED,1,patient097,patient097_case01,IGM,IGM_patient007_0058.jpg,5,,off_target_fp,5,0,0.0,0.0,0.0,0.0,0,False
UNET_MTL_MASK_GUIDED,1,patient097,patient097_case01,IGM,IGM_patient007_0058.jpg,6,,off_target_fp,14,0,0.0,0.0,0.0,0.0,0,False
UNET_MTL_MASK_GUIDED,1,patient097,patient097_case01,IGM,IGM_patient007_0058.jpg,7,,off_target_fp,27,0,0.0,0.0,0.0,0.0,0,False
UNET_MTL_MASK_GUIDED,1,patient097,patient097_case01,IGM,IGM_patient007_0058.jpg,8,,off_target_fp,6,0,0.0,0.0,0.0,0.0,0,False
UNET_MTL_MASK_GUIDED,1,patient097,patient097_case01,IGM,IGM_patient007_0059.jpg,1,1.0,moderate_50_to_75,357,187,0.9739583333333334,0.5238095238095238,0.5238095238095238,0.5165745856353591,1,False
UNET_MTL_MASK_GUIDED,1,patient097,patient097_case01,IGM,IGM_patient007_0059.jpg,2,,off_target_fp,151,0,0.0,0.0,0.0,0.0,0,False
UNET_MTL_MASK_GUIDED,1,patient097,patient097_case01,IGM,IGM_patient007_0059.jpg,3,,off_target_fp,18,0,0.0,0.0,0.0,0.0,0,False
UNET_MTL_MASK_GUIDED,1,patient097,patient097_case01,IGM,IGM_patient007_0059.jpg,4,,off_target_fp,34,0,0.0,0.0,0.0,0.0,0,False
UNET_MTL_MASK_GUIDED,1,patient097,patient097_case01,IGM,IGM_patient007_0059.jpg,5,,off_target_fp,13,0,0.0,0.0,0.0,0.0,0,False
UNET_MTL_MASK_GUIDED,1,patient097,patient097_case01,IGM,IGM_patient007_0060.jpg,1,1.0,moderate_50_to_75,388,213,0.9861111111111112,0.5489690721649485,0.5489690721649485,0.5447570332480819,1,False
UNET_MTL_MASK_GUIDED,1,patient097,patient097_case01,IGM,IGM_patient007_0060.jpg,2,,off_target_fp,78,0,0.0,0.0,0.0,0.0,0,False
UNET_MTL_MASK_GUIDED,1,patient097,patient097_case01,IGM,IGM_patient007_0060.jpg,3,,off_target_fp,47,0,0.0,0.0,0.0,0.0,0,False
UNET_MTL_MASK_GUIDED,1,patient097,patient097_case01,IGM,IGM_patient007_0060.jpg,4,,off_target_fp,100,0,0.0,0.0,0.0,0.0,0,False
UNET_MTL_MASK_GUIDED,1,patient097,patient097_case01,IGM,IGM_patient007_0060.jpg,5,,off_target_fp,14,0,0.0,0.0,0.0,0.0,0,False
UNET_MTL_MASK_GUIDED,1,patient097,patient097_case01,IGM,IGM_patient007_0060.jpg,6,,off_target_fp,61,0,0.0,0.0,0.0,0.0,0,False
UNET_MTL_MASK_GUIDED,1,patient097,patient097_case01,IGM,IGM_patient007_0060.jpg,7,,off_target_fp,16,0,0.0,0.0,0.0,0.0,0,False
UNET_MTL_MASK_GUIDED,1,patient097,patient097_case01,IGM,IGM_patient007_0060.jpg,8,,off_target_fp,58,0,0.0,0.0,0.0,0.0,0,False
UNET_MTL_MASK_GUIDED,1,patient097,patient097_case01,IGM,IGM_patient007_0061.jpg,1,1.0,moderate_50_to_75,299,195,0.9948979591836735,0.6521739130434783,0.6521739130434783,0.65,1,False
UNET_MTL_MASK_GUIDED,1,patient097,patient097_case01,IGM,IGM_patient007_0061.jpg,2,,off_target_fp,45,0,0.0,0.0,0.0,0.0,0,False
UNET_MTL_MASK_GUIDED,1,patient097,patient097_case01,IGM,IGM_patient007_0061.jpg,3,,off_target_fp,94,0,0.0,0.0,0.0,0.0,0,False
UNET_MTL_MASK_GUIDED,1,patient097,patient097_case01,IGM,IGM_patient007_0061.jpg,4,,off_target_fp,459,0,0.0,0.0,0.0,0.0,0,False
UNET_MTL_MASK_GUIDED,1,patient097,patient097_case01,IGM,IGM_patient007_0061.jpg,5,,off_target_fp,15,0,0.0,0.0,0.0,0.0,0,False
UNET_MTL_MASK_GUIDED,1,patient097,patient097_case01,IGM,IGM_patient007_0062.jpg,1,1.0,moderate_50_to_75,233,141,0.9791666666666666,0.6051502145922747,0.6051502145922747,0.597457627118644,1,False
UNET_MTL_MASK_GUIDED,1,patient097,patient097_case01,IGM,IGM_patient007_0063.jpg,1,1.0,low_25_to_50,34,34,0.3148148148148148,1.0,0.3148148148148148,0.3148148148148148,1,False
UNET_MTL_MASK_GUIDED,10,patient021,patient021_case01,IBC,IBC_patient001_0050.jpg,1,1.0,moderate_50_to_75,116,105,0.65625,0.9051724137931034,0.65625,0.6140350877192983,1,False
UNET_MTL_MASK_GUIDED,10,patient021,patient021_case01,IBC,IBC_patient001_0050.jpg,2,,off_target_fp,188,0,0.0,0.0,0.0,0.0,0,False
UNET_MTL_MASK_GUIDED,10,patient021,patient021_case01,IBC,IBC_patient001_0050.jpg,3,,off_target_fp,32,0,0.0,0.0,0.0,0.0,0,False
UNET_MTL_MASK_GUIDED,10,patient021,patient021_case01,IBC,IBC_patient001_0051.jpg,1,1.0,moderate_50_to_75,541,320,0.8791208791208791,0.5914972273567468,0.5914972273567468,0.5470085470085471,1,False
UNET_MTL_MASK_GUIDED,10,patient021,patient021_case01,IBC,IBC_patient001_0051.jpg,2,,off_target_fp,84,0,0.0,0.0,0.0,0.0,0,False
UNET_MTL_MASK_GUIDED,10,patient021,patient021_case01,IBC,IBC_patient001_0052.jpg,1,1.0,strong_75_plus,832,788,0.9516908212560387,0.9471153846153846,0.9471153846153846,0.9036697247706422,1,False
UNET_MTL_MASK_GUIDED,10,patient021,patient021_case01,IBC,IBC_patient001_0053.jpg,1,1.0,strong_75_plus,1071,988,0.9686274509803922,0.9225023342670402,0.9225023342670402,0.8957388939256573,1,False
UNET_MTL_MASK_GUIDED,10,patient021,patient021_case01,IBC,IBC_patient001_0054.jpg,1,1.0,strong_75_plus,1186,1102,0.9565972222222222,0.9291736930860034,0.9291736930860034,0.8915857605177994,1,False
UNET_MTL_MASK_GUIDED,10,patient021,patient021_case01,IBC,IBC_patient001_0054.jpg,2,,off_target_fp,37,0,0.0,0.0,0.0,0.0,0,False
UNET_MTL_MASK_GUIDED,10,patient021,patient021_case01,IBC,IBC_patient001_0055.jpg,1,1.0,strong_75_plus,1223,1168,0.9299363057324841,0.9550286181520851,0.9299363057324841,0.8909229595728452,1,False
UNET_MTL_MASK_GUIDED,10,patient021,patient021_case01,IBC,IBC_patient001_0056.jpg,1,1.0,strong_75_plus,1244,1156,0.9059561128526645,0.9292604501607717,0.9059561128526645,0.8475073313782991,1,False
UNET_MTL_MASK_GUIDED,10,patient021,patient021_case01,IBC,IBC_patient001_0057.jpg,1,1.0,strong_75_plus,1293,1175,0.9122670807453416,0.908739365815932,0.908739365815932,0.8357041251778093,1,False
UNET_MTL_MASK_GUIDED,10,patient021,patient021_case01,IBC,IBC_patient001_0057.jpg,2,,off_target_fp,50,0,0.0,0.0,0.0,0.0,0,False
UNET_MTL_MASK_GUIDED,10,patient021,patient021_case01,IBC,IBC_patient001_0058.jpg,1,1.0,strong_75_plus,1292,1254,0.8982808022922636,0.9705882352941176,0.8982808022922636,0.8744769874476988,1,False
UNET_MTL_MASK_GUIDED,10,patient021,patient021_case01,IBC,IBC_patient001_0058.jpg,2,,off_target_fp,75,0,0.0,0.0,0.0,0.0,0,False
UNET_MTL_MASK_GUIDED,10,patient021,patient021_case01,IBC,IBC_patient001_0059.jpg,1,1.0,strong_75_plus,1213,1108,0.865625,0.9134377576257213,0.865625,0.8,1,False
UNET_MTL_MASK_GUIDED,10,patient021,patient021_case01,IBC,IBC_patient001_0059.jpg,2,,off_target_fp,178,0,0.0,0.0,0.0,0.0,0,False
UNET_MTL_MASK_GUIDED,10,patient021,patient021_case01,IBC,IBC_patient001_0059.jpg,3,,off_target_fp,81,0,0.0,0.0,0.0,0.0,0,False
UNET_MTL_MASK_GUIDED,10,patient021,patient021_case01,IBC,IBC_patient001_0059.jpg,4,,off_target_fp,87,0,0.0,0.0,0.0,0.0,0,False
UNET_MTL_MASK_GUIDED,10,patient021,patient021_case01,IBC,IBC_patient001_0060.jpg,1,1.0,strong_75_plus,1068,1010,0.8676975945017182,0.9456928838951311,0.8676975945017182,0.8265139116202946,1,False
UNET_MTL_MASK_GUIDED,10,patient021,patient021_case01,IBC,IBC_patient001_0060.jpg,2,,off_target_fp,109,0,0.0,0.0,0.0,0.0,0,False
UNET_MTL_MASK_GUIDED,10,patient021,patient021_case01,IBC,IBC_patient001_0060.jpg,3,,off_target_fp,124,0,0.0,0.0,0.0,0.0,0,False
UNET_MTL_MASK_GUIDED,10,patient021,patient021_case01,IBC,IBC_patient001_0060.jpg,4,,off_target_fp,166,0,0.0,0.0,0.0,0.0,0,False
UNET_MTL_MASK_GUIDED,10,patient021,patient021_case01,IBC,IBC_patient001_0061.jpg,1,1.0,strong_75_plus,874,846,0.8359683794466403,0.9679633867276888,0.8359683794466403,0.8134615384615385,1,False
UNET_MTL_MASK_GUIDED,10,patient021,patient021_case01,IBC,IBC_patient001_0061.jpg,2,,off_target_fp,146,0,0.0,0.0,0.0,0.0,0,False
UNET_MTL_MASK_GUIDED,10,patient021,patient021_case01,IBC,IBC_patient001_0061.jpg,3,,off_target_fp,202,0,0.0,0.0,0.0,0.0,0,False
UNET_MTL_MASK_GUIDED,10,patient021,patient021_case01,IBC,IBC_patient001_0062.jpg,1,1.0,strong_75_plus,786,756,0.8790697674418605,0.9618320610687023,0.8790697674418605,0.849438202247191,1,False
UNET_MTL_MASK_GUIDED,10,patient021,patient021_case01,IBC,IBC_patient001_0062.jpg,2,,off_target_fp,88,0,0.0,0.0,0.0,0.0,0,False
UNET_MTL_MASK_GUIDED,10,patient021,patient021_case01,IBC,IBC_patient001_0062.jpg,3,,off_target_fp,174,0,0.0,0.0,0.0,0.0,0,False
UNET_MTL_MASK_GUIDED,10,patient021,patient021_case01,IBC,IBC_patient001_0063.jpg,1,1.0,moderate_50_to_75,526,298,0.9085365853658537,0.5665399239543726,0.5665399239543726,0.5359712230215827,1,False
UNET_MTL_MASK_GUIDED,10,patient021,patient021_case01,IBC,IBC_patient001_0063.jpg,2,,off_target_fp,12,0,0.0,0.0,0.0,0.0,0,False
UNET_MTL_MASK_GUIDED,10,patient021,patient021_case01,IBC,IBC_patient001_0063.jpg,3,,off_target_fp,152,0,0.0,0.0,0.0,0.0,0,False
UNET_MTL_MASK_GUIDED,10,patient021,patient021_case01,IBC,IBC_patient001_0064.jpg,1,1.0,strong_75_plus,261,235,0.8159722222222222,0.9003831417624522,0.8159722222222222,0.7484076433121019,1,False
UNET_MTL_MASK_GUIDED,10,patient021,patient021_case01,IBC,IBC_patient001_0064.jpg,2,,off_target_fp,100,0,0.0,0.0,0.0,0.0,0,False
UNET_MTL_MASK_GUIDED,10,patient021,patient021_case01,IBC,IBC_patient001_0064.jpg,3,,off_target_fp,77,0,0.0,0.0,0.0,0.0,0,False
UNET_MTL_MASK_GUIDED,10,patient021,patient021_case01,IBC,IBC_patient001_0064.jpg,4,,off_target_fp,114,0,0.0,0.0,0.0,0.0,0,False
UNET_MTL_MASK_GUIDED,10,patient021,patient021_case01,IBC,IBC_patient001_0065.jpg,1,1.0,moderate_50_to_75,179,168,0.7368421052631579,0.9385474860335196,0.7368421052631579,0.702928870292887,1,False
UNET_MTL_MASK_GUIDED,10,patient021,patient021_case01,IBC,IBC_patient001_0065.jpg,2,,off_target_fp,179,0,0.0,0.0,0.0,0.0,0,False
UNET_MTL_MASK_GUIDED,10,patient021,patient021_case01,IBC,IBC_patient001_0065.jpg,3,,off_target_fp,80,0,0.0,0.0,0.0,0.0,0,False
UNET_MTL_MASK_GUIDED,10,patient021,patient021_case01,IBC,IBC_patient001_0066.jpg,1,,off_target_fp,10,0,0.0,0.0,0.0,0.0,0,False
UNET_MTL_MASK_GUIDED,10,patient021,patient021_case01,IBC,IBC_patient001_0066.jpg,2,,off_target_fp,107,0,0.0,0.0,0.0,0.0,0,False
UNET_MTL_MASK_GUIDED,10,patient021,patient021_case01,IBC,IBC_patient001_0066.jpg,3,,off_target_fp,80,0,0.0,0.0,0.0,0.0,0,False
UNET_MTL_MASK_GUIDED,10,patient030,patient030_case01,IBC,IBC_patient025_0056.jpg,1,1.0,strong_75_plus,375,294,0.98,0.784,0.784,0.7716535433070866,1,False
UNET_MTL_MASK_GUIDED,10,patient030,patient030_case01,IBC,IBC_patient025_0056.jpg,2,,off_target_fp,34,0,0.0,0.0,0.0,0.0,0,False
UNET_MTL_MASK_GUIDED,10,patient030,patient030_case01,IBC,IBC_patient025_0057.jpg,1,1.0,strong_75_plus,979,926,0.8357400722021661,0.9458631256384066,0.8357400722021661,0.797588285960379,1,False
UNET_MTL_MASK_GUIDED,10,patient030,patient030_case01,IBC,IBC_patient025_0058.jpg,1,1.0,strong_75_plus,1233,1171,0.8610294117647059,0.9497161394971614,0.8610294117647059,0.8234880450070323,1,False
UNET_MTL_MASK_GUIDED,10,patient030,patient030_case01,IBC,IBC_patient025_0059.jpg,1,1.0,strong_75_plus,1392,1350,0.823170731707317,0.9698275862068966,0.823170731707317,0.8026159334126041,1,False
UNET_MTL_MASK_GUIDED,10,patient030,patient030_case01,IBC,IBC_patient025_0060.jpg,1,1.0,strong_75_plus,1574,1567,0.9005747126436782,0.9955527318932655,0.9005747126436782,0.8969662278191185,1,False
UNET_MTL_MASK_GUIDED,10,patient030,patient030_case01,IBC,IBC_patient025_0061.jpg,1,1.0,strong_75_plus,1652,1500,0.9146341463414634,0.9079903147699758,0.9079903147699758,0.8370535714285714,1,False
UNET_MTL_MASK_GUIDED,10,patient030,patient030_case01,IBC,IBC_patient025_0061.jpg,2,,off_target_fp,11,0,0.0,0.0,0.0,0.0,0,False
UNET_MTL_MASK_GUIDED,10,patient030,patient030_case01,IBC,IBC_patient025_0062.jpg,1,1.0,strong_75_plus,1569,1389,0.8996113989637305,0.8852772466539197,0.8852772466539197,0.8056844547563805,1,False
UNET_MTL_MASK_GUIDED,10,patient030,patient030_case01,IBC,IBC_patient025_0062.jpg,2,,off_target_fp,35,0,0.0,0.0,0.0,0.0,0,False
UNET_MTL_MASK_GUIDED,10,patient030,patient030_case01,IBC,IBC_patient025_0062.jpg,3,,off_target_fp,54,0,0.0,0.0,0.0,0.0,0,False
UNET_MTL_MASK_GUIDED,10,patient030,patient030_case01,IBC,IBC_patient025_0062.jpg,4,,off_target_fp,136,0,0.0,0.0,0.0,0.0,0,False
UNET_MTL_MASK_GUIDED,10,patient030,patient030_case01,IBC,IBC_patient025_0063.jpg,1,1.0,strong_75_plus,1355,1263,0.9425373134328359,0.9321033210332104,0.9321033210332104,0.8819832402234636,1,False
UNET_MTL_MASK_GUIDED,10,patient030,patient030_case01,IBC,IBC_patient025_0063.jpg,2,,off_target_fp,84,0,0.0,0.0,0.0,0.0,0,False
UNET_MTL_MASK_GUIDED,10,patient030,patient030_case01,IBC,IBC_patient025_0063.jpg,3,,off_target_fp,11,0,0.0,0.0,0.0,0.0,0,False
UNET_MTL_MASK_GUIDED,10,patient030,patient030_case01,IBC,IBC_patient025_0064.jpg,1,1.0,strong_75_plus,1135,1023,0.9266304347826086,0.9013215859030838,0.9013215859030838,0.8412828947368421,1,False
UNET_MTL_MASK_GUIDED,10,patient030,patient030_case01,IBC,IBC_patient025_0064.jpg,2,,off_target_fp,91,0,0.0,0.0,0.0,0.0,0,False
UNET_MTL_MASK_GUIDED,10,patient030,patient030_case01,IBC,IBC_patient025_0064.jpg,3,,off_target_fp,11,0,0.0,0.0,0.0,0.0,0,False
UNET_MTL_MASK_GUIDED,10,patient030,patient030_case01,IBC,IBC_patient025_0065.jpg,1,1.0,strong_75_plus,793,714,0.9648648648648649,0.9003783102143758,0.9003783102143758,0.8717948717948718,1,False
UNET_MTL_MASK_GUIDED,10,patient030,patient030_case01,IBC,IBC_patient025_0065.jpg,2,,off_target_fp,72,0,0.0,0.0,0.0,0.0,0,False
UNET_MTL_MASK_GUIDED,10,patient030,patient030_case01,IBC,IBC_patient025_0065.jpg,3,,off_target_fp,23,0,0.0,0.0,0.0,0.0,0,False
UNET_MTL_MASK_GUIDED,10,patient030,patient030_case01,IBC,IBC_patient025_0065.jpg,4,,off_target_fp,162,0,0.0,0.0,0.0,0.0,0,False
UNET_MTL_MASK_GUIDED,10,patient030,patient030_case01,IBC,IBC_patient025_0065.jpg,5,,off_target_fp,58,0,0.0,0.0,0.0,0.0,0,False
UNET_MTL_MASK_GUIDED,10,patient030,patient030_case01,IBC,IBC_patient025_0065.jpg,6,,off_target_fp,13,0,0.0,0.0,0.0,0.0,0,False
UNET_MTL_MASK_GUIDED,10,patient030,patient030_case01,IBC,IBC_patient025_0066.jpg,1,,off_target_fp,243,0,0.0,0.0,0.0,0.0,0,False
UNET_MTL_MASK_GUIDED,10,patient030,patient030_case01,IBC,IBC_patient025_0066.jpg,2,1.0,strong_75_plus,792,686,0.9220430107526881,0.8661616161616161,0.8661616161616161,0.8070588235294117,1,False
UNET_MTL_MASK_GUIDED,10,patient030,patient030_case01,IBC,IBC_patient025_0066.jpg,3,,off_target_fp,95,0,0.0,0.0,0.0,0.0,0,False
UNET_MTL_MASK_GUIDED,10,patient030,patient030_case01,IBC,IBC_patient025_0067.jpg,1,,off_target_fp,99,0,0.0,0.0,0.0,0.0,0,False
UNET_MTL_MASK_GUIDED,10,patient030,patient030_case01,IBC,IBC_patient025_0067.jpg,2,1.0,strong_75_plus,679,580,0.9539473684210527,0.8541973490427098,0.8541973490427098,0.8203677510608204,1,False
UNET_MTL_MASK_GUIDED,10,patient030,patient030_case01,IBC,IBC_patient025_0067.jpg,3,,off_target_fp,25,0,0.0,0.0,0.0,0.0,0,False
UNET_MTL_MASK_GUIDED,10,patient030,patient030_case01,IBC,IBC_patient025_0067.jpg,4,,off_target_fp,65,0,0.0,0.0,0.0,0.0,0,False
UNET_MTL_MASK_GUIDED,10,patient030,patient030_case01,IBC,IBC_patient025_0067.jpg,5,,off_target_fp,18,0,0.0,0.0,0.0,0.0,0,False
UNET_MTL_MASK_GUIDED,10,patient030,patient030_case01,IBC,IBC_patient025_0068.jpg,1,,off_target_fp,85,0,0.0,0.0,0.0,0.0,0,False
UNET_MTL_MASK_GUIDED,10,patient030,patient030_case01,IBC,IBC_patient025_0068.jpg,2,1.0,strong_75_plus,563,472,0.9516129032258065,0.8383658969804618,0.8383658969804618,0.8040885860306644,1,False
UNET_MTL_MASK_GUIDED,10,patient030,patient030_case01,IBC,IBC_patient025_0068.jpg,3,,off_target_fp,102,0,0.0,0.0,0.0,0.0,0,False
UNET_MTL_MASK_GUIDED,10,patient030,patient030_case01,IBC,IBC_patient025_0068.jpg,4,,off_target_fp,38,0,0.0,0.0,0.0,0.0,0,False
UNET_MTL_MASK_GUIDED,10,patient030,patient030_case01,IBC,IBC_patient025_0069.jpg,1,,off_target_fp,41,0,0.0,0.0,0.0,0.0,0,False
UNET_MTL_MASK_GUIDED,10,patient030,patient030_case01,IBC,IBC_patient025_0069.jpg,2,1.0,strong_75_plus,137,126,0.7682926829268293,0.9197080291970803,0.7682926829268293,0.72,1,False
UNET_MTL_MASK_GUIDED,10,patient033,patient033_case01,IBC,IBC_patient027_0056.jpg,1,,off_target_fp,20,0,0.0,0.0,0.0,0.0,0,False
UNET_MTL_MASK_GUIDED,10,patient033,patient033_case01,IBC,IBC_patient027_0056.jpg,2,,off_target_fp,140,0,0.0,0.0,0.0,0.0,0,False
UNET_MTL_MASK_GUIDED,10,patient033,patient033_case01,IBC,IBC_patient027_0056.jpg,3,1.0,strong_75_plus,56,46,0.7666666666666667,0.8214285714285714,0.7666666666666667,0.6571428571428571,1,False
UNET_MTL_MASK_GUIDED,10,patient033,patient033_case01,IBC,IBC_patient027_0057.jpg,1,,off_target_fp,25,0,0.0,0.0,0.0,0.0,0,False
UNET_MTL_MASK_GUIDED,10,patient033,patient033_case01,IBC,IBC_patient027_0057.jpg,2,,off_target_fp,41,0,0.0,0.0,0.0,0.0,0,False
UNET_MTL_MASK_GUIDED,10,patient033,patient033_case01,IBC,IBC_patient027_0057.jpg,3,1.0,strong_75_plus,201,166,0.9222222222222223,0.8258706467661692,0.8258706467661692,0.772093023255814,1,False
UNET_MTL_MASK_GUIDED,10,patient033,patient033_case01,IBC,IBC_patient027_0058.jpg,1,,off_target_fp,73,0,0.0,0.0,0.0,0.0,0,False
UNET_MTL_MASK_GUIDED,10,patient033,patient033_case01,IBC,IBC_patient027_0058.jpg,2,1.0,strong_75_plus,299,236,0.9365079365079365,0.7892976588628763,0.7892976588628763,0.7492063492063492,1,False
UNET_MTL_MASK_GUIDED,10,patient033,patient033_case01,IBC,IBC_patient027_0059.jpg,1,,off_target_fp,58,0,0.0,0.0,0.0,0.0,0,False
UNET_MTL_MASK_GUIDED,10,patient033,patient033_case01,IBC,IBC_patient027_0059.jpg,2,1.0,strong_75_plus,333,294,0.91875,0.8828828828828829,0.8828828828828829,0.8189415041782729,1,False
UNET_MTL_MASK_GUIDED,10,patient033,patient033_case01,IBC,IBC_patient027_0059.jpg,3,,off_target_fp,12,0,0.0,0.0,0.0,0.0,0,False
UNET_MTL_MASK_GUIDED,10,patient033,patient033_case01,IBC,IBC_patient027_0059.jpg,4,,off_target_fp,10,0,0.0,0.0,0.0,0.0,0,False
UNET_MTL_MASK_GUIDED,10,patient033,patient033_case01,IBC,IBC_patient027_0060.jpg,1,1.0,strong_75_plus,365,312,0.9629629629629629,0.8547945205479452,0.8547945205479452,0.8275862068965517,1,False
UNET_MTL_MASK_GUIDED,10,patient033,patient033_case01,IBC,IBC_patient027_0060.jpg,2,,off_target_fp,29,0,0.0,0.0,0.0,0.0,0,False
UNET_MTL_MASK_GUIDED,10,patient033,patient033_case01,IBC,IBC_patient027_0060.jpg,3,,off_target_fp,20,0,0.0,0.0,0.0,0.0,0,False
UNET_MTL_MASK_GUIDED,10,patient033,patient033_case01,IBC,IBC_patient027_0060.jpg,4,,off_target_fp,18,0,0.0,0.0,0.0,0.0,0,False
UNET_MTL_MASK_GUIDED,10,patient033,patient033_case01,IBC,IBC_patient027_0061.jpg,1,1.0,strong_75_plus,317,279,0.93,0.8801261829652997,0.8801261829652997,0.8254437869822485,1,False
UNET_MTL_MASK_GUIDED,10,patient033,patient033_case01,IBC,IBC_patient027_0061.jpg,2,,off_target_fp,27,0,0.0,0.0,0.0,0.0,0,False
UNET_MTL_MASK_GUIDED,10,patient033,patient033_case01,IBC,IBC_patient027_0062.jpg,1,,off_target_fp,24,0,0.0,0.0,0.0,0.0,0,False
UNET_MTL_MASK_GUIDED,10,patient033,patient033_case01,IBC,IBC_patient027_0062.jpg,2,,off_target_fp,34,0,0.0,0.0,0.0,0.0,0,False
UNET_MTL_MASK_GUIDED,10,patient033,patient033_case01,IBC,IBC_patient027_0062.jpg,3,,off_target_fp,50,0,0.0,0.0,0.0,0.0,0,False
UNET_MTL_MASK_GUIDED,10,patient033,patient033_case01,IBC,IBC_patient027_0062.jpg,4,,off_target_fp,26,0,0.0,0.0,0.0,0.0,0,False
UNET_MTL_MASK_GUIDED,10,patient033,patient033_case01,IBC,IBC_patient027_0062.jpg,5,1.0,moderate_50_to_75,248,142,0.9861111111111112,0.5725806451612904,0.5725806451612904,0.568,1,False
UNET_MTL_MASK_GUIDED,10,patient033,patient033_case01,IBC,IBC_patient027_0063.jpg,1,,off_target_fp,35,0,0.0,0.0,0.0,0.0,0,False
UNET_MTL_MASK_GUIDED,10,patient033,patient033_case01,IBC,IBC_patient027_0063.jpg,2,,off_target_fp,100,0,0.0,0.0,0.0,0.0,0,False
UNET_MTL_MASK_GUIDED,10,patient033,patient033_case01,IBC,IBC_patient027_0063.jpg,3,,off_target_fp,34,0,0.0,0.0,0.0,0.0,0,False
UNET_MTL_MASK_GUIDED,10,patient033,patient033_case01,IBC,IBC_patient027_0063.jpg,4,1.0,low_25_to_50,159,63,0.984375,0.39622641509433965,0.39622641509433965,0.39375,1,False
UNET_MTL_MASK_GUIDED,10,patient033,patient033_case01,IBC,IBC_patient027_0063.jpg,5,,off_target_fp,124,0,0.0,0.0,0.0,0.0,0,False
UNET_MTL_MASK_GUIDED,10,patient035,patient035_case01,IBC,IBC_patient028_0115.jpg,1,1.0,low_25_to_50,155,155,0.34598214285714285,1.0,0.34598214285714285,0.34598214285714285,1,False
UNET_MTL_MASK_GUIDED,10,patient035,patient035_case01,IBC,IBC_patient028_0116.jpg,1,1.0,strong_75_plus,569,512,0.8951048951048951,0.8998242530755711,0.8951048951048951,0.8139904610492846,1,False
UNET_MTL_MASK_GUIDED,10,patient035,patient035_case01,IBC,IBC_patient028_0117.jpg,1,1.0,strong_75_plus,770,627,0.9330357142857143,0.8142857142857143,0.8142857142857143,0.7693251533742331,1,False
UNET_MTL_MASK_GUIDED,10,patient035,patient035_case01,IBC,IBC_patient028_0118.jpg,1,1.0,strong_75_plus,826,691,0.86375,0.8365617433414043,0.8365617433414043,0.7390374331550802,1,False
UNET_MTL_MASK_GUIDED,10,patient035,patient035_case01,IBC,IBC_patient028_0119.jpg,1,1.0,strong_75_plus,824,703,0.7952488687782805,0.8531553398058253,0.7952488687782805,0.699502487562189,1,False
UNET_MTL_MASK_GUIDED,10,patient035,patient035_case01,IBC,IBC_patient028_0120.jpg,1,1.0,moderate_50_to_75,866,736,0.6013071895424836,0.8498845265588915,0.6013071895424836,0.5435745937961596,1,False
UNET_MTL_MASK_GUIDED,10,patient035,patient035_case01,IBC,IBC_patient028_0120.jpg,2,,off_target_fp,87,0,0.0,0.0,0.0,0.0,0,False
UNET_MTL_MASK_GUIDED,10,patient035,patient035_case01,IBC,IBC_patient028_0121.jpg,1,1.0,moderate_50_to_75,973,841,0.6760450160771704,0.8643371017471737,0.6760450160771704,0.6111918604651163,1,False
UNET_MTL_MASK_GUIDED,10,patient035,patient035_case01,IBC,IBC_patient028_0121.jpg,2,,off_target_fp,118,0,0.0,0.0,0.0,0.0,0,False
UNET_MTL_MASK_GUIDED,10,patient035,patient035_case01,IBC,IBC_patient028_0122.jpg,1,1.0,moderate_50_to_75,1124,1012,0.7126760563380282,0.900355871886121,0.7126760563380282,0.660574412532637,1,False
UNET_MTL_MASK_GUIDED,10,patient035,patient035_case01,IBC,IBC_patient028_0122.jpg,2,,off_target_fp,104,0,0.0,0.0,0.0,0.0,0,False
UNET_MTL_MASK_GUIDED,10,patient035,patient035_case01,IBC,IBC_patient028_0123.jpg,1,1.0,moderate_50_to_75,1243,1149,0.6009414225941423,0.9243765084473049,0.6009414225941423,0.5727816550348953,1,False
UNET_MTL_MASK_GUIDED,10,patient035,patient035_case01,IBC,IBC_patient028_0123.jpg,2,,off_target_fp,150,0,0.0,0.0,0.0,0.0,0,False
UNET_MTL_MASK_GUIDED,10,patient035,patient035_case01,IBC,IBC_patient028_0124.jpg,1,1.0,moderate_50_to_75,1383,1283,0.6724318658280922,0.9276934201012292,0.6724318658280922,0.6389442231075697,1,False
UNET_MTL_MASK_GUIDED,10,patient035,patient035_case01,IBC,IBC_patient028_0124.jpg,2,,off_target_fp,170,0,0.0,0.0,0.0,0.0,0,False
UNET_MTL_MASK_GUIDED,10,patient035,patient035_case01,IBC,IBC_patient028_0125.jpg,1,1.0,moderate_50_to_75,1189,1084,0.555327868852459,0.911690496215307,0.555327868852459,0.5269810403500244,1,False
UNET_MTL_MASK_GUIDED,10,patient035,patient035_case01,IBC,IBC_patient028_0125.jpg,2,,off_target_fp,179,0,0.0,0.0,0.0,0.0,0,False
UNET_MTL_MASK_GUIDED,10,patient035,patient035_case01,IBC,IBC_patient028_0126.jpg,1,1.0,low_25_to_50,729,679,0.33025291828793774,0.9314128943758574,0.33025291828793774,0.3224121557454891,1,False
UNET_MTL_MASK_GUIDED,10,patient035,patient035_case01,IBC,IBC_patient028_0126.jpg,2,,off_target_fp,183,0,0.0,0.0,0.0,0.0,0,False
UNET_MTL_MASK_GUIDED,10,patient035,patient035_case01,IBC,IBC_patient028_0127.jpg,1,1.0,partial_below_25,123,123,0.05142140468227425,1.0,0.05142140468227425,0.05142140468227425,1,False
UNET_MTL_MASK_GUIDED,10,patient035,patient035_case01,IBC,IBC_patient028_0127.jpg,2,1.0,partial_below_25,22,22,0.00919732441471572,1.0,0.00919732441471572,0.00919732441471572,1,False
UNET_MTL_MASK_GUIDED,10,patient035,patient035_case01,IBC,IBC_patient028_0127.jpg,3,,off_target_fp,192,0,0.0,0.0,0.0,0.0,0,False
UNET_MTL_MASK_GUIDED,10,patient035,patient035_case01,IBC,IBC_patient028_0128.jpg,1,1.0,partial_below_25,273,273,0.11931818181818182,1.0,0.11931818181818182,0.11931818181818182,1,False
UNET_MTL_MASK_GUIDED,10,patient035,patient035_case01,IBC,IBC_patient028_0128.jpg,2,,off_target_fp,194,0,0.0,0.0,0.0,0.0,0,False
UNET_MTL_MASK_GUIDED,10,patient035,patient035_case01,IBC,IBC_patient028_0129.jpg,1,1.0,partial_below_25,456,450,0.19702276707530647,0.9868421052631579,0.19702276707530647,0.1965065502183406,1,False
UNET_MTL_MASK_GUIDED,10,patient035,patient035_case01,IBC,IBC_patient028_0129.jpg,2,,off_target_fp,176,0,0.0,0.0,0.0,0.0,0,False
UNET_MTL_MASK_GUIDED,10,patient035,patient035_case01,IBC,IBC_patient028_0130.jpg,1,1.0,low_25_to_50,627,603,0.2740909090909091,0.9617224880382775,0.2740909090909091,0.27113309352517984,1,False
UNET_MTL_MASK_GUIDED,10,patient035,patient035_case01,IBC,IBC_patient028_0130.jpg,2,,off_target_fp,179,0,0.0,0.0,0.0,0.0,0,False
UNET_MTL_MASK_GUIDED,10,patient035,patient035_case01,IBC,IBC_patient028_0131.jpg,1,1.0,low_25_to_50,907,870,0.3782608695652174,0.9592061742006616,0.3782608695652174,0.3722721437740693,1,False
UNET_MTL_MASK_GUIDED,10,patient035,patient035_case01,IBC,IBC_patient028_0131.jpg,2,,off_target_fp,168,0,0.0,0.0,0.0,0.0,0,False
UNET_MTL_MASK_GUIDED,10,patient035,patient035_case01,IBC,IBC_patient028_0132.jpg,1,1.0,low_25_to_50,904,888,0.38275862068965516,0.9823008849557522,0.38275862068965516,0.3801369863013699,1,False
UNET_MTL_MASK_GUIDED,10,patient035,patient035_case01,IBC,IBC_patient028_0132.jpg,2,,off_target_fp,46,0,0.0,0.0,0.0,0.0,0,False
UNET_MTL_MASK_GUIDED,10,patient035,patient035_case01,IBC,IBC_patient028_0132.jpg,3,,off_target_fp,56,0,0.0,0.0,0.0,0.0,0,False
UNET_MTL_MASK_GUIDED,10,patient035,patient035_case01,IBC,IBC_patient028_0133.jpg,1,1.0,low_25_to_50,762,687,0.3290229885057471,0.9015748031496063,0.3290229885057471,0.31761442441054094,1,False
UNET_MTL_MASK_GUIDED,10,patient035,patient035_case01,IBC,IBC_patient028_0134.jpg,1,1.0,low_25_to_50,609,538,0.2606589147286822,0.8834154351395731,0.2606589147286822,0.25199063231850116,1,False
UNET_MTL_MASK_GUIDED,10,patient035,patient035_case01,IBC,IBC_patient028_0135.jpg,1,1.0,low_25_to_50,620,539,0.2547258979206049,0.8693548387096774,0.2547258979206049,0.24533454710969504,1,False
UNET_MTL_MASK_GUIDED,10,patient035,patient035_case01,IBC,IBC_patient028_0136.jpg,1,1.0,low_25_to_50,701,618,0.2798913043478261,0.8815977175463623,0.2798913043478261,0.2697512003491925,1,False
UNET_MTL_MASK_GUIDED,10,patient035,patient035_case01,IBC,IBC_patient028_0137.jpg,1,1.0,partial_below_25,501,461,0.22912524850894633,0.9201596806387226,0.22912524850894633,0.2246588693957115,1,False
UNET_MTL_MASK_GUIDED,10,patient035,patient035_case01,IBC,IBC_patient028_0138.jpg,1,1.0,partial_below_25,291,234,0.1142578125,0.8041237113402062,0.1142578125,0.11116389548693587,1,False
UNET_MTL_MASK_GUIDED,10,patient035,patient035_case01,IBC,IBC_patient028_0138.jpg,2,,off_target_fp,38,0,0.0,0.0,0.0,0.0,0,False
UNET_MTL_MASK_GUIDED,10,patient035,patient035_case01,IBC,IBC_patient028_0139.jpg,1,1.0,partial_below_25,79,47,0.02688787185354691,0.5949367088607594,0.02688787185354691,0.026404494382022473,1,False
UNET_MTL_MASK_GUIDED,10,patient035,patient035_case01,IBC,IBC_patient028_0150.jpg,1,,off_target_fp,221,0,0.0,0.0,0.0,0.0,0,False
UNET_MTL_MASK_GUIDED,10,patient035,patient035_case01,IBC,IBC_patient028_0151.jpg,1,,off_target_fp,187,0,0.0,0.0,0.0,0.0,0,False
UNET_MTL_MASK_GUIDED,10,patient040,patient040_case01,IBC,IBC_patient030_0123.jpg,1,,off_target_fp,129,0,0.0,0.0,0.0,0.0,0,False
UNET_MTL_MASK_GUIDED,10,patient040,patient040_case01,IBC,IBC_patient030_0123.jpg,2,,off_target_fp,17,0,0.0,0.0,0.0,0.0,0,False
UNET_MTL_MASK_GUIDED,10,patient040,patient040_case01,IBC,IBC_patient030_0124.jpg,1,,off_target_fp,121,0,0.0,0.0,0.0,0.0,0,False
UNET_MTL_MASK_GUIDED,10,patient040,patient040_case01,IBC,IBC_patient030_0124.jpg,2,,off_target_fp,25,0,0.0,0.0,0.0,0.0,0,False
UNET_MTL_MASK_GUIDED,10,patient040,patient040_case01,IBC,IBC_patient030_0125.jpg,1,,off_target_fp,97,0,0.0,0.0,0.0,0.0,0,False
UNET_MTL_MASK_GUIDED,10,patient040,patient040_case01,IBC,IBC_patient030_0125.jpg,2,,off_target_fp,25,0,0.0,0.0,0.0,0.0,0,False
UNET_MTL_MASK_GUIDED,10,patient040,patient040_case01,IBC,IBC_patient030_0126.jpg,1,,off_target_fp,76,0,0.0,0.0,0.0,0.0,0,False
UNET_MTL_MASK_GUIDED,10,patient040,patient040_case01,IBC,IBC_patient030_0126.jpg,2,,off_target_fp,36,0,0.0,0.0,0.0,0.0,0,False
UNET_MTL_MASK_GUIDED,10,patient040,patient040_case01,IBC,IBC_patient030_0127.jpg,1,,off_target_fp,40,0,0.0,0.0,0.0,0.0,0,False
UNET_MTL_MASK_GUIDED,10,patient040,patient040_case01,IBC,IBC_patient030_0128.jpg,1,1.0,partial_below_25,28,28,0.21212121212121213,1.0,0.21212121212121213,0.21212121212121213,1,False
UNET_MTL_MASK_GUIDED,10,patient040,patient040_case01,IBC,IBC_patient030_0128.jpg,2,,off_target_fp,24,0,0.0,0.0,0.0,0.0,0,False
UNET_MTL_MASK_GUIDED,10,patient040,patient040_case01,IBC,IBC_patient030_0129.jpg,1,1.0,low_25_to_50,62,62,0.40789473684210525,1.0,0.40789473684210525,0.40789473684210525,1,False
UNET_MTL_MASK_GUIDED,10,patient040,patient040_case01,IBC,IBC_patient030_0130.jpg,1,1.0,low_25_to_50,40,38,0.36538461538461536,0.95,0.36538461538461536,0.3584905660377358,1,False
UNET_MTL_MASK_GUIDED,10,patient042,patient042_case01,IBC,IBC_patient031_0101.jpg,1,,off_target_fp,43,0,0.0,0.0,0.0,0.0,0,False
UNET_MTL_MASK_GUIDED,10,patient042,patient042_case01,IBC,IBC_patient031_0101.jpg,2,,off_target_fp,37,0,0.0,0.0,0.0,0.0,0,False
UNET_MTL_MASK_GUIDED,10,patient042,patient042_case01,IBC,IBC_patient031_0102.jpg,1,1.0,moderate_50_to_75,180,170,0.7456140350877193,0.9444444444444444,0.7456140350877193,0.7142857142857143,1,False
UNET_MTL_MASK_GUIDED,10,patient042,patient042_case01,IBC,IBC_patient031_0103.jpg,1,1.0,strong_75_plus,313,291,0.9448051948051948,0.9297124600638977,0.9297124600638977,0.8818181818181818,1,False
UNET_MTL_MASK_GUIDED,10,patient042,patient042_case01,IBC,IBC_patient031_0104.jpg,1,1.0,strong_75_plus,398,362,0.9526315789473684,0.9095477386934674,0.9095477386934674,0.8701923076923077,1,False
UNET_MTL_MASK_GUIDED,10,patient042,patient042_case01,IBC,IBC_patient031_0104.jpg,2,,off_target_fp,68,0,0.0,0.0,0.0,0.0,0,False
UNET_MTL_MASK_GUIDED,10,patient042,patient042_case01,IBC,IBC_patient031_0105.jpg,1,1.0,strong_75_plus,478,410,0.9579439252336449,0.8577405857740585,0.8577405857740585,0.8266129032258065,1,False
UNET_MTL_MASK_GUIDED,10,patient042,patient042_case01,IBC,IBC_patient031_0105.jpg,2,,off_target_fp,98,0,0.0,0.0,0.0,0.0,0,False
UNET_MTL_MASK_GUIDED,10,patient042,patient042_case01,IBC,IBC_patient031_0106.jpg,1,1.0,strong_75_plus,578,489,0.9702380952380952,0.8460207612456747,0.8460207612456747,0.8246205733558178,1,False
UNET_MTL_MASK_GUIDED,10,patient042,patient042_case01,IBC,IBC_patient031_0106.jpg,2,,off_target_fp,112,0,0.0,0.0,0.0,0.0,0,False
UNET_MTL_MASK_GUIDED,10,patient042,patient042_case01,IBC,IBC_patient031_0107.jpg,1,1.0,strong_75_plus,646,516,0.9847328244274809,0.7987616099071208,0.7987616099071208,0.7889908256880734,1,False
UNET_MTL_MASK_GUIDED,10,patient042,patient042_case01,IBC,IBC_patient031_0107.jpg,2,,off_target_fp,104,0,0.0,0.0,0.0,0.0,0,False
UNET_MTL_MASK_GUIDED,10,patient042,patient042_case01,IBC,IBC_patient031_0107.jpg,3,,off_target_fp,118,0,0.0,0.0,0.0,0.0,0,False
UNET_MTL_MASK_GUIDED,10,patient042,patient042_case01,IBC,IBC_patient031_0108.jpg,1,1.0,strong_75_plus,671,568,0.9726027397260274,0.8464977645305514,0.8464977645305514,0.826783114992722,1,False
UNET_MTL_MASK_GUIDED,10,patient042,patient042_case01,IBC,IBC_patient031_0108.jpg,2,,off_target_fp,115,0,0.0,0.0,0.0,0.0,0,False
UNET_MTL_MASK_GUIDED,10,patient042,patient042_case01,IBC,IBC_patient031_0108.jpg,3,,off_target_fp,160,0,0.0,0.0,0.0,0.0,0,False
UNET_MTL_MASK_GUIDED,10,patient042,patient042_case01,IBC,IBC_patient031_0109.jpg,1,1.0,strong_75_plus,670,598,0.934375,0.8925373134328358,0.8925373134328358,0.8398876404494382,1,False
UNET_MTL_MASK_GUIDED,10,patient042,patient042_case01,IBC,IBC_patient031_0109.jpg,2,,off_target_fp,101,0,0.0,0.0,0.0,0.0,0,False
UNET_MTL_MASK_GUIDED,10,patient042,patient042_case01,IBC,IBC_patient031_0109.jpg,3,,off_target_fp,202,0,0.0,0.0,0.0,0.0,0,False
UNET_MTL_MASK_GUIDED,10,patient042,patient042_case01,IBC,IBC_patient031_0110.jpg,1,1.0,strong_75_plus,686,617,0.9348484848484848,0.8994169096209913,0.8994169096209913,0.8463648834019204,1,False
UNET_MTL_MASK_GUIDED,10,patient042,patient042_case01,IBC,IBC_patient031_0110.jpg,2,,off_target_fp,25,0,0.0,0.0,0.0,0.0,0,False
UNET_MTL_MASK_GUIDED,10,patient042,patient042_case01,IBC,IBC_patient031_0110.jpg,3,,off_target_fp,201,0,0.0,0.0,0.0,0.0,0,False
UNET_MTL_MASK_GUIDED,10,patient042,patient042_case01,IBC,IBC_patient031_0111.jpg,1,1.0,strong_75_plus,701,619,0.9102941176470588,0.8830242510699001,0.8830242510699001,0.8123359580052494,1,False
UNET_MTL_MASK_GUIDED,10,patient042,patient042_case01,IBC,IBC_patient031_0111.jpg,2,,off_target_fp,174,0,0.0,0.0,0.0,0.0,0,False
UNET_MTL_MASK_GUIDED,10,patient042,patient042_case01,IBC,IBC_patient031_0112.jpg,1,1.0,strong_75_plus,697,630,0.9156976744186046,0.9038737446197992,0.9038737446197992,0.8344370860927153,1,False
UNET_MTL_MASK_GUIDED,10,patient042,patient042_case01,IBC,IBC_patient031_0112.jpg,2,,off_target_fp,92,0,0.0,0.0,0.0,0.0,0,False
UNET_MTL_MASK_GUIDED,10,patient042,patient042_case01,IBC,IBC_patient031_0113.jpg,1,1.0,strong_75_plus,705,611,0.9546875,0.8666666666666667,0.8666666666666667,0.832425068119891,1,False
UNET_MTL_MASK_GUIDED,10,patient042,patient042_case01,IBC,IBC_patient031_0114.jpg,1,1.0,strong_75_plus,674,606,0.907185628742515,0.8991097922848664,0.8991097922848664,0.8233695652173914,1,False
UNET_MTL_MASK_GUIDED,10,patient042,patient042_case01,IBC,IBC_patient031_0114.jpg,2,,off_target_fp,14,0,0.0,0.0,0.0,0.0,0,False
UNET_MTL_MASK_GUIDED,10,patient042,patient042_case01,IBC,IBC_patient031_0114.jpg,3,,off_target_fp,42,0,0.0,0.0,0.0,0.0,0,False
UNET_MTL_MASK_GUIDED,10,patient042,patient042_case01,IBC,IBC_patient031_0115.jpg,1,1.0,strong_75_plus,670,526,0.9598540145985401,0.7850746268656716,0.7850746268656716,0.7601156069364162,1,False
UNET_MTL_MASK_GUIDED,10,patient042,patient042_case01,IBC,IBC_patient031_0115.jpg,2,,off_target_fp,15,0,0.0,0.0,0.0,0.0,0,False
UNET_MTL_MASK_GUIDED,10,patient042,patient042_case01,IBC,IBC_patient031_0115.jpg,3,,off_target_fp,84,0,0.0,0.0,0.0,0.0,0,False
UNET_MTL_MASK_GUIDED,10,patient042,patient042_case01,IBC,IBC_patient031_0116.jpg,1,1.0,strong_75_plus,653,494,0.9801587301587301,0.7565084226646248,0.7565084226646248,0.7450980392156863,1,False
UNET_MTL_MASK_GUIDED,10,patient042,patient042_case01,IBC,IBC_patient031_0116.jpg,2,,off_target_fp,11,0,0.0,0.0,0.0,0.0,0,False
UNET_MTL_MASK_GUIDED,10,patient042,patient042_case01,IBC,IBC_patient031_0116.jpg,3,,off_target_fp,98,0,0.0,0.0,0.0,0.0,0,False
UNET_MTL_MASK_GUIDED,10,patient042,patient042_case01,IBC,IBC_patient031_0117.jpg,1,1.0,strong_75_plus,562,459,0.972457627118644,0.8167259786476868,0.8167259786476868,0.7982608695652174,1,False
UNET_MTL_MASK_GUIDED,10,patient042,patient042_case01,IBC,IBC_patient031_0117.jpg,2,,off_target_fp,120,0,0.0,0.0,0.0,0.0,0,False
UNET_MTL_MASK_GUIDED,10,patient042,patient042_case01,IBC,IBC_patient031_0118.jpg,1,,off_target_fp,73,0,0.0,0.0,0.0,0.0,0,False
UNET_MTL_MASK_GUIDED,10,patient042,patient042_case01,IBC,IBC_patient031_0118.jpg,2,1.0,strong_75_plus,505,416,0.9719626168224299,0.8237623762376237,0.8237623762376237,0.804642166344294,1,False
UNET_MTL_MASK_GUIDED,10,patient042,patient042_case01,IBC,IBC_patient031_0118.jpg,3,,off_target_fp,197,0,0.0,0.0,0.0,0.0,0,False
UNET_MTL_MASK_GUIDED,10,patient042,patient042_case01,IBC,IBC_patient031_0119.jpg,1,,off_target_fp,80,0,0.0,0.0,0.0,0.0,0,False
UNET_MTL_MASK_GUIDED,10,patient042,patient042_case01,IBC,IBC_patient031_0119.jpg,2,1.0,moderate_50_to_75,476,350,0.9408602150537635,0.7352941176470589,0.7352941176470589,0.7028112449799196,1,False
UNET_MTL_MASK_GUIDED,10,patient042,patient042_case01,IBC,IBC_patient031_0119.jpg,3,,off_target_fp,192,0,0.0,0.0,0.0,0.0,0,False
UNET_MTL_MASK_GUIDED,10,patient042,patient042_case01,IBC,IBC_patient031_0120.jpg,1,,off_target_fp,43,0,0.0,0.0,0.0,0.0,0,False
UNET_MTL_MASK_GUIDED,10,patient042,patient042_case01,IBC,IBC_patient031_0120.jpg,2,1.0,strong_75_plus,447,376,0.8392857142857143,0.8411633109619687,0.8392857142857143,0.7244701348747592,1,False
UNET_MTL_MASK_GUIDED,10,patient042,patient042_case01,IBC,IBC_patient031_0120.jpg,3,,off_target_fp,164,0,0.0,0.0,0.0,0.0,0,False
UNET_MTL_MASK_GUIDED,10,patient042,patient042_case01,IBC,IBC_patient031_0121.jpg,1,1.0,low_25_to_50,360,172,1.0,0.4777777777777778,0.4777777777777778,0.4777777777777778,1,False
UNET_MTL_MASK_GUIDED,10,patient042,patient042_case01,IBC,IBC_patient031_0121.jpg,2,,off_target_fp,36,0,0.0,0.0,0.0,0.0,0,False
UNET_MTL_MASK_GUIDED,10,patient042,patient042_case01,IBC,IBC_patient031_0121.jpg,3,,off_target_fp,128,0,0.0,0.0,0.0,0.0,0,False
UNET_MTL_MASK_GUIDED,10,patient042,patient042_case01,IBC,IBC_patient031_0122.jpg,1,,off_target_fp,16,0,0.0,0.0,0.0,0.0,0,False
UNET_MTL_MASK_GUIDED,10,patient042,patient042_case01,IBC,IBC_patient031_0122.jpg,2,,off_target_fp,24,0,0.0,0.0,0.0,0.0,0,False
UNET_MTL_MASK_GUIDED,10,patient042,patient042_case01,IBC,IBC_patient031_0122.jpg,3,,off_target_fp,40,0,0.0,0.0,0.0,0.0,0,False
UNET_MTL_MASK_GUIDED,10,patient042,patient042_case01,IBC,IBC_patient031_0122.jpg,4,,off_target_fp,49,0,0.0,0.0,0.0,0.0,0,False
UNET_MTL_MASK_GUIDED,10,patient044,patient044_case01,IBC,IBC_patient032_0054.jpg,1,,off_target_fp,107,0,0.0,0.0,0.0,0.0,0,False
UNET_MTL_MASK_GUIDED,10,patient044,patient044_case01,IBC,IBC_patient032_0054.jpg,2,,off_target_fp,10,0,0.0,0.0,0.0,0.0,0,False
UNET_MTL_MASK_GUIDED,10,patient044,patient044_case01,IBC,IBC_patient032_0054.jpg,3,,off_target_fp,12,0,0.0,0.0,0.0,0.0,0,False
UNET_MTL_MASK_GUIDED,10,patient044,patient044_case01,IBC,IBC_patient032_0054.jpg,4,,off_target_fp,161,0,0.0,0.0,0.0,0.0,0,False
UNET_MTL_MASK_GUIDED,10,patient044,patient044_case01,IBC,IBC_patient032_0054.jpg,5,,off_target_fp,204,0,0.0,0.0,0.0,0.0,0,False
UNET_MTL_MASK_GUIDED,10,patient044,patient044_case01,IBC,IBC_patient032_0054.jpg,6,1.0,strong_75_plus,167,141,0.88125,0.844311377245509,0.844311377245509,0.7580645161290323,1,False
UNET_MTL_MASK_GUIDED,10,patient044,patient044_case01,IBC,IBC_patient032_0055.jpg,1,,off_target_fp,51,0,0.0,0.0,0.0,0.0,0,False
UNET_MTL_MASK_GUIDED,10,patient044,patient044_case01,IBC,IBC_patient032_0055.jpg,2,,off_target_fp,29,0,0.0,0.0,0.0,0.0,0,False
UNET_MTL_MASK_GUIDED,10,patient044,patient044_case01,IBC,IBC_patient032_0055.jpg,3,1.0,strong_75_plus,288,257,0.8566666666666667,0.8923611111111112,0.8566666666666667,0.7764350453172205,1,False
UNET_MTL_MASK_GUIDED,10,patient044,patient044_case01,IBC,IBC_patient032_0056.jpg,1,,off_target_fp,90,0,0.0,0.0,0.0,0.0,0,False
UNET_MTL_MASK_GUIDED,10,patient044,patient044_case01,IBC,IBC_patient032_0056.jpg,2,1.0,moderate_50_to_75,280,263,0.6709183673469388,0.9392857142857143,0.6709183673469388,0.6430317848410758,1,False
UNET_MTL_MASK_GUIDED,10,patient044,patient044_case01,IBC,IBC_patient032_0057.jpg,1,,off_target_fp,98,0,0.0,0.0,0.0,0.0,0,False
UNET_MTL_MASK_GUIDED,10,patient044,patient044_case01,IBC,IBC_patient032_0058.jpg,1,,off_target_fp,98,0,0.0,0.0,0.0,0.0,0,False
UNET_MTL_MASK_GUIDED,10,patient044,patient044_case01,IBC,IBC_patient032_0058.jpg,2,1.0,moderate_50_to_75,525,517,0.5644104803493449,0.9847619047619047,0.5644104803493449,0.5595238095238095,1,False
UNET_MTL_MASK_GUIDED,10,patient044,patient044_case01,IBC,IBC_patient032_0059.jpg,1,1.0,partial_below_25,218,210,0.2441860465116279,0.963302752293578,0.2441860465116279,0.24193548387096775,1,False
UNET_MTL_MASK_GUIDED,10,patient044,patient044_case01,IBC,IBC_patient032_0060.jpg,1,,off_target_fp,84,0,0.0,0.0,0.0,0.0,0,False
UNET_MTL_MASK_GUIDED,10,patient044,patient044_case01,IBC,IBC_patient032_0060.jpg,2,1.0,strong_75_plus,747,675,0.8698453608247423,0.9036144578313253,0.8698453608247423,0.7959905660377359,1,False
UNET_MTL_MASK_GUIDED,10,patient044,patient044_case01,IBC,IBC_patient032_0061.jpg,1,,off_target_fp,133,0,0.0,0.0,0.0,0.0,0,False
UNET_MTL_MASK_GUIDED,10,patient044,patient044_case01,IBC,IBC_patient032_0061.jpg,2,1.0,strong_75_plus,688,640,0.935672514619883,0.9302325581395349,0.9302325581395349,0.8743169398907104,1,False
UNET_MTL_MASK_GUIDED,10,patient044,patient044_case01,IBC,IBC_patient032_0061.jpg,3,,off_target_fp,31,0,0.0,0.0,0.0,0.0,0,False
UNET_MTL_MASK_GUIDED,10,patient044,patient044_case01,IBC,IBC_patient032_0062.jpg,1,,off_target_fp,204,0,0.0,0.0,0.0,0.0,0,False
UNET_MTL_MASK_GUIDED,10,patient044,patient044_case01,IBC,IBC_patient032_0062.jpg,2,1.0,strong_75_plus,553,540,0.9121621621621622,0.976491862567812,0.9121621621621622,0.8925619834710744,1,False
UNET_MTL_MASK_GUIDED,10,patient044,patient044_case01,IBC,IBC_patient032_0063.jpg,1,,off_target_fp,144,0,0.0,0.0,0.0,0.0,0,False
UNET_MTL_MASK_GUIDED,10,patient044,patient044_case01,IBC,IBC_patient032_0063.jpg,2,,off_target_fp,141,0,0.0,0.0,0.0,0.0,0,False
UNET_MTL_MASK_GUIDED,10,patient044,patient044_case01,IBC,IBC_patient032_0063.jpg,3,,off_target_fp,58,0,0.0,0.0,0.0,0.0,0,False
UNET_MTL_MASK_GUIDED,10,patient044,patient044_case01,IBC,IBC_patient032_0063.jpg,4,1.0,strong_75_plus,346,298,0.9430379746835443,0.861271676300578,0.861271676300578,0.8186813186813187,1,False
UNET_MTL_MASK_GUIDED,10,patient044,patient044_case01,IBC,IBC_patient032_0064.jpg,1,,off_target_fp,316,0,0.0,0.0,0.0,0.0,0,False
UNET_MTL_MASK_GUIDED,10,patient044,patient044_case01,IBC,IBC_patient032_0064.jpg,2,,off_target_fp,77,0,0.0,0.0,0.0,0.0,0,False
UNET_MTL_MASK_GUIDED,10,patient043,patient043_case01,IGM,IGM_patient032_0141.jpg,1,,off_target_fp,277,0,0.0,0.0,0.0,0.0,0,False
UNET_MTL_MASK_GUIDED,10,patient043,patient043_case01,IGM,IGM_patient032_0143.jpg,1,1.0,moderate_50_to_75,59,54,0.5,0.9152542372881356,0.5,0.4778761061946903,1,False
UNET_MTL_MASK_GUIDED,10,patient043,patient043_case01,IGM,IGM_patient032_0144.jpg,1,1.0,moderate_50_to_75,123,114,0.6951219512195121,0.926829268292683,0.6951219512195121,0.6589595375722543,1,False
UNET_MTL_MASK_GUIDED,10,patient043,patient043_case01,IGM,IGM_patient032_0145.jpg,1,1.0,strong_75_plus,169,139,0.86875,0.8224852071005917,0.8224852071005917,0.7315789473684211,1,False
UNET_MTL_MASK_GUIDED,10,patient043,patient043_case01,IGM,IGM_patient032_0146.jpg,1,1.0,moderate_50_to_75,194,130,0.9848484848484849,0.6701030927835051,0.6701030927835051,0.6632653061224489,1,False
UNET_MTL_MASK_GUIDED,10,patient043,patient043_case01,IGM,IGM_patient032_0147.jpg,1,,off_target_fp,56,0,0.0,0.0,0.0,0.0,0,False
UNET_MTL_MASK_GUIDED,10,patient043,patient043_case01,IGM,IGM_patient032_0147.jpg,2,1.0,strong_75_plus,205,170,0.9042553191489362,0.8292682926829268,0.8292682926829268,0.7623318385650224,1,False
UNET_MTL_MASK_GUIDED,10,patient043,patient043_case01,IGM,IGM_patient032_0148.jpg,1,,off_target_fp,90,0,0.0,0.0,0.0,0.0,0,False
UNET_MTL_MASK_GUIDED,10,patient043,patient043_case01,IGM,IGM_patient032_0148.jpg,2,1.0,strong_75_plus,213,170,0.9659090909090909,0.7981220657276995,0.7981220657276995,0.776255707762557,1,False
UNET_MTL_MASK_GUIDED,10,patient043,patient043_case01,IGM,IGM_patient032_0148.jpg,3,,off_target_fp,38,0,0.0,0.0,0.0,0.0,0,False
UNET_MTL_MASK_GUIDED,10,patient043,patient043_case01,IGM,IGM_patient032_0149.jpg,1,,off_target_fp,66,0,0.0,0.0,0.0,0.0,0,False
UNET_MTL_MASK_GUIDED,10,patient043,patient043_case01,IGM,IGM_patient032_0149.jpg,2,1.0,moderate_50_to_75,179,116,0.9666666666666667,0.6480446927374302,0.6480446927374302,0.6338797814207651,1,False
UNET_MTL_MASK_GUIDED,10,patient043,patient043_case01,IGM,IGM_patient032_0149.jpg,3,,off_target_fp,21,0,0.0,0.0,0.0,0.0,0,False
UNET_MTL_MASK_GUIDED,10,patient043,patient043_case01,IGM,IGM_patient032_0149.jpg,4,,off_target_fp,38,0,0.0,0.0,0.0,0.0,0,False
UNET_MTL_MASK_GUIDED,10,patient043,patient043_case01,IGM,IGM_patient032_0150.jpg,1,,off_target_fp,40,0,0.0,0.0,0.0,0.0,0,False
UNET_MTL_MASK_GUIDED,10,patient043,patient043_case01,IGM,IGM_patient032_0150.jpg,2,,off_target_fp,41,0,0.0,0.0,0.0,0.0,0,False
UNET_MTL_MASK_GUIDED,10,patient043,patient043_case01,IGM,IGM_patient032_0150.jpg,3,1.0,moderate_50_to_75,123,91,0.8425925925925926,0.7398373983739838,0.7398373983739838,0.65,1,False
UNET_MTL_MASK_GUIDED,10,patient043,patient043_case01,IGM,IGM_patient032_0151.jpg,1,,off_target_fp,23,0,0.0,0.0,0.0,0.0,0,False
UNET_MTL_MASK_GUIDED,10,patient043,patient043_case01,IGM,IGM_patient032_0151.jpg,2,,off_target_fp,53,0,0.0,0.0,0.0,0.0,0,False
UNET_MTL_MASK_GUIDED,10,patient043,patient043_case01,IGM,IGM_patient032_0151.jpg,3,1.0,strong_75_plus,98,78,0.75,0.7959183673469388,0.75,0.6290322580645161,1,False
UNET_MTL_MASK_GUIDED,10,patient043,patient043_case01,IGM,IGM_patient032_0152.jpg,1,,off_target_fp,28,0,0.0,0.0,0.0,0.0,0,False
UNET_MTL_MASK_GUIDED,10,patient045,patient045_case01,IBC,IBC_patient033_0064.jpg,1,,off_target_fp,94,0,0.0,0.0,0.0,0.0,0,False
UNET_MTL_MASK_GUIDED,10,patient045,patient045_case01,IBC,IBC_patient033_0064.jpg,2,,off_target_fp,169,0,0.0,0.0,0.0,0.0,0,False
UNET_MTL_MASK_GUIDED,10,patient045,patient045_case01,IBC,IBC_patient033_0064.jpg,3,1.0,moderate_50_to_75,82,56,0.875,0.6829268292682927,0.6829268292682927,0.6222222222222222,1,False
UNET_MTL_MASK_GUIDED,10,patient045,patient045_case01,IBC,IBC_patient033_0065.jpg,1,,off_target_fp,22,0,0.0,0.0,0.0,0.0,0,False
UNET_MTL_MASK_GUIDED,10,patient045,patient045_case01,IBC,IBC_patient033_0065.jpg,2,1.0,low_25_to_50,416,130,0.9848484848484849,0.3125,0.3125,0.31100478468899523,1,False
UNET_MTL_MASK_GUIDED,10,patient045,patient045_case01,IBC,IBC_patient033_0066.jpg,1,,off_target_fp,94,0,0.0,0.0,0.0,0.0,0,False
UNET_MTL_MASK_GUIDED,10,patient045,patient045_case01,IBC,IBC_patient033_0066.jpg,2,1.0,moderate_50_to_75,435,306,0.9683544303797469,0.7034482758620689,0.7034482758620689,0.6876404494382022,1,False
UNET_MTL_MASK_GUIDED,10,patient045,patient045_case01,IBC,IBC_patient033_0067.jpg,1,,off_target_fp,207,0,0.0,0.0,0.0,0.0,0,False
UNET_MTL_MASK_GUIDED,10,patient045,patient045_case01,IBC,IBC_patient033_0067.jpg,2,1.0,moderate_50_to_75,403,255,0.9807692307692307,0.6327543424317618,0.6327543424317618,0.625,1,False
UNET_MTL_MASK_GUIDED,10,patient045,patient045_case01,IBC,IBC_patient033_0068.jpg,1,,off_target_fp,211,0,0.0,0.0,0.0,0.0,0,False
UNET_MTL_MASK_GUIDED,10,patient045,patient045_case01,IBC,IBC_patient033_0068.jpg,2,,off_target_fp,108,0,0.0,0.0,0.0,0.0,0,False
UNET_MTL_MASK_GUIDED,10,patient045,patient045_case01,IBC,IBC_patient033_0068.jpg,3,,off_target_fp,104,0,0.0,0.0,0.0,0.0,0,False
UNET_MTL_MASK_GUIDED,10,patient045,patient045_case01,IBC,IBC_patient033_0068.jpg,4,1.0,strong_75_plus,264,214,0.9224137931034483,0.8106060606060606,0.8106060606060606,0.7588652482269503,1,False
UNET_MTL_MASK_GUIDED,10,patient045,patient045_case01,IBC,IBC_patient033_0069.jpg,1,,off_target_fp,167,0,0.0,0.0,0.0,0.0,0,False
UNET_MTL_MASK_GUIDED,10,patient045,patient045_case01,IBC,IBC_patient033_0069.jpg,2,,off_target_fp,115,0,0.0,0.0,0.0,0.0,0,False
UNET_MTL_MASK_GUIDED,10,patient045,patient045_case01,IBC,IBC_patient033_0069.jpg,3,1.0,strong_75_plus,138,121,0.8402777777777778,0.8768115942028986,0.8402777777777778,0.7515527950310559,1,False
UNET_MTL_MASK_GUIDED,10,patient046,patient046_case01,IBC,IBC_patient034_0192.jpg,1,1.0,moderate_50_to_75,43,25,0.8928571428571429,0.5813953488372093,0.5813953488372093,0.5434782608695652,1,False
UNET_MTL_MASK_GUIDED,10,patient046,patient046_case01,IBC,IBC_patient034_0193.jpg,1,,off_target_fp,34,0,0.0,0.0,0.0,0.0,0,False
UNET_MTL_MASK_GUIDED,10,patient046,patient046_case01,IBC,IBC_patient034_0193.jpg,2,1.0,moderate_50_to_75,122,87,0.8365384615384616,0.7131147540983607,0.7131147540983607,0.6258992805755396,1,False
UNET_MTL_MASK_GUIDED,10,patient046,patient046_case01,IBC,IBC_patient034_0193.jpg,3,,off_target_fp,25,0,0.0,0.0,0.0,0.0,0,False
UNET_MTL_MASK_GUIDED,10,patient046,patient046_case01,IBC,IBC_patient034_0194.jpg,1,,off_target_fp,75,0,0.0,0.0,0.0,0.0,0,False
UNET_MTL_MASK_GUIDED,10,patient046,patient046_case01,IBC,IBC_patient034_0194.jpg,2,,off_target_fp,17,0,0.0,0.0,0.0,0.0,0,False
UNET_MTL_MASK_GUIDED,10,patient046,patient046_case01,IBC,IBC_patient034_0194.jpg,3,1.0,moderate_50_to_75,274,142,0.9342105263157895,0.5182481751824818,0.5182481751824818,0.5,1,False
UNET_MTL_MASK_GUIDED,10,patient046,patient046_case01,IBC,IBC_patient034_0195.jpg,1,,off_target_fp,83,0,0.0,0.0,0.0,0.0,0,False
UNET_MTL_MASK_GUIDED,10,patient046,patient046_case01,IBC,IBC_patient034_0195.jpg,2,,off_target_fp,30,0,0.0,0.0,0.0,0.0,0,False
UNET_MTL_MASK_GUIDED,10,patient046,patient046_case01,IBC,IBC_patient034_0195.jpg,3,1.0,low_25_to_50,352,166,0.9880952380952381,0.4715909090909091,0.4715909090909091,0.4689265536723164,1,False
UNET_MTL_MASK_GUIDED,10,patient046,patient046_case01,IBC,IBC_patient034_0196.jpg,1,,off_target_fp,56,0,0.0,0.0,0.0,0.0,0,False
UNET_MTL_MASK_GUIDED,10,patient046,patient046_case01,IBC,IBC_patient034_0196.jpg,2,1.0,moderate_50_to_75,398,226,0.9912280701754386,0.5678391959798995,0.5678391959798995,0.565,1,False
UNET_MTL_MASK_GUIDED,10,patient046,patient046_case01,IBC,IBC_patient034_0197.jpg,1,,off_target_fp,28,0,0.0,0.0,0.0,0.0,0,False
UNET_MTL_MASK_GUIDED,10,patient046,patient046_case01,IBC,IBC_patient034_0197.jpg,2,,off_target_fp,52,0,0.0,0.0,0.0,0.0,0,False
UNET_MTL_MASK_GUIDED,10,patient046,patient046_case01,IBC,IBC_patient034_0197.jpg,3,1.0,moderate_50_to_75,455,322,0.9470588235294117,0.7076923076923077,0.7076923076923077,0.6807610993657506,1,False
UNET_MTL_MASK_GUIDED,10,patient046,patient046_case01,IBC,IBC_patient034_0198.jpg,1,,off_target_fp,60,0,0.0,0.0,0.0,0.0,0,False
UNET_MTL_MASK_GUIDED,10,patient046,patient046_case01,IBC,IBC_patient034_0198.jpg,2,1.0,strong_75_plus,485,394,0.9563106796116505,0.8123711340206186,0.8123711340206186,0.7833001988071571,1,False
UNET_MTL_MASK_GUIDED,10,patient046,patient046_case01,IBC,IBC_patient034_0199.jpg,1,,off_target_fp,70,0,0.0,0.0,0.0,0.0,0,False
UNET_MTL_MASK_GUIDED,10,patient046,patient046_case01,IBC,IBC_patient034_0199.jpg,2,1.0,strong_75_plus,589,480,0.96,0.8149405772495756,0.8149405772495756,0.7881773399014779,1,False
UNET_MTL_MASK_GUIDED,10,patient046,patient046_case01,IBC,IBC_patient034_0200.jpg,1,,off_target_fp,63,0,0.0,0.0,0.0,0.0,0,False
UNET_MTL_MASK_GUIDED,10,patient046,patient046_case01,IBC,IBC_patient034_0200.jpg,2,1.0,strong_75_plus,658,625,0.882768361581921,0.9498480243161094,0.882768361581921,0.8434547908232118,1,False
UNET_MTL_MASK_GUIDED,10,patient046,patient046_case01,IBC,IBC_patient034_0201.jpg,1,,off_target_fp,32,0,0.0,0.0,0.0,0.0,0,False
UNET_MTL_MASK_GUIDED,10,patient046,patient046_case01,IBC,IBC_patient034_0201.jpg,2,1.0,strong_75_plus,726,662,0.9350282485875706,0.9118457300275482,0.9118457300275482,0.8575129533678757,1,False
UNET_MTL_MASK_GUIDED,10,patient046,patient046_case01,IBC,IBC_patient034_0202.jpg,1,,off_target_fp,52,0,0.0,0.0,0.0,0.0,0,False
UNET_MTL_MASK_GUIDED,10,patient046,patient046_case01,IBC,IBC_patient034_0202.jpg,2,1.0,strong_75_plus,725,683,0.8986842105263158,0.9420689655172414,0.8986842105263158,0.8516209476309227,1,False
UNET_MTL_MASK_GUIDED,10,patient046,patient046_case01,IBC,IBC_patient034_0203.jpg,1,,off_target_fp,22,0,0.0,0.0,0.0,0.0,0,False
UNET_MTL_MASK_GUIDED,10,patient046,patient046_case01,IBC,IBC_patient034_0203.jpg,2,1.0,moderate_50_to_75,563,552,0.696969696969697,0.9804618117229129,0.696969696969697,0.6874221668742216,1,False
UNET_MTL_MASK_GUIDED,10,patient046,patient046_case01,IBC,IBC_patient034_0204.jpg,1,1.0,moderate_50_to_75,491,466,0.5655339805825242,0.9490835030549898,0.5655339805825242,0.5488810365135454,1,False
UNET_MTL_MASK_GUIDED,10,patient046,patient046_case01,IBC,IBC_patient034_0205.jpg,1,1.0,partial_below_25,221,198,0.23684210526315788,0.8959276018099548,0.23684210526315788,0.23050058207217694,1,False
UNET_MTL_MASK_GUIDED,10,patient046,patient046_case01,IBC,IBC_patient034_0206.jpg,1,1.0,partial_below_25,20,19,0.021300448430493273,0.95,0.021300448430493273,0.02127659574468085,1,False
UNET_MTL_MASK_GUIDED,10,patient046,patient046_case01,IBC,IBC_patient034_0207.jpg,1,1.0,partial_below_25,195,178,0.1943231441048035,0.9128205128205128,0.1943231441048035,0.1907824222936763,1,False
UNET_MTL_MASK_GUIDED,10,patient046,patient046_case01,IBC,IBC_patient034_0208.jpg,1,1.0,low_25_to_50,280,264,0.2619047619047619,0.9428571428571428,0.2619047619047619,0.2578125,1,False
UNET_MTL_MASK_GUIDED,10,patient046,patient046_case01,IBC,IBC_patient034_0209.jpg,1,1.0,partial_below_25,122,120,0.1214574898785425,0.9836065573770492,0.1214574898785425,0.12121212121212122,1,False
UNET_MTL_MASK_GUIDED,10,patient046,patient046_case01,IBC,IBC_patient034_0210.jpg,1,1.0,partial_below_25,71,56,0.05714285714285714,0.7887323943661971,0.05714285714285714,0.05628140703517588,1,False
UNET_MTL_MASK_GUIDED,10,patient046,patient046_case01,IBC,IBC_patient034_0211.jpg,1,1.0,partial_below_25,64,50,0.049019607843137254,0.78125,0.049019607843137254,0.048355899419729204,1,False
UNET_MTL_MASK_GUIDED,10,patient046,patient046_case01,IBC,IBC_patient034_0212.jpg,1,1.0,partial_below_25,144,127,0.12258687258687259,0.8819444444444444,0.12258687258687259,0.12060778727445394,1,False
UNET_MTL_MASK_GUIDED,10,patient046,patient046_case01,IBC,IBC_patient034_0213.jpg,1,1.0,low_25_to_50,271,266,0.2509433962264151,0.981549815498155,0.2509433962264151,0.24976525821596243,1,False
UNET_MTL_MASK_GUIDED,10,patient046,patient046_case01,IBC,IBC_patient034_0214.jpg,1,1.0,partial_below_25,155,144,0.1245674740484429,0.9290322580645162,0.1245674740484429,0.12339331619537275,1,False
UNET_MTL_MASK_GUIDED,10,patient046,patient046_case01,IBC,IBC_patient034_0215.jpg,1,1.0,partial_below_25,19,19,0.015728476821192054,1.0,0.015728476821192054,0.015728476821192054,1,False
UNET_MTL_MASK_GUIDED,10,patient046,patient046_case01,IBC,IBC_patient034_0216.jpg,1,1.0,partial_below_25,19,19,0.016047297297297296,1.0,0.016047297297297296,0.016047297297297296,1,False
UNET_MTL_MASK_GUIDED,10,patient046,patient046_case01,IBC,IBC_patient034_0217.jpg,1,1.0,partial_below_25,165,154,0.13095238095238096,0.9333333333333333,0.13095238095238096,0.12973883740522324,1,False
UNET_MTL_MASK_GUIDED,10,patient046,patient046_case01,IBC,IBC_patient034_0218.jpg,1,1.0,partial_below_25,171,156,0.13175675675675674,0.9122807017543859,0.13175675675675674,0.13010842368640535,1,False
UNET_MTL_MASK_GUIDED,10,patient046,patient046_case01,IBC,IBC_patient034_0219.jpg,1,1.0,low_25_to_50,462,460,0.3685897435897436,0.9956709956709957,0.3685897435897436,0.368,1,False
UNET_MTL_MASK_GUIDED,10,patient046,patient046_case01,IBC,IBC_patient034_0220.jpg,1,1.0,moderate_50_to_75,632,608,0.5135135135135135,0.9620253164556962,0.5135135135135135,0.5033112582781457,1,False
UNET_MTL_MASK_GUIDED,10,patient046,patient046_case01,IBC,IBC_patient034_0221.jpg,1,,off_target_fp,11,0,0.0,0.0,0.0,0.0,0,False
UNET_MTL_MASK_GUIDED,10,patient046,patient046_case01,IBC,IBC_patient034_0221.jpg,2,1.0,moderate_50_to_75,701,668,0.6117216117216118,0.9529243937232525,0.6117216117216118,0.5937777777777777,1,False
UNET_MTL_MASK_GUIDED,10,patient046,patient046_case01,IBC,IBC_patient034_0222.jpg,1,,off_target_fp,29,0,0.0,0.0,0.0,0.0,0,False
UNET_MTL_MASK_GUIDED,10,patient046,patient046_case01,IBC,IBC_patient034_0222.jpg,2,1.0,low_25_to_50,483,473,0.4412313432835821,0.979296066252588,0.4412313432835821,0.43715341959334564,1,False
UNET_MTL_MASK_GUIDED,10,patient046,patient046_case01,IBC,IBC_patient034_0223.jpg,1,1.0,partial_below_25,77,77,0.06684027777777778,1.0,0.06684027777777778,0.06684027777777778,1,False
UNET_MTL_MASK_GUIDED,10,patient046,patient046_case01,IBC,IBC_patient034_0223.jpg,2,1.0,partial_below_25,100,100,0.08680555555555555,1.0,0.08680555555555555,0.08680555555555555,1,False
UNET_MTL_MASK_GUIDED,10,patient046,patient046_case01,IBC,IBC_patient034_0224.jpg,1,,off_target_fp,16,0,0.0,0.0,0.0,0.0,0,False
UNET_MTL_MASK_GUIDED,10,patient046,patient046_case01,IBC,IBC_patient034_0224.jpg,2,1.0,partial_below_25,187,181,0.17607003891050585,0.9679144385026738,0.17607003891050585,0.17504835589941972,1,False
UNET_MTL_MASK_GUIDED,10,patient046,patient046_case01,IBC,IBC_patient034_0224.jpg,3,1.0,partial_below_25,127,125,0.12159533073929961,0.984251968503937,0.12159533073929961,0.12135922330097088,1,False
UNET_MTL_MASK_GUIDED,10,patient046,patient046_case01,IBC,IBC_patient034_0225.jpg,1,1.0,moderate_50_to_75,605,579,0.5766932270916335,0.9570247933884297,0.5766932270916335,0.5621359223300971,1,False
UNET_MTL_MASK_GUIDED,10,patient046,patient046_case01,IBC,IBC_patient034_0226.jpg,1,1.0,low_25_to_50,351,337,0.3397177419354839,0.9601139601139601,0.3397177419354839,0.3349900596421471,1,False
UNET_MTL_MASK_GUIDED,10,patient046,patient046_case01,IBC,IBC_patient034_0226.jpg,2,1.0,partial_below_25,50,50,0.05040322580645161,1.0,0.05040322580645161,0.05040322580645161,1,False
UNET_MTL_MASK_GUIDED,10,patient046,patient046_case01,IBC,IBC_patient034_0227.jpg,1,1.0,low_25_to_50,462,421,0.46986607142857145,0.9112554112554112,0.46986607142857145,0.44930629669156885,1,False
UNET_MTL_MASK_GUIDED,10,patient046,patient046_case01,IBC,IBC_patient034_0227.jpg,2,1.0,partial_below_25,31,31,0.03459821428571429,1.0,0.03459821428571429,0.03459821428571429,1,False
UNET_MTL_MASK_GUIDED,10,patient046,patient046_case01,IBC,IBC_patient034_0228.jpg,1,,off_target_fp,43,0,0.0,0.0,0.0,0.0,0,False
UNET_MTL_MASK_GUIDED,10,patient046,patient046_case01,IBC,IBC_patient034_0228.jpg,2,,off_target_fp,135,0,0.0,0.0,0.0,0.0,0,False
UNET_MTL_MASK_GUIDED,10,patient046,patient046_case01,IBC,IBC_patient034_0228.jpg,3,1.0,moderate_50_to_75,649,613,0.6663043478260869,0.9445300462249615,0.6663043478260869,0.641213389121339,1,False
UNET_MTL_MASK_GUIDED,10,patient046,patient046_case01,IBC,IBC_patient034_0229.jpg,1,,off_target_fp,96,0,0.0,0.0,0.0,0.0,0,False
UNET_MTL_MASK_GUIDED,10,patient046,patient046_case01,IBC,IBC_patient034_0229.jpg,2,1.0,partial_below_25,109,106,0.11936936936936937,0.9724770642201835,0.11936936936936937,0.11896745230078563,1,False
UNET_MTL_MASK_GUIDED,10,patient046,patient046_case01,IBC,IBC_patient034_0230.jpg,1,,off_target_fp,148,0,0.0,0.0,0.0,0.0,0,False
UNET_MTL_MASK_GUIDED,10,patient046,patient046_case01,IBC,IBC_patient034_0230.jpg,2,,off_target_fp,100,0,0.0,0.0,0.0,0.0,0,False
UNET_MTL_MASK_GUIDED,10,patient046,patient046_case01,IBC,IBC_patient034_0230.jpg,3,1.0,partial_below_25,16,15,0.022865853658536585,0.9375,0.022865853658536585,0.0228310502283105,1,False
UNET_MTL_MASK_GUIDED,10,patient046,patient046_case01,IBC,IBC_patient034_0231.jpg,1,,off_target_fp,80,0,0.0,0.0,0.0,0.0,0,False
UNET_MTL_MASK_GUIDED,10,patient046,patient046_case01,IBC,IBC_patient034_0231.jpg,2,,off_target_fp,10,0,0.0,0.0,0.0,0.0,0,False
UNET_MTL_MASK_GUIDED,10,patient046,patient046_case01,IBC,IBC_patient034_0231.jpg,3,1.0,partial_below_25,21,21,0.0330188679245283,1.0,0.0330188679245283,0.0330188679245283,1,False
UNET_MTL_MASK_GUIDED,10,patient046,patient046_case01,IBC,IBC_patient034_0232.jpg,1,1.0,partial_below_25,25,25,0.04111842105263158,1.0,0.04111842105263158,0.04111842105263158,1,False
UNET_MTL_MASK_GUIDED,10,patient046,patient046_case01,IBC,IBC_patient034_0233.jpg,1,,off_target_fp,37,0,0.0,0.0,0.0,0.0,0,False
UNET_MTL_MASK_GUIDED,10,patient046,patient046_case01,IBC,IBC_patient034_0234.jpg,1,,off_target_fp,50,0,0.0,0.0,0.0,0.0,0,False
UNET_MTL_MASK_GUIDED,10,patient046,patient046_case01,IBC,IBC_patient034_0235.jpg,1,,off_target_fp,56,0,0.0,0.0,0.0,0.0,0,False
UNET_MTL_MASK_GUIDED,10,patient046,patient046_case01,IBC,IBC_patient034_0236.jpg,1,,off_target_fp,54,0,0.0,0.0,0.0,0.0,0,False
UNET_MTL_MASK_GUIDED,10,patient050,patient050_case01,IGM,IGM_patient036_0064.jpg,1,,off_target_fp,36,0,0.0,0.0,0.0,0.0,0,False
UNET_MTL_MASK_GUIDED,10,patient050,patient050_case01,IGM,IGM_patient036_0064.jpg,2,,off_target_fp,84,0,0.0,0.0,0.0,0.0,0,False
UNET_MTL_MASK_GUIDED,10,patient050,patient050_case01,IGM,IGM_patient036_0064.jpg,3,,off_target_fp,75,0,0.0,0.0,0.0,0.0,0,False
UNET_MTL_MASK_GUIDED,10,patient050,patient050_case01,IGM,IGM_patient036_0064.jpg,4,,off_target_fp,208,0,0.0,0.0,0.0,0.0,0,False
UNET_MTL_MASK_GUIDED,10,patient050,patient050_case01,IGM,IGM_patient036_0064.jpg,5,,off_target_fp,73,0,0.0,0.0,0.0,0.0,0,False
UNET_MTL_MASK_GUIDED,10,patient050,patient050_case01,IGM,IGM_patient036_0064.jpg,6,1.0,low_25_to_50,102,47,0.5108695652173914,0.46078431372549017,0.46078431372549017,0.3197278911564626,1,False
UNET_MTL_MASK_GUIDED,10,patient050,patient050_case01,IGM,IGM_patient036_0064.jpg,7,,off_target_fp,16,0,0.0,0.0,0.0,0.0,0,False
UNET_MTL_MASK_GUIDED,10,patient050,patient050_case01,IGM,IGM_patient036_0065.jpg,1,,off_target_fp,116,0,0.0,0.0,0.0,0.0,0,False
UNET_MTL_MASK_GUIDED,10,patient050,patient050_case01,IGM,IGM_patient036_0065.jpg,2,,off_target_fp,457,0,0.0,0.0,0.0,0.0,0,False
UNET_MTL_MASK_GUIDED,10,patient050,patient050_case01,IGM,IGM_patient036_0065.jpg,3,,off_target_fp,41,0,0.0,0.0,0.0,0.0,0,False
UNET_MTL_MASK_GUIDED,10,patient050,patient050_case01,IGM,IGM_patient036_0065.jpg,4,,off_target_fp,117,0,0.0,0.0,0.0,0.0,0,False
UNET_MTL_MASK_GUIDED,10,patient050,patient050_case01,IGM,IGM_patient036_0065.jpg,5,1.0,moderate_50_to_75,138,101,0.7890625,0.7318840579710145,0.7318840579710145,0.6121212121212121,1,False
UNET_MTL_MASK_GUIDED,10,patient050,patient050_case01,IGM,IGM_patient036_0066.jpg,1,,off_target_fp,38,0,0.0,0.0,0.0,0.0,0,False
UNET_MTL_MASK_GUIDED,10,patient050,patient050_case01,IGM,IGM_patient036_0066.jpg,2,,off_target_fp,515,0,0.0,0.0,0.0,0.0,0,False
UNET_MTL_MASK_GUIDED,10,patient050,patient050_case01,IGM,IGM_patient036_0066.jpg,3,,off_target_fp,20,0,0.0,0.0,0.0,0.0,0,False
UNET_MTL_MASK_GUIDED,10,patient050,patient050_case01,IGM,IGM_patient036_0066.jpg,4,,off_target_fp,11,0,0.0,0.0,0.0,0.0,0,False
UNET_MTL_MASK_GUIDED,10,patient050,patient050_case01,IGM,IGM_patient036_0066.jpg,5,,off_target_fp,95,0,0.0,0.0,0.0,0.0,0,False
UNET_MTL_MASK_GUIDED,10,patient050,patient050_case01,IGM,IGM_patient036_0066.jpg,6,,off_target_fp,14,0,0.0,0.0,0.0,0.0,0,False
UNET_MTL_MASK_GUIDED,10,patient050,patient050_case01,IGM,IGM_patient036_0066.jpg,7,1.0,low_25_to_50,100,83,0.42346938775510207,0.83,0.42346938775510207,0.38967136150234744,1,False
UNET_MTL_MASK_GUIDED,10,patient050,patient050_case01,IGM,IGM_patient036_0067.jpg,1,,off_target_fp,55,0,0.0,0.0,0.0,0.0,0,False
UNET_MTL_MASK_GUIDED,10,patient050,patient050_case01,IGM,IGM_patient036_0067.jpg,2,,off_target_fp,19,0,0.0,0.0,0.0,0.0,0,False
UNET_MTL_MASK_GUIDED,10,patient050,patient050_case01,IGM,IGM_patient036_0067.jpg,3,,off_target_fp,46,0,0.0,0.0,0.0,0.0,0,False
UNET_MTL_MASK_GUIDED,10,patient050,patient050_case01,IGM,IGM_patient036_0067.jpg,4,,off_target_fp,436,0,0.0,0.0,0.0,0.0,0,False
UNET_MTL_MASK_GUIDED,10,patient050,patient050_case01,IGM,IGM_patient036_0067.jpg,5,,off_target_fp,36,0,0.0,0.0,0.0,0.0,0,False
UNET_MTL_MASK_GUIDED,10,patient050,patient050_case01,IGM,IGM_patient036_0067.jpg,6,1.0,low_25_to_50,77,71,0.32272727272727275,0.922077922077922,0.32272727272727275,0.3141592920353982,1,False
UNET_MTL_MASK_GUIDED,10,patient050,patient050_case01,IGM,IGM_patient036_0068.jpg,1,,off_target_fp,119,0,0.0,0.0,0.0,0.0,0,False
UNET_MTL_MASK_GUIDED,10,patient050,patient050_case01,IGM,IGM_patient036_0068.jpg,2,,off_target_fp,442,0,0.0,0.0,0.0,0.0,0,False
UNET_MTL_MASK_GUIDED,10,patient050,patient050_case01,IGM,IGM_patient036_0068.jpg,3,,off_target_fp,13,0,0.0,0.0,0.0,0.0,0,False
UNET_MTL_MASK_GUIDED,10,patient050,patient050_case01,IGM,IGM_patient036_0068.jpg,4,,off_target_fp,304,0,0.0,0.0,0.0,0.0,0,False
UNET_MTL_MASK_GUIDED,10,patient050,patient050_case01,IGM,IGM_patient036_0068.jpg,5,,off_target_fp,10,0,0.0,0.0,0.0,0.0,0,False
UNET_MTL_MASK_GUIDED,10,patient050,patient050_case01,IGM,IGM_patient036_0068.jpg,6,1.0,partial_below_25,19,18,0.08035714285714286,0.9473684210526315,0.08035714285714286,0.08,1,False
UNET_MTL_MASK_GUIDED,10,patient050,patient050_case01,IGM,IGM_patient036_0068.jpg,7,1.0,partial_below_25,44,36,0.16071428571428573,0.8181818181818182,0.16071428571428573,0.15517241379310345,1,False
UNET_MTL_MASK_GUIDED,10,patient050,patient050_case01,IGM,IGM_patient036_0068.jpg,8,1.0,partial_below_25,38,33,0.14732142857142858,0.868421052631579,0.14732142857142858,0.14410480349344978,1,False
UNET_MTL_MASK_GUIDED,10,patient050,patient050_case01,IGM,IGM_patient036_0069.jpg,1,,off_target_fp,100,0,0.0,0.0,0.0,0.0,0,False
UNET_MTL_MASK_GUIDED,10,patient050,patient050_case01,IGM,IGM_patient036_0069.jpg,2,,off_target_fp,359,0,0.0,0.0,0.0,0.0,0,False
UNET_MTL_MASK_GUIDED,10,patient050,patient050_case01,IGM,IGM_patient036_0069.jpg,3,1.0,moderate_50_to_75,249,218,0.7266666666666667,0.8755020080321285,0.7266666666666667,0.6586102719033232,1,False
UNET_MTL_MASK_GUIDED,10,patient050,patient050_case01,IGM,IGM_patient036_0070.jpg,1,,off_target_fp,25,0,0.0,0.0,0.0,0.0,0,False
UNET_MTL_MASK_GUIDED,10,patient050,patient050_case01,IGM,IGM_patient036_0070.jpg,2,,off_target_fp,436,0,0.0,0.0,0.0,0.0,0,False
UNET_MTL_MASK_GUIDED,10,patient050,patient050_case01,IGM,IGM_patient036_0070.jpg,3,,off_target_fp,22,0,0.0,0.0,0.0,0.0,0,False
UNET_MTL_MASK_GUIDED,10,patient050,patient050_case01,IGM,IGM_patient036_0070.jpg,4,1.0,moderate_50_to_75,263,221,0.7366666666666667,0.8403041825095057,0.7366666666666667,0.6461988304093568,1,False
UNET_MTL_MASK_GUIDED,10,patient050,patient050_case01,IGM,IGM_patient036_0071.jpg,1,,off_target_fp,239,0,0.0,0.0,0.0,0.0,0,False
UNET_MTL_MASK_GUIDED,10,patient050,patient050_case01,IGM,IGM_patient036_0071.jpg,2,,off_target_fp,45,0,0.0,0.0,0.0,0.0,0,False
UNET_MTL_MASK_GUIDED,10,patient050,patient050_case01,IGM,IGM_patient036_0071.jpg,3,1.0,strong_75_plus,314,293,0.9272151898734177,0.9331210191082803,0.9272151898734177,0.8694362017804155,1,False
UNET_MTL_MASK_GUIDED,10,patient050,patient050_case01,IGM,IGM_patient036_0072.jpg,1,,off_target_fp,140,0,0.0,0.0,0.0,0.0,0,False
UNET_MTL_MASK_GUIDED,10,patient050,patient050_case01,IGM,IGM_patient036_0072.jpg,2,,off_target_fp,104,0,0.0,0.0,0.0,0.0,0,False
UNET_MTL_MASK_GUIDED,10,patient050,patient050_case01,IGM,IGM_patient036_0072.jpg,3,,off_target_fp,241,0,0.0,0.0,0.0,0.0,0,False
UNET_MTL_MASK_GUIDED,10,patient050,patient050_case01,IGM,IGM_patient036_0072.jpg,4,1.0,strong_75_plus,233,209,0.9675925925925926,0.8969957081545065,0.8969957081545065,0.8708333333333333,1,False
UNET_MTL_MASK_GUIDED,10,patient050,patient050_case01,IGM,IGM_patient036_0073.jpg,1,,off_target_fp,237,0,0.0,0.0,0.0,0.0,0,False
UNET_MTL_MASK_GUIDED,10,patient050,patient050_case01,IGM,IGM_patient036_0073.jpg,2,,off_target_fp,16,0,0.0,0.0,0.0,0.0,0,False
UNET_MTL_MASK_GUIDED,10,patient050,patient050_case01,IGM,IGM_patient036_0073.jpg,3,,off_target_fp,85,0,0.0,0.0,0.0,0.0,0,False
UNET_MTL_MASK_GUIDED,10,patient050,patient050_case01,IGM,IGM_patient036_0073.jpg,4,,off_target_fp,251,0,0.0,0.0,0.0,0.0,0,False
UNET_MTL_MASK_GUIDED,10,patient050,patient050_case01,IGM,IGM_patient036_0073.jpg,5,1.0,moderate_50_to_75,80,80,0.5,1.0,0.5,0.5,1,False
UNET_MTL_MASK_GUIDED,10,patient050,patient050_case01,IGM,IGM_patient036_0074.jpg,1,,off_target_fp,184,0,0.0,0.0,0.0,0.0,0,False
UNET_MTL_MASK_GUIDED,10,patient050,patient050_case01,IGM,IGM_patient036_0074.jpg,2,,off_target_fp,55,0,0.0,0.0,0.0,0.0,0,False
UNET_MTL_MASK_GUIDED,10,patient050,patient050_case01,IGM,IGM_patient036_0074.jpg,3,,off_target_fp,171,0,0.0,0.0,0.0,0.0,0,False
UNET_MTL_MASK_GUIDED,10,patient050,patient050_case01,IGM,IGM_patient036_0074.jpg,4,,off_target_fp,36,0,0.0,0.0,0.0,0.0,0,False
UNET_MTL_MASK_GUIDED,10,patient052,patient052_case01,IGM,IGM_patient037_0053.jpg,1,,off_target_fp,24,0,0.0,0.0,0.0,0.0,0,False
UNET_MTL_MASK_GUIDED,10,patient052,patient052_case01,IGM,IGM_patient037_0053.jpg,2,1.0,moderate_50_to_75,90,81,0.7232142857142857,0.9,0.7232142857142857,0.6694214876033058,1,False
UNET_MTL_MASK_GUIDED,10,patient052,patient052_case01,IGM,IGM_patient037_0053.jpg,3,,off_target_fp,62,0,0.0,0.0,0.0,0.0,0,False
UNET_MTL_MASK_GUIDED,10,patient052,patient052_case01,IGM,IGM_patient037_0053.jpg,4,,off_target_fp,92,0,0.0,0.0,0.0,0.0,0,False
UNET_MTL_MASK_GUIDED,10,patient052,patient052_case01,IGM,IGM_patient037_0053.jpg,5,,off_target_fp,16,0,0.0,0.0,0.0,0.0,0,False
UNET_MTL_MASK_GUIDED,10,patient052,patient052_case01,IGM,IGM_patient037_0054.jpg,1,1.0,strong_75_plus,188,165,0.8967391304347826,0.8776595744680851,0.8776595744680851,0.7971014492753623,1,False
UNET_MTL_MASK_GUIDED,10,patient052,patient052_case01,IGM,IGM_patient037_0054.jpg,2,,off_target_fp,18,0,0.0,0.0,0.0,0.0,0,False
UNET_MTL_MASK_GUIDED,10,patient052,patient052_case01,IGM,IGM_patient037_0054.jpg,3,,off_target_fp,62,0,0.0,0.0,0.0,0.0,0,False
UNET_MTL_MASK_GUIDED,10,patient052,patient052_case01,IGM,IGM_patient037_0054.jpg,4,,off_target_fp,27,0,0.0,0.0,0.0,0.0,0,False
UNET_MTL_MASK_GUIDED,10,patient052,patient052_case01,IGM,IGM_patient037_0054.jpg,5,,off_target_fp,26,0,0.0,0.0,0.0,0.0,0,False
UNET_MTL_MASK_GUIDED,10,patient052,patient052_case01,IGM,IGM_patient037_0055.jpg,1,1.0,moderate_50_to_75,210,155,0.9451219512195121,0.7380952380952381,0.7380952380952381,0.7077625570776256,1,False
UNET_MTL_MASK_GUIDED,10,patient052,patient052_case01,IGM,IGM_patient037_0055.jpg,2,,off_target_fp,276,0,0.0,0.0,0.0,0.0,0,False
UNET_MTL_MASK_GUIDED,10,patient052,patient052_case01,IGM,IGM_patient037_0055.jpg,3,,off_target_fp,140,0,0.0,0.0,0.0,0.0,0,False
UNET_MTL_MASK_GUIDED,10,patient052,patient052_case01,IGM,IGM_patient037_0055.jpg,4,,off_target_fp,178,0,0.0,0.0,0.0,0.0,0,False
UNET_MTL_MASK_GUIDED,10,patient052,patient052_case01,IGM,IGM_patient037_0055.jpg,5,,off_target_fp,36,0,0.0,0.0,0.0,0.0,0,False
UNET_MTL_MASK_GUIDED,10,patient052,patient052_case01,IGM,IGM_patient037_0056.jpg,1,1.0,low_25_to_50,148,69,0.8625,0.46621621621621623,0.46621621621621623,0.4339622641509434,1,False
UNET_MTL_MASK_GUIDED,10,patient052,patient052_case01,IGM,IGM_patient037_0056.jpg,2,,off_target_fp,213,0,0.0,0.0,0.0,0.0,0,False
UNET_MTL_MASK_GUIDED,10,patient052,patient052_case01,IGM,IGM_patient037_0056.jpg,3,,off_target_fp,20,0,0.0,0.0,0.0,0.0,0,False
UNET_MTL_MASK_GUIDED,10,patient052,patient052_case01,IGM,IGM_patient037_0056.jpg,4,,off_target_fp,113,0,0.0,0.0,0.0,0.0,0,False
UNET_MTL_MASK_GUIDED,10,patient052,patient052_case01,IGM,IGM_patient037_0056.jpg,5,,off_target_fp,200,0,0.0,0.0,0.0,0.0,0,False
UNET_MTL_MASK_GUIDED,10,patient052,patient052_case01,IGM,IGM_patient037_0056.jpg,6,,off_target_fp,18,0,0.0,0.0,0.0,0.0,0,False
UNET_MTL_MASK_GUIDED,10,patient052,patient052_case01,IGM,IGM_patient037_0056.jpg,7,,off_target_fp,49,0,0.0,0.0,0.0,0.0,0,False
UNET_MTL_MASK_GUIDED,10,patient052,patient052_case01,IGM,IGM_patient037_0057.jpg,1,1.0,moderate_50_to_75,114,92,0.7419354838709677,0.8070175438596491,0.7419354838709677,0.6301369863013698,1,False
UNET_MTL_MASK_GUIDED,10,patient052,patient052_case01,IGM,IGM_patient037_0057.jpg,2,,off_target_fp,238,0,0.0,0.0,0.0,0.0,0,False
UNET_MTL_MASK_GUIDED,10,patient052,patient052_case01,IGM,IGM_patient037_0057.jpg,3,,off_target_fp,228,0,0.0,0.0,0.0,0.0,0,False
UNET_MTL_MASK_GUIDED,10,patient052,patient052_case01,IGM,IGM_patient037_0057.jpg,4,,off_target_fp,43,0,0.0,0.0,0.0,0.0,0,False
UNET_MTL_MASK_GUIDED,10,patient052,patient052_case01,IGM,IGM_patient037_0057.jpg,5,,off_target_fp,55,0,0.0,0.0,0.0,0.0,0,False
UNET_MTL_MASK_GUIDED,10,patient052,patient052_case01,IGM,IGM_patient037_0058.jpg,1,1.0,low_25_to_50,54,51,0.49038461538461536,0.9444444444444444,0.49038461538461536,0.4766355140186916,1,False
UNET_MTL_MASK_GUIDED,10,patient052,patient052_case01,IGM,IGM_patient037_0058.jpg,2,,off_target_fp,162,0,0.0,0.0,0.0,0.0,0,False
UNET_MTL_MASK_GUIDED,10,patient052,patient052_case01,IGM,IGM_patient037_0058.jpg,3,,off_target_fp,36,0,0.0,0.0,0.0,0.0,0,False
UNET_MTL_MASK_GUIDED,10,patient052,patient052_case01,IGM,IGM_patient037_0058.jpg,4,,off_target_fp,55,0,0.0,0.0,0.0,0.0,0,False
UNET_MTL_MASK_GUIDED,10,patient052,patient052_case01,IGM,IGM_patient037_0059.jpg,1,,off_target_fp,19,0,0.0,0.0,0.0,0.0,0,False
UNET_MTL_MASK_GUIDED,10,patient052,patient052_case01,IGM,IGM_patient037_0059.jpg,2,,off_target_fp,46,0,0.0,0.0,0.0,0.0,0,False
UNET_MTL_MASK_GUIDED,10,patient054,patient054_case01,IGM,IGM_patient038_0098.jpg,1,1.0,moderate_50_to_75,96,90,0.5357142857142857,0.9375,0.5357142857142857,0.5172413793103449,1,False
UNET_MTL_MASK_GUIDED,10,patient054,patient054_case01,IGM,IGM_patient038_0098.jpg,2,,off_target_fp,30,0,0.0,0.0,0.0,0.0,0,False
UNET_MTL_MASK_GUIDED,10,patient054,patient054_case01,IGM,IGM_patient038_0098.jpg,3,,off_target_fp,74,0,0.0,0.0,0.0,0.0,0,False
UNET_MTL_MASK_GUIDED,10,patient054,patient054_case01,IGM,IGM_patient038_0098.jpg,4,,off_target_fp,187,0,0.0,0.0,0.0,0.0,0,False
UNET_MTL_MASK_GUIDED,10,patient054,patient054_case01,IGM,IGM_patient038_0099.jpg,1,1.0,strong_75_plus,294,236,0.9516129032258065,0.8027210884353742,0.8027210884353742,0.7712418300653595,1,False
UNET_MTL_MASK_GUIDED,10,patient054,patient054_case01,IGM,IGM_patient038_0099.jpg,2,,off_target_fp,67,0,0.0,0.0,0.0,0.0,0,False
UNET_MTL_MASK_GUIDED,10,patient054,patient054_case01,IGM,IGM_patient038_0099.jpg,3,,off_target_fp,50,0,0.0,0.0,0.0,0.0,0,False
UNET_MTL_MASK_GUIDED,10,patient054,patient054_case01,IGM,IGM_patient038_0099.jpg,4,,off_target_fp,201,0,0.0,0.0,0.0,0.0,0,False
UNET_MTL_MASK_GUIDED,10,patient054,patient054_case01,IGM,IGM_patient038_0100.jpg,1,1.0,strong_75_plus,366,310,0.96875,0.8469945355191257,0.8469945355191257,0.824468085106383,1,False
UNET_MTL_MASK_GUIDED,10,patient054,patient054_case01,IGM,IGM_patient038_0100.jpg,2,,off_target_fp,29,0,0.0,0.0,0.0,0.0,0,False
UNET_MTL_MASK_GUIDED,10,patient054,patient054_case01,IGM,IGM_patient038_0100.jpg,3,,off_target_fp,59,0,0.0,0.0,0.0,0.0,0,False
UNET_MTL_MASK_GUIDED,10,patient054,patient054_case01,IGM,IGM_patient038_0100.jpg,4,,off_target_fp,337,0,0.0,0.0,0.0,0.0,0,False
UNET_MTL_MASK_GUIDED,10,patient054,patient054_case01,IGM,IGM_patient038_0101.jpg,1,1.0,strong_75_plus,416,341,0.9798850574712644,0.8197115384615384,0.8197115384615384,0.806146572104019,1,False
UNET_MTL_MASK_GUIDED,10,patient054,patient054_case01,IGM,IGM_patient038_0101.jpg,2,,off_target_fp,27,0,0.0,0.0,0.0,0.0,0,False
UNET_MTL_MASK_GUIDED,10,patient054,patient054_case01,IGM,IGM_patient038_0101.jpg,3,,off_target_fp,63,0,0.0,0.0,0.0,0.0,0,False
UNET_MTL_MASK_GUIDED,10,patient054,patient054_case01,IGM,IGM_patient038_0101.jpg,4,,off_target_fp,153,0,0.0,0.0,0.0,0.0,0,False
UNET_MTL_MASK_GUIDED,10,patient054,patient054_case01,IGM,IGM_patient038_0101.jpg,5,,off_target_fp,186,0,0.0,0.0,0.0,0.0,0,False
UNET_MTL_MASK_GUIDED,10,patient054,patient054_case01,IGM,IGM_patient038_0102.jpg,1,1.0,strong_75_plus,450,376,0.9894736842105263,0.8355555555555556,0.8355555555555556,0.8281938325991189,1,False
UNET_MTL_MASK_GUIDED,10,patient054,patient054_case01,IGM,IGM_patient038_0102.jpg,2,,off_target_fp,58,0,0.0,0.0,0.0,0.0,0,False
UNET_MTL_MASK_GUIDED,10,patient054,patient054_case01,IGM,IGM_patient038_0102.jpg,3,,off_target_fp,168,0,0.0,0.0,0.0,0.0,0,False
UNET_MTL_MASK_GUIDED,10,patient054,patient054_case01,IGM,IGM_patient038_0102.jpg,4,,off_target_fp,147,0,0.0,0.0,0.0,0.0,0,False
UNET_MTL_MASK_GUIDED,10,patient054,patient054_case01,IGM,IGM_patient038_0103.jpg,1,1.0,strong_75_plus,474,375,0.9868421052631579,0.7911392405063291,0.7911392405063291,0.7828810020876826,1,False
UNET_MTL_MASK_GUIDED,10,patient054,patient054_case01,IGM,IGM_patient038_0103.jpg,2,,off_target_fp,50,0,0.0,0.0,0.0,0.0,0,False
UNET_MTL_MASK_GUIDED,10,patient054,patient054_case01,IGM,IGM_patient038_0103.jpg,3,,off_target_fp,198,0,0.0,0.0,0.0,0.0,0,False
UNET_MTL_MASK_GUIDED,10,patient054,patient054_case01,IGM,IGM_patient038_0103.jpg,4,,off_target_fp,27,0,0.0,0.0,0.0,0.0,0,False
UNET_MTL_MASK_GUIDED,10,patient054,patient054_case01,IGM,IGM_patient038_0104.jpg,1,1.0,strong_75_plus,479,422,0.9590909090909091,0.8810020876826722,0.8810020876826722,0.8490945674044266,1,False
UNET_MTL_MASK_GUIDED,10,patient054,patient054_case01,IGM,IGM_patient038_0104.jpg,2,,off_target_fp,44,0,0.0,0.0,0.0,0.0,0,False
UNET_MTL_MASK_GUIDED,10,patient054,patient054_case01,IGM,IGM_patient038_0104.jpg,3,,off_target_fp,190,0,0.0,0.0,0.0,0.0,0,False
UNET_MTL_MASK_GUIDED,10,patient054,patient054_case01,IGM,IGM_patient038_0105.jpg,1,1.0,strong_75_plus,465,372,0.9789473684210527,0.8,0.8,0.7864693446088795,1,False
UNET_MTL_MASK_GUIDED,10,patient054,patient054_case01,IGM,IGM_patient038_0105.jpg,2,,off_target_fp,54,0,0.0,0.0,0.0,0.0,0,False
UNET_MTL_MASK_GUIDED,10,patient054,patient054_case01,IGM,IGM_patient038_0105.jpg,3,,off_target_fp,184,0,0.0,0.0,0.0,0.0,0,False
UNET_MTL_MASK_GUIDED,10,patient054,patient054_case01,IGM,IGM_patient038_0106.jpg,1,1.0,strong_75_plus,458,357,0.9807692307692307,0.7794759825327511,0.7794759825327511,0.7677419354838709,1,False
UNET_MTL_MASK_GUIDED,10,patient054,patient054_case01,IGM,IGM_patient038_0106.jpg,2,,off_target_fp,65,0,0.0,0.0,0.0,0.0,0,False
UNET_MTL_MASK_GUIDED,10,patient054,patient054_case01,IGM,IGM_patient038_0106.jpg,3,,off_target_fp,176,0,0.0,0.0,0.0,0.0,0,False
UNET_MTL_MASK_GUIDED,10,patient054,patient054_case01,IGM,IGM_patient038_0107.jpg,1,1.0,moderate_50_to_75,468,346,0.9829545454545454,0.7393162393162394,0.7393162393162394,0.729957805907173,1,False
UNET_MTL_MASK_GUIDED,10,patient054,patient054_case01,IGM,IGM_patient038_0107.jpg,2,,off_target_fp,66,0,0.0,0.0,0.0,0.0,0,False
UNET_MTL_MASK_GUIDED,10,patient054,patient054_case01,IGM,IGM_patient038_0107.jpg,3,,off_target_fp,172,0,0.0,0.0,0.0,0.0,0,False
UNET_MTL_MASK_GUIDED,10,patient054,patient054_case01,IGM,IGM_patient038_0108.jpg,1,1.0,strong_75_plus,441,347,0.9857954545454546,0.7868480725623582,0.7868480725623582,0.7780269058295964,1,False
UNET_MTL_MASK_GUIDED,10,patient054,patient054_case01,IGM,IGM_patient038_0108.jpg,2,,off_target_fp,65,0,0.0,0.0,0.0,0.0,0,False
UNET_MTL_MASK_GUIDED,10,patient054,patient054_case01,IGM,IGM_patient038_0108.jpg,3,,off_target_fp,174,0,0.0,0.0,0.0,0.0,0,False
UNET_MTL_MASK_GUIDED,10,patient054,patient054_case01,IGM,IGM_patient038_0109.jpg,1,1.0,strong_75_plus,383,317,0.990625,0.8276762402088773,0.8276762402088773,0.8212435233160622,1,False
UNET_MTL_MASK_GUIDED,10,patient054,patient054_case01,IGM,IGM_patient038_0109.jpg,2,,off_target_fp,65,0,0.0,0.0,0.0,0.0,0,False
UNET_MTL_MASK_GUIDED,10,patient054,patient054_case01,IGM,IGM_patient038_0109.jpg,3,,off_target_fp,177,0,0.0,0.0,0.0,0.0,0,False
UNET_MTL_MASK_GUIDED,10,patient054,patient054_case01,IGM,IGM_patient038_0110.jpg,1,1.0,strong_75_plus,342,260,1.0,0.7602339181286549,0.7602339181286549,0.7602339181286549,1,False
UNET_MTL_MASK_GUIDED,10,patient054,patient054_case01,IGM,IGM_patient038_0110.jpg,2,,off_target_fp,42,0,0.0,0.0,0.0,0.0,0,False
UNET_MTL_MASK_GUIDED,10,patient054,patient054_case01,IGM,IGM_patient038_0110.jpg,3,,off_target_fp,190,0,0.0,0.0,0.0,0.0,0,False
UNET_MTL_MASK_GUIDED,10,patient054,patient054_case01,IGM,IGM_patient038_0111.jpg,1,1.0,strong_75_plus,299,260,0.9154929577464789,0.8695652173913043,0.8695652173913043,0.804953560371517,1,False
UNET_MTL_MASK_GUIDED,10,patient054,patient054_case01,IGM,IGM_patient038_0111.jpg,2,,off_target_fp,31,0,0.0,0.0,0.0,0.0,0,False
UNET_MTL_MASK_GUIDED,10,patient054,patient054_case01,IGM,IGM_patient038_0111.jpg,3,,off_target_fp,182,0,0.0,0.0,0.0,0.0,0,False
UNET_MTL_MASK_GUIDED,10,patient054,patient054_case01,IGM,IGM_patient038_0111.jpg,4,,off_target_fp,82,0,0.0,0.0,0.0,0.0,0,False
UNET_MTL_MASK_GUIDED,10,patient054,patient054_case01,IGM,IGM_patient038_0112.jpg,1,1.0,strong_75_plus,257,216,0.9310344827586207,0.8404669260700389,0.8404669260700389,0.7912087912087912,1,False
UNET_MTL_MASK_GUIDED,10,patient054,patient054_case01,IGM,IGM_patient038_0112.jpg,2,,off_target_fp,37,0,0.0,0.0,0.0,0.0,0,False
UNET_MTL_MASK_GUIDED,10,patient054,patient054_case01,IGM,IGM_patient038_0112.jpg,3,,off_target_fp,167,0,0.0,0.0,0.0,0.0,0,False
UNET_MTL_MASK_GUIDED,10,patient054,patient054_case01,IGM,IGM_patient038_0112.jpg,4,,off_target_fp,102,0,0.0,0.0,0.0,0.0,0,False
UNET_MTL_MASK_GUIDED,10,patient054,patient054_case01,IGM,IGM_patient038_0113.jpg,1,1.0,strong_75_plus,200,172,0.9347826086956522,0.86,0.86,0.8113207547169812,1,False
UNET_MTL_MASK_GUIDED,10,patient054,patient054_case01,IGM,IGM_patient038_0113.jpg,2,,off_target_fp,45,0,0.0,0.0,0.0,0.0,0,False
UNET_MTL_MASK_GUIDED,10,patient054,patient054_case01,IGM,IGM_patient038_0113.jpg,3,,off_target_fp,130,0,0.0,0.0,0.0,0.0,0,False
UNET_MTL_MASK_GUIDED,10,patient054,patient054_case01,IGM,IGM_patient038_0113.jpg,4,,off_target_fp,100,0,0.0,0.0,0.0,0.0,0,False
UNET_MTL_MASK_GUIDED,10,patient054,patient054_case01,IGM,IGM_patient038_0114.jpg,1,,off_target_fp,48,0,0.0,0.0,0.0,0.0,0,False
UNET_MTL_MASK_GUIDED,10,patient054,patient054_case01,IGM,IGM_patient038_0114.jpg,2,,off_target_fp,91,0,0.0,0.0,0.0,0.0,0,False
UNET_MTL_MASK_GUIDED,10,patient054,patient054_case01,IGM,IGM_patient038_0114.jpg,3,,off_target_fp,18,0,0.0,0.0,0.0,0.0,0,False
UNET_MTL_MASK_GUIDED,10,patient059,patient059_case01,IBC,IBC_patient040_0059.jpg,1,,off_target_fp,110,0,0.0,0.0,0.0,0.0,0,False
UNET_MTL_MASK_GUIDED,10,patient059,patient059_case01,IBC,IBC_patient040_0059.jpg,2,1.0,moderate_50_to_75,44,40,0.5555555555555556,0.9090909090909091,0.5555555555555556,0.5263157894736842,1,False
UNET_MTL_MASK_GUIDED,10,patient059,patient059_case01,IBC,IBC_patient040_0060.jpg,1,,off_target_fp,15,0,0.0,0.0,0.0,0.0,0,False
UNET_MTL_MASK_GUIDED,10,patient059,patient059_case01,IBC,IBC_patient040_0060.jpg,2,1.0,moderate_50_to_75,130,95,0.9134615384615384,0.7307692307692307,0.7307692307692307,0.6834532374100719,1,False
UNET_MTL_MASK_GUIDED,10,patient059,patient059_case01,IBC,IBC_patient040_0061.jpg,1,1.0,strong_75_plus,143,122,0.8472222222222222,0.8531468531468531,0.8472222222222222,0.7393939393939394,1,False
UNET_MTL_MASK_GUIDED,10,patient059,patient059_case01,IBC,IBC_patient040_0062.jpg,1,,off_target_fp,19,0,0.0,0.0,0.0,0.0,0,False
UNET_MTL_MASK_GUIDED,10,patient059,patient059_case01,IBC,IBC_patient040_0062.jpg,2,1.0,strong_75_plus,181,151,0.8206521739130435,0.8342541436464088,0.8206521739130435,0.705607476635514,1,False
UNET_MTL_MASK_GUIDED,10,patient059,patient059_case01,IBC,IBC_patient040_0063.jpg,1,,off_target_fp,77,0,0.0,0.0,0.0,0.0,0,False
UNET_MTL_MASK_GUIDED,10,patient059,patient059_case01,IBC,IBC_patient040_0063.jpg,2,1.0,strong_75_plus,231,211,0.8373015873015873,0.9134199134199135,0.8373015873015873,0.7757352941176471,1,False
UNET_MTL_MASK_GUIDED,10,patient059,patient059_case01,IBC,IBC_patient040_0064.jpg,1,,off_target_fp,101,0,0.0,0.0,0.0,0.0,0,False
UNET_MTL_MASK_GUIDED,10,patient059,patient059_case01,IBC,IBC_patient040_0064.jpg,2,1.0,strong_75_plus,252,190,0.9134615384615384,0.753968253968254,0.753968253968254,0.7037037037037037,1,False
UNET_MTL_MASK_GUIDED,10,patient059,patient059_case01,IBC,IBC_patient040_0064.jpg,3,,off_target_fp,45,0,0.0,0.0,0.0,0.0,0,False
UNET_MTL_MASK_GUIDED,10,patient059,patient059_case01,IBC,IBC_patient040_0065.jpg,1,,off_target_fp,52,0,0.0,0.0,0.0,0.0,0,False
UNET_MTL_MASK_GUIDED,10,patient059,patient059_case01,IBC,IBC_patient040_0065.jpg,2,1.0,strong_75_plus,287,248,0.8611111111111112,0.8641114982578397,0.8611111111111112,0.7584097859327217,1,False
UNET_MTL_MASK_GUIDED,10,patient059,patient059_case01,IBC,IBC_patient040_0065.jpg,3,,off_target_fp,115,0,0.0,0.0,0.0,0.0,0,False
UNET_MTL_MASK_GUIDED,10,patient059,patient059_case01,IBC,IBC_patient040_0066.jpg,1,,off_target_fp,103,0,0.0,0.0,0.0,0.0,0,False
UNET_MTL_MASK_GUIDED,10,patient059,patient059_case01,IBC,IBC_patient040_0066.jpg,2,1.0,strong_75_plus,343,266,0.9366197183098591,0.7755102040816326,0.7755102040816326,0.7368421052631579,1,False
UNET_MTL_MASK_GUIDED,10,patient059,patient059_case01,IBC,IBC_patient040_0066.jpg,3,,off_target_fp,105,0,0.0,0.0,0.0,0.0,0,False
UNET_MTL_MASK_GUIDED,10,patient059,patient059_case01,IBC,IBC_patient040_0067.jpg,1,,off_target_fp,335,0,0.0,0.0,0.0,0.0,0,False
UNET_MTL_MASK_GUIDED,10,patient059,patient059_case01,IBC,IBC_patient040_0067.jpg,2,,off_target_fp,119,0,0.0,0.0,0.0,0.0,0,False
UNET_MTL_MASK_GUIDED,10,patient059,patient059_case01,IBC,IBC_patient040_0067.jpg,3,1.0,strong_75_plus,318,256,0.9411764705882353,0.8050314465408805,0.8050314465408805,0.7664670658682635,1,False
UNET_MTL_MASK_GUIDED,10,patient059,patient059_case01,IBC,IBC_patient040_0068.jpg,1,,off_target_fp,339,0,0.0,0.0,0.0,0.0,0,False
UNET_MTL_MASK_GUIDED,10,patient059,patient059_case01,IBC,IBC_patient040_0068.jpg,2,,off_target_fp,33,0,0.0,0.0,0.0,0.0,0,False
UNET_MTL_MASK_GUIDED,10,patient059,patient059_case01,IBC,IBC_patient040_0068.jpg,3,1.0,strong_75_plus,263,208,0.8813559322033898,0.7908745247148289,0.7908745247148289,0.7147766323024055,1,False
UNET_MTL_MASK_GUIDED,10,patient059,patient059_case01,IBC,IBC_patient040_0069.jpg,1,,off_target_fp,211,0,0.0,0.0,0.0,0.0,0,False
UNET_MTL_MASK_GUIDED,10,patient059,patient059_case01,IBC,IBC_patient040_0069.jpg,2,,off_target_fp,253,0,0.0,0.0,0.0,0.0,0,False
UNET_MTL_MASK_GUIDED,10,patient059,patient059_case01,IBC,IBC_patient040_0069.jpg,3,1.0,strong_75_plus,298,275,0.8283132530120482,0.9228187919463087,0.8283132530120482,0.7746478873239436,1,False
UNET_MTL_MASK_GUIDED,10,patient059,patient059_case01,IBC,IBC_patient040_0070.jpg,1,,off_target_fp,228,0,0.0,0.0,0.0,0.0,0,False
UNET_MTL_MASK_GUIDED,10,patient059,patient059_case01,IBC,IBC_patient040_0070.jpg,2,1.0,strong_75_plus,143,113,0.8828125,0.7902097902097902,0.7902097902097902,0.7151898734177216,1,False
UNET_MTL_MASK_GUIDED,10,patient064,patient064_case01,IGM,IGM_patient043_0054.jpg,1,1.0,moderate_50_to_75,565,396,0.9519230769230769,0.7008849557522124,0.7008849557522124,0.676923076923077,1,False
UNET_MTL_MASK_GUIDED,10,patient064,patient064_case01,IGM,IGM_patient043_0055.jpg,1,1.0,strong_75_plus,744,597,0.9506369426751592,0.8024193548387096,0.8024193548387096,0.7703225806451612,1,False
UNET_MTL_MASK_GUIDED,10,patient064,patient064_case01,IGM,IGM_patient043_0056.jpg,1,1.0,strong_75_plus,776,601,0.9217791411042945,0.7744845360824743,0.7744845360824743,0.7267230955259976,1,False
UNET_MTL_MASK_GUIDED,10,patient064,patient064_case01,IGM,IGM_patient043_0056.jpg,2,,off_target_fp,79,0,0.0,0.0,0.0,0.0,0,False
UNET_MTL_MASK_GUIDED,10,patient064,patient064_case01,IGM,IGM_patient043_0057.jpg,1,1.0,strong_75_plus,549,484,0.8231292517006803,0.8816029143897997,0.8231292517006803,0.7411944869831547,1,False
UNET_MTL_MASK_GUIDED,10,patient064,patient064_case01,IGM,IGM_patient043_0057.jpg,2,,off_target_fp,103,0,0.0,0.0,0.0,0.0,0,False
UNET_MTL_MASK_GUIDED,10,patient064,patient064_case01,IGM,IGM_patient043_0057.jpg,3,1.0,partial_below_25,16,15,0.025510204081632654,0.9375,0.025510204081632654,0.025466893039049237,1,False
UNET_MTL_MASK_GUIDED,10,patient064,patient064_case01,IGM,IGM_patient043_0058.jpg,1,1.0,strong_75_plus,546,458,0.8178571428571428,0.8388278388278388,0.8178571428571428,0.7067901234567902,1,False
UNET_MTL_MASK_GUIDED,10,patient064,patient064_case01,IGM,IGM_patient043_0059.jpg,1,1.0,moderate_50_to_75,391,376,0.5222222222222223,0.9616368286445013,0.5222222222222223,0.5115646258503401,1,False
UNET_MTL_MASK_GUIDED,10,patient064,patient064_case01,IGM,IGM_patient043_0060.jpg,1,,off_target_fp,396,0,0.0,0.0,0.0,0.0,0,False
UNET_MTL_MASK_GUIDED,10,patient064,patient064_case01,IGM,IGM_patient043_0060.jpg,2,,off_target_fp,97,0,0.0,0.0,0.0,0.0,0,False
UNET_MTL_MASK_GUIDED,10,patient064,patient064_case01,IGM,IGM_patient043_0060.jpg,3,1.0,low_25_to_50,158,155,0.25326797385620914,0.9810126582278481,0.25326797385620914,0.25203252032520324,1,False
UNET_MTL_MASK_GUIDED,10,patient064,patient064_case01,IGM,IGM_patient043_0060.jpg,4,1.0,low_25_to_50,235,189,0.3088235294117647,0.8042553191489362,0.3088235294117647,0.2872340425531915,1,False
UNET_MTL_MASK_GUIDED,10,patient064,patient064_case01,IGM,IGM_patient043_0061.jpg,1,,off_target_fp,351,0,0.0,0.0,0.0,0.0,0,False
UNET_MTL_MASK_GUIDED,10,patient064,patient064_case01,IGM,IGM_patient043_0061.jpg,2,,off_target_fp,183,0,0.0,0.0,0.0,0.0,0,False
UNET_MTL_MASK_GUIDED,10,patient064,patient064_case01,IGM,IGM_patient043_0061.jpg,3,1.0,moderate_50_to_75,140,87,0.6041666666666666,0.6214285714285714,0.6041666666666666,0.4416243654822335,1,False
UNET_MTL_MASK_GUIDED,10,patient070,patient070_case01,IBC,IBC_patient046_0056.jpg,1,1.0,moderate_50_to_75,50,41,0.7321428571428571,0.82,0.7321428571428571,0.6307692307692307,1,False
UNET_MTL_MASK_GUIDED,10,patient070,patient070_case01,IBC,IBC_patient046_0057.jpg,1,1.0,strong_75_plus,118,101,0.9017857142857143,0.8559322033898306,0.8559322033898306,0.7829457364341085,1,False
UNET_MTL_MASK_GUIDED,10,patient070,patient070_case01,IBC,IBC_patient046_0058.jpg,1,1.0,strong_75_plus,174,131,0.9357142857142857,0.7528735632183908,0.7528735632183908,0.7158469945355191,1,False
UNET_MTL_MASK_GUIDED,10,patient070,patient070_case01,IBC,IBC_patient046_0058.jpg,2,,off_target_fp,113,0,0.0,0.0,0.0,0.0,0,False
UNET_MTL_MASK_GUIDED,10,patient070,patient070_case01,IBC,IBC_patient046_0059.jpg,1,1.0,strong_75_plus,163,123,0.9609375,0.754601226993865,0.754601226993865,0.7321428571428571,1,False
UNET_MTL_MASK_GUIDED,10,patient070,patient070_case01,IBC,IBC_patient046_0059.jpg,2,,off_target_fp,117,0,0.0,0.0,0.0,0.0,0,False
UNET_MTL_MASK_GUIDED,10,patient070,patient070_case01,IBC,IBC_patient046_0060.jpg,1,1.0,strong_75_plus,101,95,0.7916666666666666,0.9405940594059405,0.7916666666666666,0.753968253968254,1,False
UNET_MTL_MASK_GUIDED,10,patient070,patient070_case01,IBC,IBC_patient046_0060.jpg,2,,off_target_fp,122,0,0.0,0.0,0.0,0.0,0,False
UNET_MTL_MASK_GUIDED,10,patient070,patient070_case01,IBC,IBC_patient046_0061.jpg,1,1.0,strong_75_plus,185,149,0.9085365853658537,0.8054054054054054,0.8054054054054054,0.745,1,False
UNET_MTL_MASK_GUIDED,10,patient070,patient070_case01,IBC,IBC_patient046_0061.jpg,2,,off_target_fp,39,0,0.0,0.0,0.0,0.0,0,False
UNET_MTL_MASK_GUIDED,10,patient070,patient070_case01,IBC,IBC_patient046_0062.jpg,1,1.0,strong_75_plus,175,153,0.8895348837209303,0.8742857142857143,0.8742857142857143,0.788659793814433,1,False
UNET_MTL_MASK_GUIDED,10,patient070,patient070_case01,IBC,IBC_patient046_0062.jpg,2,,off_target_fp,101,0,0.0,0.0,0.0,0.0,0,False
UNET_MTL_MASK_GUIDED,10,patient070,patient070_case01,IBC,IBC_patient046_0063.jpg,1,,off_target_fp,53,0,0.0,0.0,0.0,0.0,0,False
UNET_MTL_MASK_GUIDED,10,patient070,patient070_case01,IBC,IBC_patient046_0063.jpg,2,,off_target_fp,73,0,0.0,0.0,0.0,0.0,0,False
UNET_MTL_MASK_GUIDED,10,patient070,patient070_case01,IBC,IBC_patient046_0063.jpg,3,1.0,strong_75_plus,93,84,0.8076923076923077,0.9032258064516129,0.8076923076923077,0.7433628318584071,1,False
UNET_MTL_MASK_GUIDED,10,patient070,patient070_case01,IBC,IBC_patient046_0067.jpg,1,,off_target_fp,41,0,0.0,0.0,0.0,0.0,0,False
UNET_MTL_MASK_GUIDED,10,patient070,patient070_case01,IBC,IBC_patient046_0067.jpg,2,1.0,moderate_50_to_75,170,164,0.6612903225806451,0.9647058823529412,0.6612903225806451,0.6456692913385826,1,False
UNET_MTL_MASK_GUIDED,10,patient070,patient070_case01,IBC,IBC_patient046_0067.jpg,3,,off_target_fp,93,0,0.0,0.0,0.0,0.0,0,False
UNET_MTL_MASK_GUIDED,10,patient070,patient070_case01,IBC,IBC_patient046_0068.jpg,1,1.0,moderate_50_to_75,334,242,0.9029850746268657,0.7245508982035929,0.7245508982035929,0.6722222222222223,1,False
UNET_MTL_MASK_GUIDED,10,patient070,patient070_case01,IBC,IBC_patient046_0068.jpg,2,,off_target_fp,73,0,0.0,0.0,0.0,0.0,0,False
UNET_MTL_MASK_GUIDED,10,patient070,patient070_case01,IBC,IBC_patient046_0069.jpg,1,1.0,strong_75_plus,331,251,0.9653846153846154,0.7583081570996979,0.7583081570996979,0.7382352941176471,1,False
UNET_MTL_MASK_GUIDED,10,patient070,patient070_case01,IBC,IBC_patient046_0069.jpg,2,,off_target_fp,53,0,0.0,0.0,0.0,0.0,0,False
UNET_MTL_MASK_GUIDED,10,patient070,patient070_case01,IBC,IBC_patient046_0070.jpg,1,,off_target_fp,41,0,0.0,0.0,0.0,0.0,0,False
UNET_MTL_MASK_GUIDED,10,patient070,patient070_case01,IBC,IBC_patient046_0070.jpg,2,1.0,strong_75_plus,232,189,0.8915094339622641,0.8146551724137931,0.8146551724137931,0.7411764705882353,1,False
UNET_MTL_MASK_GUIDED,10,patient070,patient070_case01,IBC,IBC_patient046_0071.jpg,1,,off_target_fp,110,0,0.0,0.0,0.0,0.0,0,False
UNET_MTL_MASK_GUIDED,10,patient070,patient070_case01,IBC,IBC_patient046_0071.jpg,2,,off_target_fp,61,0,0.0,0.0,0.0,0.0,0,False
UNET_MTL_MASK_GUIDED,10,patient070,patient070_case01,IBC,IBC_patient046_0071.jpg,3,1.0,moderate_50_to_75,59,51,0.51,0.864406779661017,0.51,0.4722222222222222,1,False
UNET_MTL_MASK_GUIDED,10,patient070,patient070_case01,IBC,IBC_patient046_0071.jpg,4,,off_target_fp,15,0,0.0,0.0,0.0,0.0,0,False
UNET_MTL_MASK_GUIDED,10,patient072,patient072_case01,IBC,IBC_patient047_0053.jpg,1,,off_target_fp,11,0,0.0,0.0,0.0,0.0,0,False
UNET_MTL_MASK_GUIDED,10,patient072,patient072_case01,IBC,IBC_patient047_0053.jpg,2,,off_target_fp,13,0,0.0,0.0,0.0,0.0,0,False
UNET_MTL_MASK_GUIDED,10,patient072,patient072_case01,IBC,IBC_patient047_0053.jpg,3,,off_target_fp,1013,0,0.0,0.0,0.0,0.0,0,False
UNET_MTL_MASK_GUIDED,10,patient072,patient072_case01,IBC,IBC_patient047_0053.jpg,4,1.0,strong_75_plus,311,245,0.9722222222222222,0.7877813504823151,0.7877813504823151,0.7704402515723271,1,False
UNET_MTL_MASK_GUIDED,10,patient072,patient072_case01,IBC,IBC_patient047_0054.jpg,1,,off_target_fp,21,0,0.0,0.0,0.0,0.0,0,False
UNET_MTL_MASK_GUIDED,10,patient072,patient072_case01,IBC,IBC_patient047_0054.jpg,2,,off_target_fp,44,0,0.0,0.0,0.0,0.0,0,False
UNET_MTL_MASK_GUIDED,10,patient072,patient072_case01,IBC,IBC_patient047_0054.jpg,3,,off_target_fp,729,0,0.0,0.0,0.0,0.0,0,False
UNET_MTL_MASK_GUIDED,10,patient072,patient072_case01,IBC,IBC_patient047_0054.jpg,4,1.0,strong_75_plus,494,441,0.9264705882352942,0.8927125506072875,0.8927125506072875,0.833648393194707,1,False
UNET_MTL_MASK_GUIDED,10,patient072,patient072_case01,IBC,IBC_patient047_0055.jpg,1,,off_target_fp,23,0,0.0,0.0,0.0,0.0,0,False
UNET_MTL_MASK_GUIDED,10,patient072,patient072_case01,IBC,IBC_patient047_0055.jpg,2,,off_target_fp,10,0,0.0,0.0,0.0,0.0,0,False
UNET_MTL_MASK_GUIDED,10,patient072,patient072_case01,IBC,IBC_patient047_0055.jpg,3,,off_target_fp,12,0,0.0,0.0,0.0,0.0,0,False
UNET_MTL_MASK_GUIDED,10,patient072,patient072_case01,IBC,IBC_patient047_0055.jpg,4,,off_target_fp,314,0,0.0,0.0,0.0,0.0,0,False
UNET_MTL_MASK_GUIDED,10,patient072,patient072_case01,IBC,IBC_patient047_0055.jpg,5,1.0,strong_75_plus,542,501,0.7927215189873418,0.9243542435424354,0.7927215189873418,0.7444279346210996,1,False
UNET_MTL_MASK_GUIDED,10,patient072,patient072_case01,IBC,IBC_patient047_0056.jpg,1,,off_target_fp,15,0,0.0,0.0,0.0,0.0,0,False
UNET_MTL_MASK_GUIDED,10,patient072,patient072_case01,IBC,IBC_patient047_0056.jpg,2,,off_target_fp,19,0,0.0,0.0,0.0,0.0,0,False
UNET_MTL_MASK_GUIDED,10,patient072,patient072_case01,IBC,IBC_patient047_0056.jpg,3,1.0,strong_75_plus,583,569,0.7902777777777777,0.9759862778730704,0.7902777777777777,0.7752043596730245,1,False
UNET_MTL_MASK_GUIDED,10,patient072,patient072_case01,IBC,IBC_patient047_0057.jpg,1,,off_target_fp,24,0,0.0,0.0,0.0,0.0,0,False
UNET_MTL_MASK_GUIDED,10,patient072,patient072_case01,IBC,IBC_patient047_0057.jpg,2,1.0,moderate_50_to_75,533,364,0.7982456140350878,0.6829268292682927,0.6829268292682927,0.5824,1,False
UNET_MTL_MASK_GUIDED,10,patient072,patient072_case01,IBC,IBC_patient047_0058.jpg,1,,off_target_fp,137,0,0.0,0.0,0.0,0.0,0,False
UNET_MTL_MASK_GUIDED,10,patient072,patient072_case01,IBC,IBC_patient047_0058.jpg,2,1.0,low_25_to_50,278,134,0.2596899224806202,0.48201438848920863,0.2596899224806202,0.20303030303030303,1,False
UNET_MTL_MASK_GUIDED,10,patient072,patient072_case01,IBC,IBC_patient047_0058.jpg,3,1.0,moderate_50_to_75,357,293,0.5678294573643411,0.8207282913165266,0.5678294573643411,0.5051724137931034,1,False
UNET_MTL_MASK_GUIDED,10,patient072,patient072_case01,IBC,IBC_patient047_0059.jpg,1,,off_target_fp,278,0,0.0,0.0,0.0,0.0,0,False
UNET_MTL_MASK_GUIDED,10,patient072,patient072_case01,IBC,IBC_patient047_0059.jpg,2,,off_target_fp,435,0,0.0,0.0,0.0,0.0,0,False
UNET_MTL_MASK_GUIDED,10,patient072,patient072_case01,IBC,IBC_patient047_0059.jpg,3,,off_target_fp,149,0,0.0,0.0,0.0,0.0,0,False
UNET_MTL_MASK_GUIDED,10,patient072,patient072_case01,IBC,IBC_patient047_0059.jpg,4,1.0,strong_75_plus,171,154,0.8555555555555555,0.9005847953216374,0.8555555555555555,0.7817258883248731,1,False
UNET_MTL_MASK_GUIDED,10,patient083,patient083_case01,IGM,IGM_patient052_0059.jpg,1,1.0,strong_75_plus,79,77,0.77,0.9746835443037974,0.77,0.7549019607843137,1,False
UNET_MTL_MASK_GUIDED,10,patient083,patient083_case01,IGM,IGM_patient052_0060.jpg,1,1.0,moderate_50_to_75,137,126,0.7159090909090909,0.9197080291970803,0.7159090909090909,0.6737967914438503,1,False
UNET_MTL_MASK_GUIDED,10,patient083,patient083_case01,IGM,IGM_patient052_0060.jpg,2,,off_target_fp,25,0,0.0,0.0,0.0,0.0,0,False
UNET_MTL_MASK_GUIDED,10,patient083,patient083_case01,IGM,IGM_patient052_0061.jpg,1,1.0,strong_75_plus,180,175,0.78125,0.9722222222222222,0.78125,0.7641921397379913,1,False
UNET_MTL_MASK_GUIDED,10,patient083,patient083_case01,IGM,IGM_patient052_0061.jpg,2,,off_target_fp,52,0,0.0,0.0,0.0,0.0,0,False
UNET_MTL_MASK_GUIDED,10,patient083,patient083_case01,IGM,IGM_patient052_0062.jpg,1,1.0,strong_75_plus,240,229,0.89453125,0.9541666666666667,0.89453125,0.8576779026217228,1,False
UNET_MTL_MASK_GUIDED,10,patient083,patient083_case01,IGM,IGM_patient052_0062.jpg,2,,off_target_fp,47,0,0.0,0.0,0.0,0.0,0,False
UNET_MTL_MASK_GUIDED,10,patient083,patient083_case01,IGM,IGM_patient052_0062.jpg,3,,off_target_fp,55,0,0.0,0.0,0.0,0.0,0,False
UNET_MTL_MASK_GUIDED,10,patient083,patient083_case01,IGM,IGM_patient052_0063.jpg,1,1.0,strong_75_plus,270,244,0.9104477611940298,0.9037037037037037,0.9037037037037037,0.8299319727891157,1,False
UNET_MTL_MASK_GUIDED,10,patient083,patient083_case01,IGM,IGM_patient052_0063.jpg,2,,off_target_fp,28,0,0.0,0.0,0.0,0.0,0,False
UNET_MTL_MASK_GUIDED,10,patient083,patient083_case01,IGM,IGM_patient052_0063.jpg,3,,off_target_fp,125,0,0.0,0.0,0.0,0.0,0,False
UNET_MTL_MASK_GUIDED,10,patient083,patient083_case01,IGM,IGM_patient052_0064.jpg,1,1.0,strong_75_plus,314,252,0.984375,0.802547770700637,0.802547770700637,0.7924528301886793,1,False
UNET_MTL_MASK_GUIDED,10,patient083,patient083_case01,IGM,IGM_patient052_0064.jpg,2,,off_target_fp,63,0,0.0,0.0,0.0,0.0,0,False
UNET_MTL_MASK_GUIDED,10,patient083,patient083_case01,IGM,IGM_patient052_0064.jpg,3,,off_target_fp,206,0,0.0,0.0,0.0,0.0,0,False
UNET_MTL_MASK_GUIDED,10,patient083,patient083_case01,IGM,IGM_patient052_0065.jpg,1,1.0,strong_75_plus,218,202,0.7769230769230769,0.926605504587156,0.7769230769230769,0.7318840579710145,1,False
UNET_MTL_MASK_GUIDED,10,patient083,patient083_case01,IGM,IGM_patient052_0065.jpg,2,,off_target_fp,22,0,0.0,0.0,0.0,0.0,0,False
UNET_MTL_MASK_GUIDED,10,patient083,patient083_case01,IGM,IGM_patient052_0065.jpg,3,,off_target_fp,225,0,0.0,0.0,0.0,0.0,0,False
UNET_MTL_MASK_GUIDED,10,patient083,patient083_case01,IGM,IGM_patient052_0065.jpg,4,,off_target_fp,16,0,0.0,0.0,0.0,0.0,0,False
UNET_MTL_MASK_GUIDED,10,patient083,patient083_case01,IGM,IGM_patient052_0066.jpg,1,1.0,strong_75_plus,146,138,0.9324324324324325,0.9452054794520548,0.9324324324324325,0.8846153846153846,1,False
UNET_MTL_MASK_GUIDED,10,patient083,patient083_case01,IGM,IGM_patient052_0066.jpg,2,,off_target_fp,23,0,0.0,0.0,0.0,0.0,0,False
UNET_MTL_MASK_GUIDED,10,patient083,patient083_case01,IGM,IGM_patient052_0066.jpg,3,,off_target_fp,39,0,0.0,0.0,0.0,0.0,0,False
UNET_MTL_MASK_GUIDED,10,patient083,patient083_case01,IGM,IGM_patient052_0067.jpg,1,1.0,strong_75_plus,159,148,0.8043478260869565,0.9308176100628931,0.8043478260869565,0.7589743589743589,1,False
UNET_MTL_MASK_GUIDED,10,patient083,patient083_case01,IGM,IGM_patient052_0067.jpg,2,,off_target_fp,221,0,0.0,0.0,0.0,0.0,0,False
UNET_MTL_MASK_GUIDED,10,patient083,patient083_case01,IGM,IGM_patient052_0067.jpg,3,,off_target_fp,13,0,0.0,0.0,0.0,0.0,0,False
UNET_MTL_MASK_GUIDED,10,patient083,patient083_case01,IGM,IGM_patient052_0067.jpg,4,,off_target_fp,67,0,0.0,0.0,0.0,0.0,0,False
UNET_MTL_MASK_GUIDED,10,patient083,patient083_case01,IGM,IGM_patient052_0068.jpg,1,1.0,moderate_50_to_75,102,99,0.7279411764705882,0.9705882352941176,0.7279411764705882,0.7122302158273381,1,False
UNET_MTL_MASK_GUIDED,10,patient083,patient083_case01,IGM,IGM_patient052_0068.jpg,2,,off_target_fp,33,0,0.0,0.0,0.0,0.0,0,False
UNET_MTL_MASK_GUIDED,10,patient083,patient083_case01,IGM,IGM_patient052_0068.jpg,3,,off_target_fp,88,0,0.0,0.0,0.0,0.0,0,False
UNET_MTL_MASK_GUIDED,10,patient083,patient083_case01,IGM,IGM_patient052_0068.jpg,4,,off_target_fp,143,0,0.0,0.0,0.0,0.0,0,False
UNET_MTL_MASK_GUIDED,10,patient083,patient083_case01,IGM,IGM_patient052_0069.jpg,1,1.0,strong_75_plus,135,130,0.8125,0.9629629629629629,0.8125,0.7878787878787878,1,False
UNET_MTL_MASK_GUIDED,10,patient083,patient083_case01,IGM,IGM_patient052_0069.jpg,2,,off_target_fp,107,0,0.0,0.0,0.0,0.0,0,False
UNET_MTL_MASK_GUIDED,10,patient083,patient083_case01,IGM,IGM_patient052_0069.jpg,3,,off_target_fp,134,0,0.0,0.0,0.0,0.0,0,False
UNET_MTL_MASK_GUIDED,10,patient083,patient083_case01,IGM,IGM_patient052_0070.jpg,1,1.0,strong_75_plus,138,131,0.8618421052631579,0.9492753623188406,0.8618421052631579,0.8238993710691824,1,False
UNET_MTL_MASK_GUIDED,10,patient083,patient083_case01,IGM,IGM_patient052_0070.jpg,2,,off_target_fp,19,0,0.0,0.0,0.0,0.0,0,False
UNET_MTL_MASK_GUIDED,10,patient083,patient083_case01,IGM,IGM_patient052_0070.jpg,3,,off_target_fp,158,0,0.0,0.0,0.0,0.0,0,False
UNET_MTL_MASK_GUIDED,10,patient083,patient083_case01,IGM,IGM_patient052_0071.jpg,1,1.0,moderate_50_to_75,121,115,0.7371794871794872,0.9504132231404959,0.7371794871794872,0.7098765432098766,1,False
UNET_MTL_MASK_GUIDED,10,patient083,patient083_case01,IGM,IGM_patient052_0071.jpg,2,,off_target_fp,320,0,0.0,0.0,0.0,0.0,0,False
UNET_MTL_MASK_GUIDED,10,patient083,patient083_case01,IGM,IGM_patient052_0071.jpg,3,,off_target_fp,148,0,0.0,0.0,0.0,0.0,0,False
UNET_MTL_MASK_GUIDED,10,patient083,patient083_case01,IGM,IGM_patient052_0071.jpg,4,,off_target_fp,72,0,0.0,0.0,0.0,0.0,0,False
UNET_MTL_MASK_GUIDED,10,patient083,patient083_case01,IGM,IGM_patient052_0072.jpg,1,1.0,low_25_to_50,68,66,0.4342105263157895,0.9705882352941176,0.4342105263157895,0.42857142857142855,1,False
UNET_MTL_MASK_GUIDED,10,patient083,patient083_case01,IGM,IGM_patient052_0072.jpg,2,,off_target_fp,91,0,0.0,0.0,0.0,0.0,0,False
UNET_MTL_MASK_GUIDED,10,patient083,patient083_case01,IGM,IGM_patient052_0072.jpg,3,,off_target_fp,76,0,0.0,0.0,0.0,0.0,0,False
UNET_MTL_MASK_GUIDED,10,patient086,patient086_case01,IGM,IGM_patient053_0061.jpg,1,,off_target_fp,45,0,0.0,0.0,0.0,0.0,0,False
UNET_MTL_MASK_GUIDED,10,patient086,patient086_case01,IGM,IGM_patient053_0061.jpg,2,,off_target_fp,24,0,0.0,0.0,0.0,0.0,0,False
UNET_MTL_MASK_GUIDED,10,patient086,patient086_case01,IGM,IGM_patient053_0061.jpg,3,1.0,low_25_to_50,159,135,0.4560810810810811,0.8490566037735849,0.4560810810810811,0.421875,1,False
UNET_MTL_MASK_GUIDED,10,patient086,patient086_case01,IGM,IGM_patient053_0062.jpg,1,,off_target_fp,101,0,0.0,0.0,0.0,0.0,0,False
UNET_MTL_MASK_GUIDED,10,patient086,patient086_case01,IGM,IGM_patient053_0062.jpg,2,,off_target_fp,44,0,0.0,0.0,0.0,0.0,0,False
UNET_MTL_MASK_GUIDED,10,patient086,patient086_case01,IGM,IGM_patient053_0062.jpg,3,1.0,low_25_to_50,65,64,0.26666666666666666,0.9846153846153847,0.26666666666666666,0.26556016597510373,1,False
UNET_MTL_MASK_GUIDED,10,patient086,patient086_case01,IGM,IGM_patient053_0063.jpg,1,,off_target_fp,80,0,0.0,0.0,0.0,0.0,0,False
UNET_MTL_MASK_GUIDED,10,patient086,patient086_case01,IGM,IGM_patient053_0063.jpg,2,,off_target_fp,163,0,0.0,0.0,0.0,0.0,0,False
UNET_MTL_MASK_GUIDED,10,patient086,patient086_case01,IGM,IGM_patient053_0063.jpg,3,1.0,low_25_to_50,114,111,0.4269230769230769,0.9736842105263158,0.4269230769230769,0.4220532319391635,1,False
UNET_MTL_MASK_GUIDED,10,patient086,patient086_case01,IGM,IGM_patient053_0064.jpg,1,,off_target_fp,177,0,0.0,0.0,0.0,0.0,0,False
UNET_MTL_MASK_GUIDED,10,patient086,patient086_case01,IGM,IGM_patient053_0064.jpg,2,1.0,strong_75_plus,157,149,0.8465909090909091,0.9490445859872612,0.8465909090909091,0.8097826086956522,1,False
UNET_MTL_MASK_GUIDED,10,patient086,patient086_case01,IGM,IGM_patient053_0065.jpg,1,,off_target_fp,126,0,0.0,0.0,0.0,0.0,0,False
UNET_MTL_MASK_GUIDED,10,patient086,patient086_case01,IGM,IGM_patient053_0065.jpg,2,1.0,partial_below_25,13,13,0.10483870967741936,1.0,0.10483870967741936,0.10483870967741936,1,False
UNET_MTL_MASK_GUIDED,10,patient086,patient086_case01,IGM,IGM_patient053_0066.jpg,1,,off_target_fp,15,0,0.0,0.0,0.0,0.0,0,False
UNET_MTL_MASK_GUIDED,10,patient086,patient086_case01,IGM,IGM_patient053_0066.jpg,2,1.0,low_25_to_50,22,22,0.3235294117647059,1.0,0.3235294117647059,0.3235294117647059,1,False
UNET_MTL_MASK_GUIDED,10,patient088,patient088_case01,IGM,IGM_patient054_0055.jpg,1,1.0,low_25_to_50,26,26,0.325,1.0,0.325,0.325,1,False
UNET_MTL_MASK_GUIDED,10,patient088,patient088_case01,IGM,IGM_patient054_0055.jpg,2,,off_target_fp,425,0,0.0,0.0,0.0,0.0,0,False
UNET_MTL_MASK_GUIDED,10,patient088,patient088_case01,IGM,IGM_patient054_0055.jpg,3,,off_target_fp,20,0,0.0,0.0,0.0,0.0,0,False
UNET_MTL_MASK_GUIDED,10,patient088,patient088_case01,IGM,IGM_patient054_0056.jpg,1,1.0,strong_75_plus,145,141,0.7833333333333333,0.9724137931034482,0.7833333333333333,0.7663043478260869,1,False
UNET_MTL_MASK_GUIDED,10,patient088,patient088_case01,IGM,IGM_patient054_0056.jpg,2,,off_target_fp,134,0,0.0,0.0,0.0,0.0,0,False
UNET_MTL_MASK_GUIDED,10,patient088,patient088_case01,IGM,IGM_patient054_0056.jpg,3,,off_target_fp,29,0,0.0,0.0,0.0,0.0,0,False
UNET_MTL_MASK_GUIDED,10,patient088,patient088_case01,IGM,IGM_patient054_0056.jpg,4,,off_target_fp,10,0,0.0,0.0,0.0,0.0,0,False
UNET_MTL_MASK_GUIDED,10,patient088,patient088_case01,IGM,IGM_patient054_0056.jpg,5,,off_target_fp,12,0,0.0,0.0,0.0,0.0,0,False
UNET_MTL_MASK_GUIDED,10,patient088,patient088_case01,IGM,IGM_patient054_0057.jpg,1,1.0,strong_75_plus,262,200,0.9259259259259259,0.7633587786259542,0.7633587786259542,0.7194244604316546,1,False
UNET_MTL_MASK_GUIDED,10,patient088,patient088_case01,IGM,IGM_patient054_0058.jpg,1,1.0,strong_75_plus,289,268,0.9054054054054054,0.9273356401384083,0.9054054054054054,0.8454258675078864,1,False
UNET_MTL_MASK_GUIDED,10,patient088,patient088_case01,IGM,IGM_patient054_0058.jpg,2,,off_target_fp,28,0,0.0,0.0,0.0,0.0,0,False
UNET_MTL_MASK_GUIDED,10,patient088,patient088_case01,IGM,IGM_patient054_0059.jpg,1,1.0,strong_75_plus,204,186,0.8773584905660378,0.9117647058823529,0.8773584905660378,0.808695652173913,1,False
UNET_MTL_MASK_GUIDED,10,patient088,patient088_case01,IGM,IGM_patient054_0061.jpg,1,,off_target_fp,10,0,0.0,0.0,0.0,0.0,0,False
UNET_MTL_MASK_GUIDED,10,patient088,patient088_case01,IGM,IGM_patient054_0061.jpg,2,,off_target_fp,134,0,0.0,0.0,0.0,0.0,0,False
UNET_MTL_MASK_GUIDED,10,patient088,patient088_case01,IGM,IGM_patient054_0062.jpg,1,1.0,strong_75_plus,203,192,0.8888888888888888,0.9458128078817734,0.8888888888888888,0.8458149779735683,1,False
UNET_MTL_MASK_GUIDED,10,patient088,patient088_case01,IGM,IGM_patient054_0062.jpg,2,,off_target_fp,182,0,0.0,0.0,0.0,0.0,0,False
UNET_MTL_MASK_GUIDED,10,patient088,patient088_case01,IGM,IGM_patient054_0063.jpg,1,1.0,strong_75_plus,267,255,0.827922077922078,0.9550561797752809,0.827922077922078,0.796875,1,False
UNET_MTL_MASK_GUIDED,10,patient088,patient088_case01,IGM,IGM_patient054_0063.jpg,2,,off_target_fp,188,0,0.0,0.0,0.0,0.0,0,False
UNET_MTL_MASK_GUIDED,10,patient088,patient088_case01,IGM,IGM_patient054_0064.jpg,1,1.0,strong_75_plus,264,248,0.8611111111111112,0.9393939393939394,0.8611111111111112,0.8157894736842105,1,False
UNET_MTL_MASK_GUIDED,10,patient088,patient088_case01,IGM,IGM_patient054_0064.jpg,2,,off_target_fp,242,0,0.0,0.0,0.0,0.0,0,False
UNET_MTL_MASK_GUIDED,10,patient088,patient088_case01,IGM,IGM_patient054_0065.jpg,1,1.0,strong_75_plus,277,262,0.8618421052631579,0.9458483754512635,0.8618421052631579,0.8213166144200627,1,False
UNET_MTL_MASK_GUIDED,10,patient088,patient088_case01,IGM,IGM_patient054_0065.jpg,2,,off_target_fp,12,0,0.0,0.0,0.0,0.0,0,False
UNET_MTL_MASK_GUIDED,10,patient088,patient088_case01,IGM,IGM_patient054_0065.jpg,3,,off_target_fp,147,0,0.0,0.0,0.0,0.0,0,False
UNET_MTL_MASK_GUIDED,10,patient097,patient097_case01,IGM,IGM_patient007_0057.jpg,1,1.0,low_25_to_50,163,72,1.0,0.44171779141104295,0.44171779141104295,0.44171779141104295,1,False
UNET_MTL_MASK_GUIDED,10,patient097,patient097_case01,IGM,IGM_patient007_0057.jpg,2,,off_target_fp,181,0,0.0,0.0,0.0,0.0,0,False
UNET_MTL_MASK_GUIDED,10,patient097,patient097_case01,IGM,IGM_patient007_0057.jpg,3,,off_target_fp,47,0,0.0,0.0,0.0,0.0,0,False
UNET_MTL_MASK_GUIDED,10,patient097,patient097_case01,IGM,IGM_patient007_0057.jpg,4,,off_target_fp,95,0,0.0,0.0,0.0,0.0,0,False
UNET_MTL_MASK_GUIDED,10,patient097,patient097_case01,IGM,IGM_patient007_0057.jpg,5,,off_target_fp,12,0,0.0,0.0,0.0,0.0,0,False
UNET_MTL_MASK_GUIDED,10,patient097,patient097_case01,IGM,IGM_patient007_0057.jpg,6,,off_target_fp,24,0,0.0,0.0,0.0,0.0,0,False
UNET_MTL_MASK_GUIDED,10,patient097,patient097_case01,IGM,IGM_patient007_0058.jpg,1,1.0,moderate_50_to_75,256,131,0.9924242424242424,0.51171875,0.51171875,0.5097276264591439,1,False
UNET_MTL_MASK_GUIDED,10,patient097,patient097_case01,IGM,IGM_patient007_0058.jpg,2,,off_target_fp,105,0,0.0,0.0,0.0,0.0,0,False
UNET_MTL_MASK_GUIDED,10,patient097,patient097_case01,IGM,IGM_patient007_0058.jpg,3,,off_target_fp,44,0,0.0,0.0,0.0,0.0,0,False
UNET_MTL_MASK_GUIDED,10,patient097,patient097_case01,IGM,IGM_patient007_0058.jpg,4,,off_target_fp,178,0,0.0,0.0,0.0,0.0,0,False
UNET_MTL_MASK_GUIDED,10,patient097,patient097_case01,IGM,IGM_patient007_0058.jpg,5,,off_target_fp,14,0,0.0,0.0,0.0,0.0,0,False
UNET_MTL_MASK_GUIDED,10,patient097,patient097_case01,IGM,IGM_patient007_0058.jpg,6,,off_target_fp,27,0,0.0,0.0,0.0,0.0,0,False
UNET_MTL_MASK_GUIDED,10,patient097,patient097_case01,IGM,IGM_patient007_0059.jpg,1,1.0,moderate_50_to_75,357,187,0.9739583333333334,0.5238095238095238,0.5238095238095238,0.5165745856353591,1,False
UNET_MTL_MASK_GUIDED,10,patient097,patient097_case01,IGM,IGM_patient007_0059.jpg,2,,off_target_fp,151,0,0.0,0.0,0.0,0.0,0,False
UNET_MTL_MASK_GUIDED,10,patient097,patient097_case01,IGM,IGM_patient007_0059.jpg,3,,off_target_fp,18,0,0.0,0.0,0.0,0.0,0,False
UNET_MTL_MASK_GUIDED,10,patient097,patient097_case01,IGM,IGM_patient007_0059.jpg,4,,off_target_fp,34,0,0.0,0.0,0.0,0.0,0,False
UNET_MTL_MASK_GUIDED,10,patient097,patient097_case01,IGM,IGM_patient007_0059.jpg,5,,off_target_fp,13,0,0.0,0.0,0.0,0.0,0,False
UNET_MTL_MASK_GUIDED,10,patient097,patient097_case01,IGM,IGM_patient007_0060.jpg,1,1.0,moderate_50_to_75,388,213,0.9861111111111112,0.5489690721649485,0.5489690721649485,0.5447570332480819,1,False
UNET_MTL_MASK_GUIDED,10,patient097,patient097_case01,IGM,IGM_patient007_0060.jpg,2,,off_target_fp,78,0,0.0,0.0,0.0,0.0,0,False
UNET_MTL_MASK_GUIDED,10,patient097,patient097_case01,IGM,IGM_patient007_0060.jpg,3,,off_target_fp,47,0,0.0,0.0,0.0,0.0,0,False
UNET_MTL_MASK_GUIDED,10,patient097,patient097_case01,IGM,IGM_patient007_0060.jpg,4,,off_target_fp,100,0,0.0,0.0,0.0,0.0,0,False
UNET_MTL_MASK_GUIDED,10,patient097,patient097_case01,IGM,IGM_patient007_0060.jpg,5,,off_target_fp,14,0,0.0,0.0,0.0,0.0,0,False
UNET_MTL_MASK_GUIDED,10,patient097,patient097_case01,IGM,IGM_patient007_0060.jpg,6,,off_target_fp,61,0,0.0,0.0,0.0,0.0,0,False
UNET_MTL_MASK_GUIDED,10,patient097,patient097_case01,IGM,IGM_patient007_0060.jpg,7,,off_target_fp,16,0,0.0,0.0,0.0,0.0,0,False
UNET_MTL_MASK_GUIDED,10,patient097,patient097_case01,IGM,IGM_patient007_0060.jpg,8,,off_target_fp,58,0,0.0,0.0,0.0,0.0,0,False
UNET_MTL_MASK_GUIDED,10,patient097,patient097_case01,IGM,IGM_patient007_0061.jpg,1,1.0,moderate_50_to_75,299,195,0.9948979591836735,0.6521739130434783,0.6521739130434783,0.65,1,False
UNET_MTL_MASK_GUIDED,10,patient097,patient097_case01,IGM,IGM_patient007_0061.jpg,2,,off_target_fp,45,0,0.0,0.0,0.0,0.0,0,False
UNET_MTL_MASK_GUIDED,10,patient097,patient097_case01,IGM,IGM_patient007_0061.jpg,3,,off_target_fp,94,0,0.0,0.0,0.0,0.0,0,False
UNET_MTL_MASK_GUIDED,10,patient097,patient097_case01,IGM,IGM_patient007_0061.jpg,4,,off_target_fp,459,0,0.0,0.0,0.0,0.0,0,False
UNET_MTL_MASK_GUIDED,10,patient097,patient097_case01,IGM,IGM_patient007_0061.jpg,5,,off_target_fp,15,0,0.0,0.0,0.0,0.0,0,False
UNET_MTL_MASK_GUIDED,10,patient097,patient097_case01,IGM,IGM_patient007_0062.jpg,1,1.0,moderate_50_to_75,233,141,0.9791666666666666,0.6051502145922747,0.6051502145922747,0.597457627118644,1,False
UNET_MTL_MASK_GUIDED,10,patient097,patient097_case01,IGM,IGM_patient007_0063.jpg,1,1.0,low_25_to_50,34,34,0.3148148148148148,1.0,0.3148148148148148,0.3148148148148148,1,False
UNET_MTL_MASK_GUIDED,25,patient021,patient021_case01,IBC,IBC_patient001_0050.jpg,1,1.0,moderate_50_to_75,116,105,0.65625,0.9051724137931034,0.65625,0.6140350877192983,1,False
UNET_MTL_MASK_GUIDED,25,patient021,patient021_case01,IBC,IBC_patient001_0050.jpg,2,,off_target_fp,188,0,0.0,0.0,0.0,0.0,0,False
UNET_MTL_MASK_GUIDED,25,patient021,patient021_case01,IBC,IBC_patient001_0050.jpg,3,,off_target_fp,32,0,0.0,0.0,0.0,0.0,0,False
UNET_MTL_MASK_GUIDED,25,patient021,patient021_case01,IBC,IBC_patient001_0051.jpg,1,1.0,moderate_50_to_75,541,320,0.8791208791208791,0.5914972273567468,0.5914972273567468,0.5470085470085471,1,False
UNET_MTL_MASK_GUIDED,25,patient021,patient021_case01,IBC,IBC_patient001_0051.jpg,2,,off_target_fp,84,0,0.0,0.0,0.0,0.0,0,False
UNET_MTL_MASK_GUIDED,25,patient021,patient021_case01,IBC,IBC_patient001_0052.jpg,1,1.0,strong_75_plus,832,788,0.9516908212560387,0.9471153846153846,0.9471153846153846,0.9036697247706422,1,False
UNET_MTL_MASK_GUIDED,25,patient021,patient021_case01,IBC,IBC_patient001_0053.jpg,1,1.0,strong_75_plus,1071,988,0.9686274509803922,0.9225023342670402,0.9225023342670402,0.8957388939256573,1,False
UNET_MTL_MASK_GUIDED,25,patient021,patient021_case01,IBC,IBC_patient001_0054.jpg,1,1.0,strong_75_plus,1186,1102,0.9565972222222222,0.9291736930860034,0.9291736930860034,0.8915857605177994,1,False
UNET_MTL_MASK_GUIDED,25,patient021,patient021_case01,IBC,IBC_patient001_0054.jpg,2,,off_target_fp,37,0,0.0,0.0,0.0,0.0,0,False
UNET_MTL_MASK_GUIDED,25,patient021,patient021_case01,IBC,IBC_patient001_0055.jpg,1,1.0,strong_75_plus,1223,1168,0.9299363057324841,0.9550286181520851,0.9299363057324841,0.8909229595728452,1,False
UNET_MTL_MASK_GUIDED,25,patient021,patient021_case01,IBC,IBC_patient001_0056.jpg,1,1.0,strong_75_plus,1244,1156,0.9059561128526645,0.9292604501607717,0.9059561128526645,0.8475073313782991,1,False
UNET_MTL_MASK_GUIDED,25,patient021,patient021_case01,IBC,IBC_patient001_0057.jpg,1,1.0,strong_75_plus,1293,1175,0.9122670807453416,0.908739365815932,0.908739365815932,0.8357041251778093,1,False
UNET_MTL_MASK_GUIDED,25,patient021,patient021_case01,IBC,IBC_patient001_0057.jpg,2,,off_target_fp,50,0,0.0,0.0,0.0,0.0,0,False
UNET_MTL_MASK_GUIDED,25,patient021,patient021_case01,IBC,IBC_patient001_0058.jpg,1,1.0,strong_75_plus,1292,1254,0.8982808022922636,0.9705882352941176,0.8982808022922636,0.8744769874476988,1,False
UNET_MTL_MASK_GUIDED,25,patient021,patient021_case01,IBC,IBC_patient001_0058.jpg,2,,off_target_fp,75,0,0.0,0.0,0.0,0.0,0,False
UNET_MTL_MASK_GUIDED,25,patient021,patient021_case01,IBC,IBC_patient001_0059.jpg,1,1.0,strong_75_plus,1213,1108,0.865625,0.9134377576257213,0.865625,0.8,1,False
UNET_MTL_MASK_GUIDED,25,patient021,patient021_case01,IBC,IBC_patient001_0059.jpg,2,,off_target_fp,178,0,0.0,0.0,0.0,0.0,0,False
UNET_MTL_MASK_GUIDED,25,patient021,patient021_case01,IBC,IBC_patient001_0059.jpg,3,,off_target_fp,81,0,0.0,0.0,0.0,0.0,0,False
UNET_MTL_MASK_GUIDED,25,patient021,patient021_case01,IBC,IBC_patient001_0059.jpg,4,,off_target_fp,87,0,0.0,0.0,0.0,0.0,0,False
UNET_MTL_MASK_GUIDED,25,patient021,patient021_case01,IBC,IBC_patient001_0060.jpg,1,1.0,strong_75_plus,1068,1010,0.8676975945017182,0.9456928838951311,0.8676975945017182,0.8265139116202946,1,False
UNET_MTL_MASK_GUIDED,25,patient021,patient021_case01,IBC,IBC_patient001_0060.jpg,2,,off_target_fp,109,0,0.0,0.0,0.0,0.0,0,False
UNET_MTL_MASK_GUIDED,25,patient021,patient021_case01,IBC,IBC_patient001_0060.jpg,3,,off_target_fp,124,0,0.0,0.0,0.0,0.0,0,False
UNET_MTL_MASK_GUIDED,25,patient021,patient021_case01,IBC,IBC_patient001_0060.jpg,4,,off_target_fp,166,0,0.0,0.0,0.0,0.0,0,False
UNET_MTL_MASK_GUIDED,25,patient021,patient021_case01,IBC,IBC_patient001_0061.jpg,1,1.0,strong_75_plus,874,846,0.8359683794466403,0.9679633867276888,0.8359683794466403,0.8134615384615385,1,False
UNET_MTL_MASK_GUIDED,25,patient021,patient021_case01,IBC,IBC_patient001_0061.jpg,2,,off_target_fp,146,0,0.0,0.0,0.0,0.0,0,False
UNET_MTL_MASK_GUIDED,25,patient021,patient021_case01,IBC,IBC_patient001_0061.jpg,3,,off_target_fp,202,0,0.0,0.0,0.0,0.0,0,False
UNET_MTL_MASK_GUIDED,25,patient021,patient021_case01,IBC,IBC_patient001_0062.jpg,1,1.0,strong_75_plus,786,756,0.8790697674418605,0.9618320610687023,0.8790697674418605,0.849438202247191,1,False
UNET_MTL_MASK_GUIDED,25,patient021,patient021_case01,IBC,IBC_patient001_0062.jpg,2,,off_target_fp,88,0,0.0,0.0,0.0,0.0,0,False
UNET_MTL_MASK_GUIDED,25,patient021,patient021_case01,IBC,IBC_patient001_0062.jpg,3,,off_target_fp,174,0,0.0,0.0,0.0,0.0,0,False
UNET_MTL_MASK_GUIDED,25,patient021,patient021_case01,IBC,IBC_patient001_0063.jpg,1,1.0,moderate_50_to_75,526,298,0.9085365853658537,0.5665399239543726,0.5665399239543726,0.5359712230215827,1,False
UNET_MTL_MASK_GUIDED,25,patient021,patient021_case01,IBC,IBC_patient001_0063.jpg,2,,off_target_fp,152,0,0.0,0.0,0.0,0.0,0,False
UNET_MTL_MASK_GUIDED,25,patient021,patient021_case01,IBC,IBC_patient001_0064.jpg,1,1.0,strong_75_plus,261,235,0.8159722222222222,0.9003831417624522,0.8159722222222222,0.7484076433121019,1,False
UNET_MTL_MASK_GUIDED,25,patient021,patient021_case01,IBC,IBC_patient001_0064.jpg,2,,off_target_fp,100,0,0.0,0.0,0.0,0.0,0,False
UNET_MTL_MASK_GUIDED,25,patient021,patient021_case01,IBC,IBC_patient001_0064.jpg,3,,off_target_fp,77,0,0.0,0.0,0.0,0.0,0,False
UNET_MTL_MASK_GUIDED,25,patient021,patient021_case01,IBC,IBC_patient001_0064.jpg,4,,off_target_fp,114,0,0.0,0.0,0.0,0.0,0,False
UNET_MTL_MASK_GUIDED,25,patient021,patient021_case01,IBC,IBC_patient001_0065.jpg,1,1.0,moderate_50_to_75,179,168,0.7368421052631579,0.9385474860335196,0.7368421052631579,0.702928870292887,1,False
UNET_MTL_MASK_GUIDED,25,patient021,patient021_case01,IBC,IBC_patient001_0065.jpg,2,,off_target_fp,179,0,0.0,0.0,0.0,0.0,0,False
UNET_MTL_MASK_GUIDED,25,patient021,patient021_case01,IBC,IBC_patient001_0065.jpg,3,,off_target_fp,80,0,0.0,0.0,0.0,0.0,0,False
UNET_MTL_MASK_GUIDED,25,patient021,patient021_case01,IBC,IBC_patient001_0066.jpg,1,,off_target_fp,107,0,0.0,0.0,0.0,0.0,0,False
UNET_MTL_MASK_GUIDED,25,patient021,patient021_case01,IBC,IBC_patient001_0066.jpg,2,,off_target_fp,80,0,0.0,0.0,0.0,0.0,0,False
UNET_MTL_MASK_GUIDED,25,patient030,patient030_case01,IBC,IBC_patient025_0056.jpg,1,1.0,strong_75_plus,375,294,0.98,0.784,0.784,0.7716535433070866,1,False
UNET_MTL_MASK_GUIDED,25,patient030,patient030_case01,IBC,IBC_patient025_0056.jpg,2,,off_target_fp,34,0,0.0,0.0,0.0,0.0,0,False
UNET_MTL_MASK_GUIDED,25,patient030,patient030_case01,IBC,IBC_patient025_0057.jpg,1,1.0,strong_75_plus,979,926,0.8357400722021661,0.9458631256384066,0.8357400722021661,0.797588285960379,1,False
UNET_MTL_MASK_GUIDED,25,patient030,patient030_case01,IBC,IBC_patient025_0058.jpg,1,1.0,strong_75_plus,1233,1171,0.8610294117647059,0.9497161394971614,0.8610294117647059,0.8234880450070323,1,False
UNET_MTL_MASK_GUIDED,25,patient030,patient030_case01,IBC,IBC_patient025_0059.jpg,1,1.0,strong_75_plus,1392,1350,0.823170731707317,0.9698275862068966,0.823170731707317,0.8026159334126041,1,False
UNET_MTL_MASK_GUIDED,25,patient030,patient030_case01,IBC,IBC_patient025_0060.jpg,1,1.0,strong_75_plus,1574,1567,0.9005747126436782,0.9955527318932655,0.9005747126436782,0.8969662278191185,1,False
UNET_MTL_MASK_GUIDED,25,patient030,patient030_case01,IBC,IBC_patient025_0061.jpg,1,1.0,strong_75_plus,1652,1500,0.9146341463414634,0.9079903147699758,0.9079903147699758,0.8370535714285714,1,False
UNET_MTL_MASK_GUIDED,25,patient030,patient030_case01,IBC,IBC_patient025_0062.jpg,1,1.0,strong_75_plus,1569,1389,0.8996113989637305,0.8852772466539197,0.8852772466539197,0.8056844547563805,1,False
UNET_MTL_MASK_GUIDED,25,patient030,patient030_case01,IBC,IBC_patient025_0062.jpg,2,,off_target_fp,35,0,0.0,0.0,0.0,0.0,0,False
UNET_MTL_MASK_GUIDED,25,patient030,patient030_case01,IBC,IBC_patient025_0062.jpg,3,,off_target_fp,54,0,0.0,0.0,0.0,0.0,0,False
UNET_MTL_MASK_GUIDED,25,patient030,patient030_case01,IBC,IBC_patient025_0062.jpg,4,,off_target_fp,136,0,0.0,0.0,0.0,0.0,0,False
UNET_MTL_MASK_GUIDED,25,patient030,patient030_case01,IBC,IBC_patient025_0063.jpg,1,1.0,strong_75_plus,1355,1263,0.9425373134328359,0.9321033210332104,0.9321033210332104,0.8819832402234636,1,False
UNET_MTL_MASK_GUIDED,25,patient030,patient030_case01,IBC,IBC_patient025_0063.jpg,2,,off_target_fp,84,0,0.0,0.0,0.0,0.0,0,False
UNET_MTL_MASK_GUIDED,25,patient030,patient030_case01,IBC,IBC_patient025_0064.jpg,1,1.0,strong_75_plus,1135,1023,0.9266304347826086,0.9013215859030838,0.9013215859030838,0.8412828947368421,1,False
UNET_MTL_MASK_GUIDED,25,patient030,patient030_case01,IBC,IBC_patient025_0064.jpg,2,,off_target_fp,91,0,0.0,0.0,0.0,0.0,0,False
UNET_MTL_MASK_GUIDED,25,patient030,patient030_case01,IBC,IBC_patient025_0065.jpg,1,1.0,strong_75_plus,793,714,0.9648648648648649,0.9003783102143758,0.9003783102143758,0.8717948717948718,1,False
UNET_MTL_MASK_GUIDED,25,patient030,patient030_case01,IBC,IBC_patient025_0065.jpg,2,,off_target_fp,72,0,0.0,0.0,0.0,0.0,0,False
UNET_MTL_MASK_GUIDED,25,patient030,patient030_case01,IBC,IBC_patient025_0065.jpg,3,,off_target_fp,162,0,0.0,0.0,0.0,0.0,0,False
UNET_MTL_MASK_GUIDED,25,patient030,patient030_case01,IBC,IBC_patient025_0065.jpg,4,,off_target_fp,58,0,0.0,0.0,0.0,0.0,0,False
UNET_MTL_MASK_GUIDED,25,patient030,patient030_case01,IBC,IBC_patient025_0066.jpg,1,,off_target_fp,243,0,0.0,0.0,0.0,0.0,0,False
UNET_MTL_MASK_GUIDED,25,patient030,patient030_case01,IBC,IBC_patient025_0066.jpg,2,1.0,strong_75_plus,792,686,0.9220430107526881,0.8661616161616161,0.8661616161616161,0.8070588235294117,1,False
UNET_MTL_MASK_GUIDED,25,patient030,patient030_case01,IBC,IBC_patient025_0066.jpg,3,,off_target_fp,95,0,0.0,0.0,0.0,0.0,0,False
UNET_MTL_MASK_GUIDED,25,patient030,patient030_case01,IBC,IBC_patient025_0067.jpg,1,,off_target_fp,99,0,0.0,0.0,0.0,0.0,0,False
UNET_MTL_MASK_GUIDED,25,patient030,patient030_case01,IBC,IBC_patient025_0067.jpg,2,1.0,strong_75_plus,679,580,0.9539473684210527,0.8541973490427098,0.8541973490427098,0.8203677510608204,1,False
UNET_MTL_MASK_GUIDED,25,patient030,patient030_case01,IBC,IBC_patient025_0067.jpg,3,,off_target_fp,25,0,0.0,0.0,0.0,0.0,0,False
UNET_MTL_MASK_GUIDED,25,patient030,patient030_case01,IBC,IBC_patient025_0067.jpg,4,,off_target_fp,65,0,0.0,0.0,0.0,0.0,0,False
UNET_MTL_MASK_GUIDED,25,patient030,patient030_case01,IBC,IBC_patient025_0068.jpg,1,,off_target_fp,85,0,0.0,0.0,0.0,0.0,0,False
UNET_MTL_MASK_GUIDED,25,patient030,patient030_case01,IBC,IBC_patient025_0068.jpg,2,1.0,strong_75_plus,563,472,0.9516129032258065,0.8383658969804618,0.8383658969804618,0.8040885860306644,1,False
UNET_MTL_MASK_GUIDED,25,patient030,patient030_case01,IBC,IBC_patient025_0068.jpg,3,,off_target_fp,102,0,0.0,0.0,0.0,0.0,0,False
UNET_MTL_MASK_GUIDED,25,patient030,patient030_case01,IBC,IBC_patient025_0068.jpg,4,,off_target_fp,38,0,0.0,0.0,0.0,0.0,0,False
UNET_MTL_MASK_GUIDED,25,patient030,patient030_case01,IBC,IBC_patient025_0069.jpg,1,,off_target_fp,41,0,0.0,0.0,0.0,0.0,0,False
UNET_MTL_MASK_GUIDED,25,patient030,patient030_case01,IBC,IBC_patient025_0069.jpg,2,1.0,strong_75_plus,137,126,0.7682926829268293,0.9197080291970803,0.7682926829268293,0.72,1,False
UNET_MTL_MASK_GUIDED,25,patient033,patient033_case01,IBC,IBC_patient027_0056.jpg,1,,off_target_fp,140,0,0.0,0.0,0.0,0.0,0,False
UNET_MTL_MASK_GUIDED,25,patient033,patient033_case01,IBC,IBC_patient027_0056.jpg,2,1.0,strong_75_plus,56,46,0.7666666666666667,0.8214285714285714,0.7666666666666667,0.6571428571428571,1,False
UNET_MTL_MASK_GUIDED,25,patient033,patient033_case01,IBC,IBC_patient027_0057.jpg,1,,off_target_fp,25,0,0.0,0.0,0.0,0.0,0,False
UNET_MTL_MASK_GUIDED,25,patient033,patient033_case01,IBC,IBC_patient027_0057.jpg,2,,off_target_fp,41,0,0.0,0.0,0.0,0.0,0,False
UNET_MTL_MASK_GUIDED,25,patient033,patient033_case01,IBC,IBC_patient027_0057.jpg,3,1.0,strong_75_plus,201,166,0.9222222222222223,0.8258706467661692,0.8258706467661692,0.772093023255814,1,False
UNET_MTL_MASK_GUIDED,25,patient033,patient033_case01,IBC,IBC_patient027_0058.jpg,1,,off_target_fp,73,0,0.0,0.0,0.0,0.0,0,False
UNET_MTL_MASK_GUIDED,25,patient033,patient033_case01,IBC,IBC_patient027_0058.jpg,2,1.0,strong_75_plus,299,236,0.9365079365079365,0.7892976588628763,0.7892976588628763,0.7492063492063492,1,False
UNET_MTL_MASK_GUIDED,25,patient033,patient033_case01,IBC,IBC_patient027_0059.jpg,1,,off_target_fp,58,0,0.0,0.0,0.0,0.0,0,False
UNET_MTL_MASK_GUIDED,25,patient033,patient033_case01,IBC,IBC_patient027_0059.jpg,2,1.0,strong_75_plus,333,294,0.91875,0.8828828828828829,0.8828828828828829,0.8189415041782729,1,False
UNET_MTL_MASK_GUIDED,25,patient033,patient033_case01,IBC,IBC_patient027_0060.jpg,1,1.0,strong_75_plus,365,312,0.9629629629629629,0.8547945205479452,0.8547945205479452,0.8275862068965517,1,False
UNET_MTL_MASK_GUIDED,25,patient033,patient033_case01,IBC,IBC_patient027_0060.jpg,2,,off_target_fp,29,0,0.0,0.0,0.0,0.0,0,False
UNET_MTL_MASK_GUIDED,25,patient033,patient033_case01,IBC,IBC_patient027_0061.jpg,1,1.0,strong_75_plus,317,279,0.93,0.8801261829652997,0.8801261829652997,0.8254437869822485,1,False
UNET_MTL_MASK_GUIDED,25,patient033,patient033_case01,IBC,IBC_patient027_0061.jpg,2,,off_target_fp,27,0,0.0,0.0,0.0,0.0,0,False
UNET_MTL_MASK_GUIDED,25,patient033,patient033_case01,IBC,IBC_patient027_0062.jpg,1,,off_target_fp,34,0,0.0,0.0,0.0,0.0,0,False
UNET_MTL_MASK_GUIDED,25,patient033,patient033_case01,IBC,IBC_patient027_0062.jpg,2,,off_target_fp,50,0,0.0,0.0,0.0,0.0,0,False
UNET_MTL_MASK_GUIDED,25,patient033,patient033_case01,IBC,IBC_patient027_0062.jpg,3,,off_target_fp,26,0,0.0,0.0,0.0,0.0,0,False
UNET_MTL_MASK_GUIDED,25,patient033,patient033_case01,IBC,IBC_patient027_0062.jpg,4,1.0,moderate_50_to_75,248,142,0.9861111111111112,0.5725806451612904,0.5725806451612904,0.568,1,False
UNET_MTL_MASK_GUIDED,25,patient033,patient033_case01,IBC,IBC_patient027_0063.jpg,1,,off_target_fp,35,0,0.0,0.0,0.0,0.0,0,False
UNET_MTL_MASK_GUIDED,25,patient033,patient033_case01,IBC,IBC_patient027_0063.jpg,2,,off_target_fp,100,0,0.0,0.0,0.0,0.0,0,False
UNET_MTL_MASK_GUIDED,25,patient033,patient033_case01,IBC,IBC_patient027_0063.jpg,3,,off_target_fp,34,0,0.0,0.0,0.0,0.0,0,False
UNET_MTL_MASK_GUIDED,25,patient033,patient033_case01,IBC,IBC_patient027_0063.jpg,4,1.0,low_25_to_50,159,63,0.984375,0.39622641509433965,0.39622641509433965,0.39375,1,False
UNET_MTL_MASK_GUIDED,25,patient033,patient033_case01,IBC,IBC_patient027_0063.jpg,5,,off_target_fp,124,0,0.0,0.0,0.0,0.0,0,False
UNET_MTL_MASK_GUIDED,25,patient035,patient035_case01,IBC,IBC_patient028_0115.jpg,1,1.0,low_25_to_50,155,155,0.34598214285714285,1.0,0.34598214285714285,0.34598214285714285,1,False
UNET_MTL_MASK_GUIDED,25,patient035,patient035_case01,IBC,IBC_patient028_0116.jpg,1,1.0,strong_75_plus,569,512,0.8951048951048951,0.8998242530755711,0.8951048951048951,0.8139904610492846,1,False
UNET_MTL_MASK_GUIDED,25,patient035,patient035_case01,IBC,IBC_patient028_0117.jpg,1,1.0,strong_75_plus,770,627,0.9330357142857143,0.8142857142857143,0.8142857142857143,0.7693251533742331,1,False
UNET_MTL_MASK_GUIDED,25,patient035,patient035_case01,IBC,IBC_patient028_0118.jpg,1,1.0,strong_75_plus,826,691,0.86375,0.8365617433414043,0.8365617433414043,0.7390374331550802,1,False
UNET_MTL_MASK_GUIDED,25,patient035,patient035_case01,IBC,IBC_patient028_0119.jpg,1,1.0,strong_75_plus,824,703,0.7952488687782805,0.8531553398058253,0.7952488687782805,0.699502487562189,1,False
UNET_MTL_MASK_GUIDED,25,patient035,patient035_case01,IBC,IBC_patient028_0120.jpg,1,1.0,moderate_50_to_75,866,736,0.6013071895424836,0.8498845265588915,0.6013071895424836,0.5435745937961596,1,False
UNET_MTL_MASK_GUIDED,25,patient035,patient035_case01,IBC,IBC_patient028_0120.jpg,2,,off_target_fp,87,0,0.0,0.0,0.0,0.0,0,False
UNET_MTL_MASK_GUIDED,25,patient035,patient035_case01,IBC,IBC_patient028_0121.jpg,1,1.0,moderate_50_to_75,973,841,0.6760450160771704,0.8643371017471737,0.6760450160771704,0.6111918604651163,1,False
UNET_MTL_MASK_GUIDED,25,patient035,patient035_case01,IBC,IBC_patient028_0121.jpg,2,,off_target_fp,118,0,0.0,0.0,0.0,0.0,0,False
UNET_MTL_MASK_GUIDED,25,patient035,patient035_case01,IBC,IBC_patient028_0122.jpg,1,1.0,moderate_50_to_75,1124,1012,0.7126760563380282,0.900355871886121,0.7126760563380282,0.660574412532637,1,False
UNET_MTL_MASK_GUIDED,25,patient035,patient035_case01,IBC,IBC_patient028_0122.jpg,2,,off_target_fp,104,0,0.0,0.0,0.0,0.0,0,False
UNET_MTL_MASK_GUIDED,25,patient035,patient035_case01,IBC,IBC_patient028_0123.jpg,1,1.0,moderate_50_to_75,1243,1149,0.6009414225941423,0.9243765084473049,0.6009414225941423,0.5727816550348953,1,False
UNET_MTL_MASK_GUIDED,25,patient035,patient035_case01,IBC,IBC_patient028_0123.jpg,2,,off_target_fp,150,0,0.0,0.0,0.0,0.0,0,False
UNET_MTL_MASK_GUIDED,25,patient035,patient035_case01,IBC,IBC_patient028_0124.jpg,1,1.0,moderate_50_to_75,1383,1283,0.6724318658280922,0.9276934201012292,0.6724318658280922,0.6389442231075697,1,False
UNET_MTL_MASK_GUIDED,25,patient035,patient035_case01,IBC,IBC_patient028_0124.jpg,2,,off_target_fp,170,0,0.0,0.0,0.0,0.0,0,False
UNET_MTL_MASK_GUIDED,25,patient035,patient035_case01,IBC,IBC_patient028_0125.jpg,1,1.0,moderate_50_to_75,1189,1084,0.555327868852459,0.911690496215307,0.555327868852459,0.5269810403500244,1,False
UNET_MTL_MASK_GUIDED,25,patient035,patient035_case01,IBC,IBC_patient028_0125.jpg,2,,off_target_fp,179,0,0.0,0.0,0.0,0.0,0,False
UNET_MTL_MASK_GUIDED,25,patient035,patient035_case01,IBC,IBC_patient028_0126.jpg,1,1.0,low_25_to_50,729,679,0.33025291828793774,0.9314128943758574,0.33025291828793774,0.3224121557454891,1,False
UNET_MTL_MASK_GUIDED,25,patient035,patient035_case01,IBC,IBC_patient028_0126.jpg,2,,off_target_fp,183,0,0.0,0.0,0.0,0.0,0,False
UNET_MTL_MASK_GUIDED,25,patient035,patient035_case01,IBC,IBC_patient028_0127.jpg,1,1.0,partial_below_25,123,123,0.05142140468227425,1.0,0.05142140468227425,0.05142140468227425,1,False
UNET_MTL_MASK_GUIDED,25,patient035,patient035_case01,IBC,IBC_patient028_0127.jpg,2,,off_target_fp,192,0,0.0,0.0,0.0,0.0,0,False
UNET_MTL_MASK_GUIDED,25,patient035,patient035_case01,IBC,IBC_patient028_0128.jpg,1,1.0,partial_below_25,273,273,0.11931818181818182,1.0,0.11931818181818182,0.11931818181818182,1,False
UNET_MTL_MASK_GUIDED,25,patient035,patient035_case01,IBC,IBC_patient028_0128.jpg,2,,off_target_fp,194,0,0.0,0.0,0.0,0.0,0,False
UNET_MTL_MASK_GUIDED,25,patient035,patient035_case01,IBC,IBC_patient028_0129.jpg,1,1.0,partial_below_25,456,450,0.19702276707530647,0.9868421052631579,0.19702276707530647,0.1965065502183406,1,False
UNET_MTL_MASK_GUIDED,25,patient035,patient035_case01,IBC,IBC_patient028_0129.jpg,2,,off_target_fp,176,0,0.0,0.0,0.0,0.0,0,False
UNET_MTL_MASK_GUIDED,25,patient035,patient035_case01,IBC,IBC_patient028_0130.jpg,1,1.0,low_25_to_50,627,603,0.2740909090909091,0.9617224880382775,0.2740909090909091,0.27113309352517984,1,False
UNET_MTL_MASK_GUIDED,25,patient035,patient035_case01,IBC,IBC_patient028_0130.jpg,2,,off_target_fp,179,0,0.0,0.0,0.0,0.0,0,False
UNET_MTL_MASK_GUIDED,25,patient035,patient035_case01,IBC,IBC_patient028_0131.jpg,1,1.0,low_25_to_50,907,870,0.3782608695652174,0.9592061742006616,0.3782608695652174,0.3722721437740693,1,False
UNET_MTL_MASK_GUIDED,25,patient035,patient035_case01,IBC,IBC_patient028_0131.jpg,2,,off_target_fp,168,0,0.0,0.0,0.0,0.0,0,False
UNET_MTL_MASK_GUIDED,25,patient035,patient035_case01,IBC,IBC_patient028_0132.jpg,1,1.0,low_25_to_50,904,888,0.38275862068965516,0.9823008849557522,0.38275862068965516,0.3801369863013699,1,False
UNET_MTL_MASK_GUIDED,25,patient035,patient035_case01,IBC,IBC_patient028_0132.jpg,2,,off_target_fp,46,0,0.0,0.0,0.0,0.0,0,False
UNET_MTL_MASK_GUIDED,25,patient035,patient035_case01,IBC,IBC_patient028_0132.jpg,3,,off_target_fp,56,0,0.0,0.0,0.0,0.0,0,False
UNET_MTL_MASK_GUIDED,25,patient035,patient035_case01,IBC,IBC_patient028_0133.jpg,1,1.0,low_25_to_50,762,687,0.3290229885057471,0.9015748031496063,0.3290229885057471,0.31761442441054094,1,False
UNET_MTL_MASK_GUIDED,25,patient035,patient035_case01,IBC,IBC_patient028_0134.jpg,1,1.0,low_25_to_50,609,538,0.2606589147286822,0.8834154351395731,0.2606589147286822,0.25199063231850116,1,False
UNET_MTL_MASK_GUIDED,25,patient035,patient035_case01,IBC,IBC_patient028_0135.jpg,1,1.0,low_25_to_50,620,539,0.2547258979206049,0.8693548387096774,0.2547258979206049,0.24533454710969504,1,False
UNET_MTL_MASK_GUIDED,25,patient035,patient035_case01,IBC,IBC_patient028_0136.jpg,1,1.0,low_25_to_50,701,618,0.2798913043478261,0.8815977175463623,0.2798913043478261,0.2697512003491925,1,False
UNET_MTL_MASK_GUIDED,25,patient035,patient035_case01,IBC,IBC_patient028_0137.jpg,1,1.0,partial_below_25,501,461,0.22912524850894633,0.9201596806387226,0.22912524850894633,0.2246588693957115,1,False
UNET_MTL_MASK_GUIDED,25,patient035,patient035_case01,IBC,IBC_patient028_0138.jpg,1,1.0,partial_below_25,291,234,0.1142578125,0.8041237113402062,0.1142578125,0.11116389548693587,1,False
UNET_MTL_MASK_GUIDED,25,patient035,patient035_case01,IBC,IBC_patient028_0138.jpg,2,,off_target_fp,38,0,0.0,0.0,0.0,0.0,0,False
UNET_MTL_MASK_GUIDED,25,patient035,patient035_case01,IBC,IBC_patient028_0139.jpg,1,1.0,partial_below_25,79,47,0.02688787185354691,0.5949367088607594,0.02688787185354691,0.026404494382022473,1,False
UNET_MTL_MASK_GUIDED,25,patient035,patient035_case01,IBC,IBC_patient028_0150.jpg,1,,off_target_fp,221,0,0.0,0.0,0.0,0.0,0,False
UNET_MTL_MASK_GUIDED,25,patient035,patient035_case01,IBC,IBC_patient028_0151.jpg,1,,off_target_fp,187,0,0.0,0.0,0.0,0.0,0,False
UNET_MTL_MASK_GUIDED,25,patient040,patient040_case01,IBC,IBC_patient030_0123.jpg,1,,off_target_fp,129,0,0.0,0.0,0.0,0.0,0,False
UNET_MTL_MASK_GUIDED,25,patient040,patient040_case01,IBC,IBC_patient030_0124.jpg,1,,off_target_fp,121,0,0.0,0.0,0.0,0.0,0,False
UNET_MTL_MASK_GUIDED,25,patient040,patient040_case01,IBC,IBC_patient030_0124.jpg,2,,off_target_fp,25,0,0.0,0.0,0.0,0.0,0,False
UNET_MTL_MASK_GUIDED,25,patient040,patient040_case01,IBC,IBC_patient030_0125.jpg,1,,off_target_fp,97,0,0.0,0.0,0.0,0.0,0,False
UNET_MTL_MASK_GUIDED,25,patient040,patient040_case01,IBC,IBC_patient030_0125.jpg,2,,off_target_fp,25,0,0.0,0.0,0.0,0.0,0,False
UNET_MTL_MASK_GUIDED,25,patient040,patient040_case01,IBC,IBC_patient030_0126.jpg,1,,off_target_fp,76,0,0.0,0.0,0.0,0.0,0,False
UNET_MTL_MASK_GUIDED,25,patient040,patient040_case01,IBC,IBC_patient030_0126.jpg,2,,off_target_fp,36,0,0.0,0.0,0.0,0.0,0,False
UNET_MTL_MASK_GUIDED,25,patient040,patient040_case01,IBC,IBC_patient030_0127.jpg,1,,off_target_fp,40,0,0.0,0.0,0.0,0.0,0,False
UNET_MTL_MASK_GUIDED,25,patient040,patient040_case01,IBC,IBC_patient030_0128.jpg,1,1.0,partial_below_25,28,28,0.21212121212121213,1.0,0.21212121212121213,0.21212121212121213,1,False
UNET_MTL_MASK_GUIDED,25,patient040,patient040_case01,IBC,IBC_patient030_0129.jpg,1,1.0,low_25_to_50,62,62,0.40789473684210525,1.0,0.40789473684210525,0.40789473684210525,1,False
UNET_MTL_MASK_GUIDED,25,patient040,patient040_case01,IBC,IBC_patient030_0130.jpg,1,1.0,low_25_to_50,40,38,0.36538461538461536,0.95,0.36538461538461536,0.3584905660377358,1,False
UNET_MTL_MASK_GUIDED,25,patient042,patient042_case01,IBC,IBC_patient031_0101.jpg,1,,off_target_fp,43,0,0.0,0.0,0.0,0.0,0,False
UNET_MTL_MASK_GUIDED,25,patient042,patient042_case01,IBC,IBC_patient031_0101.jpg,2,,off_target_fp,37,0,0.0,0.0,0.0,0.0,0,False
UNET_MTL_MASK_GUIDED,25,patient042,patient042_case01,IBC,IBC_patient031_0102.jpg,1,1.0,moderate_50_to_75,180,170,0.7456140350877193,0.9444444444444444,0.7456140350877193,0.7142857142857143,1,False
UNET_MTL_MASK_GUIDED,25,patient042,patient042_case01,IBC,IBC_patient031_0103.jpg,1,1.0,strong_75_plus,313,291,0.9448051948051948,0.9297124600638977,0.9297124600638977,0.8818181818181818,1,False
UNET_MTL_MASK_GUIDED,25,patient042,patient042_case01,IBC,IBC_patient031_0104.jpg,1,1.0,strong_75_plus,398,362,0.9526315789473684,0.9095477386934674,0.9095477386934674,0.8701923076923077,1,False
UNET_MTL_MASK_GUIDED,25,patient042,patient042_case01,IBC,IBC_patient031_0104.jpg,2,,off_target_fp,68,0,0.0,0.0,0.0,0.0,0,False
UNET_MTL_MASK_GUIDED,25,patient042,patient042_case01,IBC,IBC_patient031_0105.jpg,1,1.0,strong_75_plus,478,410,0.9579439252336449,0.8577405857740585,0.8577405857740585,0.8266129032258065,1,False
UNET_MTL_MASK_GUIDED,25,patient042,patient042_case01,IBC,IBC_patient031_0105.jpg,2,,off_target_fp,98,0,0.0,0.0,0.0,0.0,0,False
UNET_MTL_MASK_GUIDED,25,patient042,patient042_case01,IBC,IBC_patient031_0106.jpg,1,1.0,strong_75_plus,578,489,0.9702380952380952,0.8460207612456747,0.8460207612456747,0.8246205733558178,1,False
UNET_MTL_MASK_GUIDED,25,patient042,patient042_case01,IBC,IBC_patient031_0106.jpg,2,,off_target_fp,112,0,0.0,0.0,0.0,0.0,0,False
UNET_MTL_MASK_GUIDED,25,patient042,patient042_case01,IBC,IBC_patient031_0107.jpg,1,1.0,strong_75_plus,646,516,0.9847328244274809,0.7987616099071208,0.7987616099071208,0.7889908256880734,1,False
UNET_MTL_MASK_GUIDED,25,patient042,patient042_case01,IBC,IBC_patient031_0107.jpg,2,,off_target_fp,104,0,0.0,0.0,0.0,0.0,0,False
UNET_MTL_MASK_GUIDED,25,patient042,patient042_case01,IBC,IBC_patient031_0107.jpg,3,,off_target_fp,118,0,0.0,0.0,0.0,0.0,0,False
UNET_MTL_MASK_GUIDED,25,patient042,patient042_case01,IBC,IBC_patient031_0108.jpg,1,1.0,strong_75_plus,671,568,0.9726027397260274,0.8464977645305514,0.8464977645305514,0.826783114992722,1,False
UNET_MTL_MASK_GUIDED,25,patient042,patient042_case01,IBC,IBC_patient031_0108.jpg,2,,off_target_fp,115,0,0.0,0.0,0.0,0.0,0,False
UNET_MTL_MASK_GUIDED,25,patient042,patient042_case01,IBC,IBC_patient031_0108.jpg,3,,off_target_fp,160,0,0.0,0.0,0.0,0.0,0,False
UNET_MTL_MASK_GUIDED,25,patient042,patient042_case01,IBC,IBC_patient031_0109.jpg,1,1.0,strong_75_plus,670,598,0.934375,0.8925373134328358,0.8925373134328358,0.8398876404494382,1,False
UNET_MTL_MASK_GUIDED,25,patient042,patient042_case01,IBC,IBC_patient031_0109.jpg,2,,off_target_fp,101,0,0.0,0.0,0.0,0.0,0,False
UNET_MTL_MASK_GUIDED,25,patient042,patient042_case01,IBC,IBC_patient031_0109.jpg,3,,off_target_fp,202,0,0.0,0.0,0.0,0.0,0,False
UNET_MTL_MASK_GUIDED,25,patient042,patient042_case01,IBC,IBC_patient031_0110.jpg,1,1.0,strong_75_plus,686,617,0.9348484848484848,0.8994169096209913,0.8994169096209913,0.8463648834019204,1,False
UNET_MTL_MASK_GUIDED,25,patient042,patient042_case01,IBC,IBC_patient031_0110.jpg,2,,off_target_fp,25,0,0.0,0.0,0.0,0.0,0,False
UNET_MTL_MASK_GUIDED,25,patient042,patient042_case01,IBC,IBC_patient031_0110.jpg,3,,off_target_fp,201,0,0.0,0.0,0.0,0.0,0,False
UNET_MTL_MASK_GUIDED,25,patient042,patient042_case01,IBC,IBC_patient031_0111.jpg,1,1.0,strong_75_plus,701,619,0.9102941176470588,0.8830242510699001,0.8830242510699001,0.8123359580052494,1,False
UNET_MTL_MASK_GUIDED,25,patient042,patient042_case01,IBC,IBC_patient031_0111.jpg,2,,off_target_fp,174,0,0.0,0.0,0.0,0.0,0,False
UNET_MTL_MASK_GUIDED,25,patient042,patient042_case01,IBC,IBC_patient031_0112.jpg,1,1.0,strong_75_plus,697,630,0.9156976744186046,0.9038737446197992,0.9038737446197992,0.8344370860927153,1,False
UNET_MTL_MASK_GUIDED,25,patient042,patient042_case01,IBC,IBC_patient031_0112.jpg,2,,off_target_fp,92,0,0.0,0.0,0.0,0.0,0,False
UNET_MTL_MASK_GUIDED,25,patient042,patient042_case01,IBC,IBC_patient031_0113.jpg,1,1.0,strong_75_plus,705,611,0.9546875,0.8666666666666667,0.8666666666666667,0.832425068119891,1,False
UNET_MTL_MASK_GUIDED,25,patient042,patient042_case01,IBC,IBC_patient031_0114.jpg,1,1.0,strong_75_plus,674,606,0.907185628742515,0.8991097922848664,0.8991097922848664,0.8233695652173914,1,False
UNET_MTL_MASK_GUIDED,25,patient042,patient042_case01,IBC,IBC_patient031_0114.jpg,2,,off_target_fp,42,0,0.0,0.0,0.0,0.0,0,False
UNET_MTL_MASK_GUIDED,25,patient042,patient042_case01,IBC,IBC_patient031_0115.jpg,1,1.0,strong_75_plus,670,526,0.9598540145985401,0.7850746268656716,0.7850746268656716,0.7601156069364162,1,False
UNET_MTL_MASK_GUIDED,25,patient042,patient042_case01,IBC,IBC_patient031_0115.jpg,2,,off_target_fp,84,0,0.0,0.0,0.0,0.0,0,False
UNET_MTL_MASK_GUIDED,25,patient042,patient042_case01,IBC,IBC_patient031_0116.jpg,1,1.0,strong_75_plus,653,494,0.9801587301587301,0.7565084226646248,0.7565084226646248,0.7450980392156863,1,False
UNET_MTL_MASK_GUIDED,25,patient042,patient042_case01,IBC,IBC_patient031_0116.jpg,2,,off_target_fp,98,0,0.0,0.0,0.0,0.0,0,False
UNET_MTL_MASK_GUIDED,25,patient042,patient042_case01,IBC,IBC_patient031_0117.jpg,1,1.0,strong_75_plus,562,459,0.972457627118644,0.8167259786476868,0.8167259786476868,0.7982608695652174,1,False
UNET_MTL_MASK_GUIDED,25,patient042,patient042_case01,IBC,IBC_patient031_0117.jpg,2,,off_target_fp,120,0,0.0,0.0,0.0,0.0,0,False
UNET_MTL_MASK_GUIDED,25,patient042,patient042_case01,IBC,IBC_patient031_0118.jpg,1,,off_target_fp,73,0,0.0,0.0,0.0,0.0,0,False
UNET_MTL_MASK_GUIDED,25,patient042,patient042_case01,IBC,IBC_patient031_0118.jpg,2,1.0,strong_75_plus,505,416,0.9719626168224299,0.8237623762376237,0.8237623762376237,0.804642166344294,1,False
UNET_MTL_MASK_GUIDED,25,patient042,patient042_case01,IBC,IBC_patient031_0118.jpg,3,,off_target_fp,197,0,0.0,0.0,0.0,0.0,0,False
UNET_MTL_MASK_GUIDED,25,patient042,patient042_case01,IBC,IBC_patient031_0119.jpg,1,,off_target_fp,80,0,0.0,0.0,0.0,0.0,0,False
UNET_MTL_MASK_GUIDED,25,patient042,patient042_case01,IBC,IBC_patient031_0119.jpg,2,1.0,moderate_50_to_75,476,350,0.9408602150537635,0.7352941176470589,0.7352941176470589,0.7028112449799196,1,False
UNET_MTL_MASK_GUIDED,25,patient042,patient042_case01,IBC,IBC_patient031_0119.jpg,3,,off_target_fp,192,0,0.0,0.0,0.0,0.0,0,False
UNET_MTL_MASK_GUIDED,25,patient042,patient042_case01,IBC,IBC_patient031_0120.jpg,1,,off_target_fp,43,0,0.0,0.0,0.0,0.0,0,False
UNET_MTL_MASK_GUIDED,25,patient042,patient042_case01,IBC,IBC_patient031_0120.jpg,2,1.0,strong_75_plus,447,376,0.8392857142857143,0.8411633109619687,0.8392857142857143,0.7244701348747592,1,False
UNET_MTL_MASK_GUIDED,25,patient042,patient042_case01,IBC,IBC_patient031_0120.jpg,3,,off_target_fp,164,0,0.0,0.0,0.0,0.0,0,False
UNET_MTL_MASK_GUIDED,25,patient042,patient042_case01,IBC,IBC_patient031_0121.jpg,1,1.0,low_25_to_50,360,172,1.0,0.4777777777777778,0.4777777777777778,0.4777777777777778,1,False
UNET_MTL_MASK_GUIDED,25,patient042,patient042_case01,IBC,IBC_patient031_0121.jpg,2,,off_target_fp,36,0,0.0,0.0,0.0,0.0,0,False
UNET_MTL_MASK_GUIDED,25,patient042,patient042_case01,IBC,IBC_patient031_0121.jpg,3,,off_target_fp,128,0,0.0,0.0,0.0,0.0,0,False
UNET_MTL_MASK_GUIDED,25,patient042,patient042_case01,IBC,IBC_patient031_0122.jpg,1,,off_target_fp,40,0,0.0,0.0,0.0,0.0,0,False
UNET_MTL_MASK_GUIDED,25,patient042,patient042_case01,IBC,IBC_patient031_0122.jpg,2,,off_target_fp,49,0,0.0,0.0,0.0,0.0,0,False
UNET_MTL_MASK_GUIDED,25,patient044,patient044_case01,IBC,IBC_patient032_0054.jpg,1,,off_target_fp,107,0,0.0,0.0,0.0,0.0,0,False
UNET_MTL_MASK_GUIDED,25,patient044,patient044_case01,IBC,IBC_patient032_0054.jpg,2,,off_target_fp,161,0,0.0,0.0,0.0,0.0,0,False
UNET_MTL_MASK_GUIDED,25,patient044,patient044_case01,IBC,IBC_patient032_0054.jpg,3,,off_target_fp,204,0,0.0,0.0,0.0,0.0,0,False
UNET_MTL_MASK_GUIDED,25,patient044,patient044_case01,IBC,IBC_patient032_0054.jpg,4,1.0,strong_75_plus,167,141,0.88125,0.844311377245509,0.844311377245509,0.7580645161290323,1,False
UNET_MTL_MASK_GUIDED,25,patient044,patient044_case01,IBC,IBC_patient032_0055.jpg,1,,off_target_fp,51,0,0.0,0.0,0.0,0.0,0,False
UNET_MTL_MASK_GUIDED,25,patient044,patient044_case01,IBC,IBC_patient032_0055.jpg,2,,off_target_fp,29,0,0.0,0.0,0.0,0.0,0,False
UNET_MTL_MASK_GUIDED,25,patient044,patient044_case01,IBC,IBC_patient032_0055.jpg,3,1.0,strong_75_plus,288,257,0.8566666666666667,0.8923611111111112,0.8566666666666667,0.7764350453172205,1,False
UNET_MTL_MASK_GUIDED,25,patient044,patient044_case01,IBC,IBC_patient032_0056.jpg,1,,off_target_fp,90,0,0.0,0.0,0.0,0.0,0,False
UNET_MTL_MASK_GUIDED,25,patient044,patient044_case01,IBC,IBC_patient032_0056.jpg,2,1.0,moderate_50_to_75,280,263,0.6709183673469388,0.9392857142857143,0.6709183673469388,0.6430317848410758,1,False
UNET_MTL_MASK_GUIDED,25,patient044,patient044_case01,IBC,IBC_patient032_0057.jpg,1,,off_target_fp,98,0,0.0,0.0,0.0,0.0,0,False
UNET_MTL_MASK_GUIDED,25,patient044,patient044_case01,IBC,IBC_patient032_0058.jpg,1,,off_target_fp,98,0,0.0,0.0,0.0,0.0,0,False
UNET_MTL_MASK_GUIDED,25,patient044,patient044_case01,IBC,IBC_patient032_0058.jpg,2,1.0,moderate_50_to_75,525,517,0.5644104803493449,0.9847619047619047,0.5644104803493449,0.5595238095238095,1,False
UNET_MTL_MASK_GUIDED,25,patient044,patient044_case01,IBC,IBC_patient032_0059.jpg,1,1.0,partial_below_25,218,210,0.2441860465116279,0.963302752293578,0.2441860465116279,0.24193548387096775,1,False
UNET_MTL_MASK_GUIDED,25,patient044,patient044_case01,IBC,IBC_patient032_0060.jpg,1,,off_target_fp,84,0,0.0,0.0,0.0,0.0,0,False
UNET_MTL_MASK_GUIDED,25,patient044,patient044_case01,IBC,IBC_patient032_0060.jpg,2,1.0,strong_75_plus,747,675,0.8698453608247423,0.9036144578313253,0.8698453608247423,0.7959905660377359,1,False
UNET_MTL_MASK_GUIDED,25,patient044,patient044_case01,IBC,IBC_patient032_0061.jpg,1,,off_target_fp,133,0,0.0,0.0,0.0,0.0,0,False
UNET_MTL_MASK_GUIDED,25,patient044,patient044_case01,IBC,IBC_patient032_0061.jpg,2,1.0,strong_75_plus,688,640,0.935672514619883,0.9302325581395349,0.9302325581395349,0.8743169398907104,1,False
UNET_MTL_MASK_GUIDED,25,patient044,patient044_case01,IBC,IBC_patient032_0061.jpg,3,,off_target_fp,31,0,0.0,0.0,0.0,0.0,0,False
UNET_MTL_MASK_GUIDED,25,patient044,patient044_case01,IBC,IBC_patient032_0062.jpg,1,,off_target_fp,204,0,0.0,0.0,0.0,0.0,0,False
UNET_MTL_MASK_GUIDED,25,patient044,patient044_case01,IBC,IBC_patient032_0062.jpg,2,1.0,strong_75_plus,553,540,0.9121621621621622,0.976491862567812,0.9121621621621622,0.8925619834710744,1,False
UNET_MTL_MASK_GUIDED,25,patient044,patient044_case01,IBC,IBC_patient032_0063.jpg,1,,off_target_fp,144,0,0.0,0.0,0.0,0.0,0,False
UNET_MTL_MASK_GUIDED,25,patient044,patient044_case01,IBC,IBC_patient032_0063.jpg,2,,off_target_fp,141,0,0.0,0.0,0.0,0.0,0,False
UNET_MTL_MASK_GUIDED,25,patient044,patient044_case01,IBC,IBC_patient032_0063.jpg,3,,off_target_fp,58,0,0.0,0.0,0.0,0.0,0,False
UNET_MTL_MASK_GUIDED,25,patient044,patient044_case01,IBC,IBC_patient032_0063.jpg,4,1.0,strong_75_plus,346,298,0.9430379746835443,0.861271676300578,0.861271676300578,0.8186813186813187,1,False
UNET_MTL_MASK_GUIDED,25,patient044,patient044_case01,IBC,IBC_patient032_0064.jpg,1,,off_target_fp,316,0,0.0,0.0,0.0,0.0,0,False
UNET_MTL_MASK_GUIDED,25,patient044,patient044_case01,IBC,IBC_patient032_0064.jpg,2,,off_target_fp,77,0,0.0,0.0,0.0,0.0,0,False
UNET_MTL_MASK_GUIDED,25,patient043,patient043_case01,IGM,IGM_patient032_0141.jpg,1,,off_target_fp,277,0,0.0,0.0,0.0,0.0,0,False
UNET_MTL_MASK_GUIDED,25,patient043,patient043_case01,IGM,IGM_patient032_0143.jpg,1,1.0,moderate_50_to_75,59,54,0.5,0.9152542372881356,0.5,0.4778761061946903,1,False
UNET_MTL_MASK_GUIDED,25,patient043,patient043_case01,IGM,IGM_patient032_0144.jpg,1,1.0,moderate_50_to_75,123,114,0.6951219512195121,0.926829268292683,0.6951219512195121,0.6589595375722543,1,False
UNET_MTL_MASK_GUIDED,25,patient043,patient043_case01,IGM,IGM_patient032_0145.jpg,1,1.0,strong_75_plus,169,139,0.86875,0.8224852071005917,0.8224852071005917,0.7315789473684211,1,False
UNET_MTL_MASK_GUIDED,25,patient043,patient043_case01,IGM,IGM_patient032_0146.jpg,1,1.0,moderate_50_to_75,194,130,0.9848484848484849,0.6701030927835051,0.6701030927835051,0.6632653061224489,1,False
UNET_MTL_MASK_GUIDED,25,patient043,patient043_case01,IGM,IGM_patient032_0147.jpg,1,,off_target_fp,56,0,0.0,0.0,0.0,0.0,0,False
UNET_MTL_MASK_GUIDED,25,patient043,patient043_case01,IGM,IGM_patient032_0147.jpg,2,1.0,strong_75_plus,205,170,0.9042553191489362,0.8292682926829268,0.8292682926829268,0.7623318385650224,1,False
UNET_MTL_MASK_GUIDED,25,patient043,patient043_case01,IGM,IGM_patient032_0148.jpg,1,,off_target_fp,90,0,0.0,0.0,0.0,0.0,0,False
UNET_MTL_MASK_GUIDED,25,patient043,patient043_case01,IGM,IGM_patient032_0148.jpg,2,1.0,strong_75_plus,213,170,0.9659090909090909,0.7981220657276995,0.7981220657276995,0.776255707762557,1,False
UNET_MTL_MASK_GUIDED,25,patient043,patient043_case01,IGM,IGM_patient032_0148.jpg,3,,off_target_fp,38,0,0.0,0.0,0.0,0.0,0,False
UNET_MTL_MASK_GUIDED,25,patient043,patient043_case01,IGM,IGM_patient032_0149.jpg,1,,off_target_fp,66,0,0.0,0.0,0.0,0.0,0,False
UNET_MTL_MASK_GUIDED,25,patient043,patient043_case01,IGM,IGM_patient032_0149.jpg,2,1.0,moderate_50_to_75,179,116,0.9666666666666667,0.6480446927374302,0.6480446927374302,0.6338797814207651,1,False
UNET_MTL_MASK_GUIDED,25,patient043,patient043_case01,IGM,IGM_patient032_0149.jpg,3,,off_target_fp,38,0,0.0,0.0,0.0,0.0,0,False
UNET_MTL_MASK_GUIDED,25,patient043,patient043_case01,IGM,IGM_patient032_0150.jpg,1,,off_target_fp,40,0,0.0,0.0,0.0,0.0,0,False
UNET_MTL_MASK_GUIDED,25,patient043,patient043_case01,IGM,IGM_patient032_0150.jpg,2,,off_target_fp,41,0,0.0,0.0,0.0,0.0,0,False
UNET_MTL_MASK_GUIDED,25,patient043,patient043_case01,IGM,IGM_patient032_0150.jpg,3,1.0,moderate_50_to_75,123,91,0.8425925925925926,0.7398373983739838,0.7398373983739838,0.65,1,False
UNET_MTL_MASK_GUIDED,25,patient043,patient043_case01,IGM,IGM_patient032_0151.jpg,1,,off_target_fp,53,0,0.0,0.0,0.0,0.0,0,False
UNET_MTL_MASK_GUIDED,25,patient043,patient043_case01,IGM,IGM_patient032_0151.jpg,2,1.0,strong_75_plus,98,78,0.75,0.7959183673469388,0.75,0.6290322580645161,1,False
UNET_MTL_MASK_GUIDED,25,patient043,patient043_case01,IGM,IGM_patient032_0152.jpg,1,,off_target_fp,28,0,0.0,0.0,0.0,0.0,0,False
UNET_MTL_MASK_GUIDED,25,patient045,patient045_case01,IBC,IBC_patient033_0064.jpg,1,,off_target_fp,94,0,0.0,0.0,0.0,0.0,0,False
UNET_MTL_MASK_GUIDED,25,patient045,patient045_case01,IBC,IBC_patient033_0064.jpg,2,,off_target_fp,169,0,0.0,0.0,0.0,0.0,0,False
UNET_MTL_MASK_GUIDED,25,patient045,patient045_case01,IBC,IBC_patient033_0064.jpg,3,1.0,moderate_50_to_75,82,56,0.875,0.6829268292682927,0.6829268292682927,0.6222222222222222,1,False
UNET_MTL_MASK_GUIDED,25,patient045,patient045_case01,IBC,IBC_patient033_0065.jpg,1,1.0,low_25_to_50,416,130,0.9848484848484849,0.3125,0.3125,0.31100478468899523,1,False
UNET_MTL_MASK_GUIDED,25,patient045,patient045_case01,IBC,IBC_patient033_0066.jpg,1,,off_target_fp,94,0,0.0,0.0,0.0,0.0,0,False
UNET_MTL_MASK_GUIDED,25,patient045,patient045_case01,IBC,IBC_patient033_0066.jpg,2,1.0,moderate_50_to_75,435,306,0.9683544303797469,0.7034482758620689,0.7034482758620689,0.6876404494382022,1,False
UNET_MTL_MASK_GUIDED,25,patient045,patient045_case01,IBC,IBC_patient033_0067.jpg,1,,off_target_fp,207,0,0.0,0.0,0.0,0.0,0,False
UNET_MTL_MASK_GUIDED,25,patient045,patient045_case01,IBC,IBC_patient033_0067.jpg,2,1.0,moderate_50_to_75,403,255,0.9807692307692307,0.6327543424317618,0.6327543424317618,0.625,1,False
UNET_MTL_MASK_GUIDED,25,patient045,patient045_case01,IBC,IBC_patient033_0068.jpg,1,,off_target_fp,211,0,0.0,0.0,0.0,0.0,0,False
UNET_MTL_MASK_GUIDED,25,patient045,patient045_case01,IBC,IBC_patient033_0068.jpg,2,,off_target_fp,108,0,0.0,0.0,0.0,0.0,0,False
UNET_MTL_MASK_GUIDED,25,patient045,patient045_case01,IBC,IBC_patient033_0068.jpg,3,,off_target_fp,104,0,0.0,0.0,0.0,0.0,0,False
UNET_MTL_MASK_GUIDED,25,patient045,patient045_case01,IBC,IBC_patient033_0068.jpg,4,1.0,strong_75_plus,264,214,0.9224137931034483,0.8106060606060606,0.8106060606060606,0.7588652482269503,1,False
UNET_MTL_MASK_GUIDED,25,patient045,patient045_case01,IBC,IBC_patient033_0069.jpg,1,,off_target_fp,167,0,0.0,0.0,0.0,0.0,0,False
UNET_MTL_MASK_GUIDED,25,patient045,patient045_case01,IBC,IBC_patient033_0069.jpg,2,,off_target_fp,115,0,0.0,0.0,0.0,0.0,0,False
UNET_MTL_MASK_GUIDED,25,patient045,patient045_case01,IBC,IBC_patient033_0069.jpg,3,1.0,strong_75_plus,138,121,0.8402777777777778,0.8768115942028986,0.8402777777777778,0.7515527950310559,1,False
UNET_MTL_MASK_GUIDED,25,patient046,patient046_case01,IBC,IBC_patient034_0192.jpg,1,1.0,moderate_50_to_75,43,25,0.8928571428571429,0.5813953488372093,0.5813953488372093,0.5434782608695652,1,False
UNET_MTL_MASK_GUIDED,25,patient046,patient046_case01,IBC,IBC_patient034_0193.jpg,1,,off_target_fp,34,0,0.0,0.0,0.0,0.0,0,False
UNET_MTL_MASK_GUIDED,25,patient046,patient046_case01,IBC,IBC_patient034_0193.jpg,2,1.0,moderate_50_to_75,122,87,0.8365384615384616,0.7131147540983607,0.7131147540983607,0.6258992805755396,1,False
UNET_MTL_MASK_GUIDED,25,patient046,patient046_case01,IBC,IBC_patient034_0193.jpg,3,,off_target_fp,25,0,0.0,0.0,0.0,0.0,0,False
UNET_MTL_MASK_GUIDED,25,patient046,patient046_case01,IBC,IBC_patient034_0194.jpg,1,,off_target_fp,75,0,0.0,0.0,0.0,0.0,0,False
UNET_MTL_MASK_GUIDED,25,patient046,patient046_case01,IBC,IBC_patient034_0194.jpg,2,1.0,moderate_50_to_75,274,142,0.9342105263157895,0.5182481751824818,0.5182481751824818,0.5,1,False
UNET_MTL_MASK_GUIDED,25,patient046,patient046_case01,IBC,IBC_patient034_0195.jpg,1,,off_target_fp,83,0,0.0,0.0,0.0,0.0,0,False
UNET_MTL_MASK_GUIDED,25,patient046,patient046_case01,IBC,IBC_patient034_0195.jpg,2,,off_target_fp,30,0,0.0,0.0,0.0,0.0,0,False
UNET_MTL_MASK_GUIDED,25,patient046,patient046_case01,IBC,IBC_patient034_0195.jpg,3,1.0,low_25_to_50,352,166,0.9880952380952381,0.4715909090909091,0.4715909090909091,0.4689265536723164,1,False
UNET_MTL_MASK_GUIDED,25,patient046,patient046_case01,IBC,IBC_patient034_0196.jpg,1,,off_target_fp,56,0,0.0,0.0,0.0,0.0,0,False
UNET_MTL_MASK_GUIDED,25,patient046,patient046_case01,IBC,IBC_patient034_0196.jpg,2,1.0,moderate_50_to_75,398,226,0.9912280701754386,0.5678391959798995,0.5678391959798995,0.565,1,False
UNET_MTL_MASK_GUIDED,25,patient046,patient046_case01,IBC,IBC_patient034_0197.jpg,1,,off_target_fp,28,0,0.0,0.0,0.0,0.0,0,False
UNET_MTL_MASK_GUIDED,25,patient046,patient046_case01,IBC,IBC_patient034_0197.jpg,2,,off_target_fp,52,0,0.0,0.0,0.0,0.0,0,False
UNET_MTL_MASK_GUIDED,25,patient046,patient046_case01,IBC,IBC_patient034_0197.jpg,3,1.0,moderate_50_to_75,455,322,0.9470588235294117,0.7076923076923077,0.7076923076923077,0.6807610993657506,1,False
UNET_MTL_MASK_GUIDED,25,patient046,patient046_case01,IBC,IBC_patient034_0198.jpg,1,,off_target_fp,60,0,0.0,0.0,0.0,0.0,0,False
UNET_MTL_MASK_GUIDED,25,patient046,patient046_case01,IBC,IBC_patient034_0198.jpg,2,1.0,strong_75_plus,485,394,0.9563106796116505,0.8123711340206186,0.8123711340206186,0.7833001988071571,1,False
UNET_MTL_MASK_GUIDED,25,patient046,patient046_case01,IBC,IBC_patient034_0199.jpg,1,,off_target_fp,70,0,0.0,0.0,0.0,0.0,0,False
UNET_MTL_MASK_GUIDED,25,patient046,patient046_case01,IBC,IBC_patient034_0199.jpg,2,1.0,strong_75_plus,589,480,0.96,0.8149405772495756,0.8149405772495756,0.7881773399014779,1,False
UNET_MTL_MASK_GUIDED,25,patient046,patient046_case01,IBC,IBC_patient034_0200.jpg,1,,off_target_fp,63,0,0.0,0.0,0.0,0.0,0,False
UNET_MTL_MASK_GUIDED,25,patient046,patient046_case01,IBC,IBC_patient034_0200.jpg,2,1.0,strong_75_plus,658,625,0.882768361581921,0.9498480243161094,0.882768361581921,0.8434547908232118,1,False
UNET_MTL_MASK_GUIDED,25,patient046,patient046_case01,IBC,IBC_patient034_0201.jpg,1,,off_target_fp,32,0,0.0,0.0,0.0,0.0,0,False
UNET_MTL_MASK_GUIDED,25,patient046,patient046_case01,IBC,IBC_patient034_0201.jpg,2,1.0,strong_75_plus,726,662,0.9350282485875706,0.9118457300275482,0.9118457300275482,0.8575129533678757,1,False
UNET_MTL_MASK_GUIDED,25,patient046,patient046_case01,IBC,IBC_patient034_0202.jpg,1,,off_target_fp,52,0,0.0,0.0,0.0,0.0,0,False
UNET_MTL_MASK_GUIDED,25,patient046,patient046_case01,IBC,IBC_patient034_0202.jpg,2,1.0,strong_75_plus,725,683,0.8986842105263158,0.9420689655172414,0.8986842105263158,0.8516209476309227,1,False
UNET_MTL_MASK_GUIDED,25,patient046,patient046_case01,IBC,IBC_patient034_0203.jpg,1,1.0,moderate_50_to_75,563,552,0.696969696969697,0.9804618117229129,0.696969696969697,0.6874221668742216,1,False
UNET_MTL_MASK_GUIDED,25,patient046,patient046_case01,IBC,IBC_patient034_0204.jpg,1,1.0,moderate_50_to_75,491,466,0.5655339805825242,0.9490835030549898,0.5655339805825242,0.5488810365135454,1,False
UNET_MTL_MASK_GUIDED,25,patient046,patient046_case01,IBC,IBC_patient034_0205.jpg,1,1.0,partial_below_25,221,198,0.23684210526315788,0.8959276018099548,0.23684210526315788,0.23050058207217694,1,False
UNET_MTL_MASK_GUIDED,25,patient046,patient046_case01,IBC,IBC_patient034_0207.jpg,1,1.0,partial_below_25,195,178,0.1943231441048035,0.9128205128205128,0.1943231441048035,0.1907824222936763,1,False
UNET_MTL_MASK_GUIDED,25,patient046,patient046_case01,IBC,IBC_patient034_0208.jpg,1,1.0,low_25_to_50,280,264,0.2619047619047619,0.9428571428571428,0.2619047619047619,0.2578125,1,False
UNET_MTL_MASK_GUIDED,25,patient046,patient046_case01,IBC,IBC_patient034_0209.jpg,1,1.0,partial_below_25,122,120,0.1214574898785425,0.9836065573770492,0.1214574898785425,0.12121212121212122,1,False
UNET_MTL_MASK_GUIDED,25,patient046,patient046_case01,IBC,IBC_patient034_0210.jpg,1,1.0,partial_below_25,71,56,0.05714285714285714,0.7887323943661971,0.05714285714285714,0.05628140703517588,1,False
UNET_MTL_MASK_GUIDED,25,patient046,patient046_case01,IBC,IBC_patient034_0211.jpg,1,1.0,partial_below_25,64,50,0.049019607843137254,0.78125,0.049019607843137254,0.048355899419729204,1,False
UNET_MTL_MASK_GUIDED,25,patient046,patient046_case01,IBC,IBC_patient034_0212.jpg,1,1.0,partial_below_25,144,127,0.12258687258687259,0.8819444444444444,0.12258687258687259,0.12060778727445394,1,False
UNET_MTL_MASK_GUIDED,25,patient046,patient046_case01,IBC,IBC_patient034_0213.jpg,1,1.0,low_25_to_50,271,266,0.2509433962264151,0.981549815498155,0.2509433962264151,0.24976525821596243,1,False
UNET_MTL_MASK_GUIDED,25,patient046,patient046_case01,IBC,IBC_patient034_0214.jpg,1,1.0,partial_below_25,155,144,0.1245674740484429,0.9290322580645162,0.1245674740484429,0.12339331619537275,1,False
UNET_MTL_MASK_GUIDED,25,patient046,patient046_case01,IBC,IBC_patient034_0217.jpg,1,1.0,partial_below_25,165,154,0.13095238095238096,0.9333333333333333,0.13095238095238096,0.12973883740522324,1,False
UNET_MTL_MASK_GUIDED,25,patient046,patient046_case01,IBC,IBC_patient034_0218.jpg,1,1.0,partial_below_25,171,156,0.13175675675675674,0.9122807017543859,0.13175675675675674,0.13010842368640535,1,False
UNET_MTL_MASK_GUIDED,25,patient046,patient046_case01,IBC,IBC_patient034_0219.jpg,1,1.0,low_25_to_50,462,460,0.3685897435897436,0.9956709956709957,0.3685897435897436,0.368,1,False
UNET_MTL_MASK_GUIDED,25,patient046,patient046_case01,IBC,IBC_patient034_0220.jpg,1,1.0,moderate_50_to_75,632,608,0.5135135135135135,0.9620253164556962,0.5135135135135135,0.5033112582781457,1,False
UNET_MTL_MASK_GUIDED,25,patient046,patient046_case01,IBC,IBC_patient034_0221.jpg,1,1.0,moderate_50_to_75,701,668,0.6117216117216118,0.9529243937232525,0.6117216117216118,0.5937777777777777,1,False
UNET_MTL_MASK_GUIDED,25,patient046,patient046_case01,IBC,IBC_patient034_0222.jpg,1,,off_target_fp,29,0,0.0,0.0,0.0,0.0,0,False
UNET_MTL_MASK_GUIDED,25,patient046,patient046_case01,IBC,IBC_patient034_0222.jpg,2,1.0,low_25_to_50,483,473,0.4412313432835821,0.979296066252588,0.4412313432835821,0.43715341959334564,1,False
UNET_MTL_MASK_GUIDED,25,patient046,patient046_case01,IBC,IBC_patient034_0223.jpg,1,1.0,partial_below_25,77,77,0.06684027777777778,1.0,0.06684027777777778,0.06684027777777778,1,False
UNET_MTL_MASK_GUIDED,25,patient046,patient046_case01,IBC,IBC_patient034_0223.jpg,2,1.0,partial_below_25,100,100,0.08680555555555555,1.0,0.08680555555555555,0.08680555555555555,1,False
UNET_MTL_MASK_GUIDED,25,patient046,patient046_case01,IBC,IBC_patient034_0224.jpg,1,1.0,partial_below_25,187,181,0.17607003891050585,0.9679144385026738,0.17607003891050585,0.17504835589941972,1,False
UNET_MTL_MASK_GUIDED,25,patient046,patient046_case01,IBC,IBC_patient034_0224.jpg,2,1.0,partial_below_25,127,125,0.12159533073929961,0.984251968503937,0.12159533073929961,0.12135922330097088,1,False
UNET_MTL_MASK_GUIDED,25,patient046,patient046_case01,IBC,IBC_patient034_0225.jpg,1,1.0,moderate_50_to_75,605,579,0.5766932270916335,0.9570247933884297,0.5766932270916335,0.5621359223300971,1,False
UNET_MTL_MASK_GUIDED,25,patient046,patient046_case01,IBC,IBC_patient034_0226.jpg,1,1.0,low_25_to_50,351,337,0.3397177419354839,0.9601139601139601,0.3397177419354839,0.3349900596421471,1,False
UNET_MTL_MASK_GUIDED,25,patient046,patient046_case01,IBC,IBC_patient034_0226.jpg,2,1.0,partial_below_25,50,50,0.05040322580645161,1.0,0.05040322580645161,0.05040322580645161,1,False
UNET_MTL_MASK_GUIDED,25,patient046,patient046_case01,IBC,IBC_patient034_0227.jpg,1,1.0,low_25_to_50,462,421,0.46986607142857145,0.9112554112554112,0.46986607142857145,0.44930629669156885,1,False
UNET_MTL_MASK_GUIDED,25,patient046,patient046_case01,IBC,IBC_patient034_0227.jpg,2,1.0,partial_below_25,31,31,0.03459821428571429,1.0,0.03459821428571429,0.03459821428571429,1,False
UNET_MTL_MASK_GUIDED,25,patient046,patient046_case01,IBC,IBC_patient034_0228.jpg,1,,off_target_fp,43,0,0.0,0.0,0.0,0.0,0,False
UNET_MTL_MASK_GUIDED,25,patient046,patient046_case01,IBC,IBC_patient034_0228.jpg,2,,off_target_fp,135,0,0.0,0.0,0.0,0.0,0,False
UNET_MTL_MASK_GUIDED,25,patient046,patient046_case01,IBC,IBC_patient034_0228.jpg,3,1.0,moderate_50_to_75,649,613,0.6663043478260869,0.9445300462249615,0.6663043478260869,0.641213389121339,1,False
UNET_MTL_MASK_GUIDED,25,patient046,patient046_case01,IBC,IBC_patient034_0229.jpg,1,,off_target_fp,96,0,0.0,0.0,0.0,0.0,0,False
UNET_MTL_MASK_GUIDED,25,patient046,patient046_case01,IBC,IBC_patient034_0229.jpg,2,1.0,partial_below_25,109,106,0.11936936936936937,0.9724770642201835,0.11936936936936937,0.11896745230078563,1,False
UNET_MTL_MASK_GUIDED,25,patient046,patient046_case01,IBC,IBC_patient034_0230.jpg,1,,off_target_fp,148,0,0.0,0.0,0.0,0.0,0,False
UNET_MTL_MASK_GUIDED,25,patient046,patient046_case01,IBC,IBC_patient034_0230.jpg,2,,off_target_fp,100,0,0.0,0.0,0.0,0.0,0,False
UNET_MTL_MASK_GUIDED,25,patient046,patient046_case01,IBC,IBC_patient034_0231.jpg,1,,off_target_fp,80,0,0.0,0.0,0.0,0.0,0,False
UNET_MTL_MASK_GUIDED,25,patient046,patient046_case01,IBC,IBC_patient034_0232.jpg,1,1.0,partial_below_25,25,25,0.04111842105263158,1.0,0.04111842105263158,0.04111842105263158,1,False
UNET_MTL_MASK_GUIDED,25,patient046,patient046_case01,IBC,IBC_patient034_0233.jpg,1,,off_target_fp,37,0,0.0,0.0,0.0,0.0,0,False
UNET_MTL_MASK_GUIDED,25,patient046,patient046_case01,IBC,IBC_patient034_0234.jpg,1,,off_target_fp,50,0,0.0,0.0,0.0,0.0,0,False
UNET_MTL_MASK_GUIDED,25,patient046,patient046_case01,IBC,IBC_patient034_0235.jpg,1,,off_target_fp,56,0,0.0,0.0,0.0,0.0,0,False
UNET_MTL_MASK_GUIDED,25,patient046,patient046_case01,IBC,IBC_patient034_0236.jpg,1,,off_target_fp,54,0,0.0,0.0,0.0,0.0,0,False
UNET_MTL_MASK_GUIDED,25,patient050,patient050_case01,IGM,IGM_patient036_0064.jpg,1,,off_target_fp,36,0,0.0,0.0,0.0,0.0,0,False
UNET_MTL_MASK_GUIDED,25,patient050,patient050_case01,IGM,IGM_patient036_0064.jpg,2,,off_target_fp,84,0,0.0,0.0,0.0,0.0,0,False
UNET_MTL_MASK_GUIDED,25,patient050,patient050_case01,IGM,IGM_patient036_0064.jpg,3,,off_target_fp,75,0,0.0,0.0,0.0,0.0,0,False
UNET_MTL_MASK_GUIDED,25,patient050,patient050_case01,IGM,IGM_patient036_0064.jpg,4,,off_target_fp,208,0,0.0,0.0,0.0,0.0,0,False
UNET_MTL_MASK_GUIDED,25,patient050,patient050_case01,IGM,IGM_patient036_0064.jpg,5,,off_target_fp,73,0,0.0,0.0,0.0,0.0,0,False
UNET_MTL_MASK_GUIDED,25,patient050,patient050_case01,IGM,IGM_patient036_0064.jpg,6,1.0,low_25_to_50,102,47,0.5108695652173914,0.46078431372549017,0.46078431372549017,0.3197278911564626,1,False
UNET_MTL_MASK_GUIDED,25,patient050,patient050_case01,IGM,IGM_patient036_0065.jpg,1,,off_target_fp,116,0,0.0,0.0,0.0,0.0,0,False
UNET_MTL_MASK_GUIDED,25,patient050,patient050_case01,IGM,IGM_patient036_0065.jpg,2,,off_target_fp,457,0,0.0,0.0,0.0,0.0,0,False
UNET_MTL_MASK_GUIDED,25,patient050,patient050_case01,IGM,IGM_patient036_0065.jpg,3,,off_target_fp,41,0,0.0,0.0,0.0,0.0,0,False
UNET_MTL_MASK_GUIDED,25,patient050,patient050_case01,IGM,IGM_patient036_0065.jpg,4,,off_target_fp,117,0,0.0,0.0,0.0,0.0,0,False
UNET_MTL_MASK_GUIDED,25,patient050,patient050_case01,IGM,IGM_patient036_0065.jpg,5,1.0,moderate_50_to_75,138,101,0.7890625,0.7318840579710145,0.7318840579710145,0.6121212121212121,1,False
UNET_MTL_MASK_GUIDED,25,patient050,patient050_case01,IGM,IGM_patient036_0066.jpg,1,,off_target_fp,38,0,0.0,0.0,0.0,0.0,0,False
UNET_MTL_MASK_GUIDED,25,patient050,patient050_case01,IGM,IGM_patient036_0066.jpg,2,,off_target_fp,515,0,0.0,0.0,0.0,0.0,0,False
UNET_MTL_MASK_GUIDED,25,patient050,patient050_case01,IGM,IGM_patient036_0066.jpg,3,,off_target_fp,95,0,0.0,0.0,0.0,0.0,0,False
UNET_MTL_MASK_GUIDED,25,patient050,patient050_case01,IGM,IGM_patient036_0066.jpg,4,1.0,low_25_to_50,100,83,0.42346938775510207,0.83,0.42346938775510207,0.38967136150234744,1,False
UNET_MTL_MASK_GUIDED,25,patient050,patient050_case01,IGM,IGM_patient036_0067.jpg,1,,off_target_fp,55,0,0.0,0.0,0.0,0.0,0,False
UNET_MTL_MASK_GUIDED,25,patient050,patient050_case01,IGM,IGM_patient036_0067.jpg,2,,off_target_fp,46,0,0.0,0.0,0.0,0.0,0,False
UNET_MTL_MASK_GUIDED,25,patient050,patient050_case01,IGM,IGM_patient036_0067.jpg,3,,off_target_fp,436,0,0.0,0.0,0.0,0.0,0,False
UNET_MTL_MASK_GUIDED,25,patient050,patient050_case01,IGM,IGM_patient036_0067.jpg,4,,off_target_fp,36,0,0.0,0.0,0.0,0.0,0,False
UNET_MTL_MASK_GUIDED,25,patient050,patient050_case01,IGM,IGM_patient036_0067.jpg,5,1.0,low_25_to_50,77,71,0.32272727272727275,0.922077922077922,0.32272727272727275,0.3141592920353982,1,False
UNET_MTL_MASK_GUIDED,25,patient050,patient050_case01,IGM,IGM_patient036_0068.jpg,1,,off_target_fp,119,0,0.0,0.0,0.0,0.0,0,False
UNET_MTL_MASK_GUIDED,25,patient050,patient050_case01,IGM,IGM_patient036_0068.jpg,2,,off_target_fp,442,0,0.0,0.0,0.0,0.0,0,False
UNET_MTL_MASK_GUIDED,25,patient050,patient050_case01,IGM,IGM_patient036_0068.jpg,3,,off_target_fp,304,0,0.0,0.0,0.0,0.0,0,False
UNET_MTL_MASK_GUIDED,25,patient050,patient050_case01,IGM,IGM_patient036_0068.jpg,4,1.0,partial_below_25,44,36,0.16071428571428573,0.8181818181818182,0.16071428571428573,0.15517241379310345,1,False
UNET_MTL_MASK_GUIDED,25,patient050,patient050_case01,IGM,IGM_patient036_0068.jpg,5,1.0,partial_below_25,38,33,0.14732142857142858,0.868421052631579,0.14732142857142858,0.14410480349344978,1,False
UNET_MTL_MASK_GUIDED,25,patient050,patient050_case01,IGM,IGM_patient036_0069.jpg,1,,off_target_fp,100,0,0.0,0.0,0.0,0.0,0,False
UNET_MTL_MASK_GUIDED,25,patient050,patient050_case01,IGM,IGM_patient036_0069.jpg,2,,off_target_fp,359,0,0.0,0.0,0.0,0.0,0,False
UNET_MTL_MASK_GUIDED,25,patient050,patient050_case01,IGM,IGM_patient036_0069.jpg,3,1.0,moderate_50_to_75,249,218,0.7266666666666667,0.8755020080321285,0.7266666666666667,0.6586102719033232,1,False
UNET_MTL_MASK_GUIDED,25,patient050,patient050_case01,IGM,IGM_patient036_0070.jpg,1,,off_target_fp,25,0,0.0,0.0,0.0,0.0,0,False
UNET_MTL_MASK_GUIDED,25,patient050,patient050_case01,IGM,IGM_patient036_0070.jpg,2,,off_target_fp,436,0,0.0,0.0,0.0,0.0,0,False
UNET_MTL_MASK_GUIDED,25,patient050,patient050_case01,IGM,IGM_patient036_0070.jpg,3,1.0,moderate_50_to_75,263,221,0.7366666666666667,0.8403041825095057,0.7366666666666667,0.6461988304093568,1,False
UNET_MTL_MASK_GUIDED,25,patient050,patient050_case01,IGM,IGM_patient036_0071.jpg,1,,off_target_fp,239,0,0.0,0.0,0.0,0.0,0,False
UNET_MTL_MASK_GUIDED,25,patient050,patient050_case01,IGM,IGM_patient036_0071.jpg,2,,off_target_fp,45,0,0.0,0.0,0.0,0.0,0,False
UNET_MTL_MASK_GUIDED,25,patient050,patient050_case01,IGM,IGM_patient036_0071.jpg,3,1.0,strong_75_plus,314,293,0.9272151898734177,0.9331210191082803,0.9272151898734177,0.8694362017804155,1,False
UNET_MTL_MASK_GUIDED,25,patient050,patient050_case01,IGM,IGM_patient036_0072.jpg,1,,off_target_fp,140,0,0.0,0.0,0.0,0.0,0,False
UNET_MTL_MASK_GUIDED,25,patient050,patient050_case01,IGM,IGM_patient036_0072.jpg,2,,off_target_fp,104,0,0.0,0.0,0.0,0.0,0,False
UNET_MTL_MASK_GUIDED,25,patient050,patient050_case01,IGM,IGM_patient036_0072.jpg,3,,off_target_fp,241,0,0.0,0.0,0.0,0.0,0,False
UNET_MTL_MASK_GUIDED,25,patient050,patient050_case01,IGM,IGM_patient036_0072.jpg,4,1.0,strong_75_plus,233,209,0.9675925925925926,0.8969957081545065,0.8969957081545065,0.8708333333333333,1,False
UNET_MTL_MASK_GUIDED,25,patient050,patient050_case01,IGM,IGM_patient036_0073.jpg,1,,off_target_fp,237,0,0.0,0.0,0.0,0.0,0,False
UNET_MTL_MASK_GUIDED,25,patient050,patient050_case01,IGM,IGM_patient036_0073.jpg,2,,off_target_fp,85,0,0.0,0.0,0.0,0.0,0,False
UNET_MTL_MASK_GUIDED,25,patient050,patient050_case01,IGM,IGM_patient036_0073.jpg,3,,off_target_fp,251,0,0.0,0.0,0.0,0.0,0,False
UNET_MTL_MASK_GUIDED,25,patient050,patient050_case01,IGM,IGM_patient036_0073.jpg,4,1.0,moderate_50_to_75,80,80,0.5,1.0,0.5,0.5,1,False
UNET_MTL_MASK_GUIDED,25,patient050,patient050_case01,IGM,IGM_patient036_0074.jpg,1,,off_target_fp,184,0,0.0,0.0,0.0,0.0,0,False
UNET_MTL_MASK_GUIDED,25,patient050,patient050_case01,IGM,IGM_patient036_0074.jpg,2,,off_target_fp,55,0,0.0,0.0,0.0,0.0,0,False
UNET_MTL_MASK_GUIDED,25,patient050,patient050_case01,IGM,IGM_patient036_0074.jpg,3,,off_target_fp,171,0,0.0,0.0,0.0,0.0,0,False
UNET_MTL_MASK_GUIDED,25,patient050,patient050_case01,IGM,IGM_patient036_0074.jpg,4,,off_target_fp,36,0,0.0,0.0,0.0,0.0,0,False
UNET_MTL_MASK_GUIDED,25,patient052,patient052_case01,IGM,IGM_patient037_0053.jpg,1,1.0,moderate_50_to_75,90,81,0.7232142857142857,0.9,0.7232142857142857,0.6694214876033058,1,False
UNET_MTL_MASK_GUIDED,25,patient052,patient052_case01,IGM,IGM_patient037_0053.jpg,2,,off_target_fp,62,0,0.0,0.0,0.0,0.0,0,False
UNET_MTL_MASK_GUIDED,25,patient052,patient052_case01,IGM,IGM_patient037_0053.jpg,3,,off_target_fp,92,0,0.0,0.0,0.0,0.0,0,False
UNET_MTL_MASK_GUIDED,25,patient052,patient052_case01,IGM,IGM_patient037_0054.jpg,1,1.0,strong_75_plus,188,165,0.8967391304347826,0.8776595744680851,0.8776595744680851,0.7971014492753623,1,False
UNET_MTL_MASK_GUIDED,25,patient052,patient052_case01,IGM,IGM_patient037_0054.jpg,2,,off_target_fp,62,0,0.0,0.0,0.0,0.0,0,False
UNET_MTL_MASK_GUIDED,25,patient052,patient052_case01,IGM,IGM_patient037_0054.jpg,3,,off_target_fp,27,0,0.0,0.0,0.0,0.0,0,False
UNET_MTL_MASK_GUIDED,25,patient052,patient052_case01,IGM,IGM_patient037_0054.jpg,4,,off_target_fp,26,0,0.0,0.0,0.0,0.0,0,False
UNET_MTL_MASK_GUIDED,25,patient052,patient052_case01,IGM,IGM_patient037_0055.jpg,1,1.0,moderate_50_to_75,210,155,0.9451219512195121,0.7380952380952381,0.7380952380952381,0.7077625570776256,1,False
UNET_MTL_MASK_GUIDED,25,patient052,patient052_case01,IGM,IGM_patient037_0055.jpg,2,,off_target_fp,276,0,0.0,0.0,0.0,0.0,0,False
UNET_MTL_MASK_GUIDED,25,patient052,patient052_case01,IGM,IGM_patient037_0055.jpg,3,,off_target_fp,140,0,0.0,0.0,0.0,0.0,0,False
UNET_MTL_MASK_GUIDED,25,patient052,patient052_case01,IGM,IGM_patient037_0055.jpg,4,,off_target_fp,178,0,0.0,0.0,0.0,0.0,0,False
UNET_MTL_MASK_GUIDED,25,patient052,patient052_case01,IGM,IGM_patient037_0055.jpg,5,,off_target_fp,36,0,0.0,0.0,0.0,0.0,0,False
UNET_MTL_MASK_GUIDED,25,patient052,patient052_case01,IGM,IGM_patient037_0056.jpg,1,1.0,low_25_to_50,148,69,0.8625,0.46621621621621623,0.46621621621621623,0.4339622641509434,1,False
UNET_MTL_MASK_GUIDED,25,patient052,patient052_case01,IGM,IGM_patient037_0056.jpg,2,,off_target_fp,213,0,0.0,0.0,0.0,0.0,0,False
UNET_MTL_MASK_GUIDED,25,patient052,patient052_case01,IGM,IGM_patient037_0056.jpg,3,,off_target_fp,113,0,0.0,0.0,0.0,0.0,0,False
UNET_MTL_MASK_GUIDED,25,patient052,patient052_case01,IGM,IGM_patient037_0056.jpg,4,,off_target_fp,200,0,0.0,0.0,0.0,0.0,0,False
UNET_MTL_MASK_GUIDED,25,patient052,patient052_case01,IGM,IGM_patient037_0056.jpg,5,,off_target_fp,49,0,0.0,0.0,0.0,0.0,0,False
UNET_MTL_MASK_GUIDED,25,patient052,patient052_case01,IGM,IGM_patient037_0057.jpg,1,1.0,moderate_50_to_75,114,92,0.7419354838709677,0.8070175438596491,0.7419354838709677,0.6301369863013698,1,False
UNET_MTL_MASK_GUIDED,25,patient052,patient052_case01,IGM,IGM_patient037_0057.jpg,2,,off_target_fp,238,0,0.0,0.0,0.0,0.0,0,False
UNET_MTL_MASK_GUIDED,25,patient052,patient052_case01,IGM,IGM_patient037_0057.jpg,3,,off_target_fp,228,0,0.0,0.0,0.0,0.0,0,False
UNET_MTL_MASK_GUIDED,25,patient052,patient052_case01,IGM,IGM_patient037_0057.jpg,4,,off_target_fp,43,0,0.0,0.0,0.0,0.0,0,False
UNET_MTL_MASK_GUIDED,25,patient052,patient052_case01,IGM,IGM_patient037_0057.jpg,5,,off_target_fp,55,0,0.0,0.0,0.0,0.0,0,False
UNET_MTL_MASK_GUIDED,25,patient052,patient052_case01,IGM,IGM_patient037_0058.jpg,1,1.0,low_25_to_50,54,51,0.49038461538461536,0.9444444444444444,0.49038461538461536,0.4766355140186916,1,False
UNET_MTL_MASK_GUIDED,25,patient052,patient052_case01,IGM,IGM_patient037_0058.jpg,2,,off_target_fp,162,0,0.0,0.0,0.0,0.0,0,False
UNET_MTL_MASK_GUIDED,25,patient052,patient052_case01,IGM,IGM_patient037_0058.jpg,3,,off_target_fp,36,0,0.0,0.0,0.0,0.0,0,False
UNET_MTL_MASK_GUIDED,25,patient052,patient052_case01,IGM,IGM_patient037_0058.jpg,4,,off_target_fp,55,0,0.0,0.0,0.0,0.0,0,False
UNET_MTL_MASK_GUIDED,25,patient052,patient052_case01,IGM,IGM_patient037_0059.jpg,1,,off_target_fp,46,0,0.0,0.0,0.0,0.0,0,False
UNET_MTL_MASK_GUIDED,25,patient054,patient054_case01,IGM,IGM_patient038_0098.jpg,1,1.0,moderate_50_to_75,96,90,0.5357142857142857,0.9375,0.5357142857142857,0.5172413793103449,1,False
UNET_MTL_MASK_GUIDED,25,patient054,patient054_case01,IGM,IGM_patient038_0098.jpg,2,,off_target_fp,30,0,0.0,0.0,0.0,0.0,0,False
UNET_MTL_MASK_GUIDED,25,patient054,patient054_case01,IGM,IGM_patient038_0098.jpg,3,,off_target_fp,74,0,0.0,0.0,0.0,0.0,0,False
UNET_MTL_MASK_GUIDED,25,patient054,patient054_case01,IGM,IGM_patient038_0098.jpg,4,,off_target_fp,187,0,0.0,0.0,0.0,0.0,0,False
UNET_MTL_MASK_GUIDED,25,patient054,patient054_case01,IGM,IGM_patient038_0099.jpg,1,1.0,strong_75_plus,294,236,0.9516129032258065,0.8027210884353742,0.8027210884353742,0.7712418300653595,1,False
UNET_MTL_MASK_GUIDED,25,patient054,patient054_case01,IGM,IGM_patient038_0099.jpg,2,,off_target_fp,67,0,0.0,0.0,0.0,0.0,0,False
UNET_MTL_MASK_GUIDED,25,patient054,patient054_case01,IGM,IGM_patient038_0099.jpg,3,,off_target_fp,50,0,0.0,0.0,0.0,0.0,0,False
UNET_MTL_MASK_GUIDED,25,patient054,patient054_case01,IGM,IGM_patient038_0099.jpg,4,,off_target_fp,201,0,0.0,0.0,0.0,0.0,0,False
UNET_MTL_MASK_GUIDED,25,patient054,patient054_case01,IGM,IGM_patient038_0100.jpg,1,1.0,strong_75_plus,366,310,0.96875,0.8469945355191257,0.8469945355191257,0.824468085106383,1,False
UNET_MTL_MASK_GUIDED,25,patient054,patient054_case01,IGM,IGM_patient038_0100.jpg,2,,off_target_fp,29,0,0.0,0.0,0.0,0.0,0,False
UNET_MTL_MASK_GUIDED,25,patient054,patient054_case01,IGM,IGM_patient038_0100.jpg,3,,off_target_fp,59,0,0.0,0.0,0.0,0.0,0,False
UNET_MTL_MASK_GUIDED,25,patient054,patient054_case01,IGM,IGM_patient038_0100.jpg,4,,off_target_fp,337,0,0.0,0.0,0.0,0.0,0,False
UNET_MTL_MASK_GUIDED,25,patient054,patient054_case01,IGM,IGM_patient038_0101.jpg,1,1.0,strong_75_plus,416,341,0.9798850574712644,0.8197115384615384,0.8197115384615384,0.806146572104019,1,False
UNET_MTL_MASK_GUIDED,25,patient054,patient054_case01,IGM,IGM_patient038_0101.jpg,2,,off_target_fp,27,0,0.0,0.0,0.0,0.0,0,False
UNET_MTL_MASK_GUIDED,25,patient054,patient054_case01,IGM,IGM_patient038_0101.jpg,3,,off_target_fp,63,0,0.0,0.0,0.0,0.0,0,False
UNET_MTL_MASK_GUIDED,25,patient054,patient054_case01,IGM,IGM_patient038_0101.jpg,4,,off_target_fp,153,0,0.0,0.0,0.0,0.0,0,False
UNET_MTL_MASK_GUIDED,25,patient054,patient054_case01,IGM,IGM_patient038_0101.jpg,5,,off_target_fp,186,0,0.0,0.0,0.0,0.0,0,False
UNET_MTL_MASK_GUIDED,25,patient054,patient054_case01,IGM,IGM_patient038_0102.jpg,1,1.0,strong_75_plus,450,376,0.9894736842105263,0.8355555555555556,0.8355555555555556,0.8281938325991189,1,False
UNET_MTL_MASK_GUIDED,25,patient054,patient054_case01,IGM,IGM_patient038_0102.jpg,2,,off_target_fp,58,0,0.0,0.0,0.0,0.0,0,False
UNET_MTL_MASK_GUIDED,25,patient054,patient054_case01,IGM,IGM_patient038_0102.jpg,3,,off_target_fp,168,0,0.0,0.0,0.0,0.0,0,False
UNET_MTL_MASK_GUIDED,25,patient054,patient054_case01,IGM,IGM_patient038_0102.jpg,4,,off_target_fp,147,0,0.0,0.0,0.0,0.0,0,False
UNET_MTL_MASK_GUIDED,25,patient054,patient054_case01,IGM,IGM_patient038_0103.jpg,1,1.0,strong_75_plus,474,375,0.9868421052631579,0.7911392405063291,0.7911392405063291,0.7828810020876826,1,False
UNET_MTL_MASK_GUIDED,25,patient054,patient054_case01,IGM,IGM_patient038_0103.jpg,2,,off_target_fp,50,0,0.0,0.0,0.0,0.0,0,False
UNET_MTL_MASK_GUIDED,25,patient054,patient054_case01,IGM,IGM_patient038_0103.jpg,3,,off_target_fp,198,0,0.0,0.0,0.0,0.0,0,False
UNET_MTL_MASK_GUIDED,25,patient054,patient054_case01,IGM,IGM_patient038_0103.jpg,4,,off_target_fp,27,0,0.0,0.0,0.0,0.0,0,False
UNET_MTL_MASK_GUIDED,25,patient054,patient054_case01,IGM,IGM_patient038_0104.jpg,1,1.0,strong_75_plus,479,422,0.9590909090909091,0.8810020876826722,0.8810020876826722,0.8490945674044266,1,False
UNET_MTL_MASK_GUIDED,25,patient054,patient054_case01,IGM,IGM_patient038_0104.jpg,2,,off_target_fp,44,0,0.0,0.0,0.0,0.0,0,False
UNET_MTL_MASK_GUIDED,25,patient054,patient054_case01,IGM,IGM_patient038_0104.jpg,3,,off_target_fp,190,0,0.0,0.0,0.0,0.0,0,False
UNET_MTL_MASK_GUIDED,25,patient054,patient054_case01,IGM,IGM_patient038_0105.jpg,1,1.0,strong_75_plus,465,372,0.9789473684210527,0.8,0.8,0.7864693446088795,1,False
UNET_MTL_MASK_GUIDED,25,patient054,patient054_case01,IGM,IGM_patient038_0105.jpg,2,,off_target_fp,54,0,0.0,0.0,0.0,0.0,0,False
UNET_MTL_MASK_GUIDED,25,patient054,patient054_case01,IGM,IGM_patient038_0105.jpg,3,,off_target_fp,184,0,0.0,0.0,0.0,0.0,0,False
UNET_MTL_MASK_GUIDED,25,patient054,patient054_case01,IGM,IGM_patient038_0106.jpg,1,1.0,strong_75_plus,458,357,0.9807692307692307,0.7794759825327511,0.7794759825327511,0.7677419354838709,1,False
UNET_MTL_MASK_GUIDED,25,patient054,patient054_case01,IGM,IGM_patient038_0106.jpg,2,,off_target_fp,65,0,0.0,0.0,0.0,0.0,0,False
UNET_MTL_MASK_GUIDED,25,patient054,patient054_case01,IGM,IGM_patient038_0106.jpg,3,,off_target_fp,176,0,0.0,0.0,0.0,0.0,0,False
UNET_MTL_MASK_GUIDED,25,patient054,patient054_case01,IGM,IGM_patient038_0107.jpg,1,1.0,moderate_50_to_75,468,346,0.9829545454545454,0.7393162393162394,0.7393162393162394,0.729957805907173,1,False
UNET_MTL_MASK_GUIDED,25,patient054,patient054_case01,IGM,IGM_patient038_0107.jpg,2,,off_target_fp,66,0,0.0,0.0,0.0,0.0,0,False
UNET_MTL_MASK_GUIDED,25,patient054,patient054_case01,IGM,IGM_patient038_0107.jpg,3,,off_target_fp,172,0,0.0,0.0,0.0,0.0,0,False
UNET_MTL_MASK_GUIDED,25,patient054,patient054_case01,IGM,IGM_patient038_0108.jpg,1,1.0,strong_75_plus,441,347,0.9857954545454546,0.7868480725623582,0.7868480725623582,0.7780269058295964,1,False
UNET_MTL_MASK_GUIDED,25,patient054,patient054_case01,IGM,IGM_patient038_0108.jpg,2,,off_target_fp,65,0,0.0,0.0,0.0,0.0,0,False
UNET_MTL_MASK_GUIDED,25,patient054,patient054_case01,IGM,IGM_patient038_0108.jpg,3,,off_target_fp,174,0,0.0,0.0,0.0,0.0,0,False
UNET_MTL_MASK_GUIDED,25,patient054,patient054_case01,IGM,IGM_patient038_0109.jpg,1,1.0,strong_75_plus,383,317,0.990625,0.8276762402088773,0.8276762402088773,0.8212435233160622,1,False
UNET_MTL_MASK_GUIDED,25,patient054,patient054_case01,IGM,IGM_patient038_0109.jpg,2,,off_target_fp,65,0,0.0,0.0,0.0,0.0,0,False
UNET_MTL_MASK_GUIDED,25,patient054,patient054_case01,IGM,IGM_patient038_0109.jpg,3,,off_target_fp,177,0,0.0,0.0,0.0,0.0,0,False
UNET_MTL_MASK_GUIDED,25,patient054,patient054_case01,IGM,IGM_patient038_0110.jpg,1,1.0,strong_75_plus,342,260,1.0,0.7602339181286549,0.7602339181286549,0.7602339181286549,1,False
UNET_MTL_MASK_GUIDED,25,patient054,patient054_case01,IGM,IGM_patient038_0110.jpg,2,,off_target_fp,42,0,0.0,0.0,0.0,0.0,0,False
UNET_MTL_MASK_GUIDED,25,patient054,patient054_case01,IGM,IGM_patient038_0110.jpg,3,,off_target_fp,190,0,0.0,0.0,0.0,0.0,0,False
UNET_MTL_MASK_GUIDED,25,patient054,patient054_case01,IGM,IGM_patient038_0111.jpg,1,1.0,strong_75_plus,299,260,0.9154929577464789,0.8695652173913043,0.8695652173913043,0.804953560371517,1,False
UNET_MTL_MASK_GUIDED,25,patient054,patient054_case01,IGM,IGM_patient038_0111.jpg,2,,off_target_fp,31,0,0.0,0.0,0.0,0.0,0,False
UNET_MTL_MASK_GUIDED,25,patient054,patient054_case01,IGM,IGM_patient038_0111.jpg,3,,off_target_fp,182,0,0.0,0.0,0.0,0.0,0,False
UNET_MTL_MASK_GUIDED,25,patient054,patient054_case01,IGM,IGM_patient038_0111.jpg,4,,off_target_fp,82,0,0.0,0.0,0.0,0.0,0,False
UNET_MTL_MASK_GUIDED,25,patient054,patient054_case01,IGM,IGM_patient038_0112.jpg,1,1.0,strong_75_plus,257,216,0.9310344827586207,0.8404669260700389,0.8404669260700389,0.7912087912087912,1,False
UNET_MTL_MASK_GUIDED,25,patient054,patient054_case01,IGM,IGM_patient038_0112.jpg,2,,off_target_fp,37,0,0.0,0.0,0.0,0.0,0,False
UNET_MTL_MASK_GUIDED,25,patient054,patient054_case01,IGM,IGM_patient038_0112.jpg,3,,off_target_fp,167,0,0.0,0.0,0.0,0.0,0,False
UNET_MTL_MASK_GUIDED,25,patient054,patient054_case01,IGM,IGM_patient038_0112.jpg,4,,off_target_fp,102,0,0.0,0.0,0.0,0.0,0,False
UNET_MTL_MASK_GUIDED,25,patient054,patient054_case01,IGM,IGM_patient038_0113.jpg,1,1.0,strong_75_plus,200,172,0.9347826086956522,0.86,0.86,0.8113207547169812,1,False
UNET_MTL_MASK_GUIDED,25,patient054,patient054_case01,IGM,IGM_patient038_0113.jpg,2,,off_target_fp,45,0,0.0,0.0,0.0,0.0,0,False
UNET_MTL_MASK_GUIDED,25,patient054,patient054_case01,IGM,IGM_patient038_0113.jpg,3,,off_target_fp,130,0,0.0,0.0,0.0,0.0,0,False
UNET_MTL_MASK_GUIDED,25,patient054,patient054_case01,IGM,IGM_patient038_0113.jpg,4,,off_target_fp,100,0,0.0,0.0,0.0,0.0,0,False
UNET_MTL_MASK_GUIDED,25,patient054,patient054_case01,IGM,IGM_patient038_0114.jpg,1,,off_target_fp,48,0,0.0,0.0,0.0,0.0,0,False
UNET_MTL_MASK_GUIDED,25,patient054,patient054_case01,IGM,IGM_patient038_0114.jpg,2,,off_target_fp,91,0,0.0,0.0,0.0,0.0,0,False
UNET_MTL_MASK_GUIDED,25,patient059,patient059_case01,IBC,IBC_patient040_0059.jpg,1,,off_target_fp,110,0,0.0,0.0,0.0,0.0,0,False
UNET_MTL_MASK_GUIDED,25,patient059,patient059_case01,IBC,IBC_patient040_0059.jpg,2,1.0,moderate_50_to_75,44,40,0.5555555555555556,0.9090909090909091,0.5555555555555556,0.5263157894736842,1,False
UNET_MTL_MASK_GUIDED,25,patient059,patient059_case01,IBC,IBC_patient040_0060.jpg,1,1.0,moderate_50_to_75,130,95,0.9134615384615384,0.7307692307692307,0.7307692307692307,0.6834532374100719,1,False
UNET_MTL_MASK_GUIDED,25,patient059,patient059_case01,IBC,IBC_patient040_0061.jpg,1,1.0,strong_75_plus,143,122,0.8472222222222222,0.8531468531468531,0.8472222222222222,0.7393939393939394,1,False
UNET_MTL_MASK_GUIDED,25,patient059,patient059_case01,IBC,IBC_patient040_0062.jpg,1,1.0,strong_75_plus,181,151,0.8206521739130435,0.8342541436464088,0.8206521739130435,0.705607476635514,1,False
UNET_MTL_MASK_GUIDED,25,patient059,patient059_case01,IBC,IBC_patient040_0063.jpg,1,,off_target_fp,77,0,0.0,0.0,0.0,0.0,0,False
UNET_MTL_MASK_GUIDED,25,patient059,patient059_case01,IBC,IBC_patient040_0063.jpg,2,1.0,strong_75_plus,231,211,0.8373015873015873,0.9134199134199135,0.8373015873015873,0.7757352941176471,1,False
UNET_MTL_MASK_GUIDED,25,patient059,patient059_case01,IBC,IBC_patient040_0064.jpg,1,,off_target_fp,101,0,0.0,0.0,0.0,0.0,0,False
UNET_MTL_MASK_GUIDED,25,patient059,patient059_case01,IBC,IBC_patient040_0064.jpg,2,1.0,strong_75_plus,252,190,0.9134615384615384,0.753968253968254,0.753968253968254,0.7037037037037037,1,False
UNET_MTL_MASK_GUIDED,25,patient059,patient059_case01,IBC,IBC_patient040_0064.jpg,3,,off_target_fp,45,0,0.0,0.0,0.0,0.0,0,False
UNET_MTL_MASK_GUIDED,25,patient059,patient059_case01,IBC,IBC_patient040_0065.jpg,1,,off_target_fp,52,0,0.0,0.0,0.0,0.0,0,False
UNET_MTL_MASK_GUIDED,25,patient059,patient059_case01,IBC,IBC_patient040_0065.jpg,2,1.0,strong_75_plus,287,248,0.8611111111111112,0.8641114982578397,0.8611111111111112,0.7584097859327217,1,False
UNET_MTL_MASK_GUIDED,25,patient059,patient059_case01,IBC,IBC_patient040_0065.jpg,3,,off_target_fp,115,0,0.0,0.0,0.0,0.0,0,False
UNET_MTL_MASK_GUIDED,25,patient059,patient059_case01,IBC,IBC_patient040_0066.jpg,1,,off_target_fp,103,0,0.0,0.0,0.0,0.0,0,False
UNET_MTL_MASK_GUIDED,25,patient059,patient059_case01,IBC,IBC_patient040_0066.jpg,2,1.0,strong_75_plus,343,266,0.9366197183098591,0.7755102040816326,0.7755102040816326,0.7368421052631579,1,False
UNET_MTL_MASK_GUIDED,25,patient059,patient059_case01,IBC,IBC_patient040_0066.jpg,3,,off_target_fp,105,0,0.0,0.0,0.0,0.0,0,False
UNET_MTL_MASK_GUIDED,25,patient059,patient059_case01,IBC,IBC_patient040_0067.jpg,1,,off_target_fp,335,0,0.0,0.0,0.0,0.0,0,False
UNET_MTL_MASK_GUIDED,25,patient059,patient059_case01,IBC,IBC_patient040_0067.jpg,2,,off_target_fp,119,0,0.0,0.0,0.0,0.0,0,False
UNET_MTL_MASK_GUIDED,25,patient059,patient059_case01,IBC,IBC_patient040_0067.jpg,3,1.0,strong_75_plus,318,256,0.9411764705882353,0.8050314465408805,0.8050314465408805,0.7664670658682635,1,False
UNET_MTL_MASK_GUIDED,25,patient059,patient059_case01,IBC,IBC_patient040_0068.jpg,1,,off_target_fp,339,0,0.0,0.0,0.0,0.0,0,False
UNET_MTL_MASK_GUIDED,25,patient059,patient059_case01,IBC,IBC_patient040_0068.jpg,2,,off_target_fp,33,0,0.0,0.0,0.0,0.0,0,False
UNET_MTL_MASK_GUIDED,25,patient059,patient059_case01,IBC,IBC_patient040_0068.jpg,3,1.0,strong_75_plus,263,208,0.8813559322033898,0.7908745247148289,0.7908745247148289,0.7147766323024055,1,False
UNET_MTL_MASK_GUIDED,25,patient059,patient059_case01,IBC,IBC_patient040_0069.jpg,1,,off_target_fp,211,0,0.0,0.0,0.0,0.0,0,False
UNET_MTL_MASK_GUIDED,25,patient059,patient059_case01,IBC,IBC_patient040_0069.jpg,2,,off_target_fp,253,0,0.0,0.0,0.0,0.0,0,False
UNET_MTL_MASK_GUIDED,25,patient059,patient059_case01,IBC,IBC_patient040_0069.jpg,3,1.0,strong_75_plus,298,275,0.8283132530120482,0.9228187919463087,0.8283132530120482,0.7746478873239436,1,False
UNET_MTL_MASK_GUIDED,25,patient059,patient059_case01,IBC,IBC_patient040_0070.jpg,1,,off_target_fp,228,0,0.0,0.0,0.0,0.0,0,False
UNET_MTL_MASK_GUIDED,25,patient059,patient059_case01,IBC,IBC_patient040_0070.jpg,2,1.0,strong_75_plus,143,113,0.8828125,0.7902097902097902,0.7902097902097902,0.7151898734177216,1,False
UNET_MTL_MASK_GUIDED,25,patient064,patient064_case01,IGM,IGM_patient043_0054.jpg,1,1.0,moderate_50_to_75,565,396,0.9519230769230769,0.7008849557522124,0.7008849557522124,0.676923076923077,1,False
UNET_MTL_MASK_GUIDED,25,patient064,patient064_case01,IGM,IGM_patient043_0055.jpg,1,1.0,strong_75_plus,744,597,0.9506369426751592,0.8024193548387096,0.8024193548387096,0.7703225806451612,1,False
UNET_MTL_MASK_GUIDED,25,patient064,patient064_case01,IGM,IGM_patient043_0056.jpg,1,1.0,strong_75_plus,776,601,0.9217791411042945,0.7744845360824743,0.7744845360824743,0.7267230955259976,1,False
UNET_MTL_MASK_GUIDED,25,patient064,patient064_case01,IGM,IGM_patient043_0056.jpg,2,,off_target_fp,79,0,0.0,0.0,0.0,0.0,0,False
UNET_MTL_MASK_GUIDED,25,patient064,patient064_case01,IGM,IGM_patient043_0057.jpg,1,1.0,strong_75_plus,549,484,0.8231292517006803,0.8816029143897997,0.8231292517006803,0.7411944869831547,1,False
UNET_MTL_MASK_GUIDED,25,patient064,patient064_case01,IGM,IGM_patient043_0057.jpg,2,,off_target_fp,103,0,0.0,0.0,0.0,0.0,0,False
UNET_MTL_MASK_GUIDED,25,patient064,patient064_case01,IGM,IGM_patient043_0058.jpg,1,1.0,strong_75_plus,546,458,0.8178571428571428,0.8388278388278388,0.8178571428571428,0.7067901234567902,1,False
UNET_MTL_MASK_GUIDED,25,patient064,patient064_case01,IGM,IGM_patient043_0059.jpg,1,1.0,moderate_50_to_75,391,376,0.5222222222222223,0.9616368286445013,0.5222222222222223,0.5115646258503401,1,False
UNET_MTL_MASK_GUIDED,25,patient064,patient064_case01,IGM,IGM_patient043_0060.jpg,1,,off_target_fp,396,0,0.0,0.0,0.0,0.0,0,False
UNET_MTL_MASK_GUIDED,25,patient064,patient064_case01,IGM,IGM_patient043_0060.jpg,2,,off_target_fp,97,0,0.0,0.0,0.0,0.0,0,False
UNET_MTL_MASK_GUIDED,25,patient064,patient064_case01,IGM,IGM_patient043_0060.jpg,3,1.0,low_25_to_50,158,155,0.25326797385620914,0.9810126582278481,0.25326797385620914,0.25203252032520324,1,False
UNET_MTL_MASK_GUIDED,25,patient064,patient064_case01,IGM,IGM_patient043_0060.jpg,4,1.0,low_25_to_50,235,189,0.3088235294117647,0.8042553191489362,0.3088235294117647,0.2872340425531915,1,False
UNET_MTL_MASK_GUIDED,25,patient064,patient064_case01,IGM,IGM_patient043_0061.jpg,1,,off_target_fp,351,0,0.0,0.0,0.0,0.0,0,False
UNET_MTL_MASK_GUIDED,25,patient064,patient064_case01,IGM,IGM_patient043_0061.jpg,2,,off_target_fp,183,0,0.0,0.0,0.0,0.0,0,False
UNET_MTL_MASK_GUIDED,25,patient064,patient064_case01,IGM,IGM_patient043_0061.jpg,3,1.0,moderate_50_to_75,140,87,0.6041666666666666,0.6214285714285714,0.6041666666666666,0.4416243654822335,1,False
UNET_MTL_MASK_GUIDED,25,patient070,patient070_case01,IBC,IBC_patient046_0056.jpg,1,1.0,moderate_50_to_75,50,41,0.7321428571428571,0.82,0.7321428571428571,0.6307692307692307,1,False
UNET_MTL_MASK_GUIDED,25,patient070,patient070_case01,IBC,IBC_patient046_0057.jpg,1,1.0,strong_75_plus,118,101,0.9017857142857143,0.8559322033898306,0.8559322033898306,0.7829457364341085,1,False
UNET_MTL_MASK_GUIDED,25,patient070,patient070_case01,IBC,IBC_patient046_0058.jpg,1,1.0,strong_75_plus,174,131,0.9357142857142857,0.7528735632183908,0.7528735632183908,0.7158469945355191,1,False
UNET_MTL_MASK_GUIDED,25,patient070,patient070_case01,IBC,IBC_patient046_0058.jpg,2,,off_target_fp,113,0,0.0,0.0,0.0,0.0,0,False
UNET_MTL_MASK_GUIDED,25,patient070,patient070_case01,IBC,IBC_patient046_0059.jpg,1,1.0,strong_75_plus,163,123,0.9609375,0.754601226993865,0.754601226993865,0.7321428571428571,1,False
UNET_MTL_MASK_GUIDED,25,patient070,patient070_case01,IBC,IBC_patient046_0059.jpg,2,,off_target_fp,117,0,0.0,0.0,0.0,0.0,0,False
UNET_MTL_MASK_GUIDED,25,patient070,patient070_case01,IBC,IBC_patient046_0060.jpg,1,1.0,strong_75_plus,101,95,0.7916666666666666,0.9405940594059405,0.7916666666666666,0.753968253968254,1,False
UNET_MTL_MASK_GUIDED,25,patient070,patient070_case01,IBC,IBC_patient046_0060.jpg,2,,off_target_fp,122,0,0.0,0.0,0.0,0.0,0,False
UNET_MTL_MASK_GUIDED,25,patient070,patient070_case01,IBC,IBC_patient046_0061.jpg,1,1.0,strong_75_plus,185,149,0.9085365853658537,0.8054054054054054,0.8054054054054054,0.745,1,False
UNET_MTL_MASK_GUIDED,25,patient070,patient070_case01,IBC,IBC_patient046_0061.jpg,2,,off_target_fp,39,0,0.0,0.0,0.0,0.0,0,False
UNET_MTL_MASK_GUIDED,25,patient070,patient070_case01,IBC,IBC_patient046_0062.jpg,1,1.0,strong_75_plus,175,153,0.8895348837209303,0.8742857142857143,0.8742857142857143,0.788659793814433,1,False
UNET_MTL_MASK_GUIDED,25,patient070,patient070_case01,IBC,IBC_patient046_0062.jpg,2,,off_target_fp,101,0,0.0,0.0,0.0,0.0,0,False
UNET_MTL_MASK_GUIDED,25,patient070,patient070_case01,IBC,IBC_patient046_0063.jpg,1,,off_target_fp,53,0,0.0,0.0,0.0,0.0,0,False
UNET_MTL_MASK_GUIDED,25,patient070,patient070_case01,IBC,IBC_patient046_0063.jpg,2,,off_target_fp,73,0,0.0,0.0,0.0,0.0,0,False
UNET_MTL_MASK_GUIDED,25,patient070,patient070_case01,IBC,IBC_patient046_0063.jpg,3,1.0,strong_75_plus,93,84,0.8076923076923077,0.9032258064516129,0.8076923076923077,0.7433628318584071,1,False
UNET_MTL_MASK_GUIDED,25,patient070,patient070_case01,IBC,IBC_patient046_0067.jpg,1,,off_target_fp,41,0,0.0,0.0,0.0,0.0,0,False
UNET_MTL_MASK_GUIDED,25,patient070,patient070_case01,IBC,IBC_patient046_0067.jpg,2,1.0,moderate_50_to_75,170,164,0.6612903225806451,0.9647058823529412,0.6612903225806451,0.6456692913385826,1,False
UNET_MTL_MASK_GUIDED,25,patient070,patient070_case01,IBC,IBC_patient046_0067.jpg,3,,off_target_fp,93,0,0.0,0.0,0.0,0.0,0,False
UNET_MTL_MASK_GUIDED,25,patient070,patient070_case01,IBC,IBC_patient046_0068.jpg,1,1.0,moderate_50_to_75,334,242,0.9029850746268657,0.7245508982035929,0.7245508982035929,0.6722222222222223,1,False
UNET_MTL_MASK_GUIDED,25,patient070,patient070_case01,IBC,IBC_patient046_0068.jpg,2,,off_target_fp,73,0,0.0,0.0,0.0,0.0,0,False
UNET_MTL_MASK_GUIDED,25,patient070,patient070_case01,IBC,IBC_patient046_0069.jpg,1,1.0,strong_75_plus,331,251,0.9653846153846154,0.7583081570996979,0.7583081570996979,0.7382352941176471,1,False
UNET_MTL_MASK_GUIDED,25,patient070,patient070_case01,IBC,IBC_patient046_0069.jpg,2,,off_target_fp,53,0,0.0,0.0,0.0,0.0,0,False
UNET_MTL_MASK_GUIDED,25,patient070,patient070_case01,IBC,IBC_patient046_0070.jpg,1,,off_target_fp,41,0,0.0,0.0,0.0,0.0,0,False
UNET_MTL_MASK_GUIDED,25,patient070,patient070_case01,IBC,IBC_patient046_0070.jpg,2,1.0,strong_75_plus,232,189,0.8915094339622641,0.8146551724137931,0.8146551724137931,0.7411764705882353,1,False
UNET_MTL_MASK_GUIDED,25,patient070,patient070_case01,IBC,IBC_patient046_0071.jpg,1,,off_target_fp,110,0,0.0,0.0,0.0,0.0,0,False
UNET_MTL_MASK_GUIDED,25,patient070,patient070_case01,IBC,IBC_patient046_0071.jpg,2,,off_target_fp,61,0,0.0,0.0,0.0,0.0,0,False
UNET_MTL_MASK_GUIDED,25,patient070,patient070_case01,IBC,IBC_patient046_0071.jpg,3,1.0,moderate_50_to_75,59,51,0.51,0.864406779661017,0.51,0.4722222222222222,1,False
UNET_MTL_MASK_GUIDED,25,patient072,patient072_case01,IBC,IBC_patient047_0053.jpg,1,,off_target_fp,1013,0,0.0,0.0,0.0,0.0,0,False
UNET_MTL_MASK_GUIDED,25,patient072,patient072_case01,IBC,IBC_patient047_0053.jpg,2,1.0,strong_75_plus,311,245,0.9722222222222222,0.7877813504823151,0.7877813504823151,0.7704402515723271,1,False
UNET_MTL_MASK_GUIDED,25,patient072,patient072_case01,IBC,IBC_patient047_0054.jpg,1,,off_target_fp,44,0,0.0,0.0,0.0,0.0,0,False
UNET_MTL_MASK_GUIDED,25,patient072,patient072_case01,IBC,IBC_patient047_0054.jpg,2,,off_target_fp,729,0,0.0,0.0,0.0,0.0,0,False
UNET_MTL_MASK_GUIDED,25,patient072,patient072_case01,IBC,IBC_patient047_0054.jpg,3,1.0,strong_75_plus,494,441,0.9264705882352942,0.8927125506072875,0.8927125506072875,0.833648393194707,1,False
UNET_MTL_MASK_GUIDED,25,patient072,patient072_case01,IBC,IBC_patient047_0055.jpg,1,,off_target_fp,314,0,0.0,0.0,0.0,0.0,0,False
UNET_MTL_MASK_GUIDED,25,patient072,patient072_case01,IBC,IBC_patient047_0055.jpg,2,1.0,strong_75_plus,542,501,0.7927215189873418,0.9243542435424354,0.7927215189873418,0.7444279346210996,1,False
UNET_MTL_MASK_GUIDED,25,patient072,patient072_case01,IBC,IBC_patient047_0056.jpg,1,1.0,strong_75_plus,583,569,0.7902777777777777,0.9759862778730704,0.7902777777777777,0.7752043596730245,1,False
UNET_MTL_MASK_GUIDED,25,patient072,patient072_case01,IBC,IBC_patient047_0057.jpg,1,1.0,moderate_50_to_75,533,364,0.7982456140350878,0.6829268292682927,0.6829268292682927,0.5824,1,False
UNET_MTL_MASK_GUIDED,25,patient072,patient072_case01,IBC,IBC_patient047_0058.jpg,1,,off_target_fp,137,0,0.0,0.0,0.0,0.0,0,False
UNET_MTL_MASK_GUIDED,25,patient072,patient072_case01,IBC,IBC_patient047_0058.jpg,2,1.0,low_25_to_50,278,134,0.2596899224806202,0.48201438848920863,0.2596899224806202,0.20303030303030303,1,False
UNET_MTL_MASK_GUIDED,25,patient072,patient072_case01,IBC,IBC_patient047_0058.jpg,3,1.0,moderate_50_to_75,357,293,0.5678294573643411,0.8207282913165266,0.5678294573643411,0.5051724137931034,1,False
UNET_MTL_MASK_GUIDED,25,patient072,patient072_case01,IBC,IBC_patient047_0059.jpg,1,,off_target_fp,278,0,0.0,0.0,0.0,0.0,0,False
UNET_MTL_MASK_GUIDED,25,patient072,patient072_case01,IBC,IBC_patient047_0059.jpg,2,,off_target_fp,435,0,0.0,0.0,0.0,0.0,0,False
UNET_MTL_MASK_GUIDED,25,patient072,patient072_case01,IBC,IBC_patient047_0059.jpg,3,,off_target_fp,149,0,0.0,0.0,0.0,0.0,0,False
UNET_MTL_MASK_GUIDED,25,patient072,patient072_case01,IBC,IBC_patient047_0059.jpg,4,1.0,strong_75_plus,171,154,0.8555555555555555,0.9005847953216374,0.8555555555555555,0.7817258883248731,1,False
UNET_MTL_MASK_GUIDED,25,patient083,patient083_case01,IGM,IGM_patient052_0059.jpg,1,1.0,strong_75_plus,79,77,0.77,0.9746835443037974,0.77,0.7549019607843137,1,False
UNET_MTL_MASK_GUIDED,25,patient083,patient083_case01,IGM,IGM_patient052_0060.jpg,1,1.0,moderate_50_to_75,137,126,0.7159090909090909,0.9197080291970803,0.7159090909090909,0.6737967914438503,1,False
UNET_MTL_MASK_GUIDED,25,patient083,patient083_case01,IGM,IGM_patient052_0060.jpg,2,,off_target_fp,25,0,0.0,0.0,0.0,0.0,0,False
UNET_MTL_MASK_GUIDED,25,patient083,patient083_case01,IGM,IGM_patient052_0061.jpg,1,1.0,strong_75_plus,180,175,0.78125,0.9722222222222222,0.78125,0.7641921397379913,1,False
UNET_MTL_MASK_GUIDED,25,patient083,patient083_case01,IGM,IGM_patient052_0061.jpg,2,,off_target_fp,52,0,0.0,0.0,0.0,0.0,0,False
UNET_MTL_MASK_GUIDED,25,patient083,patient083_case01,IGM,IGM_patient052_0062.jpg,1,1.0,strong_75_plus,240,229,0.89453125,0.9541666666666667,0.89453125,0.8576779026217228,1,False
UNET_MTL_MASK_GUIDED,25,patient083,patient083_case01,IGM,IGM_patient052_0062.jpg,2,,off_target_fp,47,0,0.0,0.0,0.0,0.0,0,False
UNET_MTL_MASK_GUIDED,25,patient083,patient083_case01,IGM,IGM_patient052_0062.jpg,3,,off_target_fp,55,0,0.0,0.0,0.0,0.0,0,False
UNET_MTL_MASK_GUIDED,25,patient083,patient083_case01,IGM,IGM_patient052_0063.jpg,1,1.0,strong_75_plus,270,244,0.9104477611940298,0.9037037037037037,0.9037037037037037,0.8299319727891157,1,False
UNET_MTL_MASK_GUIDED,25,patient083,patient083_case01,IGM,IGM_patient052_0063.jpg,2,,off_target_fp,28,0,0.0,0.0,0.0,0.0,0,False
UNET_MTL_MASK_GUIDED,25,patient083,patient083_case01,IGM,IGM_patient052_0063.jpg,3,,off_target_fp,125,0,0.0,0.0,0.0,0.0,0,False
UNET_MTL_MASK_GUIDED,25,patient083,patient083_case01,IGM,IGM_patient052_0064.jpg,1,1.0,strong_75_plus,314,252,0.984375,0.802547770700637,0.802547770700637,0.7924528301886793,1,False
UNET_MTL_MASK_GUIDED,25,patient083,patient083_case01,IGM,IGM_patient052_0064.jpg,2,,off_target_fp,63,0,0.0,0.0,0.0,0.0,0,False
UNET_MTL_MASK_GUIDED,25,patient083,patient083_case01,IGM,IGM_patient052_0064.jpg,3,,off_target_fp,206,0,0.0,0.0,0.0,0.0,0,False
UNET_MTL_MASK_GUIDED,25,patient083,patient083_case01,IGM,IGM_patient052_0065.jpg,1,1.0,strong_75_plus,218,202,0.7769230769230769,0.926605504587156,0.7769230769230769,0.7318840579710145,1,False
UNET_MTL_MASK_GUIDED,25,patient083,patient083_case01,IGM,IGM_patient052_0065.jpg,2,,off_target_fp,225,0,0.0,0.0,0.0,0.0,0,False
UNET_MTL_MASK_GUIDED,25,patient083,patient083_case01,IGM,IGM_patient052_0066.jpg,1,1.0,strong_75_plus,146,138,0.9324324324324325,0.9452054794520548,0.9324324324324325,0.8846153846153846,1,False
UNET_MTL_MASK_GUIDED,25,patient083,patient083_case01,IGM,IGM_patient052_0066.jpg,2,,off_target_fp,39,0,0.0,0.0,0.0,0.0,0,False
UNET_MTL_MASK_GUIDED,25,patient083,patient083_case01,IGM,IGM_patient052_0067.jpg,1,1.0,strong_75_plus,159,148,0.8043478260869565,0.9308176100628931,0.8043478260869565,0.7589743589743589,1,False
UNET_MTL_MASK_GUIDED,25,patient083,patient083_case01,IGM,IGM_patient052_0067.jpg,2,,off_target_fp,221,0,0.0,0.0,0.0,0.0,0,False
UNET_MTL_MASK_GUIDED,25,patient083,patient083_case01,IGM,IGM_patient052_0067.jpg,3,,off_target_fp,67,0,0.0,0.0,0.0,0.0,0,False
UNET_MTL_MASK_GUIDED,25,patient083,patient083_case01,IGM,IGM_patient052_0068.jpg,1,1.0,moderate_50_to_75,102,99,0.7279411764705882,0.9705882352941176,0.7279411764705882,0.7122302158273381,1,False
UNET_MTL_MASK_GUIDED,25,patient083,patient083_case01,IGM,IGM_patient052_0068.jpg,2,,off_target_fp,33,0,0.0,0.0,0.0,0.0,0,False
UNET_MTL_MASK_GUIDED,25,patient083,patient083_case01,IGM,IGM_patient052_0068.jpg,3,,off_target_fp,88,0,0.0,0.0,0.0,0.0,0,False
UNET_MTL_MASK_GUIDED,25,patient083,patient083_case01,IGM,IGM_patient052_0068.jpg,4,,off_target_fp,143,0,0.0,0.0,0.0,0.0,0,False
UNET_MTL_MASK_GUIDED,25,patient083,patient083_case01,IGM,IGM_patient052_0069.jpg,1,1.0,strong_75_plus,135,130,0.8125,0.9629629629629629,0.8125,0.7878787878787878,1,False
UNET_MTL_MASK_GUIDED,25,patient083,patient083_case01,IGM,IGM_patient052_0069.jpg,2,,off_target_fp,107,0,0.0,0.0,0.0,0.0,0,False
UNET_MTL_MASK_GUIDED,25,patient083,patient083_case01,IGM,IGM_patient052_0069.jpg,3,,off_target_fp,134,0,0.0,0.0,0.0,0.0,0,False
UNET_MTL_MASK_GUIDED,25,patient083,patient083_case01,IGM,IGM_patient052_0070.jpg,1,1.0,strong_75_plus,138,131,0.8618421052631579,0.9492753623188406,0.8618421052631579,0.8238993710691824,1,False
UNET_MTL_MASK_GUIDED,25,patient083,patient083_case01,IGM,IGM_patient052_0070.jpg,2,,off_target_fp,158,0,0.0,0.0,0.0,0.0,0,False
UNET_MTL_MASK_GUIDED,25,patient083,patient083_case01,IGM,IGM_patient052_0071.jpg,1,1.0,moderate_50_to_75,121,115,0.7371794871794872,0.9504132231404959,0.7371794871794872,0.7098765432098766,1,False
UNET_MTL_MASK_GUIDED,25,patient083,patient083_case01,IGM,IGM_patient052_0071.jpg,2,,off_target_fp,320,0,0.0,0.0,0.0,0.0,0,False
UNET_MTL_MASK_GUIDED,25,patient083,patient083_case01,IGM,IGM_patient052_0071.jpg,3,,off_target_fp,148,0,0.0,0.0,0.0,0.0,0,False
UNET_MTL_MASK_GUIDED,25,patient083,patient083_case01,IGM,IGM_patient052_0071.jpg,4,,off_target_fp,72,0,0.0,0.0,0.0,0.0,0,False
UNET_MTL_MASK_GUIDED,25,patient083,patient083_case01,IGM,IGM_patient052_0072.jpg,1,1.0,low_25_to_50,68,66,0.4342105263157895,0.9705882352941176,0.4342105263157895,0.42857142857142855,1,False
UNET_MTL_MASK_GUIDED,25,patient083,patient083_case01,IGM,IGM_patient052_0072.jpg,2,,off_target_fp,91,0,0.0,0.0,0.0,0.0,0,False
UNET_MTL_MASK_GUIDED,25,patient083,patient083_case01,IGM,IGM_patient052_0072.jpg,3,,off_target_fp,76,0,0.0,0.0,0.0,0.0,0,False
UNET_MTL_MASK_GUIDED,25,patient086,patient086_case01,IGM,IGM_patient053_0061.jpg,1,,off_target_fp,45,0,0.0,0.0,0.0,0.0,0,False
UNET_MTL_MASK_GUIDED,25,patient086,patient086_case01,IGM,IGM_patient053_0061.jpg,2,1.0,low_25_to_50,159,135,0.4560810810810811,0.8490566037735849,0.4560810810810811,0.421875,1,False
UNET_MTL_MASK_GUIDED,25,patient086,patient086_case01,IGM,IGM_patient053_0062.jpg,1,,off_target_fp,101,0,0.0,0.0,0.0,0.0,0,False
UNET_MTL_MASK_GUIDED,25,patient086,patient086_case01,IGM,IGM_patient053_0062.jpg,2,,off_target_fp,44,0,0.0,0.0,0.0,0.0,0,False
UNET_MTL_MASK_GUIDED,25,patient086,patient086_case01,IGM,IGM_patient053_0062.jpg,3,1.0,low_25_to_50,65,64,0.26666666666666666,0.9846153846153847,0.26666666666666666,0.26556016597510373,1,False
UNET_MTL_MASK_GUIDED,25,patient086,patient086_case01,IGM,IGM_patient053_0063.jpg,1,,off_target_fp,80,0,0.0,0.0,0.0,0.0,0,False
UNET_MTL_MASK_GUIDED,25,patient086,patient086_case01,IGM,IGM_patient053_0063.jpg,2,,off_target_fp,163,0,0.0,0.0,0.0,0.0,0,False
UNET_MTL_MASK_GUIDED,25,patient086,patient086_case01,IGM,IGM_patient053_0063.jpg,3,1.0,low_25_to_50,114,111,0.4269230769230769,0.9736842105263158,0.4269230769230769,0.4220532319391635,1,False
UNET_MTL_MASK_GUIDED,25,patient086,patient086_case01,IGM,IGM_patient053_0064.jpg,1,,off_target_fp,177,0,0.0,0.0,0.0,0.0,0,False
UNET_MTL_MASK_GUIDED,25,patient086,patient086_case01,IGM,IGM_patient053_0064.jpg,2,1.0,strong_75_plus,157,149,0.8465909090909091,0.9490445859872612,0.8465909090909091,0.8097826086956522,1,False
UNET_MTL_MASK_GUIDED,25,patient086,patient086_case01,IGM,IGM_patient053_0065.jpg,1,,off_target_fp,126,0,0.0,0.0,0.0,0.0,0,False
UNET_MTL_MASK_GUIDED,25,patient088,patient088_case01,IGM,IGM_patient054_0055.jpg,1,1.0,low_25_to_50,26,26,0.325,1.0,0.325,0.325,1,False
UNET_MTL_MASK_GUIDED,25,patient088,patient088_case01,IGM,IGM_patient054_0055.jpg,2,,off_target_fp,425,0,0.0,0.0,0.0,0.0,0,False
UNET_MTL_MASK_GUIDED,25,patient088,patient088_case01,IGM,IGM_patient054_0056.jpg,1,1.0,strong_75_plus,145,141,0.7833333333333333,0.9724137931034482,0.7833333333333333,0.7663043478260869,1,False
UNET_MTL_MASK_GUIDED,25,patient088,patient088_case01,IGM,IGM_patient054_0056.jpg,2,,off_target_fp,134,0,0.0,0.0,0.0,0.0,0,False
UNET_MTL_MASK_GUIDED,25,patient088,patient088_case01,IGM,IGM_patient054_0056.jpg,3,,off_target_fp,29,0,0.0,0.0,0.0,0.0,0,False
UNET_MTL_MASK_GUIDED,25,patient088,patient088_case01,IGM,IGM_patient054_0057.jpg,1,1.0,strong_75_plus,262,200,0.9259259259259259,0.7633587786259542,0.7633587786259542,0.7194244604316546,1,False
UNET_MTL_MASK_GUIDED,25,patient088,patient088_case01,IGM,IGM_patient054_0058.jpg,1,1.0,strong_75_plus,289,268,0.9054054054054054,0.9273356401384083,0.9054054054054054,0.8454258675078864,1,False
UNET_MTL_MASK_GUIDED,25,patient088,patient088_case01,IGM,IGM_patient054_0058.jpg,2,,off_target_fp,28,0,0.0,0.0,0.0,0.0,0,False
UNET_MTL_MASK_GUIDED,25,patient088,patient088_case01,IGM,IGM_patient054_0059.jpg,1,1.0,strong_75_plus,204,186,0.8773584905660378,0.9117647058823529,0.8773584905660378,0.808695652173913,1,False
UNET_MTL_MASK_GUIDED,25,patient088,patient088_case01,IGM,IGM_patient054_0061.jpg,1,,off_target_fp,134,0,0.0,0.0,0.0,0.0,0,False
UNET_MTL_MASK_GUIDED,25,patient088,patient088_case01,IGM,IGM_patient054_0062.jpg,1,1.0,strong_75_plus,203,192,0.8888888888888888,0.9458128078817734,0.8888888888888888,0.8458149779735683,1,False
UNET_MTL_MASK_GUIDED,25,patient088,patient088_case01,IGM,IGM_patient054_0062.jpg,2,,off_target_fp,182,0,0.0,0.0,0.0,0.0,0,False
UNET_MTL_MASK_GUIDED,25,patient088,patient088_case01,IGM,IGM_patient054_0063.jpg,1,1.0,strong_75_plus,267,255,0.827922077922078,0.9550561797752809,0.827922077922078,0.796875,1,False
UNET_MTL_MASK_GUIDED,25,patient088,patient088_case01,IGM,IGM_patient054_0063.jpg,2,,off_target_fp,188,0,0.0,0.0,0.0,0.0,0,False
UNET_MTL_MASK_GUIDED,25,patient088,patient088_case01,IGM,IGM_patient054_0064.jpg,1,1.0,strong_75_plus,264,248,0.8611111111111112,0.9393939393939394,0.8611111111111112,0.8157894736842105,1,False
UNET_MTL_MASK_GUIDED,25,patient088,patient088_case01,IGM,IGM_patient054_0064.jpg,2,,off_target_fp,242,0,0.0,0.0,0.0,0.0,0,False
UNET_MTL_MASK_GUIDED,25,patient088,patient088_case01,IGM,IGM_patient054_0065.jpg,1,1.0,strong_75_plus,277,262,0.8618421052631579,0.9458483754512635,0.8618421052631579,0.8213166144200627,1,False
UNET_MTL_MASK_GUIDED,25,patient088,patient088_case01,IGM,IGM_patient054_0065.jpg,2,,off_target_fp,147,0,0.0,0.0,0.0,0.0,0,False
UNET_MTL_MASK_GUIDED,25,patient097,patient097_case01,IGM,IGM_patient007_0057.jpg,1,1.0,low_25_to_50,163,72,1.0,0.44171779141104295,0.44171779141104295,0.44171779141104295,1,False
UNET_MTL_MASK_GUIDED,25,patient097,patient097_case01,IGM,IGM_patient007_0057.jpg,2,,off_target_fp,181,0,0.0,0.0,0.0,0.0,0,False
UNET_MTL_MASK_GUIDED,25,patient097,patient097_case01,IGM,IGM_patient007_0057.jpg,3,,off_target_fp,47,0,0.0,0.0,0.0,0.0,0,False
UNET_MTL_MASK_GUIDED,25,patient097,patient097_case01,IGM,IGM_patient007_0057.jpg,4,,off_target_fp,95,0,0.0,0.0,0.0,0.0,0,False
UNET_MTL_MASK_GUIDED,25,patient097,patient097_case01,IGM,IGM_patient007_0058.jpg,1,1.0,moderate_50_to_75,256,131,0.9924242424242424,0.51171875,0.51171875,0.5097276264591439,1,False
UNET_MTL_MASK_GUIDED,25,patient097,patient097_case01,IGM,IGM_patient007_0058.jpg,2,,off_target_fp,105,0,0.0,0.0,0.0,0.0,0,False
UNET_MTL_MASK_GUIDED,25,patient097,patient097_case01,IGM,IGM_patient007_0058.jpg,3,,off_target_fp,44,0,0.0,0.0,0.0,0.0,0,False
UNET_MTL_MASK_GUIDED,25,patient097,patient097_case01,IGM,IGM_patient007_0058.jpg,4,,off_target_fp,178,0,0.0,0.0,0.0,0.0,0,False
UNET_MTL_MASK_GUIDED,25,patient097,patient097_case01,IGM,IGM_patient007_0058.jpg,5,,off_target_fp,27,0,0.0,0.0,0.0,0.0,0,False
UNET_MTL_MASK_GUIDED,25,patient097,patient097_case01,IGM,IGM_patient007_0059.jpg,1,1.0,moderate_50_to_75,357,187,0.9739583333333334,0.5238095238095238,0.5238095238095238,0.5165745856353591,1,False
UNET_MTL_MASK_GUIDED,25,patient097,patient097_case01,IGM,IGM_patient007_0059.jpg,2,,off_target_fp,151,0,0.0,0.0,0.0,0.0,0,False
UNET_MTL_MASK_GUIDED,25,patient097,patient097_case01,IGM,IGM_patient007_0059.jpg,3,,off_target_fp,34,0,0.0,0.0,0.0,0.0,0,False
UNET_MTL_MASK_GUIDED,25,patient097,patient097_case01,IGM,IGM_patient007_0060.jpg,1,1.0,moderate_50_to_75,388,213,0.9861111111111112,0.5489690721649485,0.5489690721649485,0.5447570332480819,1,False
UNET_MTL_MASK_GUIDED,25,patient097,patient097_case01,IGM,IGM_patient007_0060.jpg,2,,off_target_fp,78,0,0.0,0.0,0.0,0.0,0,False
UNET_MTL_MASK_GUIDED,25,patient097,patient097_case01,IGM,IGM_patient007_0060.jpg,3,,off_target_fp,47,0,0.0,0.0,0.0,0.0,0,False
UNET_MTL_MASK_GUIDED,25,patient097,patient097_case01,IGM,IGM_patient007_0060.jpg,4,,off_target_fp,100,0,0.0,0.0,0.0,0.0,0,False
UNET_MTL_MASK_GUIDED,25,patient097,patient097_case01,IGM,IGM_patient007_0060.jpg,5,,off_target_fp,61,0,0.0,0.0,0.0,0.0,0,False
UNET_MTL_MASK_GUIDED,25,patient097,patient097_case01,IGM,IGM_patient007_0060.jpg,6,,off_target_fp,58,0,0.0,0.0,0.0,0.0,0,False
UNET_MTL_MASK_GUIDED,25,patient097,patient097_case01,IGM,IGM_patient007_0061.jpg,1,1.0,moderate_50_to_75,299,195,0.9948979591836735,0.6521739130434783,0.6521739130434783,0.65,1,False
UNET_MTL_MASK_GUIDED,25,patient097,patient097_case01,IGM,IGM_patient007_0061.jpg,2,,off_target_fp,45,0,0.0,0.0,0.0,0.0,0,False
UNET_MTL_MASK_GUIDED,25,patient097,patient097_case01,IGM,IGM_patient007_0061.jpg,3,,off_target_fp,94,0,0.0,0.0,0.0,0.0,0,False
UNET_MTL_MASK_GUIDED,25,patient097,patient097_case01,IGM,IGM_patient007_0061.jpg,4,,off_target_fp,459,0,0.0,0.0,0.0,0.0,0,False
UNET_MTL_MASK_GUIDED,25,patient097,patient097_case01,IGM,IGM_patient007_0062.jpg,1,1.0,moderate_50_to_75,233,141,0.9791666666666666,0.6051502145922747,0.6051502145922747,0.597457627118644,1,False
UNET_MTL_MASK_GUIDED,25,patient097,patient097_case01,IGM,IGM_patient007_0063.jpg,1,1.0,low_25_to_50,34,34,0.3148148148148148,1.0,0.3148148148148148,0.3148148148148148,1,False
