model,minimum_area_px,SubjectID,CaseID,ClassName,ImageName,pred_component_id,best_gt_component_id,category,area_px,intersection_px,gt_coverage,prediction_purity,quality_min,iou,intersecting_gt_count,is_merge
HYBRID_TALON,1,patient005,patient005_case01,IGM,IGM_patient011_0059.jpg,1,,off_target_fp,21,0,0.0,0.0,0.0,0.0,0,False
HYBRID_TALON,1,patient005,patient005_case01,IGM,IGM_patient011_0059.jpg,2,,off_target_fp,15,0,0.0,0.0,0.0,0.0,0,False
HYBRID_TALON,1,patient005,patient005_case01,IGM,IGM_patient011_0059.jpg,3,,off_target_fp,23,0,0.0,0.0,0.0,0.0,0,False
HYBRID_TALON,1,patient005,patient005_case01,IGM,IGM_patient011_0060.jpg,1,,off_target_fp,1,0,0.0,0.0,0.0,0.0,0,False
HYBRID_TALON,1,patient005,patient005_case01,IGM,IGM_patient011_0060.jpg,2,,off_target_fp,5,0,0.0,0.0,0.0,0.0,0,False
HYBRID_TALON,1,patient005,patient005_case01,IGM,IGM_patient011_0060.jpg,3,,off_target_fp,37,0,0.0,0.0,0.0,0.0,0,False
HYBRID_TALON,1,patient005,patient005_case01,IGM,IGM_patient011_0060.jpg,4,,off_target_fp,5,0,0.0,0.0,0.0,0.0,0,False
HYBRID_TALON,1,patient005,patient005_case01,IGM,IGM_patient011_0060.jpg,5,,off_target_fp,6,0,0.0,0.0,0.0,0.0,0,False
HYBRID_TALON,1,patient005,patient005_case01,IGM,IGM_patient011_0061.jpg,1,,off_target_fp,19,0,0.0,0.0,0.0,0.0,0,False
HYBRID_TALON,1,patient005,patient005_case01,IGM,IGM_patient011_0061.jpg,2,,off_target_fp,10,0,0.0,0.0,0.0,0.0,0,False
HYBRID_TALON,1,patient005,patient005_case01,IGM,IGM_patient011_0062.jpg,1,,off_target_fp,2,0,0.0,0.0,0.0,0.0,0,False
HYBRID_TALON,1,patient005,patient005_case01,IGM,IGM_patient011_0063.jpg,1,,off_target_fp,3,0,0.0,0.0,0.0,0.0,0,False
HYBRID_TALON,1,patient005,patient005_case01,IGM,IGM_patient011_0064.jpg,1,,off_target_fp,1,0,0.0,0.0,0.0,0.0,0,False
HYBRID_TALON,1,patient005,patient005_case01,IGM,IGM_patient011_0066.jpg,1,,off_target_fp,31,0,0.0,0.0,0.0,0.0,0,False
HYBRID_TALON,1,patient008,patient008_case01,IGM,IGM_patient013_0079.jpg,1,,off_target_fp,29,0,0.0,0.0,0.0,0.0,0,False
HYBRID_TALON,1,patient008,patient008_case01,IGM,IGM_patient013_0079.jpg,2,1.0,partial_below_25,3,3,0.0625,1.0,0.0625,0.0625,1,False
HYBRID_TALON,1,patient008,patient008_case01,IGM,IGM_patient013_0080.jpg,1,,off_target_fp,32,0,0.0,0.0,0.0,0.0,0,False
HYBRID_TALON,1,patient008,patient008_case01,IGM,IGM_patient013_0080.jpg,2,,off_target_fp,52,0,0.0,0.0,0.0,0.0,0,False
HYBRID_TALON,1,patient008,patient008_case01,IGM,IGM_patient013_0080.jpg,3,1.0,low_25_to_50,24,24,0.3,1.0,0.3,0.3,1,False
HYBRID_TALON,1,patient008,patient008_case01,IGM,IGM_patient013_0080.jpg,4,,off_target_fp,7,0,0.0,0.0,0.0,0.0,0,False
HYBRID_TALON,1,patient008,patient008_case01,IGM,IGM_patient013_0080.jpg,5,,off_target_fp,7,0,0.0,0.0,0.0,0.0,0,False
HYBRID_TALON,1,patient008,patient008_case01,IGM,IGM_patient013_0081.jpg,1,,off_target_fp,27,0,0.0,0.0,0.0,0.0,0,False
HYBRID_TALON,1,patient008,patient008_case01,IGM,IGM_patient013_0081.jpg,2,,off_target_fp,1,0,0.0,0.0,0.0,0.0,0,False
HYBRID_TALON,1,patient008,patient008_case01,IGM,IGM_patient013_0081.jpg,3,,off_target_fp,1,0,0.0,0.0,0.0,0.0,0,False
HYBRID_TALON,1,patient008,patient008_case01,IGM,IGM_patient013_0081.jpg,4,1.0,partial_below_25,26,24,0.23076923076923078,0.9230769230769231,0.23076923076923078,0.22641509433962265,1,False
HYBRID_TALON,1,patient008,patient008_case01,IGM,IGM_patient013_0081.jpg,5,,off_target_fp,9,0,0.0,0.0,0.0,0.0,0,False
HYBRID_TALON,1,patient008,patient008_case01,IGM,IGM_patient013_0082.jpg,1,,off_target_fp,35,0,0.0,0.0,0.0,0.0,0,False
HYBRID_TALON,1,patient008,patient008_case01,IGM,IGM_patient013_0082.jpg,2,1.0,partial_below_25,21,21,0.1590909090909091,1.0,0.1590909090909091,0.1590909090909091,1,False
HYBRID_TALON,1,patient008,patient008_case01,IGM,IGM_patient013_0083.jpg,1,,off_target_fp,27,0,0.0,0.0,0.0,0.0,0,False
HYBRID_TALON,1,patient008,patient008_case01,IGM,IGM_patient013_0083.jpg,2,1.0,partial_below_25,1,1,0.011904761904761904,1.0,0.011904761904761904,0.011904761904761904,1,False
HYBRID_TALON,1,patient014,patient014_case01,IBC,IBC_patient016_0135.jpg,1,1.0,moderate_50_to_75,190,119,0.9916666666666667,0.6263157894736842,0.6263157894736842,0.6230366492146597,1,False
HYBRID_TALON,1,patient014,patient014_case01,IBC,IBC_patient016_0135.jpg,2,,off_target_fp,2,0,0.0,0.0,0.0,0.0,0,False
HYBRID_TALON,1,patient014,patient014_case01,IBC,IBC_patient016_0135.jpg,3,,off_target_fp,59,0,0.0,0.0,0.0,0.0,0,False
HYBRID_TALON,1,patient014,patient014_case01,IBC,IBC_patient016_0135.jpg,4,,off_target_fp,13,0,0.0,0.0,0.0,0.0,0,False
HYBRID_TALON,1,patient014,patient014_case01,IBC,IBC_patient016_0135.jpg,5,,off_target_fp,1,0,0.0,0.0,0.0,0.0,0,False
HYBRID_TALON,1,patient014,patient014_case01,IBC,IBC_patient016_0135.jpg,6,,off_target_fp,1,0,0.0,0.0,0.0,0.0,0,False
HYBRID_TALON,1,patient014,patient014_case01,IBC,IBC_patient016_0135.jpg,7,,off_target_fp,25,0,0.0,0.0,0.0,0.0,0,False
HYBRID_TALON,1,patient014,patient014_case01,IBC,IBC_patient016_0135.jpg,8,,off_target_fp,4,0,0.0,0.0,0.0,0.0,0,False
HYBRID_TALON,1,patient014,patient014_case01,IBC,IBC_patient016_0135.jpg,9,,off_target_fp,63,0,0.0,0.0,0.0,0.0,0,False
HYBRID_TALON,1,patient014,patient014_case01,IBC,IBC_patient016_0135.jpg,10,,off_target_fp,95,0,0.0,0.0,0.0,0.0,0,False
HYBRID_TALON,1,patient014,patient014_case01,IBC,IBC_patient016_0136.jpg,1,1.0,strong_75_plus,220,182,0.9891304347826086,0.8272727272727273,0.8272727272727273,0.8198198198198198,1,False
HYBRID_TALON,1,patient014,patient014_case01,IBC,IBC_patient016_0136.jpg,2,,off_target_fp,89,0,0.0,0.0,0.0,0.0,0,False
HYBRID_TALON,1,patient014,patient014_case01,IBC,IBC_patient016_0136.jpg,3,,off_target_fp,17,0,0.0,0.0,0.0,0.0,0,False
HYBRID_TALON,1,patient014,patient014_case01,IBC,IBC_patient016_0136.jpg,4,,off_target_fp,4,0,0.0,0.0,0.0,0.0,0,False
HYBRID_TALON,1,patient014,patient014_case01,IBC,IBC_patient016_0136.jpg,5,,off_target_fp,204,0,0.0,0.0,0.0,0.0,0,False
HYBRID_TALON,1,patient014,patient014_case01,IBC,IBC_patient016_0136.jpg,6,,off_target_fp,2,0,0.0,0.0,0.0,0.0,0,False
HYBRID_TALON,1,patient014,patient014_case01,IBC,IBC_patient016_0137.jpg,1,1.0,strong_75_plus,240,212,0.9814814814814815,0.8833333333333333,0.8833333333333333,0.8688524590163934,1,False
HYBRID_TALON,1,patient014,patient014_case01,IBC,IBC_patient016_0137.jpg,2,,off_target_fp,111,0,0.0,0.0,0.0,0.0,0,False
HYBRID_TALON,1,patient014,patient014_case01,IBC,IBC_patient016_0137.jpg,3,,off_target_fp,15,0,0.0,0.0,0.0,0.0,0,False
HYBRID_TALON,1,patient014,patient014_case01,IBC,IBC_patient016_0137.jpg,4,,off_target_fp,318,0,0.0,0.0,0.0,0.0,0,False
HYBRID_TALON,1,patient014,patient014_case01,IBC,IBC_patient016_0137.jpg,5,,off_target_fp,9,0,0.0,0.0,0.0,0.0,0,False
HYBRID_TALON,1,patient014,patient014_case01,IBC,IBC_patient016_0137.jpg,6,,off_target_fp,2,0,0.0,0.0,0.0,0.0,0,False
HYBRID_TALON,1,patient014,patient014_case01,IBC,IBC_patient016_0138.jpg,1,1.0,strong_75_plus,258,209,0.9675925925925926,0.810077519379845,0.810077519379845,0.7886792452830189,1,False
HYBRID_TALON,1,patient014,patient014_case01,IBC,IBC_patient016_0138.jpg,2,,off_target_fp,124,0,0.0,0.0,0.0,0.0,0,False
HYBRID_TALON,1,patient014,patient014_case01,IBC,IBC_patient016_0138.jpg,3,,off_target_fp,12,0,0.0,0.0,0.0,0.0,0,False
HYBRID_TALON,1,patient014,patient014_case01,IBC,IBC_patient016_0138.jpg,4,,off_target_fp,404,0,0.0,0.0,0.0,0.0,0,False
HYBRID_TALON,1,patient014,patient014_case01,IBC,IBC_patient016_0138.jpg,5,,off_target_fp,9,0,0.0,0.0,0.0,0.0,0,False
HYBRID_TALON,1,patient014,patient014_case01,IBC,IBC_patient016_0139.jpg,1,1.0,strong_75_plus,274,254,0.9202898550724637,0.927007299270073,0.9202898550724637,0.8581081081081081,1,False
HYBRID_TALON,1,patient014,patient014_case01,IBC,IBC_patient016_0139.jpg,2,,off_target_fp,122,0,0.0,0.0,0.0,0.0,0,False
HYBRID_TALON,1,patient014,patient014_case01,IBC,IBC_patient016_0139.jpg,3,,off_target_fp,2,0,0.0,0.0,0.0,0.0,0,False
HYBRID_TALON,1,patient014,patient014_case01,IBC,IBC_patient016_0139.jpg,4,,off_target_fp,4,0,0.0,0.0,0.0,0.0,0,False
HYBRID_TALON,1,patient014,patient014_case01,IBC,IBC_patient016_0139.jpg,5,,off_target_fp,490,0,0.0,0.0,0.0,0.0,0,False
HYBRID_TALON,1,patient014,patient014_case01,IBC,IBC_patient016_0140.jpg,1,1.0,strong_75_plus,280,244,0.9682539682539683,0.8714285714285714,0.8714285714285714,0.8472222222222222,1,False
HYBRID_TALON,1,patient014,patient014_case01,IBC,IBC_patient016_0140.jpg,2,,off_target_fp,98,0,0.0,0.0,0.0,0.0,0,False
HYBRID_TALON,1,patient014,patient014_case01,IBC,IBC_patient016_0140.jpg,3,,off_target_fp,9,0,0.0,0.0,0.0,0.0,0,False
HYBRID_TALON,1,patient014,patient014_case01,IBC,IBC_patient016_0140.jpg,4,,off_target_fp,531,0,0.0,0.0,0.0,0.0,0,False
HYBRID_TALON,1,patient014,patient014_case01,IBC,IBC_patient016_0140.jpg,5,,off_target_fp,5,0,0.0,0.0,0.0,0.0,0,False
HYBRID_TALON,1,patient014,patient014_case01,IBC,IBC_patient016_0141.jpg,1,1.0,strong_75_plus,282,232,0.9830508474576272,0.8226950354609929,0.8226950354609929,0.8111888111888111,1,False
HYBRID_TALON,1,patient014,patient014_case01,IBC,IBC_patient016_0141.jpg,2,,off_target_fp,1,0,0.0,0.0,0.0,0.0,0,False
HYBRID_TALON,1,patient014,patient014_case01,IBC,IBC_patient016_0141.jpg,3,,off_target_fp,13,0,0.0,0.0,0.0,0.0,0,False
HYBRID_TALON,1,patient014,patient014_case01,IBC,IBC_patient016_0141.jpg,4,,off_target_fp,7,0,0.0,0.0,0.0,0.0,0,False
HYBRID_TALON,1,patient014,patient014_case01,IBC,IBC_patient016_0141.jpg,5,,off_target_fp,7,0,0.0,0.0,0.0,0.0,0,False
HYBRID_TALON,1,patient014,patient014_case01,IBC,IBC_patient016_0141.jpg,6,,off_target_fp,537,0,0.0,0.0,0.0,0.0,0,False
HYBRID_TALON,1,patient014,patient014_case01,IBC,IBC_patient016_0141.jpg,7,,off_target_fp,6,0,0.0,0.0,0.0,0.0,0,False
HYBRID_TALON,1,patient014,patient014_case01,IBC,IBC_patient016_0142.jpg,1,1.0,strong_75_plus,284,221,0.9692982456140351,0.778169014084507,0.778169014084507,0.7594501718213058,1,False
HYBRID_TALON,1,patient014,patient014_case01,IBC,IBC_patient016_0142.jpg,2,,off_target_fp,6,0,0.0,0.0,0.0,0.0,0,False
HYBRID_TALON,1,patient014,patient014_case01,IBC,IBC_patient016_0142.jpg,3,,off_target_fp,1,0,0.0,0.0,0.0,0.0,0,False
HYBRID_TALON,1,patient014,patient014_case01,IBC,IBC_patient016_0142.jpg,4,,off_target_fp,6,0,0.0,0.0,0.0,0.0,0,False
HYBRID_TALON,1,patient014,patient014_case01,IBC,IBC_patient016_0142.jpg,5,,off_target_fp,530,0,0.0,0.0,0.0,0.0,0,False
HYBRID_TALON,1,patient014,patient014_case01,IBC,IBC_patient016_0142.jpg,6,,off_target_fp,5,0,0.0,0.0,0.0,0.0,0,False
HYBRID_TALON,1,patient014,patient014_case01,IBC,IBC_patient016_0143.jpg,1,,off_target_fp,99,0,0.0,0.0,0.0,0.0,0,False
HYBRID_TALON,1,patient014,patient014_case01,IBC,IBC_patient016_0143.jpg,2,1.0,moderate_50_to_75,279,192,0.9795918367346939,0.6881720430107527,0.6881720430107527,0.6784452296819788,1,False
HYBRID_TALON,1,patient014,patient014_case01,IBC,IBC_patient016_0143.jpg,3,,off_target_fp,10,0,0.0,0.0,0.0,0.0,0,False
HYBRID_TALON,1,patient014,patient014_case01,IBC,IBC_patient016_0143.jpg,4,,off_target_fp,528,0,0.0,0.0,0.0,0.0,0,False
HYBRID_TALON,1,patient014,patient014_case01,IBC,IBC_patient016_0143.jpg,5,,off_target_fp,4,0,0.0,0.0,0.0,0.0,0,False
HYBRID_TALON,1,patient014,patient014_case01,IBC,IBC_patient016_0144.jpg,1,,off_target_fp,179,0,0.0,0.0,0.0,0.0,0,False
HYBRID_TALON,1,patient014,patient014_case01,IBC,IBC_patient016_0144.jpg,2,1.0,moderate_50_to_75,286,193,0.9846938775510204,0.6748251748251748,0.6748251748251748,0.6678200692041523,1,False
HYBRID_TALON,1,patient014,patient014_case01,IBC,IBC_patient016_0144.jpg,3,,off_target_fp,14,0,0.0,0.0,0.0,0.0,0,False
HYBRID_TALON,1,patient014,patient014_case01,IBC,IBC_patient016_0144.jpg,4,,off_target_fp,507,0,0.0,0.0,0.0,0.0,0,False
HYBRID_TALON,1,patient014,patient014_case01,IBC,IBC_patient016_0144.jpg,5,,off_target_fp,6,0,0.0,0.0,0.0,0.0,0,False
HYBRID_TALON,1,patient014,patient014_case01,IBC,IBC_patient016_0145.jpg,1,,off_target_fp,201,0,0.0,0.0,0.0,0.0,0,False
HYBRID_TALON,1,patient014,patient014_case01,IBC,IBC_patient016_0145.jpg,2,,off_target_fp,2,0,0.0,0.0,0.0,0.0,0,False
HYBRID_TALON,1,patient014,patient014_case01,IBC,IBC_patient016_0145.jpg,3,1.0,strong_75_plus,281,236,0.9833333333333333,0.8398576512455516,0.8398576512455516,0.8280701754385965,1,False
HYBRID_TALON,1,patient014,patient014_case01,IBC,IBC_patient016_0145.jpg,4,,off_target_fp,15,0,0.0,0.0,0.0,0.0,0,False
HYBRID_TALON,1,patient014,patient014_case01,IBC,IBC_patient016_0145.jpg,5,,off_target_fp,16,0,0.0,0.0,0.0,0.0,0,False
HYBRID_TALON,1,patient014,patient014_case01,IBC,IBC_patient016_0145.jpg,6,,off_target_fp,461,0,0.0,0.0,0.0,0.0,0,False
HYBRID_TALON,1,patient014,patient014_case01,IBC,IBC_patient016_0146.jpg,1,,off_target_fp,83,0,0.0,0.0,0.0,0.0,0,False
HYBRID_TALON,1,patient014,patient014_case01,IBC,IBC_patient016_0146.jpg,2,,off_target_fp,192,0,0.0,0.0,0.0,0.0,0,False
HYBRID_TALON,1,patient014,patient014_case01,IBC,IBC_patient016_0146.jpg,3,1.0,strong_75_plus,258,222,0.940677966101695,0.8604651162790697,0.8604651162790697,0.8161764705882353,1,False
HYBRID_TALON,1,patient014,patient014_case01,IBC,IBC_patient016_0146.jpg,4,,off_target_fp,18,0,0.0,0.0,0.0,0.0,0,False
HYBRID_TALON,1,patient014,patient014_case01,IBC,IBC_patient016_0146.jpg,5,,off_target_fp,20,0,0.0,0.0,0.0,0.0,0,False
HYBRID_TALON,1,patient014,patient014_case01,IBC,IBC_patient016_0146.jpg,6,,off_target_fp,406,0,0.0,0.0,0.0,0.0,0,False
HYBRID_TALON,1,patient014,patient014_case01,IBC,IBC_patient016_0147.jpg,1,,off_target_fp,137,0,0.0,0.0,0.0,0.0,0,False
HYBRID_TALON,1,patient014,patient014_case01,IBC,IBC_patient016_0147.jpg,2,,off_target_fp,150,0,0.0,0.0,0.0,0.0,0,False
HYBRID_TALON,1,patient014,patient014_case01,IBC,IBC_patient016_0147.jpg,3,1.0,strong_75_plus,222,200,0.9259259259259259,0.9009009009009009,0.9009009009009009,0.8403361344537815,1,False
HYBRID_TALON,1,patient014,patient014_case01,IBC,IBC_patient016_0147.jpg,4,,off_target_fp,1,0,0.0,0.0,0.0,0.0,0,False
HYBRID_TALON,1,patient014,patient014_case01,IBC,IBC_patient016_0147.jpg,5,,off_target_fp,14,0,0.0,0.0,0.0,0.0,0,False
HYBRID_TALON,1,patient014,patient014_case01,IBC,IBC_patient016_0147.jpg,6,,off_target_fp,24,0,0.0,0.0,0.0,0.0,0,False
HYBRID_TALON,1,patient014,patient014_case01,IBC,IBC_patient016_0147.jpg,7,,off_target_fp,321,0,0.0,0.0,0.0,0.0,0,False
HYBRID_TALON,1,patient014,patient014_case01,IBC,IBC_patient016_0148.jpg,1,,off_target_fp,166,0,0.0,0.0,0.0,0.0,0,False
HYBRID_TALON,1,patient014,patient014_case01,IBC,IBC_patient016_0148.jpg,2,1.0,strong_75_plus,175,161,0.8385416666666666,0.92,0.8385416666666666,0.7815533980582524,1,False
HYBRID_TALON,1,patient014,patient014_case01,IBC,IBC_patient016_0148.jpg,3,,off_target_fp,10,0,0.0,0.0,0.0,0.0,0,False
HYBRID_TALON,1,patient014,patient014_case01,IBC,IBC_patient016_0148.jpg,4,,off_target_fp,8,0,0.0,0.0,0.0,0.0,0,False
HYBRID_TALON,1,patient014,patient014_case01,IBC,IBC_patient016_0148.jpg,5,,off_target_fp,17,0,0.0,0.0,0.0,0.0,0,False
HYBRID_TALON,1,patient014,patient014_case01,IBC,IBC_patient016_0148.jpg,6,,off_target_fp,21,0,0.0,0.0,0.0,0.0,0,False
HYBRID_TALON,1,patient014,patient014_case01,IBC,IBC_patient016_0148.jpg,7,,off_target_fp,124,0,0.0,0.0,0.0,0.0,0,False
HYBRID_TALON,1,patient014,patient014_case01,IBC,IBC_patient016_0149.jpg,1,,off_target_fp,178,0,0.0,0.0,0.0,0.0,0,False
HYBRID_TALON,1,patient014,patient014_case01,IBC,IBC_patient016_0149.jpg,2,1.0,moderate_50_to_75,124,124,0.6326530612244898,1.0,0.6326530612244898,0.6326530612244898,1,False
HYBRID_TALON,1,patient014,patient014_case01,IBC,IBC_patient016_0149.jpg,3,,off_target_fp,23,0,0.0,0.0,0.0,0.0,0,False
HYBRID_TALON,1,patient014,patient014_case01,IBC,IBC_patient016_0149.jpg,4,,off_target_fp,30,0,0.0,0.0,0.0,0.0,0,False
HYBRID_TALON,1,patient014,patient014_case01,IBC,IBC_patient016_0150.jpg,1,,off_target_fp,182,0,0.0,0.0,0.0,0.0,0,False
HYBRID_TALON,1,patient014,patient014_case01,IBC,IBC_patient016_0150.jpg,2,1.0,low_25_to_50,50,39,0.4875,0.78,0.4875,0.42857142857142855,1,False
HYBRID_TALON,1,patient014,patient014_case01,IBC,IBC_patient016_0150.jpg,3,,off_target_fp,52,0,0.0,0.0,0.0,0.0,0,False
HYBRID_TALON,1,patient014,patient014_case01,IBC,IBC_patient016_0150.jpg,4,,off_target_fp,36,0,0.0,0.0,0.0,0.0,0,False
HYBRID_TALON,1,patient014,patient014_case01,IBC,IBC_patient016_0150.jpg,5,,off_target_fp,8,0,0.0,0.0,0.0,0.0,0,False
HYBRID_TALON,1,patient014,patient014_case01,IBC,IBC_patient016_0151.jpg,1,,off_target_fp,171,0,0.0,0.0,0.0,0.0,0,False
HYBRID_TALON,1,patient014,patient014_case01,IBC,IBC_patient016_0151.jpg,2,,off_target_fp,1,0,0.0,0.0,0.0,0.0,0,False
HYBRID_TALON,1,patient014,patient014_case01,IBC,IBC_patient016_0151.jpg,3,,off_target_fp,91,0,0.0,0.0,0.0,0.0,0,False
HYBRID_TALON,1,patient014,patient014_case01,IBC,IBC_patient016_0151.jpg,4,,off_target_fp,23,0,0.0,0.0,0.0,0.0,0,False
HYBRID_TALON,1,patient014,patient014_case01,IBC,IBC_patient016_0151.jpg,5,,off_target_fp,65,0,0.0,0.0,0.0,0.0,0,False
HYBRID_TALON,1,patient014,patient014_case01,IBC,IBC_patient016_0151.jpg,6,,off_target_fp,202,0,0.0,0.0,0.0,0.0,0,False
HYBRID_TALON,1,patient015,patient015_case01,IGM,IGM_patient016_0051.jpg,1,,off_target_fp,2,0,0.0,0.0,0.0,0.0,0,False
HYBRID_TALON,1,patient015,patient015_case01,IGM,IGM_patient016_0051.jpg,2,,off_target_fp,1,0,0.0,0.0,0.0,0.0,0,False
HYBRID_TALON,1,patient015,patient015_case01,IGM,IGM_patient016_0051.jpg,3,1.0,moderate_50_to_75,82,68,0.7083333333333334,0.8292682926829268,0.7083333333333334,0.6181818181818182,1,False
HYBRID_TALON,1,patient015,patient015_case01,IGM,IGM_patient016_0052.jpg,1,,off_target_fp,6,0,0.0,0.0,0.0,0.0,0,False
HYBRID_TALON,1,patient015,patient015_case01,IGM,IGM_patient016_0052.jpg,2,1.0,moderate_50_to_75,169,114,0.8636363636363636,0.6745562130177515,0.6745562130177515,0.6096256684491979,1,False
HYBRID_TALON,1,patient015,patient015_case01,IGM,IGM_patient016_0053.jpg,1,,off_target_fp,1,0,0.0,0.0,0.0,0.0,0,False
HYBRID_TALON,1,patient015,patient015_case01,IGM,IGM_patient016_0053.jpg,2,,off_target_fp,30,0,0.0,0.0,0.0,0.0,0,False
HYBRID_TALON,1,patient015,patient015_case01,IGM,IGM_patient016_0053.jpg,3,,off_target_fp,18,0,0.0,0.0,0.0,0.0,0,False
HYBRID_TALON,1,patient015,patient015_case01,IGM,IGM_patient016_0053.jpg,4,1.0,moderate_50_to_75,181,152,0.6909090909090909,0.8397790055248618,0.6909090909090909,0.6104417670682731,1,False
HYBRID_TALON,1,patient015,patient015_case01,IGM,IGM_patient016_0054.jpg,1,,off_target_fp,2,0,0.0,0.0,0.0,0.0,0,False
HYBRID_TALON,1,patient015,patient015_case01,IGM,IGM_patient016_0054.jpg,2,,off_target_fp,55,0,0.0,0.0,0.0,0.0,0,False
HYBRID_TALON,1,patient015,patient015_case01,IGM,IGM_patient016_0054.jpg,3,,off_target_fp,25,0,0.0,0.0,0.0,0.0,0,False
HYBRID_TALON,1,patient015,patient015_case01,IGM,IGM_patient016_0054.jpg,4,1.0,strong_75_plus,224,199,0.8728070175438597,0.8883928571428571,0.8728070175438597,0.7865612648221344,1,False
HYBRID_TALON,1,patient015,patient015_case01,IGM,IGM_patient016_0055.jpg,1,,off_target_fp,100,0,0.0,0.0,0.0,0.0,0,False
HYBRID_TALON,1,patient015,patient015_case01,IGM,IGM_patient016_0055.jpg,2,,off_target_fp,20,0,0.0,0.0,0.0,0.0,0,False
HYBRID_TALON,1,patient015,patient015_case01,IGM,IGM_patient016_0055.jpg,3,1.0,strong_75_plus,200,151,0.877906976744186,0.755,0.755,0.6832579185520362,1,False
HYBRID_TALON,1,patient015,patient015_case01,IGM,IGM_patient016_0056.jpg,1,,off_target_fp,255,0,0.0,0.0,0.0,0.0,0,False
HYBRID_TALON,1,patient015,patient015_case01,IGM,IGM_patient016_0056.jpg,2,,off_target_fp,8,0,0.0,0.0,0.0,0.0,0,False
HYBRID_TALON,1,patient015,patient015_case01,IGM,IGM_patient016_0056.jpg,3,1.0,strong_75_plus,148,134,0.8589743589743589,0.9054054054054054,0.8589743589743589,0.788235294117647,1,False
HYBRID_TALON,1,patient015,patient015_case01,IGM,IGM_patient016_0057.jpg,1,,off_target_fp,10,0,0.0,0.0,0.0,0.0,0,False
HYBRID_TALON,1,patient015,patient015_case01,IGM,IGM_patient016_0057.jpg,2,,off_target_fp,2,0,0.0,0.0,0.0,0.0,0,False
HYBRID_TALON,1,patient015,patient015_case01,IGM,IGM_patient016_0057.jpg,3,1.0,strong_75_plus,81,81,0.84375,1.0,0.84375,0.84375,1,False
HYBRID_TALON,1,patient015,patient015_case01,IGM,IGM_patient016_0057.jpg,4,,off_target_fp,43,0,0.0,0.0,0.0,0.0,0,False
HYBRID_TALON,1,patient015,patient015_case01,IGM,IGM_patient016_0057.jpg,5,,off_target_fp,1,0,0.0,0.0,0.0,0.0,0,False
HYBRID_TALON,1,patient017,patient017_case01,IGM,IGM_patient017_0055.jpg,1,1.0,partial_below_25,8,8,0.07407407407407407,1.0,0.07407407407407407,0.07407407407407407,1,False
HYBRID_TALON,1,patient017,patient017_case01,IGM,IGM_patient017_0056.jpg,1,,off_target_fp,16,0,0.0,0.0,0.0,0.0,0,False
HYBRID_TALON,1,patient017,patient017_case01,IGM,IGM_patient017_0056.jpg,2,1.0,moderate_50_to_75,101,76,0.6551724137931034,0.7524752475247525,0.6551724137931034,0.5390070921985816,1,False
HYBRID_TALON,1,patient017,patient017_case01,IGM,IGM_patient017_0057.jpg,1,,off_target_fp,70,0,0.0,0.0,0.0,0.0,0,False
HYBRID_TALON,1,patient017,patient017_case01,IGM,IGM_patient017_0057.jpg,2,1.0,moderate_50_to_75,134,94,0.7121212121212122,0.7014925373134329,0.7014925373134329,0.5465116279069767,1,False
HYBRID_TALON,1,patient017,patient017_case01,IGM,IGM_patient017_0058.jpg,1,,off_target_fp,6,0,0.0,0.0,0.0,0.0,0,False
HYBRID_TALON,1,patient017,patient017_case01,IGM,IGM_patient017_0058.jpg,2,,off_target_fp,10,0,0.0,0.0,0.0,0.0,0,False
HYBRID_TALON,1,patient017,patient017_case01,IGM,IGM_patient017_0058.jpg,3,1.0,moderate_50_to_75,166,100,0.6578947368421053,0.6024096385542169,0.6024096385542169,0.45871559633027525,1,False
HYBRID_TALON,1,patient017,patient017_case01,IGM,IGM_patient017_0058.jpg,4,1.0,partial_below_25,5,4,0.02631578947368421,0.8,0.02631578947368421,0.026143790849673203,1,False
HYBRID_TALON,1,patient017,patient017_case01,IGM,IGM_patient017_0059.jpg,1,1.0,moderate_50_to_75,183,117,0.8357142857142857,0.639344262295082,0.639344262295082,0.5679611650485437,1,False
HYBRID_TALON,1,patient017,patient017_case01,IGM,IGM_patient017_0060.jpg,1,,off_target_fp,2,0,0.0,0.0,0.0,0.0,0,False
HYBRID_TALON,1,patient017,patient017_case01,IGM,IGM_patient017_0060.jpg,2,1.0,low_25_to_50,172,140,0.43209876543209874,0.813953488372093,0.43209876543209874,0.39325842696629215,1,False
HYBRID_TALON,1,patient017,patient017_case01,IGM,IGM_patient017_0060.jpg,3,1.0,partial_below_25,3,3,0.009259259259259259,1.0,0.009259259259259259,0.009259259259259259,1,False
HYBRID_TALON,1,patient017,patient017_case01,IGM,IGM_patient017_0061.jpg,1,1.0,moderate_50_to_75,132,108,0.7105263157894737,0.8181818181818182,0.7105263157894737,0.6136363636363636,1,False
HYBRID_TALON,1,patient017,patient017_case01,IGM,IGM_patient017_0061.jpg,2,,off_target_fp,26,0,0.0,0.0,0.0,0.0,0,False
HYBRID_TALON,1,patient017,patient017_case01,IGM,IGM_patient017_0061.jpg,3,2.0,partial_below_25,1,1,0.007575757575757576,1.0,0.007575757575757576,0.007575757575757576,1,False
HYBRID_TALON,1,patient017,patient017_case01,IGM,IGM_patient017_0062.jpg,1,1.0,low_25_to_50,127,122,0.391025641025641,0.9606299212598425,0.391025641025641,0.38485804416403785,1,False
HYBRID_TALON,1,patient017,patient017_case01,IGM,IGM_patient017_0063.jpg,1,1.0,partial_below_25,58,57,0.20955882352941177,0.9827586206896551,0.20955882352941177,0.2087912087912088,1,False
HYBRID_TALON,1,patient017,patient017_case01,IGM,IGM_patient017_0064.jpg,1,,off_target_fp,15,0,0.0,0.0,0.0,0.0,0,False
HYBRID_TALON,1,patient017,patient017_case01,IGM,IGM_patient017_0064.jpg,2,,off_target_fp,2,0,0.0,0.0,0.0,0.0,0,False
HYBRID_TALON,1,patient017,patient017_case01,IGM,IGM_patient017_0065.jpg,1,,off_target_fp,6,0,0.0,0.0,0.0,0.0,0,False
HYBRID_TALON,1,patient017,patient017_case01,IGM,IGM_patient017_0066.jpg,1,,off_target_fp,6,0,0.0,0.0,0.0,0.0,0,False
HYBRID_TALON,1,patient017,patient017_case01,IGM,IGM_patient017_0067.jpg,1,,off_target_fp,47,0,0.0,0.0,0.0,0.0,0,False
HYBRID_TALON,1,patient017,patient017_case01,IGM,IGM_patient017_0067.jpg,2,,off_target_fp,1,0,0.0,0.0,0.0,0.0,0,False
HYBRID_TALON,1,patient020,patient020_case01,IBC,IBC_patient019_0051.jpg,1,,off_target_fp,3,0,0.0,0.0,0.0,0.0,0,False
HYBRID_TALON,1,patient020,patient020_case01,IBC,IBC_patient019_0051.jpg,2,,off_target_fp,9,0,0.0,0.0,0.0,0.0,0,False
HYBRID_TALON,1,patient020,patient020_case01,IBC,IBC_patient019_0051.jpg,3,,off_target_fp,2,0,0.0,0.0,0.0,0.0,0,False
HYBRID_TALON,1,patient020,patient020_case01,IBC,IBC_patient019_0051.jpg,4,,off_target_fp,12,0,0.0,0.0,0.0,0.0,0,False
HYBRID_TALON,1,patient020,patient020_case01,IBC,IBC_patient019_0052.jpg,1,,off_target_fp,3,0,0.0,0.0,0.0,0.0,0,False
HYBRID_TALON,1,patient020,patient020_case01,IBC,IBC_patient019_0052.jpg,2,,off_target_fp,3,0,0.0,0.0,0.0,0.0,0,False
HYBRID_TALON,1,patient020,patient020_case01,IBC,IBC_patient019_0052.jpg,3,,off_target_fp,11,0,0.0,0.0,0.0,0.0,0,False
HYBRID_TALON,1,patient020,patient020_case01,IBC,IBC_patient019_0052.jpg,4,,off_target_fp,147,0,0.0,0.0,0.0,0.0,0,False
HYBRID_TALON,1,patient020,patient020_case01,IBC,IBC_patient019_0052.jpg,5,,off_target_fp,15,0,0.0,0.0,0.0,0.0,0,False
HYBRID_TALON,1,patient020,patient020_case01,IBC,IBC_patient019_0053.jpg,1,,off_target_fp,313,0,0.0,0.0,0.0,0.0,0,False
HYBRID_TALON,1,patient020,patient020_case01,IBC,IBC_patient019_0053.jpg,2,,off_target_fp,5,0,0.0,0.0,0.0,0.0,0,False
HYBRID_TALON,1,patient039,patient039_case01,IBC,IBC_patient002_0117.jpg,1,,off_target_fp,4,0,0.0,0.0,0.0,0.0,0,False
HYBRID_TALON,1,patient039,patient039_case01,IBC,IBC_patient002_0117.jpg,2,1.0,partial_below_25,57,30,0.05172413793103448,0.5263157894736842,0.05172413793103448,0.04942339373970346,1,False
HYBRID_TALON,1,patient039,patient039_case01,IBC,IBC_patient002_0117.jpg,3,,off_target_fp,1,0,0.0,0.0,0.0,0.0,0,False
HYBRID_TALON,1,patient039,patient039_case01,IBC,IBC_patient002_0117.jpg,4,,off_target_fp,6,0,0.0,0.0,0.0,0.0,0,False
HYBRID_TALON,1,patient039,patient039_case01,IBC,IBC_patient002_0117.jpg,5,1.0,partial_below_25,1,1,0.0017241379310344827,1.0,0.0017241379310344827,0.0017241379310344827,1,False
HYBRID_TALON,1,patient039,patient039_case01,IBC,IBC_patient002_0117.jpg,6,1.0,partial_below_25,8,8,0.013793103448275862,1.0,0.013793103448275862,0.013793103448275862,1,False
HYBRID_TALON,1,patient039,patient039_case01,IBC,IBC_patient002_0117.jpg,7,1.0,partial_below_25,3,3,0.005172413793103448,1.0,0.005172413793103448,0.005172413793103448,1,False
HYBRID_TALON,1,patient039,patient039_case01,IBC,IBC_patient002_0117.jpg,8,1.0,partial_below_25,138,91,0.15689655172413794,0.6594202898550725,0.15689655172413794,0.14513556618819776,1,False
HYBRID_TALON,1,patient039,patient039_case01,IBC,IBC_patient002_0118.jpg,1,1.0,moderate_50_to_75,717,518,0.8993055555555556,0.7224546722454672,0.7224546722454672,0.6683870967741935,1,False
HYBRID_TALON,1,patient039,patient039_case01,IBC,IBC_patient002_0119.jpg,1,1.0,strong_75_plus,829,673,0.9614285714285714,0.8118214716525934,0.8118214716525934,0.7862149532710281,1,False
HYBRID_TALON,1,patient039,patient039_case01,IBC,IBC_patient002_0119.jpg,2,,off_target_fp,6,0,0.0,0.0,0.0,0.0,0,False
HYBRID_TALON,1,patient039,patient039_case01,IBC,IBC_patient002_0120.jpg,1,1.0,strong_75_plus,971,784,0.9751243781094527,0.8074150360453141,0.8074150360453141,0.7911200807265388,1,False
HYBRID_TALON,1,patient039,patient039_case01,IBC,IBC_patient002_0121.jpg,1,1.0,strong_75_plus,1087,951,0.9743852459016393,0.874885004599816,0.874885004599816,0.8552158273381295,1,False
HYBRID_TALON,1,patient039,patient039_case01,IBC,IBC_patient002_0122.jpg,1,1.0,strong_75_plus,1202,1071,0.9807692307692307,0.8910149750415973,0.8910149750415973,0.8757154538021259,1,False
HYBRID_TALON,1,patient039,patient039_case01,IBC,IBC_patient002_0123.jpg,1,1.0,strong_75_plus,1301,1185,0.9745065789473685,0.9108378170637971,0.9108378170637971,0.8896396396396397,1,False
HYBRID_TALON,1,patient039,patient039_case01,IBC,IBC_patient002_0124.jpg,1,1.0,strong_75_plus,1301,1199,0.9338006230529595,0.921598770176787,0.921598770176787,0.8650793650793651,1,False
HYBRID_TALON,1,patient039,patient039_case01,IBC,IBC_patient002_0125.jpg,1,1.0,strong_75_plus,1081,999,0.7661042944785276,0.9241443108233117,0.7661042944785276,0.7207792207792207,1,False
HYBRID_TALON,1,patient039,patient039_case01,IBC,IBC_patient002_0126.jpg,1,1.0,partial_below_25,44,39,0.029367469879518073,0.8863636363636364,0.029367469879518073,0.029257314328582147,1,False
HYBRID_TALON,1,patient039,patient039_case01,IBC,IBC_patient002_0126.jpg,2,1.0,moderate_50_to_75,890,808,0.608433734939759,0.9078651685393259,0.608433734939759,0.573049645390071,1,False
HYBRID_TALON,1,patient039,patient039_case01,IBC,IBC_patient002_0127.jpg,1,1.0,partial_below_25,24,13,0.009259259259259259,0.5416666666666666,0.009259259259259259,0.009187279151943463,1,False
HYBRID_TALON,1,patient039,patient039_case01,IBC,IBC_patient002_0127.jpg,2,1.0,moderate_50_to_75,788,738,0.5256410256410257,0.9365482233502538,0.5256410256410257,0.5075653370013755,1,False
HYBRID_TALON,1,patient039,patient039_case01,IBC,IBC_patient002_0128.jpg,1,1.0,partial_below_25,13,11,0.00804093567251462,0.8461538461538461,0.00804093567251462,0.008029197080291971,1,False
HYBRID_TALON,1,patient039,patient039_case01,IBC,IBC_patient002_0128.jpg,2,1.0,moderate_50_to_75,743,685,0.5007309941520468,0.9219380888290714,0.5007309941520468,0.4803646563814867,1,False
HYBRID_TALON,1,patient039,patient039_case01,IBC,IBC_patient002_0129.jpg,1,1.0,moderate_50_to_75,867,798,0.588495575221239,0.9204152249134948,0.588495575221239,0.56,1,False
HYBRID_TALON,1,patient039,patient039_case01,IBC,IBC_patient002_0130.jpg,1,1.0,moderate_50_to_75,880,837,0.634090909090909,0.9511363636363637,0.634090909090909,0.6140865737344093,1,False
HYBRID_TALON,1,patient039,patient039_case01,IBC,IBC_patient002_0131.jpg,1,1.0,moderate_50_to_75,800,745,0.5988745980707395,0.93125,0.5988745980707395,0.573518090839107,1,False
HYBRID_TALON,1,patient039,patient039_case01,IBC,IBC_patient002_0132.jpg,1,1.0,moderate_50_to_75,783,726,0.5912052117263844,0.9272030651340997,0.5912052117263844,0.5649805447470817,1,False
HYBRID_TALON,1,patient039,patient039_case01,IBC,IBC_patient002_0132.jpg,2,1.0,partial_below_25,5,1,0.0008143322475570033,0.2,0.0008143322475570033,0.0008116883116883117,1,False
HYBRID_TALON,1,patient039,patient039_case01,IBC,IBC_patient002_0132.jpg,3,1.0,partial_below_25,11,6,0.004885993485342019,0.5454545454545454,0.004885993485342019,0.004866180048661801,1,False
HYBRID_TALON,1,patient039,patient039_case01,IBC,IBC_patient002_0133.jpg,1,1.0,partial_below_25,37,29,0.0231629392971246,0.7837837837837838,0.0231629392971246,0.023015873015873017,1,False
HYBRID_TALON,1,patient039,patient039_case01,IBC,IBC_patient002_0133.jpg,2,1.0,moderate_50_to_75,805,760,0.6070287539936102,0.9440993788819876,0.6070287539936102,0.5859676175790285,1,False
HYBRID_TALON,1,patient039,patient039_case01,IBC,IBC_patient002_0133.jpg,3,1.0,partial_below_25,21,17,0.013578274760383386,0.8095238095238095,0.013578274760383386,0.013535031847133758,1,False
HYBRID_TALON,1,patient039,patient039_case01,IBC,IBC_patient002_0133.jpg,4,,off_target_fp,1,0,0.0,0.0,0.0,0.0,0,False
HYBRID_TALON,1,patient039,patient039_case01,IBC,IBC_patient002_0134.jpg,1,1.0,strong_75_plus,1053,1022,0.8136942675159236,0.9705603038936372,0.8136942675159236,0.7940947940947941,1,False
HYBRID_TALON,1,patient039,patient039_case01,IBC,IBC_patient002_0134.jpg,2,,off_target_fp,1,0,0.0,0.0,0.0,0.0,0,False
HYBRID_TALON,1,patient039,patient039_case01,IBC,IBC_patient002_0135.jpg,1,1.0,strong_75_plus,1150,1107,0.9225,0.9626086956521739,0.9225,0.8905872888173774,1,False
HYBRID_TALON,1,patient039,patient039_case01,IBC,IBC_patient002_0136.jpg,1,1.0,strong_75_plus,1101,931,0.9779411764705882,0.8455949137148048,0.8455949137148048,0.8297682709447415,1,False
HYBRID_TALON,1,patient039,patient039_case01,IBC,IBC_patient002_0137.jpg,1,1.0,strong_75_plus,998,860,0.947136563876652,0.8617234468937875,0.8617234468937875,0.8221797323135756,1,False
HYBRID_TALON,1,patient039,patient039_case01,IBC,IBC_patient002_0138.jpg,1,1.0,strong_75_plus,857,768,0.8888888888888888,0.8961493582263711,0.8888888888888888,0.8058761804826863,1,False
HYBRID_TALON,1,patient039,patient039_case01,IBC,IBC_patient002_0139.jpg,1,1.0,moderate_50_to_75,524,499,0.5775462962962963,0.9522900763358778,0.5775462962962963,0.5613048368953881,1,False
HYBRID_TALON,1,patient039,patient039_case01,IBC,IBC_patient002_0139.jpg,2,1.0,partial_below_25,173,172,0.19907407407407407,0.9942196531791907,0.19907407407407407,0.19884393063583816,1,False
HYBRID_TALON,1,patient039,patient039_case01,IBC,IBC_patient002_0140.jpg,1,1.0,low_25_to_50,272,253,0.359375,0.9301470588235294,0.359375,0.3499308437067773,1,False
HYBRID_TALON,1,patient039,patient039_case01,IBC,IBC_patient002_0140.jpg,2,1.0,partial_below_25,78,73,0.10369318181818182,0.9358974358974359,0.10369318181818182,0.10296191819464035,1,False
HYBRID_TALON,1,patient039,patient039_case01,IBC,IBC_patient002_0140.jpg,3,1.0,partial_below_25,112,109,0.15482954545454544,0.9732142857142857,0.15482954545454544,0.15417256011315417,1,False
HYBRID_TALON,1,patient039,patient039_case01,IBC,IBC_patient002_0141.jpg,1,1.0,partial_below_25,90,90,0.16666666666666666,1.0,0.16666666666666666,0.16666666666666666,1,False
HYBRID_TALON,1,patient039,patient039_case01,IBC,IBC_patient002_0141.jpg,2,1.0,partial_below_25,2,1,0.001851851851851852,0.5,0.001851851851851852,0.0018484288354898336,1,False
HYBRID_TALON,1,patient039,patient039_case01,IBC,IBC_patient002_0141.jpg,3,1.0,partial_below_25,47,47,0.08703703703703704,1.0,0.08703703703703704,0.08703703703703704,1,False
HYBRID_TALON,1,patient039,patient039_case01,IBC,IBC_patient002_0141.jpg,4,1.0,partial_below_25,29,29,0.053703703703703705,1.0,0.053703703703703705,0.053703703703703705,1,False
HYBRID_TALON,1,patient039,patient039_case01,IBC,IBC_patient002_0142.jpg,1,,off_target_fp,4,0,0.0,0.0,0.0,0.0,0,False
HYBRID_TALON,1,patient039,patient039_case01,IBC,IBC_patient002_0142.jpg,2,1.0,partial_below_25,19,17,0.06967213114754098,0.8947368421052632,0.06967213114754098,0.06910569105691057,1,False
HYBRID_TALON,1,patient039,patient039_case01,IBC,IBC_patient002_0143.jpg,1,,off_target_fp,19,0,0.0,0.0,0.0,0.0,0,False
HYBRID_TALON,1,patient039,patient039_case01,IBC,IBC_patient002_0143.jpg,2,1.0,partial_below_25,14,14,0.16666666666666666,1.0,0.16666666666666666,0.16666666666666666,1,False
HYBRID_TALON,1,patient027,patient027_case01,IBC,IBC_patient022_0068.jpg,1,,off_target_fp,2,0,0.0,0.0,0.0,0.0,0,False
HYBRID_TALON,1,patient027,patient027_case01,IBC,IBC_patient022_0068.jpg,2,,off_target_fp,3,0,0.0,0.0,0.0,0.0,0,False
HYBRID_TALON,1,patient027,patient027_case01,IBC,IBC_patient022_0068.jpg,3,,off_target_fp,74,0,0.0,0.0,0.0,0.0,0,False
HYBRID_TALON,1,patient027,patient027_case01,IBC,IBC_patient022_0068.jpg,4,,off_target_fp,95,0,0.0,0.0,0.0,0.0,0,False
HYBRID_TALON,1,patient027,patient027_case01,IBC,IBC_patient022_0069.jpg,1,,off_target_fp,83,0,0.0,0.0,0.0,0.0,0,False
HYBRID_TALON,1,patient027,patient027_case01,IBC,IBC_patient022_0069.jpg,2,,off_target_fp,107,0,0.0,0.0,0.0,0.0,0,False
HYBRID_TALON,1,patient027,patient027_case01,IBC,IBC_patient022_0069.jpg,3,,off_target_fp,24,0,0.0,0.0,0.0,0.0,0,False
HYBRID_TALON,1,patient027,patient027_case01,IBC,IBC_patient022_0070.jpg,1,1.0,partial_below_25,5,2,0.014705882352941176,0.4,0.014705882352941176,0.014388489208633094,1,False
HYBRID_TALON,1,patient027,patient027_case01,IBC,IBC_patient022_0070.jpg,2,1.0,partial_below_25,1,1,0.007352941176470588,1.0,0.007352941176470588,0.007352941176470588,1,False
HYBRID_TALON,1,patient027,patient027_case01,IBC,IBC_patient022_0070.jpg,3,1.0,partial_below_25,4,4,0.029411764705882353,1.0,0.029411764705882353,0.029411764705882353,1,False
HYBRID_TALON,1,patient027,patient027_case01,IBC,IBC_patient022_0070.jpg,4,,off_target_fp,1,0,0.0,0.0,0.0,0.0,0,False
HYBRID_TALON,1,patient027,patient027_case01,IBC,IBC_patient022_0070.jpg,5,,off_target_fp,33,0,0.0,0.0,0.0,0.0,0,False
HYBRID_TALON,1,patient027,patient027_case01,IBC,IBC_patient022_0070.jpg,6,,off_target_fp,56,0,0.0,0.0,0.0,0.0,0,False
HYBRID_TALON,1,patient027,patient027_case01,IBC,IBC_patient022_0070.jpg,7,,off_target_fp,4,0,0.0,0.0,0.0,0.0,0,False
HYBRID_TALON,1,patient027,patient027_case01,IBC,IBC_patient022_0070.jpg,8,,off_target_fp,55,0,0.0,0.0,0.0,0.0,0,False
HYBRID_TALON,1,patient027,patient027_case01,IBC,IBC_patient022_0071.jpg,1,,off_target_fp,2,0,0.0,0.0,0.0,0.0,0,False
HYBRID_TALON,1,patient027,patient027_case01,IBC,IBC_patient022_0071.jpg,2,1.0,partial_below_25,9,8,0.05263157894736842,0.8888888888888888,0.05263157894736842,0.05228758169934641,1,False
HYBRID_TALON,1,patient027,patient027_case01,IBC,IBC_patient022_0071.jpg,3,,off_target_fp,1,0,0.0,0.0,0.0,0.0,0,False
HYBRID_TALON,1,patient027,patient027_case01,IBC,IBC_patient022_0071.jpg,4,,off_target_fp,42,0,0.0,0.0,0.0,0.0,0,False
HYBRID_TALON,1,patient027,patient027_case01,IBC,IBC_patient022_0071.jpg,5,,off_target_fp,3,0,0.0,0.0,0.0,0.0,0,False
HYBRID_TALON,1,patient027,patient027_case01,IBC,IBC_patient022_0071.jpg,6,,off_target_fp,36,0,0.0,0.0,0.0,0.0,0,False
HYBRID_TALON,1,patient027,patient027_case01,IBC,IBC_patient022_0071.jpg,7,,off_target_fp,1,0,0.0,0.0,0.0,0.0,0,False
HYBRID_TALON,1,patient027,patient027_case01,IBC,IBC_patient022_0072.jpg,1,1.0,strong_75_plus,163,124,0.9117647058823529,0.7607361963190185,0.7607361963190185,0.7085714285714285,1,False
HYBRID_TALON,1,patient027,patient027_case01,IBC,IBC_patient022_0072.jpg,2,,off_target_fp,39,0,0.0,0.0,0.0,0.0,0,False
HYBRID_TALON,1,patient027,patient027_case01,IBC,IBC_patient022_0072.jpg,3,,off_target_fp,16,0,0.0,0.0,0.0,0.0,0,False
HYBRID_TALON,1,patient027,patient027_case01,IBC,IBC_patient022_0072.jpg,4,,off_target_fp,10,0,0.0,0.0,0.0,0.0,0,False
HYBRID_TALON,1,patient027,patient027_case01,IBC,IBC_patient022_0072.jpg,5,,off_target_fp,20,0,0.0,0.0,0.0,0.0,0,False
HYBRID_TALON,1,patient027,patient027_case01,IBC,IBC_patient022_0073.jpg,1,1.0,low_25_to_50,26,26,0.30952380952380953,1.0,0.30952380952380953,0.30952380952380953,1,False
HYBRID_TALON,1,patient027,patient027_case01,IBC,IBC_patient022_0073.jpg,2,,off_target_fp,12,0,0.0,0.0,0.0,0.0,0,False
HYBRID_TALON,1,patient027,patient027_case01,IBC,IBC_patient022_0073.jpg,3,,off_target_fp,1,0,0.0,0.0,0.0,0.0,0,False
HYBRID_TALON,1,patient027,patient027_case01,IBC,IBC_patient022_0073.jpg,4,,off_target_fp,23,0,0.0,0.0,0.0,0.0,0,False
HYBRID_TALON,1,patient027,patient027_case01,IBC,IBC_patient022_0073.jpg,5,,off_target_fp,26,0,0.0,0.0,0.0,0.0,0,False
HYBRID_TALON,1,patient027,patient027_case01,IBC,IBC_patient022_0073.jpg,6,,off_target_fp,18,0,0.0,0.0,0.0,0.0,0,False
HYBRID_TALON,1,patient027,patient027_case01,IBC,IBC_patient022_0074.jpg,1,,off_target_fp,15,0,0.0,0.0,0.0,0.0,0,False
HYBRID_TALON,1,patient027,patient027_case01,IBC,IBC_patient022_0074.jpg,2,,off_target_fp,55,0,0.0,0.0,0.0,0.0,0,False
HYBRID_TALON,1,patient027,patient027_case01,IBC,IBC_patient022_0074.jpg,3,,off_target_fp,22,0,0.0,0.0,0.0,0.0,0,False
HYBRID_TALON,1,patient027,patient027_case01,IBC,IBC_patient022_0074.jpg,4,,off_target_fp,5,0,0.0,0.0,0.0,0.0,0,False
HYBRID_TALON,1,patient032,patient032_case01,IBC,IBC_patient026_0064.jpg,1,,off_target_fp,1,0,0.0,0.0,0.0,0.0,0,False
HYBRID_TALON,1,patient032,patient032_case01,IBC,IBC_patient026_0064.jpg,2,1.0,moderate_50_to_75,477,249,0.9880952380952381,0.5220125786163522,0.5220125786163522,0.51875,1,False
HYBRID_TALON,1,patient032,patient032_case01,IBC,IBC_patient026_0064.jpg,3,,off_target_fp,2,0,0.0,0.0,0.0,0.0,0,False
HYBRID_TALON,1,patient032,patient032_case01,IBC,IBC_patient026_0064.jpg,4,,off_target_fp,3,0,0.0,0.0,0.0,0.0,0,False
HYBRID_TALON,1,patient032,patient032_case01,IBC,IBC_patient026_0064.jpg,5,,off_target_fp,8,0,0.0,0.0,0.0,0.0,0,False
HYBRID_TALON,1,patient032,patient032_case01,IBC,IBC_patient026_0065.jpg,1,,off_target_fp,2,0,0.0,0.0,0.0,0.0,0,False
HYBRID_TALON,1,patient032,patient032_case01,IBC,IBC_patient026_0065.jpg,2,,off_target_fp,43,0,0.0,0.0,0.0,0.0,0,False
HYBRID_TALON,1,patient032,patient032_case01,IBC,IBC_patient026_0065.jpg,3,,off_target_fp,4,0,0.0,0.0,0.0,0.0,0,False
HYBRID_TALON,1,patient032,patient032_case01,IBC,IBC_patient026_0065.jpg,4,,off_target_fp,7,0,0.0,0.0,0.0,0.0,0,False
HYBRID_TALON,1,patient032,patient032_case01,IBC,IBC_patient026_0065.jpg,5,1.0,strong_75_plus,520,395,0.9875,0.7596153846153846,0.7596153846153846,0.7523809523809524,1,False
HYBRID_TALON,1,patient032,patient032_case01,IBC,IBC_patient026_0065.jpg,6,,off_target_fp,64,0,0.0,0.0,0.0,0.0,0,False
HYBRID_TALON,1,patient032,patient032_case01,IBC,IBC_patient026_0065.jpg,7,,off_target_fp,15,0,0.0,0.0,0.0,0.0,0,False
HYBRID_TALON,1,patient032,patient032_case01,IBC,IBC_patient026_0065.jpg,8,,off_target_fp,17,0,0.0,0.0,0.0,0.0,0,False
HYBRID_TALON,1,patient032,patient032_case01,IBC,IBC_patient026_0065.jpg,9,,off_target_fp,42,0,0.0,0.0,0.0,0.0,0,False
HYBRID_TALON,1,patient032,patient032_case01,IBC,IBC_patient026_0066.jpg,1,1.0,strong_75_plus,571,429,0.9930555555555556,0.7513134851138353,0.7513134851138353,0.7473867595818815,1,False
HYBRID_TALON,1,patient032,patient032_case01,IBC,IBC_patient026_0066.jpg,2,,off_target_fp,22,0,0.0,0.0,0.0,0.0,0,False
HYBRID_TALON,1,patient032,patient032_case01,IBC,IBC_patient026_0066.jpg,3,,off_target_fp,31,0,0.0,0.0,0.0,0.0,0,False
HYBRID_TALON,1,patient032,patient032_case01,IBC,IBC_patient026_0066.jpg,4,,off_target_fp,154,0,0.0,0.0,0.0,0.0,0,False
HYBRID_TALON,1,patient032,patient032_case01,IBC,IBC_patient026_0066.jpg,5,,off_target_fp,12,0,0.0,0.0,0.0,0.0,0,False
HYBRID_TALON,1,patient032,patient032_case01,IBC,IBC_patient026_0067.jpg,1,1.0,moderate_50_to_75,651,451,0.9977876106194691,0.6927803379416283,0.6927803379416283,0.691717791411043,1,False
HYBRID_TALON,1,patient032,patient032_case01,IBC,IBC_patient026_0067.jpg,2,,off_target_fp,92,0,0.0,0.0,0.0,0.0,0,False
HYBRID_TALON,1,patient032,patient032_case01,IBC,IBC_patient026_0067.jpg,3,,off_target_fp,33,0,0.0,0.0,0.0,0.0,0,False
HYBRID_TALON,1,patient032,patient032_case01,IBC,IBC_patient026_0067.jpg,4,,off_target_fp,20,0,0.0,0.0,0.0,0.0,0,False
HYBRID_TALON,1,patient032,patient032_case01,IBC,IBC_patient026_0067.jpg,5,,off_target_fp,5,0,0.0,0.0,0.0,0.0,0,False
HYBRID_TALON,1,patient032,patient032_case01,IBC,IBC_patient026_0067.jpg,6,,off_target_fp,9,0,0.0,0.0,0.0,0.0,0,False
HYBRID_TALON,1,patient032,patient032_case01,IBC,IBC_patient026_0068.jpg,1,1.0,strong_75_plus,607,485,0.9778225806451613,0.7990115321252059,0.7990115321252059,0.7847896440129449,1,False
HYBRID_TALON,1,patient032,patient032_case01,IBC,IBC_patient026_0068.jpg,2,,off_target_fp,13,0,0.0,0.0,0.0,0.0,0,False
HYBRID_TALON,1,patient032,patient032_case01,IBC,IBC_patient026_0068.jpg,3,,off_target_fp,12,0,0.0,0.0,0.0,0.0,0,False
HYBRID_TALON,1,patient032,patient032_case01,IBC,IBC_patient026_0068.jpg,4,,off_target_fp,46,0,0.0,0.0,0.0,0.0,0,False
HYBRID_TALON,1,patient032,patient032_case01,IBC,IBC_patient026_0068.jpg,5,,off_target_fp,42,0,0.0,0.0,0.0,0.0,0,False
HYBRID_TALON,1,patient032,patient032_case01,IBC,IBC_patient026_0068.jpg,6,,off_target_fp,10,0,0.0,0.0,0.0,0.0,0,False
HYBRID_TALON,1,patient032,patient032_case01,IBC,IBC_patient026_0068.jpg,7,,off_target_fp,7,0,0.0,0.0,0.0,0.0,0,False
HYBRID_TALON,1,patient032,patient032_case01,IBC,IBC_patient026_0068.jpg,8,,off_target_fp,18,0,0.0,0.0,0.0,0.0,0,False
HYBRID_TALON,1,patient032,patient032_case01,IBC,IBC_patient026_0068.jpg,9,,off_target_fp,57,0,0.0,0.0,0.0,0.0,0,False
HYBRID_TALON,1,patient032,patient032_case01,IBC,IBC_patient026_0069.jpg,1,1.0,strong_75_plus,405,352,0.9887640449438202,0.8691358024691358,0.8691358024691358,0.8606356968215159,1,False
HYBRID_TALON,1,patient032,patient032_case01,IBC,IBC_patient026_0069.jpg,2,,off_target_fp,6,0,0.0,0.0,0.0,0.0,0,False
HYBRID_TALON,1,patient032,patient032_case01,IBC,IBC_patient026_0069.jpg,3,,off_target_fp,24,0,0.0,0.0,0.0,0.0,0,False
HYBRID_TALON,1,patient032,patient032_case01,IBC,IBC_patient026_0069.jpg,4,,off_target_fp,16,0,0.0,0.0,0.0,0.0,0,False
HYBRID_TALON,1,patient032,patient032_case01,IBC,IBC_patient026_0070.jpg,1,,off_target_fp,54,0,0.0,0.0,0.0,0.0,0,False
HYBRID_TALON,1,patient032,patient032_case01,IBC,IBC_patient026_0070.jpg,2,1.0,moderate_50_to_75,86,80,0.7142857142857143,0.9302325581395349,0.7142857142857143,0.6779661016949152,1,False
HYBRID_TALON,1,patient032,patient032_case01,IBC,IBC_patient026_0070.jpg,3,,off_target_fp,4,0,0.0,0.0,0.0,0.0,0,False
HYBRID_TALON,1,patient032,patient032_case01,IBC,IBC_patient026_0070.jpg,4,,off_target_fp,7,0,0.0,0.0,0.0,0.0,0,False
HYBRID_TALON,1,patient032,patient032_case01,IBC,IBC_patient026_0070.jpg,5,,off_target_fp,1,0,0.0,0.0,0.0,0.0,0,False
HYBRID_TALON,1,patient032,patient032_case01,IBC,IBC_patient026_0070.jpg,6,,off_target_fp,12,0,0.0,0.0,0.0,0.0,0,False
HYBRID_TALON,1,patient035,patient035_case01,IBC,IBC_patient028_0114.jpg,1,1.0,moderate_50_to_75,191,127,0.6614583333333334,0.6649214659685864,0.6614583333333334,0.49609375,1,False
HYBRID_TALON,1,patient035,patient035_case01,IBC,IBC_patient028_0114.jpg,2,,off_target_fp,8,0,0.0,0.0,0.0,0.0,0,False
HYBRID_TALON,1,patient035,patient035_case01,IBC,IBC_patient028_0115.jpg,1,,off_target_fp,160,0,0.0,0.0,0.0,0.0,0,False
HYBRID_TALON,1,patient035,patient035_case01,IBC,IBC_patient028_0115.jpg,2,1.0,strong_75_plus,467,426,0.9508928571428571,0.9122055674518201,0.9122055674518201,0.8711656441717791,1,False
HYBRID_TALON,1,patient035,patient035_case01,IBC,IBC_patient028_0115.jpg,3,,off_target_fp,8,0,0.0,0.0,0.0,0.0,0,False
HYBRID_TALON,1,patient035,patient035_case01,IBC,IBC_patient028_0116.jpg,1,,off_target_fp,232,0,0.0,0.0,0.0,0.0,0,False
HYBRID_TALON,1,patient035,patient035_case01,IBC,IBC_patient028_0116.jpg,2,1.0,strong_75_plus,645,545,0.9527972027972028,0.8449612403100775,0.8449612403100775,0.8110119047619048,1,False
HYBRID_TALON,1,patient035,patient035_case01,IBC,IBC_patient028_0116.jpg,3,,off_target_fp,9,0,0.0,0.0,0.0,0.0,0,False
HYBRID_TALON,1,patient035,patient035_case01,IBC,IBC_patient028_0117.jpg,1,,off_target_fp,249,0,0.0,0.0,0.0,0.0,0,False
HYBRID_TALON,1,patient035,patient035_case01,IBC,IBC_patient028_0117.jpg,2,1.0,strong_75_plus,777,643,0.9568452380952381,0.8275418275418276,0.8275418275418276,0.7977667493796526,1,False
HYBRID_TALON,1,patient035,patient035_case01,IBC,IBC_patient028_0117.jpg,3,,off_target_fp,6,0,0.0,0.0,0.0,0.0,0,False
HYBRID_TALON,1,patient035,patient035_case01,IBC,IBC_patient028_0118.jpg,1,1.0,strong_75_plus,991,778,0.9725,0.7850655903128153,0.7850655903128153,0.7680157946692991,1,False
HYBRID_TALON,1,patient035,patient035_case01,IBC,IBC_patient028_0118.jpg,2,,off_target_fp,2,0,0.0,0.0,0.0,0.0,0,False
HYBRID_TALON,1,patient035,patient035_case01,IBC,IBC_patient028_0118.jpg,3,,off_target_fp,4,0,0.0,0.0,0.0,0.0,0,False
HYBRID_TALON,1,patient035,patient035_case01,IBC,IBC_patient028_0119.jpg,1,,off_target_fp,4,0,0.0,0.0,0.0,0.0,0,False
HYBRID_TALON,1,patient035,patient035_case01,IBC,IBC_patient028_0119.jpg,2,,off_target_fp,4,0,0.0,0.0,0.0,0.0,0,False
HYBRID_TALON,1,patient035,patient035_case01,IBC,IBC_patient028_0119.jpg,3,1.0,strong_75_plus,1144,864,0.9773755656108597,0.7552447552447552,0.7552447552447552,0.7422680412371134,1,False
HYBRID_TALON,1,patient035,patient035_case01,IBC,IBC_patient028_0119.jpg,4,,off_target_fp,4,0,0.0,0.0,0.0,0.0,0,False
HYBRID_TALON,1,patient035,patient035_case01,IBC,IBC_patient028_0120.jpg,1,1.0,partial_below_25,3,2,0.0016339869281045752,0.6666666666666666,0.0016339869281045752,0.0016326530612244899,1,False
HYBRID_TALON,1,patient035,patient035_case01,IBC,IBC_patient028_0120.jpg,2,,off_target_fp,6,0,0.0,0.0,0.0,0.0,0,False
HYBRID_TALON,1,patient035,patient035_case01,IBC,IBC_patient028_0120.jpg,3,1.0,strong_75_plus,1251,1107,0.9044117647058824,0.8848920863309353,0.8848920863309353,0.8092105263157895,1,False
HYBRID_TALON,1,patient035,patient035_case01,IBC,IBC_patient028_0120.jpg,4,,off_target_fp,14,0,0.0,0.0,0.0,0.0,0,False
HYBRID_TALON,1,patient035,patient035_case01,IBC,IBC_patient028_0120.jpg,5,,off_target_fp,1,0,0.0,0.0,0.0,0.0,0,False
HYBRID_TALON,1,patient035,patient035_case01,IBC,IBC_patient028_0121.jpg,1,,off_target_fp,6,0,0.0,0.0,0.0,0.0,0,False
HYBRID_TALON,1,patient035,patient035_case01,IBC,IBC_patient028_0121.jpg,2,1.0,strong_75_plus,1352,1161,0.9332797427652733,0.8587278106508875,0.8587278106508875,0.8090592334494774,1,False
HYBRID_TALON,1,patient035,patient035_case01,IBC,IBC_patient028_0121.jpg,3,,off_target_fp,2,0,0.0,0.0,0.0,0.0,0,False
HYBRID_TALON,1,patient035,patient035_case01,IBC,IBC_patient028_0121.jpg,4,,off_target_fp,1,0,0.0,0.0,0.0,0.0,0,False
HYBRID_TALON,1,patient035,patient035_case01,IBC,IBC_patient028_0122.jpg,1,1.0,strong_75_plus,1462,1312,0.923943661971831,0.8974008207934336,0.8974008207934336,0.8356687898089172,1,False
HYBRID_TALON,1,patient035,patient035_case01,IBC,IBC_patient028_0122.jpg,2,,off_target_fp,5,0,0.0,0.0,0.0,0.0,0,False
HYBRID_TALON,1,patient035,patient035_case01,IBC,IBC_patient028_0122.jpg,3,,off_target_fp,3,0,0.0,0.0,0.0,0.0,0,False
HYBRID_TALON,1,patient035,patient035_case01,IBC,IBC_patient028_0123.jpg,1,1.0,strong_75_plus,1574,1447,0.7567991631799164,0.9193138500635324,0.7567991631799164,0.7096615988229524,1,False
HYBRID_TALON,1,patient035,patient035_case01,IBC,IBC_patient028_0123.jpg,2,,off_target_fp,2,0,0.0,0.0,0.0,0.0,0,False
HYBRID_TALON,1,patient035,patient035_case01,IBC,IBC_patient028_0123.jpg,3,,off_target_fp,2,0,0.0,0.0,0.0,0.0,0,False
HYBRID_TALON,1,patient035,patient035_case01,IBC,IBC_patient028_0124.jpg,1,1.0,moderate_50_to_75,1528,1401,0.7342767295597484,0.9168848167539267,0.7342767295597484,0.6884520884520885,1,False
HYBRID_TALON,1,patient035,patient035_case01,IBC,IBC_patient028_0124.jpg,2,,off_target_fp,4,0,0.0,0.0,0.0,0.0,0,False
HYBRID_TALON,1,patient035,patient035_case01,IBC,IBC_patient028_0124.jpg,3,,off_target_fp,2,0,0.0,0.0,0.0,0.0,0,False
HYBRID_TALON,1,patient035,patient035_case01,IBC,IBC_patient028_0124.jpg,4,,off_target_fp,9,0,0.0,0.0,0.0,0.0,0,False
HYBRID_TALON,1,patient035,patient035_case01,IBC,IBC_patient028_0124.jpg,5,,off_target_fp,2,0,0.0,0.0,0.0,0.0,0,False
HYBRID_TALON,1,patient035,patient035_case01,IBC,IBC_patient028_0125.jpg,1,1.0,moderate_50_to_75,1598,1400,0.7172131147540983,0.8760951188986232,0.7172131147540983,0.6511627906976745,1,False
HYBRID_TALON,1,patient035,patient035_case01,IBC,IBC_patient028_0125.jpg,2,,off_target_fp,9,0,0.0,0.0,0.0,0.0,0,False
HYBRID_TALON,1,patient035,patient035_case01,IBC,IBC_patient028_0126.jpg,1,1.0,moderate_50_to_75,1598,1463,0.7115758754863813,0.9155193992490613,0.7115758754863813,0.6677316293929713,1,False
HYBRID_TALON,1,patient035,patient035_case01,IBC,IBC_patient028_0126.jpg,2,,off_target_fp,5,0,0.0,0.0,0.0,0.0,0,False
HYBRID_TALON,1,patient035,patient035_case01,IBC,IBC_patient028_0127.jpg,1,1.0,moderate_50_to_75,1703,1628,0.6806020066889632,0.9559600704638873,0.6806020066889632,0.6599108228617754,1,False
HYBRID_TALON,1,patient035,patient035_case01,IBC,IBC_patient028_0127.jpg,2,,off_target_fp,2,0,0.0,0.0,0.0,0.0,0,False
HYBRID_TALON,1,patient035,patient035_case01,IBC,IBC_patient028_0128.jpg,1,1.0,moderate_50_to_75,1863,1640,0.7167832167832168,0.880300590445518,0.7167832167832168,0.653126244524094,1,False
HYBRID_TALON,1,patient035,patient035_case01,IBC,IBC_patient028_0128.jpg,2,1.0,partial_below_25,13,12,0.005244755244755245,0.9230769230769231,0.005244755244755245,0.005242463958060288,1,False
HYBRID_TALON,1,patient035,patient035_case01,IBC,IBC_patient028_0128.jpg,3,1.0,partial_below_25,2,2,0.0008741258741258741,1.0,0.0008741258741258741,0.0008741258741258741,1,False
HYBRID_TALON,1,patient035,patient035_case01,IBC,IBC_patient028_0129.jpg,1,1.0,strong_75_plus,2148,1880,0.8231173380035026,0.8752327746741154,0.8231173380035026,0.7366771159874608,1,False
HYBRID_TALON,1,patient035,patient035_case01,IBC,IBC_patient028_0129.jpg,2,,off_target_fp,1,0,0.0,0.0,0.0,0.0,0,False
HYBRID_TALON,1,patient035,patient035_case01,IBC,IBC_patient028_0130.jpg,1,1.0,strong_75_plus,2323,2013,0.915,0.8665518725785623,0.8665518725785623,0.80199203187251,1,False
HYBRID_TALON,1,patient035,patient035_case01,IBC,IBC_patient028_0130.jpg,2,,off_target_fp,2,0,0.0,0.0,0.0,0.0,0,False
HYBRID_TALON,1,patient035,patient035_case01,IBC,IBC_patient028_0131.jpg,1,1.0,strong_75_plus,2303,2064,0.8973913043478261,0.8962223187147199,0.8962223187147199,0.8129184718393068,1,False
HYBRID_TALON,1,patient035,patient035_case01,IBC,IBC_patient028_0131.jpg,2,,off_target_fp,1,0,0.0,0.0,0.0,0.0,0,False
HYBRID_TALON,1,patient035,patient035_case01,IBC,IBC_patient028_0132.jpg,1,1.0,strong_75_plus,2271,2064,0.8896551724137931,0.9088507265521797,0.8896551724137931,0.8167787890779581,1,False
HYBRID_TALON,1,patient035,patient035_case01,IBC,IBC_patient028_0133.jpg,1,1.0,strong_75_plus,2233,1829,0.8759578544061303,0.8190774742498881,0.8190774742498881,0.7339486356340289,1,False
HYBRID_TALON,1,patient035,patient035_case01,IBC,IBC_patient028_0133.jpg,2,,off_target_fp,13,0,0.0,0.0,0.0,0.0,0,False
HYBRID_TALON,1,patient035,patient035_case01,IBC,IBC_patient028_0133.jpg,3,,off_target_fp,3,0,0.0,0.0,0.0,0.0,0,False
HYBRID_TALON,1,patient035,patient035_case01,IBC,IBC_patient028_0134.jpg,1,1.0,strong_75_plus,1995,1610,0.7800387596899225,0.8070175438596491,0.7800387596899225,0.657411188240098,1,False
HYBRID_TALON,1,patient035,patient035_case01,IBC,IBC_patient028_0134.jpg,2,,off_target_fp,62,0,0.0,0.0,0.0,0.0,0,False
HYBRID_TALON,1,patient035,patient035_case01,IBC,IBC_patient028_0134.jpg,3,,off_target_fp,3,0,0.0,0.0,0.0,0.0,0,False
HYBRID_TALON,1,patient035,patient035_case01,IBC,IBC_patient028_0135.jpg,1,1.0,moderate_50_to_75,1372,1171,0.5534026465028355,0.8534985422740525,0.5534026465028355,0.5053949072075961,1,False
HYBRID_TALON,1,patient035,patient035_case01,IBC,IBC_patient028_0135.jpg,2,,off_target_fp,74,0,0.0,0.0,0.0,0.0,0,False
HYBRID_TALON,1,patient035,patient035_case01,IBC,IBC_patient028_0135.jpg,3,1.0,partial_below_25,382,354,0.16729678638941398,0.9267015706806283,0.16729678638941398,0.16511194029850745,1,False
HYBRID_TALON,1,patient035,patient035_case01,IBC,IBC_patient028_0135.jpg,4,,off_target_fp,31,0,0.0,0.0,0.0,0.0,0,False
HYBRID_TALON,1,patient035,patient035_case01,IBC,IBC_patient028_0135.jpg,5,,off_target_fp,18,0,0.0,0.0,0.0,0.0,0,False
HYBRID_TALON,1,patient035,patient035_case01,IBC,IBC_patient028_0135.jpg,6,,off_target_fp,3,0,0.0,0.0,0.0,0.0,0,False
HYBRID_TALON,1,patient035,patient035_case01,IBC,IBC_patient028_0136.jpg,1,1.0,moderate_50_to_75,1299,1124,0.5090579710144928,0.8652809853733642,0.5090579710144928,0.4716743600503567,1,False
HYBRID_TALON,1,patient035,patient035_case01,IBC,IBC_patient028_0136.jpg,2,,off_target_fp,17,0,0.0,0.0,0.0,0.0,0,False
HYBRID_TALON,1,patient035,patient035_case01,IBC,IBC_patient028_0136.jpg,3,,off_target_fp,2,0,0.0,0.0,0.0,0.0,0,False
HYBRID_TALON,1,patient035,patient035_case01,IBC,IBC_patient028_0136.jpg,4,1.0,partial_below_25,295,295,0.13360507246376813,1.0,0.13360507246376813,0.13360507246376813,1,False
HYBRID_TALON,1,patient035,patient035_case01,IBC,IBC_patient028_0136.jpg,5,,off_target_fp,3,0,0.0,0.0,0.0,0.0,0,False
HYBRID_TALON,1,patient035,patient035_case01,IBC,IBC_patient028_0136.jpg,6,,off_target_fp,1,0,0.0,0.0,0.0,0.0,0,False
HYBRID_TALON,1,patient035,patient035_case01,IBC,IBC_patient028_0137.jpg,1,1.0,low_25_to_50,1057,962,0.47813121272365805,0.9101229895931883,0.47813121272365805,0.4565733270052207,1,False
HYBRID_TALON,1,patient035,patient035_case01,IBC,IBC_patient028_0137.jpg,2,1.0,partial_below_25,213,213,0.1058648111332008,1.0,0.1058648111332008,0.1058648111332008,1,False
HYBRID_TALON,1,patient035,patient035_case01,IBC,IBC_patient028_0138.jpg,1,1.0,low_25_to_50,700,601,0.29345703125,0.8585714285714285,0.29345703125,0.27992547741034,1,False
HYBRID_TALON,1,patient035,patient035_case01,IBC,IBC_patient028_0138.jpg,2,1.0,partial_below_25,3,3,0.00146484375,1.0,0.00146484375,0.00146484375,1,False
HYBRID_TALON,1,patient035,patient035_case01,IBC,IBC_patient028_0139.jpg,1,1.0,partial_below_25,316,246,0.14073226544622425,0.7784810126582279,0.14073226544622425,0.1353135313531353,1,False
HYBRID_TALON,1,patient035,patient035_case01,IBC,IBC_patient028_0140.jpg,1,1.0,partial_below_25,112,106,0.060090702947845805,0.9464285714285714,0.060090702947845805,0.059887005649717516,1,False
HYBRID_TALON,1,patient035,patient035_case01,IBC,IBC_patient028_0142.jpg,1,1.0,partial_below_25,15,15,0.009894459102902375,1.0,0.009894459102902375,0.009894459102902375,1,False
HYBRID_TALON,1,patient035,patient035_case01,IBC,IBC_patient028_0143.jpg,1,1.0,partial_below_25,21,21,0.015671641791044775,1.0,0.015671641791044775,0.015671641791044775,1,False
HYBRID_TALON,1,patient035,patient035_case01,IBC,IBC_patient028_0143.jpg,2,1.0,partial_below_25,180,170,0.12686567164179105,0.9444444444444444,0.12686567164179105,0.1259259259259259,1,False
HYBRID_TALON,1,patient035,patient035_case01,IBC,IBC_patient028_0144.jpg,1,1.0,low_25_to_50,447,434,0.38204225352112675,0.970917225950783,0.38204225352112675,0.3777197563098346,1,False
HYBRID_TALON,1,patient035,patient035_case01,IBC,IBC_patient028_0145.jpg,1,1.0,moderate_50_to_75,562,551,0.5622448979591836,0.9804270462633452,0.5622448979591836,0.5560040363269425,1,False
HYBRID_TALON,1,patient035,patient035_case01,IBC,IBC_patient028_0146.jpg,1,1.0,moderate_50_to_75,572,537,0.5124045801526718,0.9388111888111889,0.5124045801526718,0.49584487534626037,1,False
HYBRID_TALON,1,patient035,patient035_case01,IBC,IBC_patient028_0147.jpg,1,1.0,low_25_to_50,517,446,0.435546875,0.8626692456479691,0.435546875,0.40730593607305937,1,False
HYBRID_TALON,1,patient035,patient035_case01,IBC,IBC_patient028_0147.jpg,2,,off_target_fp,3,0,0.0,0.0,0.0,0.0,0,False
HYBRID_TALON,1,patient035,patient035_case01,IBC,IBC_patient028_0147.jpg,3,,off_target_fp,1,0,0.0,0.0,0.0,0.0,0,False
HYBRID_TALON,1,patient035,patient035_case01,IBC,IBC_patient028_0148.jpg,1,,off_target_fp,46,0,0.0,0.0,0.0,0.0,0,False
HYBRID_TALON,1,patient035,patient035_case01,IBC,IBC_patient028_0148.jpg,2,1.0,low_25_to_50,336,282,0.3248847926267281,0.8392857142857143,0.3248847926267281,0.30585683297180044,1,False
HYBRID_TALON,1,patient035,patient035_case01,IBC,IBC_patient028_0148.jpg,3,,off_target_fp,8,0,0.0,0.0,0.0,0.0,0,False
HYBRID_TALON,1,patient035,patient035_case01,IBC,IBC_patient028_0149.jpg,1,,off_target_fp,29,0,0.0,0.0,0.0,0.0,0,False
HYBRID_TALON,1,patient035,patient035_case01,IBC,IBC_patient028_0149.jpg,2,1.0,low_25_to_50,239,214,0.2923497267759563,0.895397489539749,0.2923497267759563,0.28269484808454426,1,False
HYBRID_TALON,1,patient035,patient035_case01,IBC,IBC_patient028_0149.jpg,3,,off_target_fp,3,0,0.0,0.0,0.0,0.0,0,False
HYBRID_TALON,1,patient035,patient035_case01,IBC,IBC_patient028_0149.jpg,4,,off_target_fp,14,0,0.0,0.0,0.0,0.0,0,False
HYBRID_TALON,1,patient035,patient035_case01,IBC,IBC_patient028_0149.jpg,5,,off_target_fp,172,0,0.0,0.0,0.0,0.0,0,False
HYBRID_TALON,1,patient035,patient035_case01,IBC,IBC_patient028_0150.jpg,1,,off_target_fp,1,0,0.0,0.0,0.0,0.0,0,False
HYBRID_TALON,1,patient035,patient035_case01,IBC,IBC_patient028_0150.jpg,2,,off_target_fp,10,0,0.0,0.0,0.0,0.0,0,False
HYBRID_TALON,1,patient035,patient035_case01,IBC,IBC_patient028_0150.jpg,3,1.0,partial_below_25,86,86,0.11944444444444445,1.0,0.11944444444444445,0.11944444444444445,1,False
HYBRID_TALON,1,patient035,patient035_case01,IBC,IBC_patient028_0150.jpg,4,,off_target_fp,21,0,0.0,0.0,0.0,0.0,0,False
HYBRID_TALON,1,patient035,patient035_case01,IBC,IBC_patient028_0150.jpg,5,,off_target_fp,345,0,0.0,0.0,0.0,0.0,0,False
HYBRID_TALON,1,patient035,patient035_case01,IBC,IBC_patient028_0151.jpg,1,,off_target_fp,25,0,0.0,0.0,0.0,0.0,0,False
HYBRID_TALON,1,patient035,patient035_case01,IBC,IBC_patient028_0151.jpg,2,1.0,partial_below_25,10,10,0.01488095238095238,1.0,0.01488095238095238,0.01488095238095238,1,False
HYBRID_TALON,1,patient035,patient035_case01,IBC,IBC_patient028_0151.jpg,3,1.0,partial_below_25,100,98,0.14583333333333334,0.98,0.14583333333333334,0.14540059347181009,1,False
HYBRID_TALON,1,patient035,patient035_case01,IBC,IBC_patient028_0151.jpg,4,,off_target_fp,1,0,0.0,0.0,0.0,0.0,0,False
HYBRID_TALON,1,patient035,patient035_case01,IBC,IBC_patient028_0151.jpg,5,,off_target_fp,54,0,0.0,0.0,0.0,0.0,0,False
HYBRID_TALON,1,patient035,patient035_case01,IBC,IBC_patient028_0151.jpg,6,,off_target_fp,348,0,0.0,0.0,0.0,0.0,0,False
HYBRID_TALON,1,patient035,patient035_case01,IBC,IBC_patient028_0152.jpg,1,,off_target_fp,28,0,0.0,0.0,0.0,0.0,0,False
HYBRID_TALON,1,patient035,patient035_case01,IBC,IBC_patient028_0152.jpg,2,1.0,partial_below_25,91,22,0.05392156862745098,0.24175824175824176,0.05392156862745098,0.04612159329140461,1,False
HYBRID_TALON,1,patient035,patient035_case01,IBC,IBC_patient028_0152.jpg,3,1.0,partial_below_25,93,79,0.19362745098039216,0.8494623655913979,0.19362745098039216,0.1872037914691943,1,False
HYBRID_TALON,1,patient035,patient035_case01,IBC,IBC_patient028_0152.jpg,4,,off_target_fp,23,0,0.0,0.0,0.0,0.0,0,False
HYBRID_TALON,1,patient035,patient035_case01,IBC,IBC_patient028_0152.jpg,5,,off_target_fp,7,0,0.0,0.0,0.0,0.0,0,False
HYBRID_TALON,1,patient035,patient035_case01,IBC,IBC_patient028_0152.jpg,6,,off_target_fp,86,0,0.0,0.0,0.0,0.0,0,False
HYBRID_TALON,1,patient035,patient035_case01,IBC,IBC_patient028_0152.jpg,7,,off_target_fp,313,0,0.0,0.0,0.0,0.0,0,False
HYBRID_TALON,1,patient034,patient034_case01,IGM,IGM_patient028_0050.jpg,1,,off_target_fp,98,0,0.0,0.0,0.0,0.0,0,False
HYBRID_TALON,1,patient034,patient034_case01,IGM,IGM_patient028_0050.jpg,2,,off_target_fp,3,0,0.0,0.0,0.0,0.0,0,False
HYBRID_TALON,1,patient034,patient034_case01,IGM,IGM_patient028_0050.jpg,3,1.0,moderate_50_to_75,156,130,0.5078125,0.8333333333333334,0.5078125,0.46099290780141844,1,False
HYBRID_TALON,1,patient034,patient034_case01,IGM,IGM_patient028_0050.jpg,4,1.0,partial_below_25,12,12,0.046875,1.0,0.046875,0.046875,1,False
HYBRID_TALON,1,patient034,patient034_case01,IGM,IGM_patient028_0050.jpg,5,,off_target_fp,31,0,0.0,0.0,0.0,0.0,0,False
HYBRID_TALON,1,patient034,patient034_case01,IGM,IGM_patient028_0051.jpg,1,,off_target_fp,5,0,0.0,0.0,0.0,0.0,0,False
HYBRID_TALON,1,patient034,patient034_case01,IGM,IGM_patient028_0051.jpg,2,1.0,strong_75_plus,263,219,0.75,0.8326996197718631,0.75,0.6517857142857143,1,False
HYBRID_TALON,1,patient034,patient034_case01,IGM,IGM_patient028_0051.jpg,3,,off_target_fp,25,0,0.0,0.0,0.0,0.0,0,False
HYBRID_TALON,1,patient034,patient034_case01,IGM,IGM_patient028_0052.jpg,1,,off_target_fp,145,0,0.0,0.0,0.0,0.0,0,False
HYBRID_TALON,1,patient034,patient034_case01,IGM,IGM_patient028_0052.jpg,2,,off_target_fp,107,0,0.0,0.0,0.0,0.0,0,False
HYBRID_TALON,1,patient034,patient034_case01,IGM,IGM_patient028_0052.jpg,3,1.0,strong_75_plus,322,260,0.9285714285714286,0.8074534161490683,0.8074534161490683,0.7602339181286549,1,False
HYBRID_TALON,1,patient034,patient034_case01,IGM,IGM_patient028_0053.jpg,1,,off_target_fp,18,0,0.0,0.0,0.0,0.0,0,False
HYBRID_TALON,1,patient034,patient034_case01,IGM,IGM_patient028_0053.jpg,2,,off_target_fp,204,0,0.0,0.0,0.0,0.0,0,False
HYBRID_TALON,1,patient034,patient034_case01,IGM,IGM_patient028_0053.jpg,3,,off_target_fp,44,0,0.0,0.0,0.0,0.0,0,False
HYBRID_TALON,1,patient034,patient034_case01,IGM,IGM_patient028_0053.jpg,4,1.0,strong_75_plus,281,250,0.9328358208955224,0.8896797153024911,0.8896797153024911,0.8361204013377926,1,False
HYBRID_TALON,1,patient034,patient034_case01,IGM,IGM_patient028_0053.jpg,5,,off_target_fp,25,0,0.0,0.0,0.0,0.0,0,False
HYBRID_TALON,1,patient034,patient034_case01,IGM,IGM_patient028_0054.jpg,1,,off_target_fp,10,0,0.0,0.0,0.0,0.0,0,False
HYBRID_TALON,1,patient034,patient034_case01,IGM,IGM_patient028_0054.jpg,2,,off_target_fp,232,0,0.0,0.0,0.0,0.0,0,False
HYBRID_TALON,1,patient034,patient034_case01,IGM,IGM_patient028_0054.jpg,3,,off_target_fp,17,0,0.0,0.0,0.0,0.0,0,False
HYBRID_TALON,1,patient034,patient034_case01,IGM,IGM_patient028_0054.jpg,4,1.0,strong_75_plus,270,241,0.8731884057971014,0.8925925925925926,0.8731884057971014,0.7901639344262295,1,False
HYBRID_TALON,1,patient034,patient034_case01,IGM,IGM_patient028_0054.jpg,5,,off_target_fp,30,0,0.0,0.0,0.0,0.0,0,False
HYBRID_TALON,1,patient034,patient034_case01,IGM,IGM_patient028_0054.jpg,6,,off_target_fp,13,0,0.0,0.0,0.0,0.0,0,False
HYBRID_TALON,1,patient034,patient034_case01,IGM,IGM_patient028_0055.jpg,1,,off_target_fp,207,0,0.0,0.0,0.0,0.0,0,False
HYBRID_TALON,1,patient034,patient034_case01,IGM,IGM_patient028_0055.jpg,2,,off_target_fp,31,0,0.0,0.0,0.0,0.0,0,False
HYBRID_TALON,1,patient034,patient034_case01,IGM,IGM_patient028_0055.jpg,3,1.0,strong_75_plus,252,232,0.8787878787878788,0.9206349206349206,0.8787878787878788,0.8169014084507042,1,False
HYBRID_TALON,1,patient034,patient034_case01,IGM,IGM_patient028_0055.jpg,4,,off_target_fp,126,0,0.0,0.0,0.0,0.0,0,False
HYBRID_TALON,1,patient034,patient034_case01,IGM,IGM_patient028_0055.jpg,5,,off_target_fp,4,0,0.0,0.0,0.0,0.0,0,False
HYBRID_TALON,1,patient034,patient034_case01,IGM,IGM_patient028_0055.jpg,6,,off_target_fp,10,0,0.0,0.0,0.0,0.0,0,False
HYBRID_TALON,1,patient034,patient034_case01,IGM,IGM_patient028_0056.jpg,1,,off_target_fp,1,0,0.0,0.0,0.0,0.0,0,False
HYBRID_TALON,1,patient034,patient034_case01,IGM,IGM_patient028_0056.jpg,2,,off_target_fp,203,0,0.0,0.0,0.0,0.0,0,False
HYBRID_TALON,1,patient034,patient034_case01,IGM,IGM_patient028_0056.jpg,3,,off_target_fp,23,0,0.0,0.0,0.0,0.0,0,False
HYBRID_TALON,1,patient034,patient034_case01,IGM,IGM_patient028_0056.jpg,4,,off_target_fp,70,0,0.0,0.0,0.0,0.0,0,False
HYBRID_TALON,1,patient034,patient034_case01,IGM,IGM_patient028_0056.jpg,5,1.0,strong_75_plus,225,205,0.8836206896551724,0.9111111111111111,0.8836206896551724,0.8134920634920635,1,False
HYBRID_TALON,1,patient034,patient034_case01,IGM,IGM_patient028_0056.jpg,6,,off_target_fp,3,0,0.0,0.0,0.0,0.0,0,False
HYBRID_TALON,1,patient034,patient034_case01,IGM,IGM_patient028_0056.jpg,7,,off_target_fp,16,0,0.0,0.0,0.0,0.0,0,False
HYBRID_TALON,1,patient034,patient034_case01,IGM,IGM_patient028_0057.jpg,1,,off_target_fp,172,0,0.0,0.0,0.0,0.0,0,False
HYBRID_TALON,1,patient034,patient034_case01,IGM,IGM_patient028_0057.jpg,2,,off_target_fp,12,0,0.0,0.0,0.0,0.0,0,False
HYBRID_TALON,1,patient034,patient034_case01,IGM,IGM_patient028_0057.jpg,3,1.0,strong_75_plus,127,107,0.8629032258064516,0.84251968503937,0.84251968503937,0.7430555555555556,1,False
HYBRID_TALON,1,patient034,patient034_case01,IGM,IGM_patient028_0057.jpg,4,,off_target_fp,33,0,0.0,0.0,0.0,0.0,0,False
HYBRID_TALON,1,patient034,patient034_case01,IGM,IGM_patient028_0057.jpg,5,,off_target_fp,1,0,0.0,0.0,0.0,0.0,0,False
HYBRID_TALON,1,patient034,patient034_case01,IGM,IGM_patient028_0057.jpg,6,,off_target_fp,13,0,0.0,0.0,0.0,0.0,0,False
HYBRID_TALON,1,patient034,patient034_case01,IGM,IGM_patient028_0058.jpg,1,,off_target_fp,70,0,0.0,0.0,0.0,0.0,0,False
HYBRID_TALON,1,patient034,patient034_case01,IGM,IGM_patient028_0058.jpg,2,1.0,moderate_50_to_75,54,54,0.6428571428571429,1.0,0.6428571428571429,0.6428571428571429,1,False
HYBRID_TALON,1,patient034,patient034_case01,IGM,IGM_patient028_0058.jpg,3,,off_target_fp,4,0,0.0,0.0,0.0,0.0,0,False
HYBRID_TALON,1,patient041,patient041_case01,IGM,IGM_patient031_0054.jpg,1,1.0,strong_75_plus,201,175,0.9308510638297872,0.8706467661691543,0.8706467661691543,0.8177570093457944,1,False
HYBRID_TALON,1,patient041,patient041_case01,IGM,IGM_patient031_0055.jpg,1,1.0,strong_75_plus,262,246,0.8424657534246576,0.9389312977099237,0.8424657534246576,0.7987012987012987,1,False
HYBRID_TALON,1,patient041,patient041_case01,IGM,IGM_patient031_0055.jpg,2,,off_target_fp,1,0,0.0,0.0,0.0,0.0,0,False
HYBRID_TALON,1,patient041,patient041_case01,IGM,IGM_patient031_0056.jpg,1,1.0,moderate_50_to_75,194,166,0.6693548387096774,0.8556701030927835,0.6693548387096774,0.6014492753623188,1,False
HYBRID_TALON,1,patient041,patient041_case01,IGM,IGM_patient031_0056.jpg,2,,off_target_fp,1,0,0.0,0.0,0.0,0.0,0,False
HYBRID_TALON,1,patient041,patient041_case01,IGM,IGM_patient031_0057.jpg,1,1.0,moderate_50_to_75,198,184,0.6666666666666666,0.9292929292929293,0.6666666666666666,0.6344827586206897,1,False
HYBRID_TALON,1,patient041,patient041_case01,IGM,IGM_patient031_0057.jpg,2,,off_target_fp,3,0,0.0,0.0,0.0,0.0,0,False
HYBRID_TALON,1,patient041,patient041_case01,IGM,IGM_patient031_0058.jpg,1,1.0,moderate_50_to_75,209,199,0.7316176470588235,0.9521531100478469,0.7316176470588235,0.7056737588652482,1,False
HYBRID_TALON,1,patient041,patient041_case01,IGM,IGM_patient031_0058.jpg,2,,off_target_fp,6,0,0.0,0.0,0.0,0.0,0,False
HYBRID_TALON,1,patient041,patient041_case01,IGM,IGM_patient031_0058.jpg,3,,off_target_fp,4,0,0.0,0.0,0.0,0.0,0,False
HYBRID_TALON,1,patient041,patient041_case01,IGM,IGM_patient031_0058.jpg,4,,off_target_fp,2,0,0.0,0.0,0.0,0.0,0,False
HYBRID_TALON,1,patient047,patient047_case01,IBC,IBC_patient035_0130.jpg,1,,off_target_fp,141,0,0.0,0.0,0.0,0.0,0,False
HYBRID_TALON,1,patient047,patient047_case01,IBC,IBC_patient035_0130.jpg,2,,off_target_fp,514,0,0.0,0.0,0.0,0.0,0,False
HYBRID_TALON,1,patient047,patient047_case01,IBC,IBC_patient035_0130.jpg,3,,off_target_fp,2,0,0.0,0.0,0.0,0.0,0,False
HYBRID_TALON,1,patient047,patient047_case01,IBC,IBC_patient035_0130.jpg,4,,off_target_fp,112,0,0.0,0.0,0.0,0.0,0,False
HYBRID_TALON,1,patient047,patient047_case01,IBC,IBC_patient035_0130.jpg,5,1.0,strong_75_plus,289,259,0.819620253164557,0.8961937716262975,0.819620253164557,0.7485549132947977,1,False
HYBRID_TALON,1,patient047,patient047_case01,IBC,IBC_patient035_0130.jpg,6,,off_target_fp,6,0,0.0,0.0,0.0,0.0,0,False
HYBRID_TALON,1,patient047,patient047_case01,IBC,IBC_patient035_0130.jpg,7,,off_target_fp,4,0,0.0,0.0,0.0,0.0,0,False
HYBRID_TALON,1,patient047,patient047_case01,IBC,IBC_patient035_0130.jpg,8,,off_target_fp,26,0,0.0,0.0,0.0,0.0,0,False
HYBRID_TALON,1,patient047,patient047_case01,IBC,IBC_patient035_0131.jpg,1,,off_target_fp,51,0,0.0,0.0,0.0,0.0,0,False
HYBRID_TALON,1,patient047,patient047_case01,IBC,IBC_patient035_0131.jpg,2,,off_target_fp,108,0,0.0,0.0,0.0,0.0,0,False
HYBRID_TALON,1,patient047,patient047_case01,IBC,IBC_patient035_0131.jpg,3,,off_target_fp,144,0,0.0,0.0,0.0,0.0,0,False
HYBRID_TALON,1,patient047,patient047_case01,IBC,IBC_patient035_0131.jpg,4,,off_target_fp,26,0,0.0,0.0,0.0,0.0,0,False
HYBRID_TALON,1,patient047,patient047_case01,IBC,IBC_patient035_0131.jpg,5,,off_target_fp,12,0,0.0,0.0,0.0,0.0,0,False
HYBRID_TALON,1,patient047,patient047_case01,IBC,IBC_patient035_0131.jpg,6,,off_target_fp,12,0,0.0,0.0,0.0,0.0,0,False
HYBRID_TALON,1,patient047,patient047_case01,IBC,IBC_patient035_0131.jpg,7,1.0,strong_75_plus,349,313,0.9098837209302325,0.8968481375358166,0.8968481375358166,0.8236842105263158,1,False
HYBRID_TALON,1,patient047,patient047_case01,IBC,IBC_patient035_0131.jpg,8,,off_target_fp,13,0,0.0,0.0,0.0,0.0,0,False
HYBRID_TALON,1,patient047,patient047_case01,IBC,IBC_patient035_0132.jpg,1,,off_target_fp,36,0,0.0,0.0,0.0,0.0,0,False
HYBRID_TALON,1,patient047,patient047_case01,IBC,IBC_patient035_0132.jpg,2,,off_target_fp,17,0,0.0,0.0,0.0,0.0,0,False
HYBRID_TALON,1,patient047,patient047_case01,IBC,IBC_patient035_0132.jpg,3,,off_target_fp,1,0,0.0,0.0,0.0,0.0,0,False
HYBRID_TALON,1,patient047,patient047_case01,IBC,IBC_patient035_0132.jpg,4,,off_target_fp,2,0,0.0,0.0,0.0,0.0,0,False
HYBRID_TALON,1,patient047,patient047_case01,IBC,IBC_patient035_0132.jpg,5,,off_target_fp,1,0,0.0,0.0,0.0,0.0,0,False
HYBRID_TALON,1,patient047,patient047_case01,IBC,IBC_patient035_0132.jpg,6,,off_target_fp,1,0,0.0,0.0,0.0,0.0,0,False
HYBRID_TALON,1,patient047,patient047_case01,IBC,IBC_patient035_0132.jpg,7,1.0,strong_75_plus,379,325,0.9672619047619048,0.8575197889182058,0.8575197889182058,0.8333333333333334,1,False
HYBRID_TALON,1,patient047,patient047_case01,IBC,IBC_patient035_0132.jpg,8,,off_target_fp,14,0,0.0,0.0,0.0,0.0,0,False
HYBRID_TALON,1,patient047,patient047_case01,IBC,IBC_patient035_0133.jpg,1,,off_target_fp,11,0,0.0,0.0,0.0,0.0,0,False
HYBRID_TALON,1,patient047,patient047_case01,IBC,IBC_patient035_0133.jpg,2,,off_target_fp,7,0,0.0,0.0,0.0,0.0,0,False
HYBRID_TALON,1,patient047,patient047_case01,IBC,IBC_patient035_0133.jpg,3,,off_target_fp,7,0,0.0,0.0,0.0,0.0,0,False
HYBRID_TALON,1,patient047,patient047_case01,IBC,IBC_patient035_0133.jpg,4,1.0,strong_75_plus,413,373,0.8966346153846154,0.9031476997578692,0.8966346153846154,0.8179824561403509,1,False
HYBRID_TALON,1,patient047,patient047_case01,IBC,IBC_patient035_0133.jpg,5,,off_target_fp,41,0,0.0,0.0,0.0,0.0,0,False
HYBRID_TALON,1,patient047,patient047_case01,IBC,IBC_patient035_0133.jpg,6,,off_target_fp,1,0,0.0,0.0,0.0,0.0,0,False
HYBRID_TALON,1,patient047,patient047_case01,IBC,IBC_patient035_0133.jpg,7,,off_target_fp,19,0,0.0,0.0,0.0,0.0,0,False
HYBRID_TALON,1,patient047,patient047_case01,IBC,IBC_patient035_0134.jpg,1,,off_target_fp,71,0,0.0,0.0,0.0,0.0,0,False
HYBRID_TALON,1,patient047,patient047_case01,IBC,IBC_patient035_0134.jpg,2,,off_target_fp,10,0,0.0,0.0,0.0,0.0,0,False
HYBRID_TALON,1,patient047,patient047_case01,IBC,IBC_patient035_0134.jpg,3,1.0,strong_75_plus,424,377,0.9425,0.8891509433962265,0.8891509433962265,0.843400447427293,1,False
HYBRID_TALON,1,patient047,patient047_case01,IBC,IBC_patient035_0134.jpg,4,,off_target_fp,99,0,0.0,0.0,0.0,0.0,0,False
HYBRID_TALON,1,patient047,patient047_case01,IBC,IBC_patient035_0134.jpg,5,,off_target_fp,3,0,0.0,0.0,0.0,0.0,0,False
HYBRID_TALON,1,patient047,patient047_case01,IBC,IBC_patient035_0134.jpg,6,,off_target_fp,21,0,0.0,0.0,0.0,0.0,0,False
HYBRID_TALON,1,patient047,patient047_case01,IBC,IBC_patient035_0135.jpg,1,,off_target_fp,104,0,0.0,0.0,0.0,0.0,0,False
HYBRID_TALON,1,patient047,patient047_case01,IBC,IBC_patient035_0135.jpg,2,,off_target_fp,12,0,0.0,0.0,0.0,0.0,0,False
HYBRID_TALON,1,patient047,patient047_case01,IBC,IBC_patient035_0135.jpg,3,1.0,strong_75_plus,437,375,0.946969696969697,0.8581235697940504,0.8581235697940504,0.8187772925764192,1,False
HYBRID_TALON,1,patient047,patient047_case01,IBC,IBC_patient035_0135.jpg,4,,off_target_fp,89,0,0.0,0.0,0.0,0.0,0,False
HYBRID_TALON,1,patient047,patient047_case01,IBC,IBC_patient035_0135.jpg,5,,off_target_fp,3,0,0.0,0.0,0.0,0.0,0,False
HYBRID_TALON,1,patient047,patient047_case01,IBC,IBC_patient035_0135.jpg,6,,off_target_fp,23,0,0.0,0.0,0.0,0.0,0,False
HYBRID_TALON,1,patient047,patient047_case01,IBC,IBC_patient035_0136.jpg,1,,off_target_fp,131,0,0.0,0.0,0.0,0.0,0,False
HYBRID_TALON,1,patient047,patient047_case01,IBC,IBC_patient035_0136.jpg,2,,off_target_fp,236,0,0.0,0.0,0.0,0.0,0,False
HYBRID_TALON,1,patient047,patient047_case01,IBC,IBC_patient035_0136.jpg,3,,off_target_fp,5,0,0.0,0.0,0.0,0.0,0,False
HYBRID_TALON,1,patient047,patient047_case01,IBC,IBC_patient035_0136.jpg,4,1.0,strong_75_plus,411,323,0.9613095238095238,0.7858880778588808,0.7858880778588808,0.7617924528301887,1,False
HYBRID_TALON,1,patient047,patient047_case01,IBC,IBC_patient035_0136.jpg,5,,off_target_fp,91,0,0.0,0.0,0.0,0.0,0,False
HYBRID_TALON,1,patient047,patient047_case01,IBC,IBC_patient035_0136.jpg,6,,off_target_fp,1,0,0.0,0.0,0.0,0.0,0,False
HYBRID_TALON,1,patient047,patient047_case01,IBC,IBC_patient035_0136.jpg,7,,off_target_fp,3,0,0.0,0.0,0.0,0.0,0,False
HYBRID_TALON,1,patient047,patient047_case01,IBC,IBC_patient035_0137.jpg,1,,off_target_fp,178,0,0.0,0.0,0.0,0.0,0,False
HYBRID_TALON,1,patient047,patient047_case01,IBC,IBC_patient035_0137.jpg,2,,off_target_fp,239,0,0.0,0.0,0.0,0.0,0,False
HYBRID_TALON,1,patient047,patient047_case01,IBC,IBC_patient035_0137.jpg,3,1.0,strong_75_plus,333,253,0.8322368421052632,0.7597597597597597,0.7597597597597597,0.6588541666666666,1,False
HYBRID_TALON,1,patient047,patient047_case01,IBC,IBC_patient035_0137.jpg,4,,off_target_fp,70,0,0.0,0.0,0.0,0.0,0,False
HYBRID_TALON,1,patient047,patient047_case01,IBC,IBC_patient035_0137.jpg,5,,off_target_fp,6,0,0.0,0.0,0.0,0.0,0,False
HYBRID_TALON,1,patient047,patient047_case01,IBC,IBC_patient035_0138.jpg,1,,off_target_fp,217,0,0.0,0.0,0.0,0.0,0,False
HYBRID_TALON,1,patient047,patient047_case01,IBC,IBC_patient035_0138.jpg,2,,off_target_fp,91,0,0.0,0.0,0.0,0.0,0,False
HYBRID_TALON,1,patient047,patient047_case01,IBC,IBC_patient035_0138.jpg,3,1.0,strong_75_plus,276,218,0.8014705882352942,0.7898550724637681,0.7898550724637681,0.6606060606060606,1,False
HYBRID_TALON,1,patient047,patient047_case01,IBC,IBC_patient035_0138.jpg,4,,off_target_fp,13,0,0.0,0.0,0.0,0.0,0,False
HYBRID_TALON,1,patient047,patient047_case01,IBC,IBC_patient035_0139.jpg,1,,off_target_fp,224,0,0.0,0.0,0.0,0.0,0,False
HYBRID_TALON,1,patient047,patient047_case01,IBC,IBC_patient035_0139.jpg,2,,off_target_fp,4,0,0.0,0.0,0.0,0.0,0,False
HYBRID_TALON,1,patient047,patient047_case01,IBC,IBC_patient035_0139.jpg,3,1.0,strong_75_plus,263,215,0.9772727272727273,0.8174904942965779,0.8174904942965779,0.8022388059701493,1,False
HYBRID_TALON,1,patient047,patient047_case01,IBC,IBC_patient035_0139.jpg,4,,off_target_fp,11,0,0.0,0.0,0.0,0.0,0,False
HYBRID_TALON,1,patient047,patient047_case01,IBC,IBC_patient035_0139.jpg,5,,off_target_fp,3,0,0.0,0.0,0.0,0.0,0,False
HYBRID_TALON,1,patient047,patient047_case01,IBC,IBC_patient035_0140.jpg,1,,off_target_fp,172,0,0.0,0.0,0.0,0.0,0,False
HYBRID_TALON,1,patient047,patient047_case01,IBC,IBC_patient035_0140.jpg,2,,off_target_fp,23,0,0.0,0.0,0.0,0.0,0,False
HYBRID_TALON,1,patient047,patient047_case01,IBC,IBC_patient035_0140.jpg,3,,off_target_fp,8,0,0.0,0.0,0.0,0.0,0,False
HYBRID_TALON,1,patient047,patient047_case01,IBC,IBC_patient035_0140.jpg,4,1.0,moderate_50_to_75,190,136,1.0,0.7157894736842105,0.7157894736842105,0.7157894736842105,1,False
HYBRID_TALON,1,patient047,patient047_case01,IBC,IBC_patient035_0140.jpg,5,,off_target_fp,12,0,0.0,0.0,0.0,0.0,0,False
HYBRID_TALON,1,patient068,patient068_case01,IBC,IBC_patient045_0009.jpg,1,,off_target_fp,151,0,0.0,0.0,0.0,0.0,0,False
HYBRID_TALON,1,patient068,patient068_case01,IBC,IBC_patient045_0009.jpg,2,,off_target_fp,7,0,0.0,0.0,0.0,0.0,0,False
HYBRID_TALON,1,patient068,patient068_case01,IBC,IBC_patient045_0009.jpg,3,,off_target_fp,10,0,0.0,0.0,0.0,0.0,0,False
HYBRID_TALON,1,patient068,patient068_case01,IBC,IBC_patient045_0009.jpg,4,,off_target_fp,7,0,0.0,0.0,0.0,0.0,0,False
HYBRID_TALON,1,patient068,patient068_case01,IBC,IBC_patient045_0009.jpg,5,,off_target_fp,171,0,0.0,0.0,0.0,0.0,0,False
HYBRID_TALON,1,patient068,patient068_case01,IBC,IBC_patient045_0009.jpg,6,,off_target_fp,54,0,0.0,0.0,0.0,0.0,0,False
HYBRID_TALON,1,patient068,patient068_case01,IBC,IBC_patient045_0010.jpg,1,,off_target_fp,352,0,0.0,0.0,0.0,0.0,0,False
HYBRID_TALON,1,patient068,patient068_case01,IBC,IBC_patient045_0010.jpg,2,,off_target_fp,82,0,0.0,0.0,0.0,0.0,0,False
HYBRID_TALON,1,patient068,patient068_case01,IBC,IBC_patient045_0062.jpg,1,,off_target_fp,2,0,0.0,0.0,0.0,0.0,0,False
HYBRID_TALON,1,patient068,patient068_case01,IBC,IBC_patient045_0063.jpg,1,,off_target_fp,11,0,0.0,0.0,0.0,0.0,0,False
HYBRID_TALON,1,patient068,patient068_case01,IBC,IBC_patient045_0063.jpg,2,1.0,moderate_50_to_75,71,69,0.6634615384615384,0.971830985915493,0.6634615384615384,0.6509433962264151,1,False
HYBRID_TALON,1,patient068,patient068_case01,IBC,IBC_patient045_0064.jpg,1,,off_target_fp,25,0,0.0,0.0,0.0,0.0,0,False
HYBRID_TALON,1,patient068,patient068_case01,IBC,IBC_patient045_0064.jpg,2,1.0,strong_75_plus,111,90,0.9782608695652174,0.8108108108108109,0.8108108108108109,0.7964601769911505,1,False
HYBRID_TALON,1,patient068,patient068_case01,IBC,IBC_patient045_0065.jpg,1,,off_target_fp,79,0,0.0,0.0,0.0,0.0,0,False
HYBRID_TALON,1,patient068,patient068_case01,IBC,IBC_patient045_0065.jpg,2,1.0,low_25_to_50,32,31,0.484375,0.96875,0.484375,0.47692307692307695,1,False
HYBRID_TALON,1,patient068,patient068_case01,IBC,IBC_patient045_0066.jpg,1,,off_target_fp,146,0,0.0,0.0,0.0,0.0,0,False
HYBRID_TALON,1,patient068,patient068_case01,IBC,IBC_patient045_0066.jpg,2,,off_target_fp,33,0,0.0,0.0,0.0,0.0,0,False
HYBRID_TALON,1,patient068,patient068_case01,IBC,IBC_patient045_0066.jpg,3,1.0,partial_below_25,30,30,0.22727272727272727,1.0,0.22727272727272727,0.22727272727272727,1,False
HYBRID_TALON,1,patient068,patient068_case01,IBC,IBC_patient045_0067.jpg,1,,off_target_fp,167,0,0.0,0.0,0.0,0.0,0,False
HYBRID_TALON,1,patient068,patient068_case01,IBC,IBC_patient045_0067.jpg,2,1.0,partial_below_25,47,47,0.23979591836734693,1.0,0.23979591836734693,0.23979591836734693,1,False
HYBRID_TALON,1,patient068,patient068_case01,IBC,IBC_patient045_0067.jpg,3,1.0,partial_below_25,4,4,0.02040816326530612,1.0,0.02040816326530612,0.02040816326530612,1,False
HYBRID_TALON,1,patient068,patient068_case01,IBC,IBC_patient045_0068.jpg,1,,off_target_fp,134,0,0.0,0.0,0.0,0.0,0,False
HYBRID_TALON,1,patient068,patient068_case01,IBC,IBC_patient045_0068.jpg,2,1.0,low_25_to_50,105,86,0.41346153846153844,0.819047619047619,0.41346153846153844,0.3788546255506608,1,False
HYBRID_TALON,1,patient068,patient068_case01,IBC,IBC_patient045_0069.jpg,1,,off_target_fp,106,0,0.0,0.0,0.0,0.0,0,False
HYBRID_TALON,1,patient068,patient068_case01,IBC,IBC_patient045_0069.jpg,2,1.0,low_25_to_50,55,54,0.2755102040816326,0.9818181818181818,0.2755102040816326,0.27411167512690354,1,False
HYBRID_TALON,1,patient068,patient068_case01,IBC,IBC_patient045_0070.jpg,1,,off_target_fp,17,0,0.0,0.0,0.0,0.0,0,False
HYBRID_TALON,1,patient068,patient068_case01,IBC,IBC_patient045_0070.jpg,2,,off_target_fp,4,0,0.0,0.0,0.0,0.0,0,False
HYBRID_TALON,1,patient068,patient068_case01,IBC,IBC_patient045_0070.jpg,3,1.0,low_25_to_50,111,102,0.4636363636363636,0.918918918918919,0.4636363636363636,0.44541484716157204,1,False
HYBRID_TALON,1,patient068,patient068_case01,IBC,IBC_patient045_0070.jpg,4,1.0,partial_below_25,21,21,0.09545454545454546,1.0,0.09545454545454546,0.09545454545454546,1,False
HYBRID_TALON,1,patient068,patient068_case01,IBC,IBC_patient045_0071.jpg,1,,off_target_fp,1,0,0.0,0.0,0.0,0.0,0,False
HYBRID_TALON,1,patient068,patient068_case01,IBC,IBC_patient045_0071.jpg,2,1.0,strong_75_plus,148,135,0.9121621621621622,0.9121621621621622,0.9121621621621622,0.8385093167701864,1,False
HYBRID_TALON,1,patient068,patient068_case01,IBC,IBC_patient045_0071.jpg,3,,off_target_fp,3,0,0.0,0.0,0.0,0.0,0,False
HYBRID_TALON,1,patient068,patient068_case01,IBC,IBC_patient045_0072.jpg,1,1.0,strong_75_plus,176,171,0.7916666666666666,0.9715909090909091,0.7916666666666666,0.7737556561085973,1,False
HYBRID_TALON,1,patient068,patient068_case01,IBC,IBC_patient045_0072.jpg,2,,off_target_fp,6,0,0.0,0.0,0.0,0.0,0,False
HYBRID_TALON,1,patient068,patient068_case01,IBC,IBC_patient045_0073.jpg,1,,off_target_fp,11,0,0.0,0.0,0.0,0.0,0,False
HYBRID_TALON,1,patient068,patient068_case01,IBC,IBC_patient045_0073.jpg,2,1.0,low_25_to_50,157,148,0.38144329896907214,0.9426751592356688,0.38144329896907214,0.37279596977329976,1,False
HYBRID_TALON,1,patient068,patient068_case01,IBC,IBC_patient045_0073.jpg,3,,off_target_fp,8,0,0.0,0.0,0.0,0.0,0,False
HYBRID_TALON,1,patient068,patient068_case01,IBC,IBC_patient045_0074.jpg,1,,off_target_fp,1,0,0.0,0.0,0.0,0.0,0,False
HYBRID_TALON,1,patient068,patient068_case01,IBC,IBC_patient045_0074.jpg,2,,off_target_fp,15,0,0.0,0.0,0.0,0.0,0,False
HYBRID_TALON,1,patient068,patient068_case01,IBC,IBC_patient045_0074.jpg,3,,off_target_fp,5,0,0.0,0.0,0.0,0.0,0,False
HYBRID_TALON,1,patient068,patient068_case01,IBC,IBC_patient045_0074.jpg,4,1.0,partial_below_25,23,18,0.07258064516129033,0.782608695652174,0.07258064516129033,0.07114624505928854,1,False
HYBRID_TALON,1,patient068,patient068_case01,IBC,IBC_patient045_0074.jpg,5,1.0,partial_below_25,1,1,0.004032258064516129,1.0,0.004032258064516129,0.004032258064516129,1,False
HYBRID_TALON,1,patient068,patient068_case01,IBC,IBC_patient045_0075.jpg,1,,off_target_fp,2,0,0.0,0.0,0.0,0.0,0,False
HYBRID_TALON,1,patient068,patient068_case01,IBC,IBC_patient045_0075.jpg,2,,off_target_fp,14,0,0.0,0.0,0.0,0.0,0,False
HYBRID_TALON,1,patient068,patient068_case01,IBC,IBC_patient045_0075.jpg,3,1.0,partial_below_25,6,6,0.0375,1.0,0.0375,0.0375,1,False
HYBRID_TALON,1,patient068,patient068_case01,IBC,IBC_patient045_0075.jpg,4,,off_target_fp,3,0,0.0,0.0,0.0,0.0,0,False
HYBRID_TALON,1,patient068,patient068_case01,IBC,IBC_patient045_0076.jpg,1,,off_target_fp,30,0,0.0,0.0,0.0,0.0,0,False
HYBRID_TALON,1,patient068,patient068_case01,IBC,IBC_patient045_0076.jpg,2,1.0,partial_below_25,20,20,0.1724137931034483,1.0,0.1724137931034483,0.1724137931034483,1,False
HYBRID_TALON,1,patient068,patient068_case01,IBC,IBC_patient045_0077.jpg,1,,off_target_fp,6,0,0.0,0.0,0.0,0.0,0,False
HYBRID_TALON,1,patient068,patient068_case01,IBC,IBC_patient045_0078.jpg,1,,off_target_fp,1,0,0.0,0.0,0.0,0.0,0,False
HYBRID_TALON,1,patient076,patient076_case01,IBC,IBC_patient049_0027.jpg,1,1.0,strong_75_plus,266,232,0.9508196721311475,0.8721804511278195,0.8721804511278195,0.8345323741007195,1,False
HYBRID_TALON,1,patient076,patient076_case01,IBC,IBC_patient049_0027.jpg,2,,off_target_fp,58,0,0.0,0.0,0.0,0.0,0,False
HYBRID_TALON,1,patient076,patient076_case01,IBC,IBC_patient049_0028.jpg,1,1.0,strong_75_plus,487,478,0.9122137404580153,0.9815195071868583,0.9122137404580153,0.8968105065666041,1,False
HYBRID_TALON,1,patient076,patient076_case01,IBC,IBC_patient049_0028.jpg,2,,off_target_fp,26,0,0.0,0.0,0.0,0.0,0,False
HYBRID_TALON,1,patient076,patient076_case01,IBC,IBC_patient049_0028.jpg,3,,off_target_fp,2,0,0.0,0.0,0.0,0.0,0,False
HYBRID_TALON,1,patient076,patient076_case01,IBC,IBC_patient049_0029.jpg,1,1.0,strong_75_plus,593,496,0.9393939393939394,0.836424957841484,0.836424957841484,0.7936,1,False
HYBRID_TALON,1,patient076,patient076_case01,IBC,IBC_patient049_0029.jpg,2,,off_target_fp,106,0,0.0,0.0,0.0,0.0,0,False
HYBRID_TALON,1,patient076,patient076_case01,IBC,IBC_patient049_0029.jpg,3,,off_target_fp,3,0,0.0,0.0,0.0,0.0,0,False
HYBRID_TALON,1,patient076,patient076_case01,IBC,IBC_patient049_0029.jpg,4,,off_target_fp,1,0,0.0,0.0,0.0,0.0,0,False
HYBRID_TALON,1,patient076,patient076_case01,IBC,IBC_patient049_0029.jpg,5,,off_target_fp,4,0,0.0,0.0,0.0,0.0,0,False
HYBRID_TALON,1,patient076,patient076_case01,IBC,IBC_patient049_0030.jpg,1,1.0,strong_75_plus,452,405,0.8881578947368421,0.8960176991150443,0.8881578947368421,0.805168986083499,1,False
HYBRID_TALON,1,patient076,patient076_case01,IBC,IBC_patient049_0030.jpg,2,,off_target_fp,5,0,0.0,0.0,0.0,0.0,0,False
HYBRID_TALON,1,patient076,patient076_case01,IBC,IBC_patient049_0030.jpg,3,,off_target_fp,2,0,0.0,0.0,0.0,0.0,0,False
HYBRID_TALON,1,patient076,patient076_case01,IBC,IBC_patient049_0030.jpg,4,,off_target_fp,1,0,0.0,0.0,0.0,0.0,0,False
HYBRID_TALON,1,patient076,patient076_case01,IBC,IBC_patient049_0030.jpg,5,,off_target_fp,17,0,0.0,0.0,0.0,0.0,0,False
HYBRID_TALON,1,patient076,patient076_case01,IBC,IBC_patient049_0031.jpg,1,1.0,strong_75_plus,398,351,0.9236842105263158,0.8819095477386935,0.8819095477386935,0.8220140515222483,1,False
HYBRID_TALON,1,patient076,patient076_case01,IBC,IBC_patient049_0031.jpg,2,,off_target_fp,118,0,0.0,0.0,0.0,0.0,0,False
HYBRID_TALON,1,patient076,patient076_case01,IBC,IBC_patient049_0031.jpg,3,,off_target_fp,1,0,0.0,0.0,0.0,0.0,0,False
HYBRID_TALON,1,patient076,patient076_case01,IBC,IBC_patient049_0031.jpg,4,,off_target_fp,28,0,0.0,0.0,0.0,0.0,0,False
HYBRID_TALON,1,patient076,patient076_case01,IBC,IBC_patient049_0031.jpg,5,,off_target_fp,275,0,0.0,0.0,0.0,0.0,0,False
HYBRID_TALON,1,patient076,patient076_case01,IBC,IBC_patient049_0032.jpg,1,1.0,strong_75_plus,373,306,0.9216867469879518,0.8203753351206434,0.8203753351206434,0.7669172932330827,1,False
HYBRID_TALON,1,patient076,patient076_case01,IBC,IBC_patient049_0032.jpg,2,,off_target_fp,110,0,0.0,0.0,0.0,0.0,0,False
HYBRID_TALON,1,patient076,patient076_case01,IBC,IBC_patient049_0032.jpg,3,,off_target_fp,256,0,0.0,0.0,0.0,0.0,0,False
HYBRID_TALON,1,patient076,patient076_case01,IBC,IBC_patient049_0032.jpg,4,,off_target_fp,5,0,0.0,0.0,0.0,0.0,0,False
HYBRID_TALON,1,patient076,patient076_case01,IBC,IBC_patient049_0032.jpg,5,,off_target_fp,150,0,0.0,0.0,0.0,0.0,0,False
HYBRID_TALON,1,patient076,patient076_case01,IBC,IBC_patient049_0032.jpg,6,,off_target_fp,18,0,0.0,0.0,0.0,0.0,0,False
HYBRID_TALON,1,patient076,patient076_case01,IBC,IBC_patient049_0032.jpg,7,,off_target_fp,73,0,0.0,0.0,0.0,0.0,0,False
HYBRID_TALON,1,patient076,patient076_case01,IBC,IBC_patient049_0032.jpg,8,,off_target_fp,12,0,0.0,0.0,0.0,0.0,0,False
HYBRID_TALON,1,patient076,patient076_case01,IBC,IBC_patient049_0033.jpg,1,,off_target_fp,9,0,0.0,0.0,0.0,0.0,0,False
HYBRID_TALON,1,patient076,patient076_case01,IBC,IBC_patient049_0033.jpg,2,1.0,strong_75_plus,347,291,0.7994505494505495,0.8386167146974063,0.7994505494505495,0.6928571428571428,1,False
HYBRID_TALON,1,patient076,patient076_case01,IBC,IBC_patient049_0033.jpg,3,1.0,partial_below_25,32,24,0.06593406593406594,0.75,0.06593406593406594,0.06451612903225806,1,False
HYBRID_TALON,1,patient076,patient076_case01,IBC,IBC_patient049_0033.jpg,4,,off_target_fp,17,0,0.0,0.0,0.0,0.0,0,False
HYBRID_TALON,1,patient076,patient076_case01,IBC,IBC_patient049_0033.jpg,5,,off_target_fp,37,0,0.0,0.0,0.0,0.0,0,False
HYBRID_TALON,1,patient076,patient076_case01,IBC,IBC_patient049_0033.jpg,6,,off_target_fp,227,0,0.0,0.0,0.0,0.0,0,False
HYBRID_TALON,1,patient076,patient076_case01,IBC,IBC_patient049_0033.jpg,7,,off_target_fp,3,0,0.0,0.0,0.0,0.0,0,False
HYBRID_TALON,1,patient076,patient076_case01,IBC,IBC_patient049_0033.jpg,8,,off_target_fp,43,0,0.0,0.0,0.0,0.0,0,False
HYBRID_TALON,1,patient076,patient076_case01,IBC,IBC_patient049_0033.jpg,9,,off_target_fp,31,0,0.0,0.0,0.0,0.0,0,False
HYBRID_TALON,1,patient076,patient076_case01,IBC,IBC_patient049_0033.jpg,10,,off_target_fp,4,0,0.0,0.0,0.0,0.0,0,False
HYBRID_TALON,1,patient076,patient076_case01,IBC,IBC_patient049_0033.jpg,11,,off_target_fp,16,0,0.0,0.0,0.0,0.0,0,False
HYBRID_TALON,1,patient076,patient076_case01,IBC,IBC_patient049_0034.jpg,1,,off_target_fp,29,0,0.0,0.0,0.0,0.0,0,False
HYBRID_TALON,1,patient076,patient076_case01,IBC,IBC_patient049_0034.jpg,2,1.0,moderate_50_to_75,398,254,0.9769230769230769,0.6381909547738693,0.6381909547738693,0.6287128712871287,1,False
HYBRID_TALON,1,patient076,patient076_case01,IBC,IBC_patient049_0034.jpg,3,,off_target_fp,216,0,0.0,0.0,0.0,0.0,0,False
HYBRID_TALON,1,patient076,patient076_case01,IBC,IBC_patient049_0034.jpg,4,,off_target_fp,175,0,0.0,0.0,0.0,0.0,0,False
HYBRID_TALON,1,patient076,patient076_case01,IBC,IBC_patient049_0034.jpg,5,,off_target_fp,6,0,0.0,0.0,0.0,0.0,0,False
HYBRID_TALON,1,patient076,patient076_case01,IBC,IBC_patient049_0034.jpg,6,,off_target_fp,6,0,0.0,0.0,0.0,0.0,0,False
HYBRID_TALON,1,patient076,patient076_case01,IBC,IBC_patient049_0035.jpg,1,,off_target_fp,36,0,0.0,0.0,0.0,0.0,0,False
HYBRID_TALON,1,patient076,patient076_case01,IBC,IBC_patient049_0035.jpg,2,,off_target_fp,2,0,0.0,0.0,0.0,0.0,0,False
HYBRID_TALON,1,patient076,patient076_case01,IBC,IBC_patient049_0035.jpg,3,,off_target_fp,144,0,0.0,0.0,0.0,0.0,0,False
HYBRID_TALON,1,patient076,patient076_case01,IBC,IBC_patient049_0035.jpg,4,1.0,moderate_50_to_75,174,115,0.7986111111111112,0.6609195402298851,0.6609195402298851,0.5665024630541872,1,False
HYBRID_TALON,1,patient076,patient076_case01,IBC,IBC_patient049_0035.jpg,5,,off_target_fp,118,0,0.0,0.0,0.0,0.0,0,False
HYBRID_TALON,1,patient076,patient076_case01,IBC,IBC_patient049_0035.jpg,6,,off_target_fp,4,0,0.0,0.0,0.0,0.0,0,False
HYBRID_TALON,1,patient076,patient076_case01,IBC,IBC_patient049_0035.jpg,7,,off_target_fp,8,0,0.0,0.0,0.0,0.0,0,False
HYBRID_TALON,1,patient080,patient080_case01,IGM,IGM_patient050_0047.jpg,1,,off_target_fp,157,0,0.0,0.0,0.0,0.0,0,False
HYBRID_TALON,1,patient080,patient080_case01,IGM,IGM_patient050_0047.jpg,2,,off_target_fp,9,0,0.0,0.0,0.0,0.0,0,False
HYBRID_TALON,1,patient080,patient080_case01,IGM,IGM_patient050_0047.jpg,3,,off_target_fp,15,0,0.0,0.0,0.0,0.0,0,False
HYBRID_TALON,1,patient080,patient080_case01,IGM,IGM_patient050_0047.jpg,4,,off_target_fp,3,0,0.0,0.0,0.0,0.0,0,False
HYBRID_TALON,1,patient080,patient080_case01,IGM,IGM_patient050_0047.jpg,5,1.0,moderate_50_to_75,26,26,0.7222222222222222,1.0,0.7222222222222222,0.7222222222222222,1,False
HYBRID_TALON,1,patient080,patient080_case01,IGM,IGM_patient050_0048.jpg,1,,off_target_fp,24,0,0.0,0.0,0.0,0.0,0,False
HYBRID_TALON,1,patient080,patient080_case01,IGM,IGM_patient050_0048.jpg,2,,off_target_fp,6,0,0.0,0.0,0.0,0.0,0,False
HYBRID_TALON,1,patient080,patient080_case01,IGM,IGM_patient050_0048.jpg,3,1.0,strong_75_plus,146,136,0.918918918918919,0.9315068493150684,0.918918918918919,0.8607594936708861,1,False
HYBRID_TALON,1,patient080,patient080_case01,IGM,IGM_patient050_0049.jpg,1,,off_target_fp,15,0,0.0,0.0,0.0,0.0,0,False
HYBRID_TALON,1,patient080,patient080_case01,IGM,IGM_patient050_0049.jpg,2,1.0,strong_75_plus,198,188,0.8867924528301887,0.9494949494949495,0.8867924528301887,0.8468468468468469,1,False
HYBRID_TALON,1,patient080,patient080_case01,IGM,IGM_patient050_0049.jpg,3,,off_target_fp,4,0,0.0,0.0,0.0,0.0,0,False
HYBRID_TALON,1,patient080,patient080_case01,IGM,IGM_patient050_0050.jpg,1,,off_target_fp,2,0,0.0,0.0,0.0,0.0,0,False
HYBRID_TALON,1,patient080,patient080_case01,IGM,IGM_patient050_0050.jpg,2,1.0,low_25_to_50,388,179,0.9322916666666666,0.46134020618556704,0.46134020618556704,0.4463840399002494,1,False
HYBRID_TALON,1,patient080,patient080_case01,IGM,IGM_patient050_0051.jpg,1,,off_target_fp,11,0,0.0,0.0,0.0,0.0,0,False
HYBRID_TALON,1,patient080,patient080_case01,IGM,IGM_patient050_0051.jpg,2,1.0,strong_75_plus,294,270,0.9121621621621622,0.9183673469387755,0.9121621621621622,0.84375,1,False
HYBRID_TALON,1,patient080,patient080_case01,IGM,IGM_patient050_0051.jpg,3,,off_target_fp,170,0,0.0,0.0,0.0,0.0,0,False
HYBRID_TALON,1,patient080,patient080_case01,IGM,IGM_patient050_0052.jpg,1,,off_target_fp,49,0,0.0,0.0,0.0,0.0,0,False
HYBRID_TALON,1,patient080,patient080_case01,IGM,IGM_patient050_0052.jpg,2,,off_target_fp,5,0,0.0,0.0,0.0,0.0,0,False
HYBRID_TALON,1,patient080,patient080_case01,IGM,IGM_patient050_0052.jpg,3,1.0,strong_75_plus,454,425,0.9486607142857143,0.9361233480176211,0.9361233480176211,0.8909853249475891,1,False
HYBRID_TALON,1,patient080,patient080_case01,IGM,IGM_patient050_0052.jpg,4,,off_target_fp,32,0,0.0,0.0,0.0,0.0,0,False
HYBRID_TALON,1,patient080,patient080_case01,IGM,IGM_patient050_0052.jpg,5,,off_target_fp,101,0,0.0,0.0,0.0,0.0,0,False
HYBRID_TALON,1,patient080,patient080_case01,IGM,IGM_patient050_0053.jpg,1,,off_target_fp,2,0,0.0,0.0,0.0,0.0,0,False
HYBRID_TALON,1,patient080,patient080_case01,IGM,IGM_patient050_0053.jpg,2,,off_target_fp,77,0,0.0,0.0,0.0,0.0,0,False
HYBRID_TALON,1,patient080,patient080_case01,IGM,IGM_patient050_0053.jpg,3,1.0,strong_75_plus,550,504,0.9692307692307692,0.9163636363636364,0.9163636363636364,0.8904593639575972,1,False
HYBRID_TALON,1,patient080,patient080_case01,IGM,IGM_patient050_0053.jpg,4,,off_target_fp,3,0,0.0,0.0,0.0,0.0,0,False
HYBRID_TALON,1,patient080,patient080_case01,IGM,IGM_patient050_0053.jpg,5,,off_target_fp,15,0,0.0,0.0,0.0,0.0,0,False
HYBRID_TALON,1,patient080,patient080_case01,IGM,IGM_patient050_0054.jpg,1,,off_target_fp,10,0,0.0,0.0,0.0,0.0,0,False
HYBRID_TALON,1,patient080,patient080_case01,IGM,IGM_patient050_0054.jpg,2,,off_target_fp,70,0,0.0,0.0,0.0,0.0,0,False
HYBRID_TALON,1,patient080,patient080_case01,IGM,IGM_patient050_0054.jpg,3,1.0,strong_75_plus,784,691,0.9759887005649718,0.8813775510204082,0.8813775510204082,0.8626716604244694,1,False
HYBRID_TALON,1,patient080,patient080_case01,IGM,IGM_patient050_0054.jpg,4,,off_target_fp,11,0,0.0,0.0,0.0,0.0,0,False
HYBRID_TALON,1,patient080,patient080_case01,IGM,IGM_patient050_0055.jpg,1,,off_target_fp,1,0,0.0,0.0,0.0,0.0,0,False
HYBRID_TALON,1,patient080,patient080_case01,IGM,IGM_patient050_0055.jpg,2,1.0,strong_75_plus,750,686,0.985632183908046,0.9146666666666666,0.9146666666666666,0.9026315789473685,1,False
HYBRID_TALON,1,patient080,patient080_case01,IGM,IGM_patient050_0055.jpg,3,,off_target_fp,7,0,0.0,0.0,0.0,0.0,0,False
HYBRID_TALON,1,patient080,patient080_case01,IGM,IGM_patient050_0056.jpg,1,,off_target_fp,2,0,0.0,0.0,0.0,0.0,0,False
HYBRID_TALON,1,patient080,patient080_case01,IGM,IGM_patient050_0056.jpg,2,1.0,strong_75_plus,607,522,0.981203007518797,0.8599670510708401,0.8599670510708401,0.8460291734197731,1,False
HYBRID_TALON,1,patient080,patient080_case01,IGM,IGM_patient050_0057.jpg,1,,off_target_fp,7,0,0.0,0.0,0.0,0.0,0,False
HYBRID_TALON,1,patient080,patient080_case01,IGM,IGM_patient050_0057.jpg,2,,off_target_fp,1,0,0.0,0.0,0.0,0.0,0,False
HYBRID_TALON,1,patient080,patient080_case01,IGM,IGM_patient050_0057.jpg,3,,off_target_fp,37,0,0.0,0.0,0.0,0.0,0,False
HYBRID_TALON,1,patient080,patient080_case01,IGM,IGM_patient050_0057.jpg,4,,off_target_fp,5,0,0.0,0.0,0.0,0.0,0,False
HYBRID_TALON,1,patient080,patient080_case01,IGM,IGM_patient050_0057.jpg,5,,off_target_fp,2,0,0.0,0.0,0.0,0.0,0,False
HYBRID_TALON,1,patient080,patient080_case01,IGM,IGM_patient050_0057.jpg,6,1.0,moderate_50_to_75,294,257,0.6692708333333334,0.8741496598639455,0.6692708333333334,0.6104513064133017,1,False
HYBRID_TALON,1,patient080,patient080_case01,IGM,IGM_patient050_0058.jpg,1,,off_target_fp,174,0,0.0,0.0,0.0,0.0,0,False
HYBRID_TALON,1,patient080,patient080_case01,IGM,IGM_patient050_0058.jpg,2,,off_target_fp,2,0,0.0,0.0,0.0,0.0,0,False
HYBRID_TALON,1,patient080,patient080_case01,IGM,IGM_patient050_0058.jpg,3,,off_target_fp,25,0,0.0,0.0,0.0,0.0,0,False
HYBRID_TALON,1,patient080,patient080_case01,IGM,IGM_patient050_0058.jpg,4,1.0,moderate_50_to_75,162,160,0.7017543859649122,0.9876543209876543,0.7017543859649122,0.6956521739130435,1,False
HYBRID_TALON,1,patient080,patient080_case01,IGM,IGM_patient050_0058.jpg,5,,off_target_fp,3,0,0.0,0.0,0.0,0.0,0,False
HYBRID_TALON,1,patient082,patient082_case01,IGM,IGM_patient051_0135.jpg,1,1.0,strong_75_plus,195,151,0.94375,0.7743589743589744,0.7743589743589744,0.7401960784313726,1,False
HYBRID_TALON,1,patient082,patient082_case01,IGM,IGM_patient051_0135.jpg,2,,off_target_fp,44,0,0.0,0.0,0.0,0.0,0,False
HYBRID_TALON,1,patient082,patient082_case01,IGM,IGM_patient051_0135.jpg,3,,off_target_fp,35,0,0.0,0.0,0.0,0.0,0,False
HYBRID_TALON,1,patient082,patient082_case01,IGM,IGM_patient051_0136.jpg,1,1.0,strong_75_plus,290,263,0.9006849315068494,0.906896551724138,0.9006849315068494,0.8244514106583072,1,False
HYBRID_TALON,1,patient082,patient082_case01,IGM,IGM_patient051_0136.jpg,2,,off_target_fp,30,0,0.0,0.0,0.0,0.0,0,False
HYBRID_TALON,1,patient082,patient082_case01,IGM,IGM_patient051_0137.jpg,1,1.0,strong_75_plus,344,268,1.0,0.7790697674418605,0.7790697674418605,0.7790697674418605,1,False
HYBRID_TALON,1,patient082,patient082_case01,IGM,IGM_patient051_0137.jpg,2,,off_target_fp,30,0,0.0,0.0,0.0,0.0,0,False
HYBRID_TALON,1,patient082,patient082_case01,IGM,IGM_patient051_0138.jpg,1,1.0,strong_75_plus,323,305,0.7702020202020202,0.9442724458204335,0.7702020202020202,0.7367149758454107,1,False
HYBRID_TALON,1,patient082,patient082_case01,IGM,IGM_patient051_0138.jpg,2,,off_target_fp,28,0,0.0,0.0,0.0,0.0,0,False
HYBRID_TALON,1,patient082,patient082_case01,IGM,IGM_patient051_0138.jpg,3,,off_target_fp,1,0,0.0,0.0,0.0,0.0,0,False
HYBRID_TALON,1,patient082,patient082_case01,IGM,IGM_patient051_0139.jpg,1,1.0,moderate_50_to_75,236,224,0.56,0.9491525423728814,0.56,0.5436893203883495,1,False
HYBRID_TALON,1,patient082,patient082_case01,IGM,IGM_patient051_0139.jpg,2,,off_target_fp,3,0,0.0,0.0,0.0,0.0,0,False
HYBRID_TALON,1,patient082,patient082_case01,IGM,IGM_patient051_0140.jpg,1,1.0,partial_below_25,1,1,0.002777777777777778,1.0,0.002777777777777778,0.002777777777777778,1,False
HYBRID_TALON,1,patient082,patient082_case01,IGM,IGM_patient051_0140.jpg,2,1.0,moderate_50_to_75,228,203,0.5638888888888889,0.8903508771929824,0.5638888888888889,0.5272727272727272,1,False
HYBRID_TALON,1,patient082,patient082_case01,IGM,IGM_patient051_0140.jpg,3,,off_target_fp,4,0,0.0,0.0,0.0,0.0,0,False
HYBRID_TALON,1,patient082,patient082_case01,IGM,IGM_patient051_0140.jpg,4,,off_target_fp,6,0,0.0,0.0,0.0,0.0,0,False
HYBRID_TALON,1,patient082,patient082_case01,IGM,IGM_patient051_0141.jpg,1,1.0,moderate_50_to_75,237,229,0.5725,0.9662447257383966,0.5725,0.5612745098039216,1,False
HYBRID_TALON,1,patient082,patient082_case01,IGM,IGM_patient051_0141.jpg,2,,off_target_fp,6,0,0.0,0.0,0.0,0.0,0,False
HYBRID_TALON,1,patient082,patient082_case01,IGM,IGM_patient051_0141.jpg,3,,off_target_fp,2,0,0.0,0.0,0.0,0.0,0,False
HYBRID_TALON,1,patient082,patient082_case01,IGM,IGM_patient051_0142.jpg,1,1.0,moderate_50_to_75,219,192,0.6486486486486487,0.8767123287671232,0.6486486486486487,0.5944272445820433,1,False
HYBRID_TALON,1,patient082,patient082_case01,IGM,IGM_patient051_0142.jpg,2,,off_target_fp,7,0,0.0,0.0,0.0,0.0,0,False
HYBRID_TALON,1,patient082,patient082_case01,IGM,IGM_patient051_0144.jpg,1,1.0,moderate_50_to_75,187,174,0.7372881355932204,0.93048128342246,0.7372881355932204,0.6987951807228916,1,False
HYBRID_TALON,1,patient082,patient082_case01,IGM,IGM_patient051_0144.jpg,2,,off_target_fp,5,0,0.0,0.0,0.0,0.0,0,False
HYBRID_TALON,1,patient082,patient082_case01,IGM,IGM_patient051_0144.jpg,3,,off_target_fp,3,0,0.0,0.0,0.0,0.0,0,False
HYBRID_TALON,1,patient082,patient082_case01,IGM,IGM_patient051_0144.jpg,4,,off_target_fp,7,0,0.0,0.0,0.0,0.0,0,False
HYBRID_TALON,1,patient082,patient082_case01,IGM,IGM_patient051_0145.jpg,1,1.0,moderate_50_to_75,200,161,0.7318181818181818,0.805,0.7318181818181818,0.6216216216216216,1,False
HYBRID_TALON,1,patient082,patient082_case01,IGM,IGM_patient051_0145.jpg,2,,off_target_fp,3,0,0.0,0.0,0.0,0.0,0,False
HYBRID_TALON,1,patient082,patient082_case01,IGM,IGM_patient051_0145.jpg,3,,off_target_fp,1,0,0.0,0.0,0.0,0.0,0,False
HYBRID_TALON,1,patient082,patient082_case01,IGM,IGM_patient051_0146.jpg,1,1.0,strong_75_plus,183,156,0.75,0.8524590163934426,0.75,0.6638297872340425,1,False
HYBRID_TALON,1,patient082,patient082_case01,IGM,IGM_patient051_0147.jpg,1,1.0,strong_75_plus,106,97,0.8981481481481481,0.9150943396226415,0.8981481481481481,0.8290598290598291,1,False
HYBRID_TALON,1,patient082,patient082_case01,IGM,IGM_patient051_0148.jpg,1,1.0,moderate_50_to_75,52,47,0.618421052631579,0.9038461538461539,0.618421052631579,0.5802469135802469,1,False
HYBRID_TALON,1,patient084,patient084_case01,IBC,IBC_patient052_0047.jpg,1,,off_target_fp,7,0,0.0,0.0,0.0,0.0,0,False
HYBRID_TALON,1,patient084,patient084_case01,IBC,IBC_patient052_0047.jpg,2,,off_target_fp,1,0,0.0,0.0,0.0,0.0,0,False
HYBRID_TALON,1,patient084,patient084_case01,IBC,IBC_patient052_0047.jpg,3,,off_target_fp,138,0,0.0,0.0,0.0,0.0,0,False
HYBRID_TALON,1,patient084,patient084_case01,IBC,IBC_patient052_0047.jpg,4,1.0,moderate_50_to_75,259,172,1.0,0.6640926640926641,0.6640926640926641,0.6640926640926641,1,False
HYBRID_TALON,1,patient084,patient084_case01,IBC,IBC_patient052_0048.jpg,1,,off_target_fp,8,0,0.0,0.0,0.0,0.0,0,False
HYBRID_TALON,1,patient084,patient084_case01,IBC,IBC_patient052_0048.jpg,2,,off_target_fp,1,0,0.0,0.0,0.0,0.0,0,False
HYBRID_TALON,1,patient084,patient084_case01,IBC,IBC_patient052_0048.jpg,3,,off_target_fp,112,0,0.0,0.0,0.0,0.0,0,False
HYBRID_TALON,1,patient084,patient084_case01,IBC,IBC_patient052_0048.jpg,4,1.0,moderate_50_to_75,303,212,0.9636363636363636,0.6996699669966997,0.6996699669966997,0.6816720257234726,1,False
HYBRID_TALON,1,patient084,patient084_case01,IBC,IBC_patient052_0048.jpg,5,,off_target_fp,17,0,0.0,0.0,0.0,0.0,0,False
HYBRID_TALON,1,patient084,patient084_case01,IBC,IBC_patient052_0048.jpg,6,,off_target_fp,2,0,0.0,0.0,0.0,0.0,0,False
HYBRID_TALON,1,patient084,patient084_case01,IBC,IBC_patient052_0049.jpg,1,,off_target_fp,141,0,0.0,0.0,0.0,0.0,0,False
HYBRID_TALON,1,patient084,patient084_case01,IBC,IBC_patient052_0049.jpg,2,,off_target_fp,10,0,0.0,0.0,0.0,0.0,0,False
HYBRID_TALON,1,patient084,patient084_case01,IBC,IBC_patient052_0049.jpg,3,,off_target_fp,8,0,0.0,0.0,0.0,0.0,0,False
HYBRID_TALON,1,patient084,patient084_case01,IBC,IBC_patient052_0049.jpg,4,,off_target_fp,125,0,0.0,0.0,0.0,0.0,0,False
HYBRID_TALON,1,patient084,patient084_case01,IBC,IBC_patient052_0049.jpg,5,1.0,moderate_50_to_75,344,196,1.0,0.5697674418604651,0.5697674418604651,0.5697674418604651,1,False
HYBRID_TALON,1,patient084,patient084_case01,IBC,IBC_patient052_0049.jpg,6,,off_target_fp,14,0,0.0,0.0,0.0,0.0,0,False
HYBRID_TALON,1,patient084,patient084_case01,IBC,IBC_patient052_0049.jpg,7,,off_target_fp,3,0,0.0,0.0,0.0,0.0,0,False
HYBRID_TALON,1,patient084,patient084_case01,IBC,IBC_patient052_0050.jpg,1,,off_target_fp,113,0,0.0,0.0,0.0,0.0,0,False
HYBRID_TALON,1,patient084,patient084_case01,IBC,IBC_patient052_0050.jpg,2,,off_target_fp,3,0,0.0,0.0,0.0,0.0,0,False
HYBRID_TALON,1,patient084,patient084_case01,IBC,IBC_patient052_0050.jpg,3,,off_target_fp,1,0,0.0,0.0,0.0,0.0,0,False
HYBRID_TALON,1,patient084,patient084_case01,IBC,IBC_patient052_0050.jpg,4,,off_target_fp,76,0,0.0,0.0,0.0,0.0,0,False
HYBRID_TALON,1,patient084,patient084_case01,IBC,IBC_patient052_0050.jpg,5,1.0,moderate_50_to_75,376,232,1.0,0.6170212765957447,0.6170212765957447,0.6170212765957447,1,False
HYBRID_TALON,1,patient084,patient084_case01,IBC,IBC_patient052_0050.jpg,6,,off_target_fp,6,0,0.0,0.0,0.0,0.0,0,False
HYBRID_TALON,1,patient084,patient084_case01,IBC,IBC_patient052_0051.jpg,1,,off_target_fp,162,0,0.0,0.0,0.0,0.0,0,False
HYBRID_TALON,1,patient084,patient084_case01,IBC,IBC_patient052_0051.jpg,2,,off_target_fp,5,0,0.0,0.0,0.0,0.0,0,False
HYBRID_TALON,1,patient084,patient084_case01,IBC,IBC_patient052_0051.jpg,3,,off_target_fp,5,0,0.0,0.0,0.0,0.0,0,False
HYBRID_TALON,1,patient084,patient084_case01,IBC,IBC_patient052_0051.jpg,4,,off_target_fp,2,0,0.0,0.0,0.0,0.0,0,False
HYBRID_TALON,1,patient084,patient084_case01,IBC,IBC_patient052_0051.jpg,5,1.0,strong_75_plus,287,230,0.9913793103448276,0.8013937282229965,0.8013937282229965,0.7958477508650519,1,False
HYBRID_TALON,1,patient084,patient084_case01,IBC,IBC_patient052_0051.jpg,6,,off_target_fp,10,0,0.0,0.0,0.0,0.0,0,False
HYBRID_TALON,1,patient084,patient084_case01,IBC,IBC_patient052_0051.jpg,7,,off_target_fp,22,0,0.0,0.0,0.0,0.0,0,False
HYBRID_TALON,1,patient084,patient084_case01,IBC,IBC_patient052_0052.jpg,1,,off_target_fp,160,0,0.0,0.0,0.0,0.0,0,False
HYBRID_TALON,1,patient084,patient084_case01,IBC,IBC_patient052_0052.jpg,2,,off_target_fp,18,0,0.0,0.0,0.0,0.0,0,False
HYBRID_TALON,1,patient084,patient084_case01,IBC,IBC_patient052_0052.jpg,3,,off_target_fp,4,0,0.0,0.0,0.0,0.0,0,False
HYBRID_TALON,1,patient084,patient084_case01,IBC,IBC_patient052_0052.jpg,4,1.0,moderate_50_to_75,297,215,0.9953703703703703,0.7239057239057239,0.7239057239057239,0.7214765100671141,1,False
HYBRID_TALON,1,patient084,patient084_case01,IBC,IBC_patient052_0052.jpg,5,,off_target_fp,7,0,0.0,0.0,0.0,0.0,0,False
HYBRID_TALON,1,patient084,patient084_case01,IBC,IBC_patient052_0052.jpg,6,,off_target_fp,4,0,0.0,0.0,0.0,0.0,0,False
HYBRID_TALON,1,patient084,patient084_case01,IBC,IBC_patient052_0053.jpg,1,,off_target_fp,14,0,0.0,0.0,0.0,0.0,0,False
HYBRID_TALON,1,patient084,patient084_case01,IBC,IBC_patient052_0053.jpg,2,,off_target_fp,4,0,0.0,0.0,0.0,0.0,0,False
HYBRID_TALON,1,patient084,patient084_case01,IBC,IBC_patient052_0053.jpg,3,,off_target_fp,21,0,0.0,0.0,0.0,0.0,0,False
HYBRID_TALON,1,patient084,patient084_case01,IBC,IBC_patient052_0053.jpg,4,,off_target_fp,15,0,0.0,0.0,0.0,0.0,0,False
HYBRID_TALON,1,patient084,patient084_case01,IBC,IBC_patient052_0053.jpg,5,,off_target_fp,53,0,0.0,0.0,0.0,0.0,0,False
HYBRID_TALON,1,patient084,patient084_case01,IBC,IBC_patient052_0053.jpg,6,1.0,strong_75_plus,354,289,0.9763513513513513,0.8163841807909604,0.8163841807909604,0.8005540166204986,1,False
HYBRID_TALON,1,patient084,patient084_case01,IBC,IBC_patient052_0053.jpg,7,,off_target_fp,19,0,0.0,0.0,0.0,0.0,0,False
HYBRID_TALON,1,patient084,patient084_case01,IBC,IBC_patient052_0054.jpg,1,,off_target_fp,13,0,0.0,0.0,0.0,0.0,0,False
HYBRID_TALON,1,patient084,patient084_case01,IBC,IBC_patient052_0054.jpg,2,,off_target_fp,45,0,0.0,0.0,0.0,0.0,0,False
HYBRID_TALON,1,patient084,patient084_case01,IBC,IBC_patient052_0054.jpg,3,,off_target_fp,46,0,0.0,0.0,0.0,0.0,0,False
HYBRID_TALON,1,patient084,patient084_case01,IBC,IBC_patient052_0054.jpg,4,1.0,strong_75_plus,466,410,0.9761904761904762,0.8798283261802575,0.8798283261802575,0.8613445378151261,1,False
HYBRID_TALON,1,patient084,patient084_case01,IBC,IBC_patient052_0054.jpg,5,,off_target_fp,12,0,0.0,0.0,0.0,0.0,0,False
HYBRID_TALON,1,patient084,patient084_case01,IBC,IBC_patient052_0054.jpg,6,,off_target_fp,4,0,0.0,0.0,0.0,0.0,0,False
HYBRID_TALON,1,patient084,patient084_case01,IBC,IBC_patient052_0055.jpg,1,,off_target_fp,37,0,0.0,0.0,0.0,0.0,0,False
HYBRID_TALON,1,patient084,patient084_case01,IBC,IBC_patient052_0055.jpg,2,1.0,strong_75_plus,517,434,0.9954128440366973,0.839458413926499,0.839458413926499,0.8362235067437379,1,False
HYBRID_TALON,1,patient084,patient084_case01,IBC,IBC_patient052_0055.jpg,3,,off_target_fp,3,0,0.0,0.0,0.0,0.0,0,False
HYBRID_TALON,1,patient084,patient084_case01,IBC,IBC_patient052_0056.jpg,1,,off_target_fp,30,0,0.0,0.0,0.0,0.0,0,False
HYBRID_TALON,1,patient084,patient084_case01,IBC,IBC_patient052_0056.jpg,2,,off_target_fp,18,0,0.0,0.0,0.0,0.0,0,False
HYBRID_TALON,1,patient084,patient084_case01,IBC,IBC_patient052_0056.jpg,3,1.0,strong_75_plus,483,389,0.9923469387755102,0.8053830227743272,0.8053830227743272,0.8004115226337448,1,False
HYBRID_TALON,1,patient084,patient084_case01,IBC,IBC_patient052_0056.jpg,4,,off_target_fp,5,0,0.0,0.0,0.0,0.0,0,False
HYBRID_TALON,1,patient084,patient084_case01,IBC,IBC_patient052_0057.jpg,1,1.0,moderate_50_to_75,435,304,1.0,0.6988505747126437,0.6988505747126437,0.6988505747126437,1,False
HYBRID_TALON,1,patient084,patient084_case01,IBC,IBC_patient052_0057.jpg,2,,off_target_fp,13,0,0.0,0.0,0.0,0.0,0,False
HYBRID_TALON,1,patient084,patient084_case01,IBC,IBC_patient052_0058.jpg,1,,off_target_fp,3,0,0.0,0.0,0.0,0.0,0,False
HYBRID_TALON,1,patient084,patient084_case01,IBC,IBC_patient052_0058.jpg,2,,off_target_fp,23,0,0.0,0.0,0.0,0.0,0,False
HYBRID_TALON,1,patient084,patient084_case01,IBC,IBC_patient052_0058.jpg,3,1.0,moderate_50_to_75,400,276,1.0,0.69,0.69,0.69,1,False
HYBRID_TALON,1,patient084,patient084_case01,IBC,IBC_patient052_0058.jpg,4,,off_target_fp,109,0,0.0,0.0,0.0,0.0,0,False
HYBRID_TALON,1,patient084,patient084_case01,IBC,IBC_patient052_0059.jpg,1,,off_target_fp,4,0,0.0,0.0,0.0,0.0,0,False
HYBRID_TALON,1,patient084,patient084_case01,IBC,IBC_patient052_0059.jpg,2,,off_target_fp,12,0,0.0,0.0,0.0,0.0,0,False
HYBRID_TALON,1,patient084,patient084_case01,IBC,IBC_patient052_0059.jpg,3,,off_target_fp,5,0,0.0,0.0,0.0,0.0,0,False
HYBRID_TALON,1,patient084,patient084_case01,IBC,IBC_patient052_0059.jpg,4,1.0,strong_75_plus,351,288,0.972972972972973,0.8205128205128205,0.8205128205128205,0.8022284122562674,1,False
HYBRID_TALON,1,patient084,patient084_case01,IBC,IBC_patient052_0059.jpg,5,,off_target_fp,87,0,0.0,0.0,0.0,0.0,0,False
HYBRID_TALON,1,patient084,patient084_case01,IBC,IBC_patient052_0060.jpg,1,,off_target_fp,62,0,0.0,0.0,0.0,0.0,0,False
HYBRID_TALON,1,patient084,patient084_case01,IBC,IBC_patient052_0060.jpg,2,,off_target_fp,1,0,0.0,0.0,0.0,0.0,0,False
HYBRID_TALON,1,patient084,patient084_case01,IBC,IBC_patient052_0060.jpg,3,1.0,strong_75_plus,234,194,0.9150943396226415,0.8290598290598291,0.8290598290598291,0.7698412698412699,1,False
HYBRID_TALON,1,patient084,patient084_case01,IBC,IBC_patient052_0063.jpg,1,,off_target_fp,99,0,0.0,0.0,0.0,0.0,0,False
HYBRID_TALON,1,patient084,patient084_case01,IBC,IBC_patient052_0063.jpg,2,1.0,moderate_50_to_75,48,48,0.5454545454545454,1.0,0.5454545454545454,0.5454545454545454,1,False
HYBRID_TALON,1,patient084,patient084_case01,IBC,IBC_patient052_0064.jpg,1,,off_target_fp,3,0,0.0,0.0,0.0,0.0,0,False
HYBRID_TALON,1,patient084,patient084_case01,IBC,IBC_patient052_0064.jpg,2,1.0,partial_below_25,59,55,0.24553571428571427,0.9322033898305084,0.24553571428571427,0.2412280701754386,1,False
HYBRID_TALON,1,patient084,patient084_case01,IBC,IBC_patient052_0064.jpg,3,1.0,partial_below_25,27,27,0.12053571428571429,1.0,0.12053571428571429,0.12053571428571429,1,False
HYBRID_TALON,1,patient084,patient084_case01,IBC,IBC_patient052_0065.jpg,1,,off_target_fp,1,0,0.0,0.0,0.0,0.0,0,False
HYBRID_TALON,1,patient084,patient084_case01,IBC,IBC_patient052_0065.jpg,2,,off_target_fp,27,0,0.0,0.0,0.0,0.0,0,False
HYBRID_TALON,1,patient084,patient084_case01,IBC,IBC_patient052_0065.jpg,3,,off_target_fp,28,0,0.0,0.0,0.0,0.0,0,False
HYBRID_TALON,1,patient084,patient084_case01,IBC,IBC_patient052_0065.jpg,4,1.0,low_25_to_50,162,149,0.4837662337662338,0.9197530864197531,0.4837662337662338,0.46417445482866043,1,False
HYBRID_TALON,1,patient084,patient084_case01,IBC,IBC_patient052_0065.jpg,5,1.0,partial_below_25,35,35,0.11363636363636363,1.0,0.11363636363636363,0.11363636363636363,1,False
HYBRID_TALON,1,patient084,patient084_case01,IBC,IBC_patient052_0066.jpg,1,,off_target_fp,245,0,0.0,0.0,0.0,0.0,0,False
HYBRID_TALON,1,patient084,patient084_case01,IBC,IBC_patient052_0066.jpg,2,,off_target_fp,9,0,0.0,0.0,0.0,0.0,0,False
HYBRID_TALON,1,patient084,patient084_case01,IBC,IBC_patient052_0066.jpg,3,,off_target_fp,17,0,0.0,0.0,0.0,0.0,0,False
HYBRID_TALON,1,patient084,patient084_case01,IBC,IBC_patient052_0066.jpg,4,,off_target_fp,12,0,0.0,0.0,0.0,0.0,0,False
HYBRID_TALON,1,patient084,patient084_case01,IBC,IBC_patient052_0066.jpg,5,1.0,strong_75_plus,348,296,0.8809523809523809,0.8505747126436781,0.8505747126436781,0.7628865979381443,1,False
HYBRID_TALON,1,patient084,patient084_case01,IBC,IBC_patient052_0067.jpg,1,,off_target_fp,29,0,0.0,0.0,0.0,0.0,0,False
HYBRID_TALON,1,patient084,patient084_case01,IBC,IBC_patient052_0067.jpg,2,1.0,strong_75_plus,222,203,0.7574626865671642,0.9144144144144144,0.7574626865671642,0.7073170731707317,1,False
HYBRID_TALON,1,patient084,patient084_case01,IBC,IBC_patient052_0067.jpg,3,,off_target_fp,16,0,0.0,0.0,0.0,0.0,0,False
HYBRID_TALON,1,patient084,patient084_case01,IBC,IBC_patient052_0067.jpg,4,,off_target_fp,1,0,0.0,0.0,0.0,0.0,0,False
HYBRID_TALON,1,patient084,patient084_case01,IBC,IBC_patient052_0068.jpg,1,,off_target_fp,122,0,0.0,0.0,0.0,0.0,0,False
HYBRID_TALON,1,patient084,patient084_case01,IBC,IBC_patient052_0068.jpg,2,1.0,partial_below_25,31,31,0.19375,1.0,0.19375,0.19375,1,False
HYBRID_TALON,1,patient084,patient084_case01,IBC,IBC_patient052_0068.jpg,3,,off_target_fp,7,0,0.0,0.0,0.0,0.0,0,False
HYBRID_TALON,1,patient084,patient084_case01,IBC,IBC_patient052_0069.jpg,1,,off_target_fp,1,0,0.0,0.0,0.0,0.0,0,False
HYBRID_TALON,1,patient084,patient084_case01,IBC,IBC_patient052_0069.jpg,2,,off_target_fp,3,0,0.0,0.0,0.0,0.0,0,False
HYBRID_TALON,1,patient092,patient092_case01,IBC,IBC_patient057_0042.jpg,1,,off_target_fp,1,0,0.0,0.0,0.0,0.0,0,False
HYBRID_TALON,1,patient092,patient092_case01,IBC,IBC_patient057_0042.jpg,2,1.0,strong_75_plus,134,111,0.7708333333333334,0.8283582089552238,0.7708333333333334,0.6646706586826348,1,False
HYBRID_TALON,1,patient092,patient092_case01,IBC,IBC_patient057_0042.jpg,3,,off_target_fp,1,0,0.0,0.0,0.0,0.0,0,False
HYBRID_TALON,1,patient092,patient092_case01,IBC,IBC_patient057_0043.jpg,1,,off_target_fp,1,0,0.0,0.0,0.0,0.0,0,False
HYBRID_TALON,1,patient092,patient092_case01,IBC,IBC_patient057_0043.jpg,2,,off_target_fp,24,0,0.0,0.0,0.0,0.0,0,False
HYBRID_TALON,1,patient092,patient092_case01,IBC,IBC_patient057_0043.jpg,3,,off_target_fp,19,0,0.0,0.0,0.0,0.0,0,False
HYBRID_TALON,1,patient092,patient092_case01,IBC,IBC_patient057_0043.jpg,4,1.0,moderate_50_to_75,354,264,0.9041095890410958,0.7457627118644068,0.7457627118644068,0.6910994764397905,1,False
HYBRID_TALON,1,patient092,patient092_case01,IBC,IBC_patient057_0044.jpg,1,,off_target_fp,36,0,0.0,0.0,0.0,0.0,0,False
HYBRID_TALON,1,patient092,patient092_case01,IBC,IBC_patient057_0044.jpg,2,,off_target_fp,94,0,0.0,0.0,0.0,0.0,0,False
HYBRID_TALON,1,patient092,patient092_case01,IBC,IBC_patient057_0044.jpg,3,,off_target_fp,58,0,0.0,0.0,0.0,0.0,0,False
HYBRID_TALON,1,patient092,patient092_case01,IBC,IBC_patient057_0044.jpg,4,1.0,moderate_50_to_75,489,307,0.9967532467532467,0.6278118609406953,0.6278118609406953,0.6265306122448979,1,False
HYBRID_TALON,1,patient092,patient092_case01,IBC,IBC_patient057_0045.jpg,1,,off_target_fp,7,0,0.0,0.0,0.0,0.0,0,False
HYBRID_TALON,1,patient092,patient092_case01,IBC,IBC_patient057_0045.jpg,2,,off_target_fp,23,0,0.0,0.0,0.0,0.0,0,False
HYBRID_TALON,1,patient092,patient092_case01,IBC,IBC_patient057_0045.jpg,3,,off_target_fp,43,0,0.0,0.0,0.0,0.0,0,False
HYBRID_TALON,1,patient092,patient092_case01,IBC,IBC_patient057_0045.jpg,4,1.0,moderate_50_to_75,556,407,0.9783653846153846,0.7320143884892086,0.7320143884892086,0.720353982300885,1,False
HYBRID_TALON,1,patient092,patient092_case01,IBC,IBC_patient057_0046.jpg,1,,off_target_fp,55,0,0.0,0.0,0.0,0.0,0,False
HYBRID_TALON,1,patient092,patient092_case01,IBC,IBC_patient057_0046.jpg,2,1.0,strong_75_plus,449,418,0.95,0.9309576837416481,0.9309576837416481,0.8874734607218684,1,False
HYBRID_TALON,1,patient092,patient092_case01,IBC,IBC_patient057_0047.jpg,1,,off_target_fp,105,0,0.0,0.0,0.0,0.0,0,False
HYBRID_TALON,1,patient092,patient092_case01,IBC,IBC_patient057_0047.jpg,2,1.0,strong_75_plus,335,324,0.9310344827586207,0.9671641791044776,0.9310344827586207,0.9025069637883009,1,False
HYBRID_TALON,1,patient092,patient092_case01,IBC,IBC_patient057_0048.jpg,1,,off_target_fp,2,0,0.0,0.0,0.0,0.0,0,False
HYBRID_TALON,1,patient092,patient092_case01,IBC,IBC_patient057_0048.jpg,2,,off_target_fp,62,0,0.0,0.0,0.0,0.0,0,False
HYBRID_TALON,1,patient092,patient092_case01,IBC,IBC_patient057_0048.jpg,3,1.0,strong_75_plus,203,203,0.7807692307692308,1.0,0.7807692307692308,0.7807692307692308,1,False
HYBRID_TALON,1,patient099,patient099_case01,IGM,IGM_patient008_0049.jpg,1,1.0,partial_below_25,4,4,0.047619047619047616,1.0,0.047619047619047616,0.047619047619047616,1,False
HYBRID_TALON,1,patient099,patient099_case01,IGM,IGM_patient008_0049.jpg,2,,off_target_fp,46,0,0.0,0.0,0.0,0.0,0,False
HYBRID_TALON,1,patient099,patient099_case01,IGM,IGM_patient008_0049.jpg,3,,off_target_fp,1,0,0.0,0.0,0.0,0.0,0,False
HYBRID_TALON,1,patient099,patient099_case01,IGM,IGM_patient008_0050.jpg,1,1.0,moderate_50_to_75,134,81,0.6982758620689655,0.6044776119402985,0.6044776119402985,0.47928994082840237,1,False
HYBRID_TALON,1,patient099,patient099_case01,IGM,IGM_patient008_0050.jpg,2,1.0,partial_below_25,8,8,0.06896551724137931,1.0,0.06896551724137931,0.06896551724137931,1,False
HYBRID_TALON,1,patient099,patient099_case01,IGM,IGM_patient008_0051.jpg,1,1.0,partial_below_25,42,41,0.21808510638297873,0.9761904761904762,0.21808510638297873,0.21693121693121692,1,False
HYBRID_TALON,1,patient099,patient099_case01,IGM,IGM_patient008_0051.jpg,2,,off_target_fp,1,0,0.0,0.0,0.0,0.0,0,False
HYBRID_TALON,1,patient099,patient099_case01,IGM,IGM_patient008_0052.jpg,1,,off_target_fp,11,0,0.0,0.0,0.0,0.0,0,False
HYBRID_TALON,1,patient099,patient099_case01,IGM,IGM_patient008_0052.jpg,2,,off_target_fp,60,0,0.0,0.0,0.0,0.0,0,False
HYBRID_TALON,1,patient099,patient099_case01,IGM,IGM_patient008_0052.jpg,3,1.0,partial_below_25,3,3,0.02027027027027027,1.0,0.02027027027027027,0.02027027027027027,1,False
HYBRID_TALON,1,patient099,patient099_case01,IGM,IGM_patient008_0053.jpg,1,,off_target_fp,164,0,0.0,0.0,0.0,0.0,0,False
HYBRID_TALON,1,patient099,patient099_case01,IGM,IGM_patient008_0054.jpg,1,,off_target_fp,8,0,0.0,0.0,0.0,0.0,0,False
HYBRID_TALON,1,patient099,patient099_case01,IGM,IGM_patient008_0054.jpg,2,,off_target_fp,7,0,0.0,0.0,0.0,0.0,0,False
HYBRID_TALON,1,patient099,patient099_case01,IGM,IGM_patient008_0054.jpg,3,,off_target_fp,3,0,0.0,0.0,0.0,0.0,0,False
HYBRID_TALON,1,patient099,patient099_case01,IGM,IGM_patient008_0056.jpg,1,,off_target_fp,14,0,0.0,0.0,0.0,0.0,0,False
HYBRID_TALON,1,patient099,patient099_case01,IGM,IGM_patient008_0056.jpg,2,1.0,partial_below_25,7,7,0.03888888888888889,1.0,0.03888888888888889,0.03888888888888889,1,False
HYBRID_TALON,1,patient099,patient099_case01,IGM,IGM_patient008_0057.jpg,1,,off_target_fp,136,0,0.0,0.0,0.0,0.0,0,False
HYBRID_TALON,1,patient099,patient099_case01,IGM,IGM_patient008_0057.jpg,2,1.0,low_25_to_50,63,63,0.39375,1.0,0.39375,0.39375,1,False
HYBRID_TALON,1,patient099,patient099_case01,IGM,IGM_patient008_0058.jpg,1,,off_target_fp,128,0,0.0,0.0,0.0,0.0,0,False
HYBRID_TALON,1,patient099,patient099_case01,IGM,IGM_patient008_0058.jpg,2,,off_target_fp,81,0,0.0,0.0,0.0,0.0,0,False
HYBRID_TALON,1,patient101,patient101_case01,IBC,IBC_patient009_0142.jpg,1,,off_target_fp,79,0,0.0,0.0,0.0,0.0,0,False
HYBRID_TALON,1,patient101,patient101_case01,IBC,IBC_patient009_0142.jpg,2,,off_target_fp,5,0,0.0,0.0,0.0,0.0,0,False
HYBRID_TALON,1,patient101,patient101_case01,IBC,IBC_patient009_0142.jpg,3,,off_target_fp,20,0,0.0,0.0,0.0,0.0,0,False
HYBRID_TALON,1,patient101,patient101_case01,IBC,IBC_patient009_0142.jpg,4,,off_target_fp,2,0,0.0,0.0,0.0,0.0,0,False
HYBRID_TALON,1,patient101,patient101_case01,IBC,IBC_patient009_0142.jpg,5,,off_target_fp,5,0,0.0,0.0,0.0,0.0,0,False
HYBRID_TALON,1,patient101,patient101_case01,IBC,IBC_patient009_0142.jpg,6,1.0,low_25_to_50,23,23,0.4423076923076923,1.0,0.4423076923076923,0.4423076923076923,1,False
HYBRID_TALON,1,patient101,patient101_case01,IBC,IBC_patient009_0142.jpg,7,,off_target_fp,2,0,0.0,0.0,0.0,0.0,0,False
HYBRID_TALON,1,patient101,patient101_case01,IBC,IBC_patient009_0142.jpg,8,,off_target_fp,4,0,0.0,0.0,0.0,0.0,0,False
HYBRID_TALON,1,patient101,patient101_case01,IBC,IBC_patient009_0143.jpg,1,,off_target_fp,28,0,0.0,0.0,0.0,0.0,0,False
HYBRID_TALON,1,patient101,patient101_case01,IBC,IBC_patient009_0143.jpg,2,,off_target_fp,33,0,0.0,0.0,0.0,0.0,0,False
HYBRID_TALON,1,patient101,patient101_case01,IBC,IBC_patient009_0143.jpg,3,,off_target_fp,39,0,0.0,0.0,0.0,0.0,0,False
HYBRID_TALON,1,patient101,patient101_case01,IBC,IBC_patient009_0143.jpg,4,,off_target_fp,31,0,0.0,0.0,0.0,0.0,0,False
HYBRID_TALON,1,patient101,patient101_case01,IBC,IBC_patient009_0143.jpg,5,,off_target_fp,2,0,0.0,0.0,0.0,0.0,0,False
HYBRID_TALON,1,patient101,patient101_case01,IBC,IBC_patient009_0143.jpg,6,,off_target_fp,1,0,0.0,0.0,0.0,0.0,0,False
HYBRID_TALON,1,patient101,patient101_case01,IBC,IBC_patient009_0143.jpg,7,,off_target_fp,2,0,0.0,0.0,0.0,0.0,0,False
HYBRID_TALON,1,patient101,patient101_case01,IBC,IBC_patient009_0143.jpg,8,1.0,moderate_50_to_75,54,52,0.6190476190476191,0.9629629629629629,0.6190476190476191,0.6046511627906976,1,False
HYBRID_TALON,1,patient101,patient101_case01,IBC,IBC_patient009_0143.jpg,9,,off_target_fp,12,0,0.0,0.0,0.0,0.0,0,False
HYBRID_TALON,1,patient101,patient101_case01,IBC,IBC_patient009_0143.jpg,10,,off_target_fp,8,0,0.0,0.0,0.0,0.0,0,False
HYBRID_TALON,1,patient101,patient101_case01,IBC,IBC_patient009_0143.jpg,11,,off_target_fp,2,0,0.0,0.0,0.0,0.0,0,False
HYBRID_TALON,1,patient101,patient101_case01,IBC,IBC_patient009_0143.jpg,12,,off_target_fp,4,0,0.0,0.0,0.0,0.0,0,False
HYBRID_TALON,1,patient101,patient101_case01,IBC,IBC_patient009_0144.jpg,1,,off_target_fp,16,0,0.0,0.0,0.0,0.0,0,False
HYBRID_TALON,1,patient101,patient101_case01,IBC,IBC_patient009_0144.jpg,2,,off_target_fp,32,0,0.0,0.0,0.0,0.0,0,False
HYBRID_TALON,1,patient101,patient101_case01,IBC,IBC_patient009_0144.jpg,3,,off_target_fp,77,0,0.0,0.0,0.0,0.0,0,False
HYBRID_TALON,1,patient101,patient101_case01,IBC,IBC_patient009_0144.jpg,4,,off_target_fp,43,0,0.0,0.0,0.0,0.0,0,False
HYBRID_TALON,1,patient101,patient101_case01,IBC,IBC_patient009_0144.jpg,5,,off_target_fp,2,0,0.0,0.0,0.0,0.0,0,False
HYBRID_TALON,1,patient101,patient101_case01,IBC,IBC_patient009_0144.jpg,6,1.0,strong_75_plus,109,95,0.8482142857142857,0.8715596330275229,0.8482142857142857,0.753968253968254,1,False
HYBRID_TALON,1,patient101,patient101_case01,IBC,IBC_patient009_0144.jpg,7,,off_target_fp,10,0,0.0,0.0,0.0,0.0,0,False
HYBRID_TALON,1,patient101,patient101_case01,IBC,IBC_patient009_0144.jpg,8,,off_target_fp,5,0,0.0,0.0,0.0,0.0,0,False
HYBRID_TALON,1,patient101,patient101_case01,IBC,IBC_patient009_0144.jpg,9,,off_target_fp,12,0,0.0,0.0,0.0,0.0,0,False
HYBRID_TALON,1,patient101,patient101_case01,IBC,IBC_patient009_0144.jpg,10,,off_target_fp,4,0,0.0,0.0,0.0,0.0,0,False
HYBRID_TALON,1,patient101,patient101_case01,IBC,IBC_patient009_0145.jpg,1,,off_target_fp,2,0,0.0,0.0,0.0,0.0,0,False
HYBRID_TALON,1,patient101,patient101_case01,IBC,IBC_patient009_0145.jpg,2,,off_target_fp,29,0,0.0,0.0,0.0,0.0,0,False
HYBRID_TALON,1,patient101,patient101_case01,IBC,IBC_patient009_0145.jpg,3,,off_target_fp,72,0,0.0,0.0,0.0,0.0,0,False
HYBRID_TALON,1,patient101,patient101_case01,IBC,IBC_patient009_0145.jpg,4,,off_target_fp,23,0,0.0,0.0,0.0,0.0,0,False
HYBRID_TALON,1,patient101,patient101_case01,IBC,IBC_patient009_0145.jpg,5,,off_target_fp,6,0,0.0,0.0,0.0,0.0,0,False
HYBRID_TALON,1,patient101,patient101_case01,IBC,IBC_patient009_0145.jpg,6,1.0,strong_75_plus,128,99,0.9519230769230769,0.7734375,0.7734375,0.7443609022556391,1,False
HYBRID_TALON,1,patient101,patient101_case01,IBC,IBC_patient009_0145.jpg,7,,off_target_fp,9,0,0.0,0.0,0.0,0.0,0,False
HYBRID_TALON,1,patient101,patient101_case01,IBC,IBC_patient009_0145.jpg,8,,off_target_fp,8,0,0.0,0.0,0.0,0.0,0,False
HYBRID_TALON,1,patient101,patient101_case01,IBC,IBC_patient009_0145.jpg,9,,off_target_fp,2,0,0.0,0.0,0.0,0.0,0,False
HYBRID_TALON,1,patient101,patient101_case01,IBC,IBC_patient009_0146.jpg,1,,off_target_fp,24,0,0.0,0.0,0.0,0.0,0,False
HYBRID_TALON,1,patient101,patient101_case01,IBC,IBC_patient009_0146.jpg,2,,off_target_fp,42,0,0.0,0.0,0.0,0.0,0,False
HYBRID_TALON,1,patient101,patient101_case01,IBC,IBC_patient009_0146.jpg,3,,off_target_fp,17,0,0.0,0.0,0.0,0.0,0,False
HYBRID_TALON,1,patient101,patient101_case01,IBC,IBC_patient009_0146.jpg,4,,off_target_fp,1,0,0.0,0.0,0.0,0.0,0,False
HYBRID_TALON,1,patient101,patient101_case01,IBC,IBC_patient009_0146.jpg,5,,off_target_fp,5,0,0.0,0.0,0.0,0.0,0,False
HYBRID_TALON,1,patient101,patient101_case01,IBC,IBC_patient009_0146.jpg,6,1.0,strong_75_plus,134,111,0.8671875,0.8283582089552238,0.8283582089552238,0.7350993377483444,1,False
HYBRID_TALON,1,patient101,patient101_case01,IBC,IBC_patient009_0147.jpg,1,,off_target_fp,78,0,0.0,0.0,0.0,0.0,0,False
HYBRID_TALON,1,patient101,patient101_case01,IBC,IBC_patient009_0147.jpg,2,,off_target_fp,1,0,0.0,0.0,0.0,0.0,0,False
HYBRID_TALON,1,patient101,patient101_case01,IBC,IBC_patient009_0147.jpg,3,,off_target_fp,2,0,0.0,0.0,0.0,0.0,0,False
HYBRID_TALON,1,patient101,patient101_case01,IBC,IBC_patient009_0147.jpg,4,,off_target_fp,1,0,0.0,0.0,0.0,0.0,0,False
HYBRID_TALON,1,patient101,patient101_case01,IBC,IBC_patient009_0147.jpg,5,1.0,moderate_50_to_75,171,117,0.8602941176470589,0.6842105263157895,0.6842105263157895,0.6157894736842106,1,False
HYBRID_TALON,1,patient101,patient101_case01,IBC,IBC_patient009_0148.jpg,1,,off_target_fp,186,0,0.0,0.0,0.0,0.0,0,False
HYBRID_TALON,1,patient101,patient101_case01,IBC,IBC_patient009_0148.jpg,2,,off_target_fp,14,0,0.0,0.0,0.0,0.0,0,False
HYBRID_TALON,1,patient101,patient101_case01,IBC,IBC_patient009_0148.jpg,3,,off_target_fp,8,0,0.0,0.0,0.0,0.0,0,False
HYBRID_TALON,1,patient101,patient101_case01,IBC,IBC_patient009_0148.jpg,4,1.0,strong_75_plus,204,153,0.8895348837209303,0.75,0.75,0.6860986547085202,1,False
HYBRID_TALON,1,patient101,patient101_case01,IBC,IBC_patient009_0149.jpg,1,,off_target_fp,228,0,0.0,0.0,0.0,0.0,0,False
HYBRID_TALON,1,patient101,patient101_case01,IBC,IBC_patient009_0149.jpg,2,,off_target_fp,5,0,0.0,0.0,0.0,0.0,0,False
HYBRID_TALON,1,patient101,patient101_case01,IBC,IBC_patient009_0149.jpg,3,,off_target_fp,14,0,0.0,0.0,0.0,0.0,0,False
HYBRID_TALON,1,patient101,patient101_case01,IBC,IBC_patient009_0149.jpg,4,1.0,strong_75_plus,236,195,0.9375,0.826271186440678,0.826271186440678,0.7831325301204819,1,False
HYBRID_TALON,1,patient101,patient101_case01,IBC,IBC_patient009_0150.jpg,1,,off_target_fp,187,0,0.0,0.0,0.0,0.0,0,False
HYBRID_TALON,1,patient101,patient101_case01,IBC,IBC_patient009_0150.jpg,2,,off_target_fp,13,0,0.0,0.0,0.0,0.0,0,False
HYBRID_TALON,1,patient101,patient101_case01,IBC,IBC_patient009_0150.jpg,3,1.0,strong_75_plus,238,198,0.9166666666666666,0.8319327731092437,0.8319327731092437,0.7734375,1,False
HYBRID_TALON,1,patient101,patient101_case01,IBC,IBC_patient009_0151.jpg,1,,off_target_fp,148,0,0.0,0.0,0.0,0.0,0,False
HYBRID_TALON,1,patient101,patient101_case01,IBC,IBC_patient009_0151.jpg,2,,off_target_fp,6,0,0.0,0.0,0.0,0.0,0,False
HYBRID_TALON,1,patient101,patient101_case01,IBC,IBC_patient009_0151.jpg,3,1.0,strong_75_plus,234,179,0.9132653061224489,0.7649572649572649,0.7649572649572649,0.7131474103585658,1,False
HYBRID_TALON,1,patient101,patient101_case01,IBC,IBC_patient009_0151.jpg,4,,off_target_fp,7,0,0.0,0.0,0.0,0.0,0,False
HYBRID_TALON,1,patient101,patient101_case01,IBC,IBC_patient009_0152.jpg,1,,off_target_fp,7,0,0.0,0.0,0.0,0.0,0,False
HYBRID_TALON,1,patient101,patient101_case01,IBC,IBC_patient009_0152.jpg,2,,off_target_fp,5,0,0.0,0.0,0.0,0.0,0,False
HYBRID_TALON,1,patient101,patient101_case01,IBC,IBC_patient009_0152.jpg,3,,off_target_fp,11,0,0.0,0.0,0.0,0.0,0,False
HYBRID_TALON,1,patient101,patient101_case01,IBC,IBC_patient009_0152.jpg,4,1.0,strong_75_plus,215,177,0.885,0.8232558139534883,0.8232558139534883,0.7436974789915967,1,False
HYBRID_TALON,1,patient101,patient101_case01,IBC,IBC_patient009_0152.jpg,5,,off_target_fp,2,0,0.0,0.0,0.0,0.0,0,False
HYBRID_TALON,1,patient101,patient101_case01,IBC,IBC_patient009_0153.jpg,1,,off_target_fp,21,0,0.0,0.0,0.0,0.0,0,False
HYBRID_TALON,1,patient101,patient101_case01,IBC,IBC_patient009_0153.jpg,2,,off_target_fp,3,0,0.0,0.0,0.0,0.0,0,False
HYBRID_TALON,1,patient101,patient101_case01,IBC,IBC_patient009_0153.jpg,3,,off_target_fp,11,0,0.0,0.0,0.0,0.0,0,False
HYBRID_TALON,1,patient101,patient101_case01,IBC,IBC_patient009_0153.jpg,4,1.0,strong_75_plus,199,174,0.8365384615384616,0.8743718592964824,0.8365384615384616,0.7467811158798283,1,False
HYBRID_TALON,1,patient101,patient101_case01,IBC,IBC_patient009_0153.jpg,5,,off_target_fp,2,0,0.0,0.0,0.0,0.0,0,False
HYBRID_TALON,1,patient101,patient101_case01,IBC,IBC_patient009_0154.jpg,1,,off_target_fp,44,0,0.0,0.0,0.0,0.0,0,False
HYBRID_TALON,1,patient101,patient101_case01,IBC,IBC_patient009_0154.jpg,2,,off_target_fp,1,0,0.0,0.0,0.0,0.0,0,False
HYBRID_TALON,1,patient101,patient101_case01,IBC,IBC_patient009_0154.jpg,3,,off_target_fp,12,0,0.0,0.0,0.0,0.0,0,False
HYBRID_TALON,1,patient101,patient101_case01,IBC,IBC_patient009_0154.jpg,4,,off_target_fp,1,0,0.0,0.0,0.0,0.0,0,False
HYBRID_TALON,1,patient101,patient101_case01,IBC,IBC_patient009_0154.jpg,5,1.0,strong_75_plus,156,139,0.8081395348837209,0.8910256410256411,0.8081395348837209,0.7354497354497355,1,False
HYBRID_TALON,1,patient101,patient101_case01,IBC,IBC_patient009_0154.jpg,6,,off_target_fp,1,0,0.0,0.0,0.0,0.0,0,False
HYBRID_TALON,1,patient101,patient101_case01,IBC,IBC_patient009_0154.jpg,7,,off_target_fp,2,0,0.0,0.0,0.0,0.0,0,False
HYBRID_TALON,1,patient101,patient101_case01,IBC,IBC_patient009_0155.jpg,1,,off_target_fp,16,0,0.0,0.0,0.0,0.0,0,False
HYBRID_TALON,1,patient101,patient101_case01,IBC,IBC_patient009_0155.jpg,2,,off_target_fp,67,0,0.0,0.0,0.0,0.0,0,False
HYBRID_TALON,1,patient101,patient101_case01,IBC,IBC_patient009_0155.jpg,3,,off_target_fp,23,0,0.0,0.0,0.0,0.0,0,False
HYBRID_TALON,1,patient101,patient101_case01,IBC,IBC_patient009_0155.jpg,4,1.0,strong_75_plus,145,131,0.81875,0.903448275862069,0.81875,0.7528735632183908,1,False
HYBRID_TALON,1,patient101,patient101_case01,IBC,IBC_patient009_0155.jpg,5,,off_target_fp,2,0,0.0,0.0,0.0,0.0,0,False
HYBRID_TALON,1,patient101,patient101_case01,IBC,IBC_patient009_0155.jpg,6,,off_target_fp,4,0,0.0,0.0,0.0,0.0,0,False
HYBRID_TALON,1,patient101,patient101_case01,IBC,IBC_patient009_0155.jpg,7,,off_target_fp,5,0,0.0,0.0,0.0,0.0,0,False
HYBRID_TALON,1,patient101,patient101_case01,IBC,IBC_patient009_0156.jpg,1,,off_target_fp,18,0,0.0,0.0,0.0,0.0,0,False
HYBRID_TALON,1,patient101,patient101_case01,IBC,IBC_patient009_0156.jpg,2,,off_target_fp,77,0,0.0,0.0,0.0,0.0,0,False
HYBRID_TALON,1,patient101,patient101_case01,IBC,IBC_patient009_0156.jpg,3,,off_target_fp,26,0,0.0,0.0,0.0,0.0,0,False
HYBRID_TALON,1,patient101,patient101_case01,IBC,IBC_patient009_0156.jpg,4,,off_target_fp,34,0,0.0,0.0,0.0,0.0,0,False
HYBRID_TALON,1,patient101,patient101_case01,IBC,IBC_patient009_0156.jpg,5,1.0,strong_75_plus,140,124,0.7560975609756098,0.8857142857142857,0.7560975609756098,0.6888888888888889,1,False
HYBRID_TALON,1,patient101,patient101_case01,IBC,IBC_patient009_0157.jpg,1,,off_target_fp,2,0,0.0,0.0,0.0,0.0,0,False
HYBRID_TALON,1,patient101,patient101_case01,IBC,IBC_patient009_0157.jpg,2,,off_target_fp,7,0,0.0,0.0,0.0,0.0,0,False
HYBRID_TALON,1,patient101,patient101_case01,IBC,IBC_patient009_0157.jpg,3,,off_target_fp,10,0,0.0,0.0,0.0,0.0,0,False
HYBRID_TALON,1,patient101,patient101_case01,IBC,IBC_patient009_0157.jpg,4,,off_target_fp,62,0,0.0,0.0,0.0,0.0,0,False
HYBRID_TALON,1,patient101,patient101_case01,IBC,IBC_patient009_0157.jpg,5,1.0,strong_75_plus,247,204,0.796875,0.8259109311740891,0.796875,0.6822742474916388,1,False
HYBRID_TALON,1,patient101,patient101_case01,IBC,IBC_patient009_0157.jpg,6,,off_target_fp,49,0,0.0,0.0,0.0,0.0,0,False
HYBRID_TALON,1,patient101,patient101_case01,IBC,IBC_patient009_0158.jpg,1,,off_target_fp,2,0,0.0,0.0,0.0,0.0,0,False
HYBRID_TALON,1,patient101,patient101_case01,IBC,IBC_patient009_0158.jpg,2,,off_target_fp,21,0,0.0,0.0,0.0,0.0,0,False
HYBRID_TALON,1,patient101,patient101_case01,IBC,IBC_patient009_0158.jpg,3,,off_target_fp,46,0,0.0,0.0,0.0,0.0,0,False
HYBRID_TALON,1,patient101,patient101_case01,IBC,IBC_patient009_0158.jpg,4,1.0,strong_75_plus,273,233,0.8694029850746269,0.8534798534798534,0.8534798534798534,0.7564935064935064,1,False
HYBRID_TALON,1,patient101,patient101_case01,IBC,IBC_patient009_0158.jpg,5,,off_target_fp,17,0,0.0,0.0,0.0,0.0,0,False
HYBRID_TALON,1,patient101,patient101_case01,IBC,IBC_patient009_0158.jpg,6,,off_target_fp,11,0,0.0,0.0,0.0,0.0,0,False
HYBRID_TALON,1,patient101,patient101_case01,IBC,IBC_patient009_0159.jpg,1,,off_target_fp,15,0,0.0,0.0,0.0,0.0,0,False
HYBRID_TALON,1,patient101,patient101_case01,IBC,IBC_patient009_0159.jpg,2,,off_target_fp,26,0,0.0,0.0,0.0,0.0,0,False
HYBRID_TALON,1,patient101,patient101_case01,IBC,IBC_patient009_0159.jpg,3,,off_target_fp,8,0,0.0,0.0,0.0,0.0,0,False
HYBRID_TALON,1,patient101,patient101_case01,IBC,IBC_patient009_0159.jpg,4,,off_target_fp,29,0,0.0,0.0,0.0,0.0,0,False
HYBRID_TALON,1,patient101,patient101_case01,IBC,IBC_patient009_0159.jpg,5,,off_target_fp,1,0,0.0,0.0,0.0,0.0,0,False
HYBRID_TALON,1,patient101,patient101_case01,IBC,IBC_patient009_0159.jpg,6,1.0,strong_75_plus,292,232,0.90625,0.7945205479452054,0.7945205479452054,0.7341772151898734,1,False
HYBRID_TALON,1,patient101,patient101_case01,IBC,IBC_patient009_0159.jpg,7,,off_target_fp,9,0,0.0,0.0,0.0,0.0,0,False
HYBRID_TALON,1,patient101,patient101_case01,IBC,IBC_patient009_0160.jpg,1,,off_target_fp,19,0,0.0,0.0,0.0,0.0,0,False
HYBRID_TALON,1,patient101,patient101_case01,IBC,IBC_patient009_0160.jpg,2,,off_target_fp,15,0,0.0,0.0,0.0,0.0,0,False
HYBRID_TALON,1,patient101,patient101_case01,IBC,IBC_patient009_0160.jpg,3,,off_target_fp,18,0,0.0,0.0,0.0,0.0,0,False
HYBRID_TALON,1,patient101,patient101_case01,IBC,IBC_patient009_0160.jpg,4,,off_target_fp,3,0,0.0,0.0,0.0,0.0,0,False
HYBRID_TALON,1,patient101,patient101_case01,IBC,IBC_patient009_0160.jpg,5,1.0,strong_75_plus,290,219,0.8830645161290323,0.7551724137931034,0.7551724137931034,0.6865203761755486,1,False
HYBRID_TALON,1,patient101,patient101_case01,IBC,IBC_patient009_0160.jpg,6,,off_target_fp,12,0,0.0,0.0,0.0,0.0,0,False
HYBRID_TALON,1,patient101,patient101_case01,IBC,IBC_patient009_0161.jpg,1,,off_target_fp,16,0,0.0,0.0,0.0,0.0,0,False
HYBRID_TALON,1,patient101,patient101_case01,IBC,IBC_patient009_0161.jpg,2,,off_target_fp,10,0,0.0,0.0,0.0,0.0,0,False
HYBRID_TALON,1,patient101,patient101_case01,IBC,IBC_patient009_0161.jpg,3,,off_target_fp,17,0,0.0,0.0,0.0,0.0,0,False
HYBRID_TALON,1,patient101,patient101_case01,IBC,IBC_patient009_0161.jpg,4,,off_target_fp,7,0,0.0,0.0,0.0,0.0,0,False
HYBRID_TALON,1,patient101,patient101_case01,IBC,IBC_patient009_0161.jpg,5,,off_target_fp,1,0,0.0,0.0,0.0,0.0,0,False
HYBRID_TALON,1,patient101,patient101_case01,IBC,IBC_patient009_0161.jpg,6,1.0,strong_75_plus,290,223,0.9139344262295082,0.7689655172413793,0.7689655172413793,0.7170418006430869,1,False
HYBRID_TALON,1,patient101,patient101_case01,IBC,IBC_patient009_0161.jpg,7,,off_target_fp,13,0,0.0,0.0,0.0,0.0,0,False
HYBRID_TALON,1,patient101,patient101_case01,IBC,IBC_patient009_0162.jpg,1,,off_target_fp,44,0,0.0,0.0,0.0,0.0,0,False
HYBRID_TALON,1,patient101,patient101_case01,IBC,IBC_patient009_0162.jpg,2,,off_target_fp,18,0,0.0,0.0,0.0,0.0,0,False
HYBRID_TALON,1,patient101,patient101_case01,IBC,IBC_patient009_0162.jpg,3,,off_target_fp,15,0,0.0,0.0,0.0,0.0,0,False
HYBRID_TALON,1,patient101,patient101_case01,IBC,IBC_patient009_0162.jpg,4,,off_target_fp,12,0,0.0,0.0,0.0,0.0,0,False
HYBRID_TALON,1,patient101,patient101_case01,IBC,IBC_patient009_0162.jpg,5,,off_target_fp,1,0,0.0,0.0,0.0,0.0,0,False
HYBRID_TALON,1,patient101,patient101_case01,IBC,IBC_patient009_0162.jpg,6,,off_target_fp,11,0,0.0,0.0,0.0,0.0,0,False
HYBRID_TALON,1,patient101,patient101_case01,IBC,IBC_patient009_0162.jpg,7,,off_target_fp,1,0,0.0,0.0,0.0,0.0,0,False
HYBRID_TALON,1,patient101,patient101_case01,IBC,IBC_patient009_0162.jpg,8,1.0,strong_75_plus,301,263,0.9392857142857143,0.8737541528239202,0.8737541528239202,0.8270440251572327,1,False
HYBRID_TALON,1,patient101,patient101_case01,IBC,IBC_patient009_0162.jpg,9,,off_target_fp,8,0,0.0,0.0,0.0,0.0,0,False
HYBRID_TALON,1,patient101,patient101_case01,IBC,IBC_patient009_0163.jpg,1,,off_target_fp,50,0,0.0,0.0,0.0,0.0,0,False
HYBRID_TALON,1,patient101,patient101_case01,IBC,IBC_patient009_0163.jpg,2,,off_target_fp,40,0,0.0,0.0,0.0,0.0,0,False
HYBRID_TALON,1,patient101,patient101_case01,IBC,IBC_patient009_0163.jpg,3,,off_target_fp,16,0,0.0,0.0,0.0,0.0,0,False
HYBRID_TALON,1,patient101,patient101_case01,IBC,IBC_patient009_0163.jpg,4,,off_target_fp,5,0,0.0,0.0,0.0,0.0,0,False
HYBRID_TALON,1,patient101,patient101_case01,IBC,IBC_patient009_0163.jpg,5,,off_target_fp,8,0,0.0,0.0,0.0,0.0,0,False
HYBRID_TALON,1,patient101,patient101_case01,IBC,IBC_patient009_0163.jpg,6,1.0,strong_75_plus,263,238,0.9596774193548387,0.9049429657794676,0.9049429657794676,0.8717948717948718,1,False
HYBRID_TALON,1,patient101,patient101_case01,IBC,IBC_patient009_0163.jpg,7,,off_target_fp,4,0,0.0,0.0,0.0,0.0,0,False
HYBRID_TALON,1,patient101,patient101_case01,IBC,IBC_patient009_0163.jpg,8,,off_target_fp,4,0,0.0,0.0,0.0,0.0,0,False
HYBRID_TALON,1,patient101,patient101_case01,IBC,IBC_patient009_0164.jpg,1,,off_target_fp,18,0,0.0,0.0,0.0,0.0,0,False
HYBRID_TALON,1,patient101,patient101_case01,IBC,IBC_patient009_0164.jpg,2,,off_target_fp,14,0,0.0,0.0,0.0,0.0,0,False
HYBRID_TALON,1,patient101,patient101_case01,IBC,IBC_patient009_0164.jpg,3,,off_target_fp,4,0,0.0,0.0,0.0,0.0,0,False
HYBRID_TALON,1,patient101,patient101_case01,IBC,IBC_patient009_0164.jpg,4,,off_target_fp,17,0,0.0,0.0,0.0,0.0,0,False
HYBRID_TALON,1,patient101,patient101_case01,IBC,IBC_patient009_0164.jpg,5,,off_target_fp,27,0,0.0,0.0,0.0,0.0,0,False
HYBRID_TALON,1,patient101,patient101_case01,IBC,IBC_patient009_0164.jpg,6,1.0,strong_75_plus,212,208,0.8387096774193549,0.9811320754716981,0.8387096774193549,0.8253968253968254,1,False
HYBRID_TALON,1,patient101,patient101_case01,IBC,IBC_patient009_0164.jpg,7,,off_target_fp,8,0,0.0,0.0,0.0,0.0,0,False
HYBRID_TALON,1,patient101,patient101_case01,IBC,IBC_patient009_0164.jpg,8,,off_target_fp,8,0,0.0,0.0,0.0,0.0,0,False
HYBRID_TALON,1,patient101,patient101_case01,IBC,IBC_patient009_0165.jpg,1,,off_target_fp,1,0,0.0,0.0,0.0,0.0,0,False
HYBRID_TALON,1,patient101,patient101_case01,IBC,IBC_patient009_0165.jpg,2,,off_target_fp,6,0,0.0,0.0,0.0,0.0,0,False
HYBRID_TALON,1,patient101,patient101_case01,IBC,IBC_patient009_0165.jpg,3,,off_target_fp,13,0,0.0,0.0,0.0,0.0,0,False
HYBRID_TALON,1,patient101,patient101_case01,IBC,IBC_patient009_0165.jpg,4,,off_target_fp,17,0,0.0,0.0,0.0,0.0,0,False
HYBRID_TALON,1,patient101,patient101_case01,IBC,IBC_patient009_0165.jpg,5,,off_target_fp,11,0,0.0,0.0,0.0,0.0,0,False
HYBRID_TALON,1,patient101,patient101_case01,IBC,IBC_patient009_0165.jpg,6,,off_target_fp,18,0,0.0,0.0,0.0,0.0,0,False
HYBRID_TALON,1,patient101,patient101_case01,IBC,IBC_patient009_0165.jpg,7,1.0,strong_75_plus,135,128,0.8205128205128205,0.9481481481481482,0.8205128205128205,0.7852760736196319,1,False
HYBRID_TALON,1,patient101,patient101_case01,IBC,IBC_patient009_0165.jpg,8,,off_target_fp,2,0,0.0,0.0,0.0,0.0,0,False
HYBRID_TALON,1,patient101,patient101_case01,IBC,IBC_patient009_0165.jpg,9,,off_target_fp,15,0,0.0,0.0,0.0,0.0,0,False
HYBRID_TALON,1,patient101,patient101_case01,IBC,IBC_patient009_0165.jpg,10,,off_target_fp,17,0,0.0,0.0,0.0,0.0,0,False
HYBRID_TALON,1,patient101,patient101_case01,IBC,IBC_patient009_0166.jpg,1,,off_target_fp,5,0,0.0,0.0,0.0,0.0,0,False
HYBRID_TALON,1,patient101,patient101_case01,IBC,IBC_patient009_0166.jpg,2,,off_target_fp,6,0,0.0,0.0,0.0,0.0,0,False
HYBRID_TALON,1,patient101,patient101_case01,IBC,IBC_patient009_0166.jpg,3,,off_target_fp,6,0,0.0,0.0,0.0,0.0,0,False
HYBRID_TALON,1,patient101,patient101_case01,IBC,IBC_patient009_0166.jpg,4,,off_target_fp,5,0,0.0,0.0,0.0,0.0,0,False
HYBRID_TALON,1,patient101,patient101_case01,IBC,IBC_patient009_0166.jpg,5,,off_target_fp,21,0,0.0,0.0,0.0,0.0,0,False
HYBRID_TALON,1,patient101,patient101_case01,IBC,IBC_patient009_0166.jpg,6,1.0,moderate_50_to_75,51,49,0.532608695652174,0.9607843137254902,0.532608695652174,0.5212765957446809,1,False
HYBRID_TALON,1,patient101,patient101_case01,IBC,IBC_patient009_0166.jpg,7,,off_target_fp,23,0,0.0,0.0,0.0,0.0,0,False
HYBRID_TALON,1,patient101,patient101_case01,IBC,IBC_patient009_0166.jpg,8,,off_target_fp,30,0,0.0,0.0,0.0,0.0,0,False
HYBRID_TALON,10,patient005,patient005_case01,IGM,IGM_patient011_0059.jpg,1,,off_target_fp,21,0,0.0,0.0,0.0,0.0,0,False
HYBRID_TALON,10,patient005,patient005_case01,IGM,IGM_patient011_0059.jpg,2,,off_target_fp,15,0,0.0,0.0,0.0,0.0,0,False
HYBRID_TALON,10,patient005,patient005_case01,IGM,IGM_patient011_0059.jpg,3,,off_target_fp,23,0,0.0,0.0,0.0,0.0,0,False
HYBRID_TALON,10,patient005,patient005_case01,IGM,IGM_patient011_0060.jpg,1,,off_target_fp,37,0,0.0,0.0,0.0,0.0,0,False
HYBRID_TALON,10,patient005,patient005_case01,IGM,IGM_patient011_0061.jpg,1,,off_target_fp,19,0,0.0,0.0,0.0,0.0,0,False
HYBRID_TALON,10,patient005,patient005_case01,IGM,IGM_patient011_0061.jpg,2,,off_target_fp,10,0,0.0,0.0,0.0,0.0,0,False
HYBRID_TALON,10,patient005,patient005_case01,IGM,IGM_patient011_0066.jpg,1,,off_target_fp,31,0,0.0,0.0,0.0,0.0,0,False
HYBRID_TALON,10,patient008,patient008_case01,IGM,IGM_patient013_0079.jpg,1,,off_target_fp,29,0,0.0,0.0,0.0,0.0,0,False
HYBRID_TALON,10,patient008,patient008_case01,IGM,IGM_patient013_0080.jpg,1,,off_target_fp,32,0,0.0,0.0,0.0,0.0,0,False
HYBRID_TALON,10,patient008,patient008_case01,IGM,IGM_patient013_0080.jpg,2,,off_target_fp,52,0,0.0,0.0,0.0,0.0,0,False
HYBRID_TALON,10,patient008,patient008_case01,IGM,IGM_patient013_0080.jpg,3,1.0,low_25_to_50,24,24,0.3,1.0,0.3,0.3,1,False
HYBRID_TALON,10,patient008,patient008_case01,IGM,IGM_patient013_0081.jpg,1,,off_target_fp,27,0,0.0,0.0,0.0,0.0,0,False
HYBRID_TALON,10,patient008,patient008_case01,IGM,IGM_patient013_0081.jpg,2,1.0,partial_below_25,26,24,0.23076923076923078,0.9230769230769231,0.23076923076923078,0.22641509433962265,1,False
HYBRID_TALON,10,patient008,patient008_case01,IGM,IGM_patient013_0082.jpg,1,,off_target_fp,35,0,0.0,0.0,0.0,0.0,0,False
HYBRID_TALON,10,patient008,patient008_case01,IGM,IGM_patient013_0082.jpg,2,1.0,partial_below_25,21,21,0.1590909090909091,1.0,0.1590909090909091,0.1590909090909091,1,False
HYBRID_TALON,10,patient008,patient008_case01,IGM,IGM_patient013_0083.jpg,1,,off_target_fp,27,0,0.0,0.0,0.0,0.0,0,False
HYBRID_TALON,10,patient014,patient014_case01,IBC,IBC_patient016_0135.jpg,1,1.0,moderate_50_to_75,190,119,0.9916666666666667,0.6263157894736842,0.6263157894736842,0.6230366492146597,1,False
HYBRID_TALON,10,patient014,patient014_case01,IBC,IBC_patient016_0135.jpg,2,,off_target_fp,59,0,0.0,0.0,0.0,0.0,0,False
HYBRID_TALON,10,patient014,patient014_case01,IBC,IBC_patient016_0135.jpg,3,,off_target_fp,13,0,0.0,0.0,0.0,0.0,0,False
HYBRID_TALON,10,patient014,patient014_case01,IBC,IBC_patient016_0135.jpg,4,,off_target_fp,25,0,0.0,0.0,0.0,0.0,0,False
HYBRID_TALON,10,patient014,patient014_case01,IBC,IBC_patient016_0135.jpg,5,,off_target_fp,63,0,0.0,0.0,0.0,0.0,0,False
HYBRID_TALON,10,patient014,patient014_case01,IBC,IBC_patient016_0135.jpg,6,,off_target_fp,95,0,0.0,0.0,0.0,0.0,0,False
HYBRID_TALON,10,patient014,patient014_case01,IBC,IBC_patient016_0136.jpg,1,1.0,strong_75_plus,220,182,0.9891304347826086,0.8272727272727273,0.8272727272727273,0.8198198198198198,1,False
HYBRID_TALON,10,patient014,patient014_case01,IBC,IBC_patient016_0136.jpg,2,,off_target_fp,89,0,0.0,0.0,0.0,0.0,0,False
HYBRID_TALON,10,patient014,patient014_case01,IBC,IBC_patient016_0136.jpg,3,,off_target_fp,17,0,0.0,0.0,0.0,0.0,0,False
HYBRID_TALON,10,patient014,patient014_case01,IBC,IBC_patient016_0136.jpg,4,,off_target_fp,204,0,0.0,0.0,0.0,0.0,0,False
HYBRID_TALON,10,patient014,patient014_case01,IBC,IBC_patient016_0137.jpg,1,1.0,strong_75_plus,240,212,0.9814814814814815,0.8833333333333333,0.8833333333333333,0.8688524590163934,1,False
HYBRID_TALON,10,patient014,patient014_case01,IBC,IBC_patient016_0137.jpg,2,,off_target_fp,111,0,0.0,0.0,0.0,0.0,0,False
HYBRID_TALON,10,patient014,patient014_case01,IBC,IBC_patient016_0137.jpg,3,,off_target_fp,15,0,0.0,0.0,0.0,0.0,0,False
HYBRID_TALON,10,patient014,patient014_case01,IBC,IBC_patient016_0137.jpg,4,,off_target_fp,318,0,0.0,0.0,0.0,0.0,0,False
HYBRID_TALON,10,patient014,patient014_case01,IBC,IBC_patient016_0138.jpg,1,1.0,strong_75_plus,258,209,0.9675925925925926,0.810077519379845,0.810077519379845,0.7886792452830189,1,False
HYBRID_TALON,10,patient014,patient014_case01,IBC,IBC_patient016_0138.jpg,2,,off_target_fp,124,0,0.0,0.0,0.0,0.0,0,False
HYBRID_TALON,10,patient014,patient014_case01,IBC,IBC_patient016_0138.jpg,3,,off_target_fp,12,0,0.0,0.0,0.0,0.0,0,False
HYBRID_TALON,10,patient014,patient014_case01,IBC,IBC_patient016_0138.jpg,4,,off_target_fp,404,0,0.0,0.0,0.0,0.0,0,False
HYBRID_TALON,10,patient014,patient014_case01,IBC,IBC_patient016_0139.jpg,1,1.0,strong_75_plus,274,254,0.9202898550724637,0.927007299270073,0.9202898550724637,0.8581081081081081,1,False
HYBRID_TALON,10,patient014,patient014_case01,IBC,IBC_patient016_0139.jpg,2,,off_target_fp,122,0,0.0,0.0,0.0,0.0,0,False
HYBRID_TALON,10,patient014,patient014_case01,IBC,IBC_patient016_0139.jpg,3,,off_target_fp,490,0,0.0,0.0,0.0,0.0,0,False
HYBRID_TALON,10,patient014,patient014_case01,IBC,IBC_patient016_0140.jpg,1,1.0,strong_75_plus,280,244,0.9682539682539683,0.8714285714285714,0.8714285714285714,0.8472222222222222,1,False
HYBRID_TALON,10,patient014,patient014_case01,IBC,IBC_patient016_0140.jpg,2,,off_target_fp,98,0,0.0,0.0,0.0,0.0,0,False
HYBRID_TALON,10,patient014,patient014_case01,IBC,IBC_patient016_0140.jpg,3,,off_target_fp,531,0,0.0,0.0,0.0,0.0,0,False
HYBRID_TALON,10,patient014,patient014_case01,IBC,IBC_patient016_0141.jpg,1,1.0,strong_75_plus,282,232,0.9830508474576272,0.8226950354609929,0.8226950354609929,0.8111888111888111,1,False
HYBRID_TALON,10,patient014,patient014_case01,IBC,IBC_patient016_0141.jpg,2,,off_target_fp,13,0,0.0,0.0,0.0,0.0,0,False
HYBRID_TALON,10,patient014,patient014_case01,IBC,IBC_patient016_0141.jpg,3,,off_target_fp,537,0,0.0,0.0,0.0,0.0,0,False
HYBRID_TALON,10,patient014,patient014_case01,IBC,IBC_patient016_0142.jpg,1,1.0,strong_75_plus,284,221,0.9692982456140351,0.778169014084507,0.778169014084507,0.7594501718213058,1,False
HYBRID_TALON,10,patient014,patient014_case01,IBC,IBC_patient016_0142.jpg,2,,off_target_fp,530,0,0.0,0.0,0.0,0.0,0,False
HYBRID_TALON,10,patient014,patient014_case01,IBC,IBC_patient016_0143.jpg,1,,off_target_fp,99,0,0.0,0.0,0.0,0.0,0,False
HYBRID_TALON,10,patient014,patient014_case01,IBC,IBC_patient016_0143.jpg,2,1.0,moderate_50_to_75,279,192,0.9795918367346939,0.6881720430107527,0.6881720430107527,0.6784452296819788,1,False
HYBRID_TALON,10,patient014,patient014_case01,IBC,IBC_patient016_0143.jpg,3,,off_target_fp,10,0,0.0,0.0,0.0,0.0,0,False
HYBRID_TALON,10,patient014,patient014_case01,IBC,IBC_patient016_0143.jpg,4,,off_target_fp,528,0,0.0,0.0,0.0,0.0,0,False
HYBRID_TALON,10,patient014,patient014_case01,IBC,IBC_patient016_0144.jpg,1,,off_target_fp,179,0,0.0,0.0,0.0,0.0,0,False
HYBRID_TALON,10,patient014,patient014_case01,IBC,IBC_patient016_0144.jpg,2,1.0,moderate_50_to_75,286,193,0.9846938775510204,0.6748251748251748,0.6748251748251748,0.6678200692041523,1,False
HYBRID_TALON,10,patient014,patient014_case01,IBC,IBC_patient016_0144.jpg,3,,off_target_fp,14,0,0.0,0.0,0.0,0.0,0,False
HYBRID_TALON,10,patient014,patient014_case01,IBC,IBC_patient016_0144.jpg,4,,off_target_fp,507,0,0.0,0.0,0.0,0.0,0,False
HYBRID_TALON,10,patient014,patient014_case01,IBC,IBC_patient016_0145.jpg,1,,off_target_fp,201,0,0.0,0.0,0.0,0.0,0,False
HYBRID_TALON,10,patient014,patient014_case01,IBC,IBC_patient016_0145.jpg,2,1.0,strong_75_plus,281,236,0.9833333333333333,0.8398576512455516,0.8398576512455516,0.8280701754385965,1,False
HYBRID_TALON,10,patient014,patient014_case01,IBC,IBC_patient016_0145.jpg,3,,off_target_fp,15,0,0.0,0.0,0.0,0.0,0,False
HYBRID_TALON,10,patient014,patient014_case01,IBC,IBC_patient016_0145.jpg,4,,off_target_fp,16,0,0.0,0.0,0.0,0.0,0,False
HYBRID_TALON,10,patient014,patient014_case01,IBC,IBC_patient016_0145.jpg,5,,off_target_fp,461,0,0.0,0.0,0.0,0.0,0,False
HYBRID_TALON,10,patient014,patient014_case01,IBC,IBC_patient016_0146.jpg,1,,off_target_fp,83,0,0.0,0.0,0.0,0.0,0,False
HYBRID_TALON,10,patient014,patient014_case01,IBC,IBC_patient016_0146.jpg,2,,off_target_fp,192,0,0.0,0.0,0.0,0.0,0,False
HYBRID_TALON,10,patient014,patient014_case01,IBC,IBC_patient016_0146.jpg,3,1.0,strong_75_plus,258,222,0.940677966101695,0.8604651162790697,0.8604651162790697,0.8161764705882353,1,False
HYBRID_TALON,10,patient014,patient014_case01,IBC,IBC_patient016_0146.jpg,4,,off_target_fp,18,0,0.0,0.0,0.0,0.0,0,False
HYBRID_TALON,10,patient014,patient014_case01,IBC,IBC_patient016_0146.jpg,5,,off_target_fp,20,0,0.0,0.0,0.0,0.0,0,False
HYBRID_TALON,10,patient014,patient014_case01,IBC,IBC_patient016_0146.jpg,6,,off_target_fp,406,0,0.0,0.0,0.0,0.0,0,False
HYBRID_TALON,10,patient014,patient014_case01,IBC,IBC_patient016_0147.jpg,1,,off_target_fp,137,0,0.0,0.0,0.0,0.0,0,False
HYBRID_TALON,10,patient014,patient014_case01,IBC,IBC_patient016_0147.jpg,2,,off_target_fp,150,0,0.0,0.0,0.0,0.0,0,False
HYBRID_TALON,10,patient014,patient014_case01,IBC,IBC_patient016_0147.jpg,3,1.0,strong_75_plus,222,200,0.9259259259259259,0.9009009009009009,0.9009009009009009,0.8403361344537815,1,False
HYBRID_TALON,10,patient014,patient014_case01,IBC,IBC_patient016_0147.jpg,4,,off_target_fp,14,0,0.0,0.0,0.0,0.0,0,False
HYBRID_TALON,10,patient014,patient014_case01,IBC,IBC_patient016_0147.jpg,5,,off_target_fp,24,0,0.0,0.0,0.0,0.0,0,False
HYBRID_TALON,10,patient014,patient014_case01,IBC,IBC_patient016_0147.jpg,6,,off_target_fp,321,0,0.0,0.0,0.0,0.0,0,False
HYBRID_TALON,10,patient014,patient014_case01,IBC,IBC_patient016_0148.jpg,1,,off_target_fp,166,0,0.0,0.0,0.0,0.0,0,False
HYBRID_TALON,10,patient014,patient014_case01,IBC,IBC_patient016_0148.jpg,2,1.0,strong_75_plus,175,161,0.8385416666666666,0.92,0.8385416666666666,0.7815533980582524,1,False
HYBRID_TALON,10,patient014,patient014_case01,IBC,IBC_patient016_0148.jpg,3,,off_target_fp,10,0,0.0,0.0,0.0,0.0,0,False
HYBRID_TALON,10,patient014,patient014_case01,IBC,IBC_patient016_0148.jpg,4,,off_target_fp,17,0,0.0,0.0,0.0,0.0,0,False
HYBRID_TALON,10,patient014,patient014_case01,IBC,IBC_patient016_0148.jpg,5,,off_target_fp,21,0,0.0,0.0,0.0,0.0,0,False
HYBRID_TALON,10,patient014,patient014_case01,IBC,IBC_patient016_0148.jpg,6,,off_target_fp,124,0,0.0,0.0,0.0,0.0,0,False
HYBRID_TALON,10,patient014,patient014_case01,IBC,IBC_patient016_0149.jpg,1,,off_target_fp,178,0,0.0,0.0,0.0,0.0,0,False
HYBRID_TALON,10,patient014,patient014_case01,IBC,IBC_patient016_0149.jpg,2,1.0,moderate_50_to_75,124,124,0.6326530612244898,1.0,0.6326530612244898,0.6326530612244898,1,False
HYBRID_TALON,10,patient014,patient014_case01,IBC,IBC_patient016_0149.jpg,3,,off_target_fp,23,0,0.0,0.0,0.0,0.0,0,False
HYBRID_TALON,10,patient014,patient014_case01,IBC,IBC_patient016_0149.jpg,4,,off_target_fp,30,0,0.0,0.0,0.0,0.0,0,False
HYBRID_TALON,10,patient014,patient014_case01,IBC,IBC_patient016_0150.jpg,1,,off_target_fp,182,0,0.0,0.0,0.0,0.0,0,False
HYBRID_TALON,10,patient014,patient014_case01,IBC,IBC_patient016_0150.jpg,2,1.0,low_25_to_50,50,39,0.4875,0.78,0.4875,0.42857142857142855,1,False
HYBRID_TALON,10,patient014,patient014_case01,IBC,IBC_patient016_0150.jpg,3,,off_target_fp,52,0,0.0,0.0,0.0,0.0,0,False
HYBRID_TALON,10,patient014,patient014_case01,IBC,IBC_patient016_0150.jpg,4,,off_target_fp,36,0,0.0,0.0,0.0,0.0,0,False
HYBRID_TALON,10,patient014,patient014_case01,IBC,IBC_patient016_0151.jpg,1,,off_target_fp,171,0,0.0,0.0,0.0,0.0,0,False
HYBRID_TALON,10,patient014,patient014_case01,IBC,IBC_patient016_0151.jpg,2,,off_target_fp,91,0,0.0,0.0,0.0,0.0,0,False
HYBRID_TALON,10,patient014,patient014_case01,IBC,IBC_patient016_0151.jpg,3,,off_target_fp,23,0,0.0,0.0,0.0,0.0,0,False
HYBRID_TALON,10,patient014,patient014_case01,IBC,IBC_patient016_0151.jpg,4,,off_target_fp,65,0,0.0,0.0,0.0,0.0,0,False
HYBRID_TALON,10,patient014,patient014_case01,IBC,IBC_patient016_0151.jpg,5,,off_target_fp,202,0,0.0,0.0,0.0,0.0,0,False
HYBRID_TALON,10,patient015,patient015_case01,IGM,IGM_patient016_0051.jpg,1,1.0,moderate_50_to_75,82,68,0.7083333333333334,0.8292682926829268,0.7083333333333334,0.6181818181818182,1,False
HYBRID_TALON,10,patient015,patient015_case01,IGM,IGM_patient016_0052.jpg,1,1.0,moderate_50_to_75,169,114,0.8636363636363636,0.6745562130177515,0.6745562130177515,0.6096256684491979,1,False
HYBRID_TALON,10,patient015,patient015_case01,IGM,IGM_patient016_0053.jpg,1,,off_target_fp,30,0,0.0,0.0,0.0,0.0,0,False
HYBRID_TALON,10,patient015,patient015_case01,IGM,IGM_patient016_0053.jpg,2,,off_target_fp,18,0,0.0,0.0,0.0,0.0,0,False
HYBRID_TALON,10,patient015,patient015_case01,IGM,IGM_patient016_0053.jpg,3,1.0,moderate_50_to_75,181,152,0.6909090909090909,0.8397790055248618,0.6909090909090909,0.6104417670682731,1,False
HYBRID_TALON,10,patient015,patient015_case01,IGM,IGM_patient016_0054.jpg,1,,off_target_fp,55,0,0.0,0.0,0.0,0.0,0,False
HYBRID_TALON,10,patient015,patient015_case01,IGM,IGM_patient016_0054.jpg,2,,off_target_fp,25,0,0.0,0.0,0.0,0.0,0,False
HYBRID_TALON,10,patient015,patient015_case01,IGM,IGM_patient016_0054.jpg,3,1.0,strong_75_plus,224,199,0.8728070175438597,0.8883928571428571,0.8728070175438597,0.7865612648221344,1,False
HYBRID_TALON,10,patient015,patient015_case01,IGM,IGM_patient016_0055.jpg,1,,off_target_fp,100,0,0.0,0.0,0.0,0.0,0,False
HYBRID_TALON,10,patient015,patient015_case01,IGM,IGM_patient016_0055.jpg,2,,off_target_fp,20,0,0.0,0.0,0.0,0.0,0,False
HYBRID_TALON,10,patient015,patient015_case01,IGM,IGM_patient016_0055.jpg,3,1.0,strong_75_plus,200,151,0.877906976744186,0.755,0.755,0.6832579185520362,1,False
HYBRID_TALON,10,patient015,patient015_case01,IGM,IGM_patient016_0056.jpg,1,,off_target_fp,255,0,0.0,0.0,0.0,0.0,0,False
HYBRID_TALON,10,patient015,patient015_case01,IGM,IGM_patient016_0056.jpg,2,1.0,strong_75_plus,148,134,0.8589743589743589,0.9054054054054054,0.8589743589743589,0.788235294117647,1,False
HYBRID_TALON,10,patient015,patient015_case01,IGM,IGM_patient016_0057.jpg,1,,off_target_fp,10,0,0.0,0.0,0.0,0.0,0,False
HYBRID_TALON,10,patient015,patient015_case01,IGM,IGM_patient016_0057.jpg,2,1.0,strong_75_plus,81,81,0.84375,1.0,0.84375,0.84375,1,False
HYBRID_TALON,10,patient015,patient015_case01,IGM,IGM_patient016_0057.jpg,3,,off_target_fp,43,0,0.0,0.0,0.0,0.0,0,False
HYBRID_TALON,10,patient017,patient017_case01,IGM,IGM_patient017_0056.jpg,1,,off_target_fp,16,0,0.0,0.0,0.0,0.0,0,False
HYBRID_TALON,10,patient017,patient017_case01,IGM,IGM_patient017_0056.jpg,2,1.0,moderate_50_to_75,101,76,0.6551724137931034,0.7524752475247525,0.6551724137931034,0.5390070921985816,1,False
HYBRID_TALON,10,patient017,patient017_case01,IGM,IGM_patient017_0057.jpg,1,,off_target_fp,70,0,0.0,0.0,0.0,0.0,0,False
HYBRID_TALON,10,patient017,patient017_case01,IGM,IGM_patient017_0057.jpg,2,1.0,moderate_50_to_75,134,94,0.7121212121212122,0.7014925373134329,0.7014925373134329,0.5465116279069767,1,False
HYBRID_TALON,10,patient017,patient017_case01,IGM,IGM_patient017_0058.jpg,1,,off_target_fp,10,0,0.0,0.0,0.0,0.0,0,False
HYBRID_TALON,10,patient017,patient017_case01,IGM,IGM_patient017_0058.jpg,2,1.0,moderate_50_to_75,166,100,0.6578947368421053,0.6024096385542169,0.6024096385542169,0.45871559633027525,1,False
HYBRID_TALON,10,patient017,patient017_case01,IGM,IGM_patient017_0059.jpg,1,1.0,moderate_50_to_75,183,117,0.8357142857142857,0.639344262295082,0.639344262295082,0.5679611650485437,1,False
HYBRID_TALON,10,patient017,patient017_case01,IGM,IGM_patient017_0060.jpg,1,1.0,low_25_to_50,172,140,0.43209876543209874,0.813953488372093,0.43209876543209874,0.39325842696629215,1,False
HYBRID_TALON,10,patient017,patient017_case01,IGM,IGM_patient017_0061.jpg,1,1.0,moderate_50_to_75,132,108,0.7105263157894737,0.8181818181818182,0.7105263157894737,0.6136363636363636,1,False
HYBRID_TALON,10,patient017,patient017_case01,IGM,IGM_patient017_0061.jpg,2,,off_target_fp,26,0,0.0,0.0,0.0,0.0,0,False
HYBRID_TALON,10,patient017,patient017_case01,IGM,IGM_patient017_0062.jpg,1,1.0,low_25_to_50,127,122,0.391025641025641,0.9606299212598425,0.391025641025641,0.38485804416403785,1,False
HYBRID_TALON,10,patient017,patient017_case01,IGM,IGM_patient017_0063.jpg,1,1.0,partial_below_25,58,57,0.20955882352941177,0.9827586206896551,0.20955882352941177,0.2087912087912088,1,False
HYBRID_TALON,10,patient017,patient017_case01,IGM,IGM_patient017_0064.jpg,1,,off_target_fp,15,0,0.0,0.0,0.0,0.0,0,False
HYBRID_TALON,10,patient017,patient017_case01,IGM,IGM_patient017_0067.jpg,1,,off_target_fp,47,0,0.0,0.0,0.0,0.0,0,False
HYBRID_TALON,10,patient020,patient020_case01,IBC,IBC_patient019_0051.jpg,1,,off_target_fp,12,0,0.0,0.0,0.0,0.0,0,False
HYBRID_TALON,10,patient020,patient020_case01,IBC,IBC_patient019_0052.jpg,1,,off_target_fp,11,0,0.0,0.0,0.0,0.0,0,False
HYBRID_TALON,10,patient020,patient020_case01,IBC,IBC_patient019_0052.jpg,2,,off_target_fp,147,0,0.0,0.0,0.0,0.0,0,False
HYBRID_TALON,10,patient020,patient020_case01,IBC,IBC_patient019_0052.jpg,3,,off_target_fp,15,0,0.0,0.0,0.0,0.0,0,False
HYBRID_TALON,10,patient020,patient020_case01,IBC,IBC_patient019_0053.jpg,1,,off_target_fp,313,0,0.0,0.0,0.0,0.0,0,False
HYBRID_TALON,10,patient039,patient039_case01,IBC,IBC_patient002_0117.jpg,1,1.0,partial_below_25,57,30,0.05172413793103448,0.5263157894736842,0.05172413793103448,0.04942339373970346,1,False
HYBRID_TALON,10,patient039,patient039_case01,IBC,IBC_patient002_0117.jpg,2,1.0,partial_below_25,138,91,0.15689655172413794,0.6594202898550725,0.15689655172413794,0.14513556618819776,1,False
HYBRID_TALON,10,patient039,patient039_case01,IBC,IBC_patient002_0118.jpg,1,1.0,moderate_50_to_75,717,518,0.8993055555555556,0.7224546722454672,0.7224546722454672,0.6683870967741935,1,False
HYBRID_TALON,10,patient039,patient039_case01,IBC,IBC_patient002_0119.jpg,1,1.0,strong_75_plus,829,673,0.9614285714285714,0.8118214716525934,0.8118214716525934,0.7862149532710281,1,False
HYBRID_TALON,10,patient039,patient039_case01,IBC,IBC_patient002_0120.jpg,1,1.0,strong_75_plus,971,784,0.9751243781094527,0.8074150360453141,0.8074150360453141,0.7911200807265388,1,False
HYBRID_TALON,10,patient039,patient039_case01,IBC,IBC_patient002_0121.jpg,1,1.0,strong_75_plus,1087,951,0.9743852459016393,0.874885004599816,0.874885004599816,0.8552158273381295,1,False
HYBRID_TALON,10,patient039,patient039_case01,IBC,IBC_patient002_0122.jpg,1,1.0,strong_75_plus,1202,1071,0.9807692307692307,0.8910149750415973,0.8910149750415973,0.8757154538021259,1,False
HYBRID_TALON,10,patient039,patient039_case01,IBC,IBC_patient002_0123.jpg,1,1.0,strong_75_plus,1301,1185,0.9745065789473685,0.9108378170637971,0.9108378170637971,0.8896396396396397,1,False
HYBRID_TALON,10,patient039,patient039_case01,IBC,IBC_patient002_0124.jpg,1,1.0,strong_75_plus,1301,1199,0.9338006230529595,0.921598770176787,0.921598770176787,0.8650793650793651,1,False
HYBRID_TALON,10,patient039,patient039_case01,IBC,IBC_patient002_0125.jpg,1,1.0,strong_75_plus,1081,999,0.7661042944785276,0.9241443108233117,0.7661042944785276,0.7207792207792207,1,False
HYBRID_TALON,10,patient039,patient039_case01,IBC,IBC_patient002_0126.jpg,1,1.0,partial_below_25,44,39,0.029367469879518073,0.8863636363636364,0.029367469879518073,0.029257314328582147,1,False
HYBRID_TALON,10,patient039,patient039_case01,IBC,IBC_patient002_0126.jpg,2,1.0,moderate_50_to_75,890,808,0.608433734939759,0.9078651685393259,0.608433734939759,0.573049645390071,1,False
HYBRID_TALON,10,patient039,patient039_case01,IBC,IBC_patient002_0127.jpg,1,1.0,partial_below_25,24,13,0.009259259259259259,0.5416666666666666,0.009259259259259259,0.009187279151943463,1,False
HYBRID_TALON,10,patient039,patient039_case01,IBC,IBC_patient002_0127.jpg,2,1.0,moderate_50_to_75,788,738,0.5256410256410257,0.9365482233502538,0.5256410256410257,0.5075653370013755,1,False
HYBRID_TALON,10,patient039,patient039_case01,IBC,IBC_patient002_0128.jpg,1,1.0,partial_below_25,13,11,0.00804093567251462,0.8461538461538461,0.00804093567251462,0.008029197080291971,1,False
HYBRID_TALON,10,patient039,patient039_case01,IBC,IBC_patient002_0128.jpg,2,1.0,moderate_50_to_75,743,685,0.5007309941520468,0.9219380888290714,0.5007309941520468,0.4803646563814867,1,False
HYBRID_TALON,10,patient039,patient039_case01,IBC,IBC_patient002_0129.jpg,1,1.0,moderate_50_to_75,867,798,0.588495575221239,0.9204152249134948,0.588495575221239,0.56,1,False
HYBRID_TALON,10,patient039,patient039_case01,IBC,IBC_patient002_0130.jpg,1,1.0,moderate_50_to_75,880,837,0.634090909090909,0.9511363636363637,0.634090909090909,0.6140865737344093,1,False
HYBRID_TALON,10,patient039,patient039_case01,IBC,IBC_patient002_0131.jpg,1,1.0,moderate_50_to_75,800,745,0.5988745980707395,0.93125,0.5988745980707395,0.573518090839107,1,False
HYBRID_TALON,10,patient039,patient039_case01,IBC,IBC_patient002_0132.jpg,1,1.0,moderate_50_to_75,783,726,0.5912052117263844,0.9272030651340997,0.5912052117263844,0.5649805447470817,1,False
HYBRID_TALON,10,patient039,patient039_case01,IBC,IBC_patient002_0132.jpg,2,1.0,partial_below_25,11,6,0.004885993485342019,0.5454545454545454,0.004885993485342019,0.004866180048661801,1,False
HYBRID_TALON,10,patient039,patient039_case01,IBC,IBC_patient002_0133.jpg,1,1.0,partial_below_25,37,29,0.0231629392971246,0.7837837837837838,0.0231629392971246,0.023015873015873017,1,False
HYBRID_TALON,10,patient039,patient039_case01,IBC,IBC_patient002_0133.jpg,2,1.0,moderate_50_to_75,805,760,0.6070287539936102,0.9440993788819876,0.6070287539936102,0.5859676175790285,1,False
HYBRID_TALON,10,patient039,patient039_case01,IBC,IBC_patient002_0133.jpg,3,1.0,partial_below_25,21,17,0.013578274760383386,0.8095238095238095,0.013578274760383386,0.013535031847133758,1,False
HYBRID_TALON,10,patient039,patient039_case01,IBC,IBC_patient002_0134.jpg,1,1.0,strong_75_plus,1053,1022,0.8136942675159236,0.9705603038936372,0.8136942675159236,0.7940947940947941,1,False
HYBRID_TALON,10,patient039,patient039_case01,IBC,IBC_patient002_0135.jpg,1,1.0,strong_75_plus,1150,1107,0.9225,0.9626086956521739,0.9225,0.8905872888173774,1,False
HYBRID_TALON,10,patient039,patient039_case01,IBC,IBC_patient002_0136.jpg,1,1.0,strong_75_plus,1101,931,0.9779411764705882,0.8455949137148048,0.8455949137148048,0.8297682709447415,1,False
HYBRID_TALON,10,patient039,patient039_case01,IBC,IBC_patient002_0137.jpg,1,1.0,strong_75_plus,998,860,0.947136563876652,0.8617234468937875,0.8617234468937875,0.8221797323135756,1,False
HYBRID_TALON,10,patient039,patient039_case01,IBC,IBC_patient002_0138.jpg,1,1.0,strong_75_plus,857,768,0.8888888888888888,0.8961493582263711,0.8888888888888888,0.8058761804826863,1,False
HYBRID_TALON,10,patient039,patient039_case01,IBC,IBC_patient002_0139.jpg,1,1.0,moderate_50_to_75,524,499,0.5775462962962963,0.9522900763358778,0.5775462962962963,0.5613048368953881,1,False
HYBRID_TALON,10,patient039,patient039_case01,IBC,IBC_patient002_0139.jpg,2,1.0,partial_below_25,173,172,0.19907407407407407,0.9942196531791907,0.19907407407407407,0.19884393063583816,1,False
HYBRID_TALON,10,patient039,patient039_case01,IBC,IBC_patient002_0140.jpg,1,1.0,low_25_to_50,272,253,0.359375,0.9301470588235294,0.359375,0.3499308437067773,1,False
HYBRID_TALON,10,patient039,patient039_case01,IBC,IBC_patient002_0140.jpg,2,1.0,partial_below_25,78,73,0.10369318181818182,0.9358974358974359,0.10369318181818182,0.10296191819464035,1,False
HYBRID_TALON,10,patient039,patient039_case01,IBC,IBC_patient002_0140.jpg,3,1.0,partial_below_25,112,109,0.15482954545454544,0.9732142857142857,0.15482954545454544,0.15417256011315417,1,False
HYBRID_TALON,10,patient039,patient039_case01,IBC,IBC_patient002_0141.jpg,1,1.0,partial_below_25,90,90,0.16666666666666666,1.0,0.16666666666666666,0.16666666666666666,1,False
HYBRID_TALON,10,patient039,patient039_case01,IBC,IBC_patient002_0141.jpg,2,1.0,partial_below_25,47,47,0.08703703703703704,1.0,0.08703703703703704,0.08703703703703704,1,False
HYBRID_TALON,10,patient039,patient039_case01,IBC,IBC_patient002_0141.jpg,3,1.0,partial_below_25,29,29,0.053703703703703705,1.0,0.053703703703703705,0.053703703703703705,1,False
HYBRID_TALON,10,patient039,patient039_case01,IBC,IBC_patient002_0142.jpg,1,1.0,partial_below_25,19,17,0.06967213114754098,0.8947368421052632,0.06967213114754098,0.06910569105691057,1,False
HYBRID_TALON,10,patient039,patient039_case01,IBC,IBC_patient002_0143.jpg,1,,off_target_fp,19,0,0.0,0.0,0.0,0.0,0,False
HYBRID_TALON,10,patient039,patient039_case01,IBC,IBC_patient002_0143.jpg,2,1.0,partial_below_25,14,14,0.16666666666666666,1.0,0.16666666666666666,0.16666666666666666,1,False
HYBRID_TALON,10,patient027,patient027_case01,IBC,IBC_patient022_0068.jpg,1,,off_target_fp,74,0,0.0,0.0,0.0,0.0,0,False
HYBRID_TALON,10,patient027,patient027_case01,IBC,IBC_patient022_0068.jpg,2,,off_target_fp,95,0,0.0,0.0,0.0,0.0,0,False
HYBRID_TALON,10,patient027,patient027_case01,IBC,IBC_patient022_0069.jpg,1,,off_target_fp,83,0,0.0,0.0,0.0,0.0,0,False
HYBRID_TALON,10,patient027,patient027_case01,IBC,IBC_patient022_0069.jpg,2,,off_target_fp,107,0,0.0,0.0,0.0,0.0,0,False
HYBRID_TALON,10,patient027,patient027_case01,IBC,IBC_patient022_0069.jpg,3,,off_target_fp,24,0,0.0,0.0,0.0,0.0,0,False
HYBRID_TALON,10,patient027,patient027_case01,IBC,IBC_patient022_0070.jpg,1,,off_target_fp,33,0,0.0,0.0,0.0,0.0,0,False
HYBRID_TALON,10,patient027,patient027_case01,IBC,IBC_patient022_0070.jpg,2,,off_target_fp,56,0,0.0,0.0,0.0,0.0,0,False
HYBRID_TALON,10,patient027,patient027_case01,IBC,IBC_patient022_0070.jpg,3,,off_target_fp,55,0,0.0,0.0,0.0,0.0,0,False
HYBRID_TALON,10,patient027,patient027_case01,IBC,IBC_patient022_0071.jpg,1,,off_target_fp,42,0,0.0,0.0,0.0,0.0,0,False
HYBRID_TALON,10,patient027,patient027_case01,IBC,IBC_patient022_0071.jpg,2,,off_target_fp,36,0,0.0,0.0,0.0,0.0,0,False
HYBRID_TALON,10,patient027,patient027_case01,IBC,IBC_patient022_0072.jpg,1,1.0,strong_75_plus,163,124,0.9117647058823529,0.7607361963190185,0.7607361963190185,0.7085714285714285,1,False
HYBRID_TALON,10,patient027,patient027_case01,IBC,IBC_patient022_0072.jpg,2,,off_target_fp,39,0,0.0,0.0,0.0,0.0,0,False
HYBRID_TALON,10,patient027,patient027_case01,IBC,IBC_patient022_0072.jpg,3,,off_target_fp,16,0,0.0,0.0,0.0,0.0,0,False
HYBRID_TALON,10,patient027,patient027_case01,IBC,IBC_patient022_0072.jpg,4,,off_target_fp,10,0,0.0,0.0,0.0,0.0,0,False
HYBRID_TALON,10,patient027,patient027_case01,IBC,IBC_patient022_0072.jpg,5,,off_target_fp,20,0,0.0,0.0,0.0,0.0,0,False
HYBRID_TALON,10,patient027,patient027_case01,IBC,IBC_patient022_0073.jpg,1,1.0,low_25_to_50,26,26,0.30952380952380953,1.0,0.30952380952380953,0.30952380952380953,1,False
HYBRID_TALON,10,patient027,patient027_case01,IBC,IBC_patient022_0073.jpg,2,,off_target_fp,12,0,0.0,0.0,0.0,0.0,0,False
HYBRID_TALON,10,patient027,patient027_case01,IBC,IBC_patient022_0073.jpg,3,,off_target_fp,23,0,0.0,0.0,0.0,0.0,0,False
HYBRID_TALON,10,patient027,patient027_case01,IBC,IBC_patient022_0073.jpg,4,,off_target_fp,26,0,0.0,0.0,0.0,0.0,0,False
HYBRID_TALON,10,patient027,patient027_case01,IBC,IBC_patient022_0073.jpg,5,,off_target_fp,18,0,0.0,0.0,0.0,0.0,0,False
HYBRID_TALON,10,patient027,patient027_case01,IBC,IBC_patient022_0074.jpg,1,,off_target_fp,15,0,0.0,0.0,0.0,0.0,0,False
HYBRID_TALON,10,patient027,patient027_case01,IBC,IBC_patient022_0074.jpg,2,,off_target_fp,55,0,0.0,0.0,0.0,0.0,0,False
HYBRID_TALON,10,patient027,patient027_case01,IBC,IBC_patient022_0074.jpg,3,,off_target_fp,22,0,0.0,0.0,0.0,0.0,0,False
HYBRID_TALON,10,patient032,patient032_case01,IBC,IBC_patient026_0064.jpg,1,1.0,moderate_50_to_75,477,249,0.9880952380952381,0.5220125786163522,0.5220125786163522,0.51875,1,False
HYBRID_TALON,10,patient032,patient032_case01,IBC,IBC_patient026_0065.jpg,1,,off_target_fp,43,0,0.0,0.0,0.0,0.0,0,False
HYBRID_TALON,10,patient032,patient032_case01,IBC,IBC_patient026_0065.jpg,2,1.0,strong_75_plus,520,395,0.9875,0.7596153846153846,0.7596153846153846,0.7523809523809524,1,False
HYBRID_TALON,10,patient032,patient032_case01,IBC,IBC_patient026_0065.jpg,3,,off_target_fp,64,0,0.0,0.0,0.0,0.0,0,False
HYBRID_TALON,10,patient032,patient032_case01,IBC,IBC_patient026_0065.jpg,4,,off_target_fp,15,0,0.0,0.0,0.0,0.0,0,False
HYBRID_TALON,10,patient032,patient032_case01,IBC,IBC_patient026_0065.jpg,5,,off_target_fp,17,0,0.0,0.0,0.0,0.0,0,False
HYBRID_TALON,10,patient032,patient032_case01,IBC,IBC_patient026_0065.jpg,6,,off_target_fp,42,0,0.0,0.0,0.0,0.0,0,False
HYBRID_TALON,10,patient032,patient032_case01,IBC,IBC_patient026_0066.jpg,1,1.0,strong_75_plus,571,429,0.9930555555555556,0.7513134851138353,0.7513134851138353,0.7473867595818815,1,False
HYBRID_TALON,10,patient032,patient032_case01,IBC,IBC_patient026_0066.jpg,2,,off_target_fp,22,0,0.0,0.0,0.0,0.0,0,False
HYBRID_TALON,10,patient032,patient032_case01,IBC,IBC_patient026_0066.jpg,3,,off_target_fp,31,0,0.0,0.0,0.0,0.0,0,False
HYBRID_TALON,10,patient032,patient032_case01,IBC,IBC_patient026_0066.jpg,4,,off_target_fp,154,0,0.0,0.0,0.0,0.0,0,False
HYBRID_TALON,10,patient032,patient032_case01,IBC,IBC_patient026_0066.jpg,5,,off_target_fp,12,0,0.0,0.0,0.0,0.0,0,False
HYBRID_TALON,10,patient032,patient032_case01,IBC,IBC_patient026_0067.jpg,1,1.0,moderate_50_to_75,651,451,0.9977876106194691,0.6927803379416283,0.6927803379416283,0.691717791411043,1,False
HYBRID_TALON,10,patient032,patient032_case01,IBC,IBC_patient026_0067.jpg,2,,off_target_fp,92,0,0.0,0.0,0.0,0.0,0,False
HYBRID_TALON,10,patient032,patient032_case01,IBC,IBC_patient026_0067.jpg,3,,off_target_fp,33,0,0.0,0.0,0.0,0.0,0,False
HYBRID_TALON,10,patient032,patient032_case01,IBC,IBC_patient026_0067.jpg,4,,off_target_fp,20,0,0.0,0.0,0.0,0.0,0,False
HYBRID_TALON,10,patient032,patient032_case01,IBC,IBC_patient026_0068.jpg,1,1.0,strong_75_plus,607,485,0.9778225806451613,0.7990115321252059,0.7990115321252059,0.7847896440129449,1,False
HYBRID_TALON,10,patient032,patient032_case01,IBC,IBC_patient026_0068.jpg,2,,off_target_fp,13,0,0.0,0.0,0.0,0.0,0,False
HYBRID_TALON,10,patient032,patient032_case01,IBC,IBC_patient026_0068.jpg,3,,off_target_fp,12,0,0.0,0.0,0.0,0.0,0,False
HYBRID_TALON,10,patient032,patient032_case01,IBC,IBC_patient026_0068.jpg,4,,off_target_fp,46,0,0.0,0.0,0.0,0.0,0,False
HYBRID_TALON,10,patient032,patient032_case01,IBC,IBC_patient026_0068.jpg,5,,off_target_fp,42,0,0.0,0.0,0.0,0.0,0,False
HYBRID_TALON,10,patient032,patient032_case01,IBC,IBC_patient026_0068.jpg,6,,off_target_fp,10,0,0.0,0.0,0.0,0.0,0,False
HYBRID_TALON,10,patient032,patient032_case01,IBC,IBC_patient026_0068.jpg,7,,off_target_fp,18,0,0.0,0.0,0.0,0.0,0,False
HYBRID_TALON,10,patient032,patient032_case01,IBC,IBC_patient026_0068.jpg,8,,off_target_fp,57,0,0.0,0.0,0.0,0.0,0,False
HYBRID_TALON,10,patient032,patient032_case01,IBC,IBC_patient026_0069.jpg,1,1.0,strong_75_plus,405,352,0.9887640449438202,0.8691358024691358,0.8691358024691358,0.8606356968215159,1,False
HYBRID_TALON,10,patient032,patient032_case01,IBC,IBC_patient026_0069.jpg,2,,off_target_fp,24,0,0.0,0.0,0.0,0.0,0,False
HYBRID_TALON,10,patient032,patient032_case01,IBC,IBC_patient026_0069.jpg,3,,off_target_fp,16,0,0.0,0.0,0.0,0.0,0,False
HYBRID_TALON,10,patient032,patient032_case01,IBC,IBC_patient026_0070.jpg,1,,off_target_fp,54,0,0.0,0.0,0.0,0.0,0,False
HYBRID_TALON,10,patient032,patient032_case01,IBC,IBC_patient026_0070.jpg,2,1.0,moderate_50_to_75,86,80,0.7142857142857143,0.9302325581395349,0.7142857142857143,0.6779661016949152,1,False
HYBRID_TALON,10,patient032,patient032_case01,IBC,IBC_patient026_0070.jpg,3,,off_target_fp,12,0,0.0,0.0,0.0,0.0,0,False
HYBRID_TALON,10,patient035,patient035_case01,IBC,IBC_patient028_0114.jpg,1,1.0,moderate_50_to_75,191,127,0.6614583333333334,0.6649214659685864,0.6614583333333334,0.49609375,1,False
HYBRID_TALON,10,patient035,patient035_case01,IBC,IBC_patient028_0115.jpg,1,,off_target_fp,160,0,0.0,0.0,0.0,0.0,0,False
HYBRID_TALON,10,patient035,patient035_case01,IBC,IBC_patient028_0115.jpg,2,1.0,strong_75_plus,467,426,0.9508928571428571,0.9122055674518201,0.9122055674518201,0.8711656441717791,1,False
HYBRID_TALON,10,patient035,patient035_case01,IBC,IBC_patient028_0116.jpg,1,,off_target_fp,232,0,0.0,0.0,0.0,0.0,0,False
HYBRID_TALON,10,patient035,patient035_case01,IBC,IBC_patient028_0116.jpg,2,1.0,strong_75_plus,645,545,0.9527972027972028,0.8449612403100775,0.8449612403100775,0.8110119047619048,1,False
HYBRID_TALON,10,patient035,patient035_case01,IBC,IBC_patient028_0117.jpg,1,,off_target_fp,249,0,0.0,0.0,0.0,0.0,0,False
HYBRID_TALON,10,patient035,patient035_case01,IBC,IBC_patient028_0117.jpg,2,1.0,strong_75_plus,777,643,0.9568452380952381,0.8275418275418276,0.8275418275418276,0.7977667493796526,1,False
HYBRID_TALON,10,patient035,patient035_case01,IBC,IBC_patient028_0118.jpg,1,1.0,strong_75_plus,991,778,0.9725,0.7850655903128153,0.7850655903128153,0.7680157946692991,1,False
HYBRID_TALON,10,patient035,patient035_case01,IBC,IBC_patient028_0119.jpg,1,1.0,strong_75_plus,1144,864,0.9773755656108597,0.7552447552447552,0.7552447552447552,0.7422680412371134,1,False
HYBRID_TALON,10,patient035,patient035_case01,IBC,IBC_patient028_0120.jpg,1,1.0,strong_75_plus,1251,1107,0.9044117647058824,0.8848920863309353,0.8848920863309353,0.8092105263157895,1,False
HYBRID_TALON,10,patient035,patient035_case01,IBC,IBC_patient028_0120.jpg,2,,off_target_fp,14,0,0.0,0.0,0.0,0.0,0,False
HYBRID_TALON,10,patient035,patient035_case01,IBC,IBC_patient028_0121.jpg,1,1.0,strong_75_plus,1352,1161,0.9332797427652733,0.8587278106508875,0.8587278106508875,0.8090592334494774,1,False
HYBRID_TALON,10,patient035,patient035_case01,IBC,IBC_patient028_0122.jpg,1,1.0,strong_75_plus,1462,1312,0.923943661971831,0.8974008207934336,0.8974008207934336,0.8356687898089172,1,False
HYBRID_TALON,10,patient035,patient035_case01,IBC,IBC_patient028_0123.jpg,1,1.0,strong_75_plus,1574,1447,0.7567991631799164,0.9193138500635324,0.7567991631799164,0.7096615988229524,1,False
HYBRID_TALON,10,patient035,patient035_case01,IBC,IBC_patient028_0124.jpg,1,1.0,moderate_50_to_75,1528,1401,0.7342767295597484,0.9168848167539267,0.7342767295597484,0.6884520884520885,1,False
HYBRID_TALON,10,patient035,patient035_case01,IBC,IBC_patient028_0125.jpg,1,1.0,moderate_50_to_75,1598,1400,0.7172131147540983,0.8760951188986232,0.7172131147540983,0.6511627906976745,1,False
HYBRID_TALON,10,patient035,patient035_case01,IBC,IBC_patient028_0126.jpg,1,1.0,moderate_50_to_75,1598,1463,0.7115758754863813,0.9155193992490613,0.7115758754863813,0.6677316293929713,1,False
HYBRID_TALON,10,patient035,patient035_case01,IBC,IBC_patient028_0127.jpg,1,1.0,moderate_50_to_75,1703,1628,0.6806020066889632,0.9559600704638873,0.6806020066889632,0.6599108228617754,1,False
HYBRID_TALON,10,patient035,patient035_case01,IBC,IBC_patient028_0128.jpg,1,1.0,moderate_50_to_75,1863,1640,0.7167832167832168,0.880300590445518,0.7167832167832168,0.653126244524094,1,False
HYBRID_TALON,10,patient035,patient035_case01,IBC,IBC_patient028_0128.jpg,2,1.0,partial_below_25,13,12,0.005244755244755245,0.9230769230769231,0.005244755244755245,0.005242463958060288,1,False
HYBRID_TALON,10,patient035,patient035_case01,IBC,IBC_patient028_0129.jpg,1,1.0,strong_75_plus,2148,1880,0.8231173380035026,0.8752327746741154,0.8231173380035026,0.7366771159874608,1,False
HYBRID_TALON,10,patient035,patient035_case01,IBC,IBC_patient028_0130.jpg,1,1.0,strong_75_plus,2323,2013,0.915,0.8665518725785623,0.8665518725785623,0.80199203187251,1,False
HYBRID_TALON,10,patient035,patient035_case01,IBC,IBC_patient028_0131.jpg,1,1.0,strong_75_plus,2303,2064,0.8973913043478261,0.8962223187147199,0.8962223187147199,0.8129184718393068,1,False
HYBRID_TALON,10,patient035,patient035_case01,IBC,IBC_patient028_0132.jpg,1,1.0,strong_75_plus,2271,2064,0.8896551724137931,0.9088507265521797,0.8896551724137931,0.8167787890779581,1,False
HYBRID_TALON,10,patient035,patient035_case01,IBC,IBC_patient028_0133.jpg,1,1.0,strong_75_plus,2233,1829,0.8759578544061303,0.8190774742498881,0.8190774742498881,0.7339486356340289,1,False
HYBRID_TALON,10,patient035,patient035_case01,IBC,IBC_patient028_0133.jpg,2,,off_target_fp,13,0,0.0,0.0,0.0,0.0,0,False
HYBRID_TALON,10,patient035,patient035_case01,IBC,IBC_patient028_0134.jpg,1,1.0,strong_75_plus,1995,1610,0.7800387596899225,0.8070175438596491,0.7800387596899225,0.657411188240098,1,False
HYBRID_TALON,10,patient035,patient035_case01,IBC,IBC_patient028_0134.jpg,2,,off_target_fp,62,0,0.0,0.0,0.0,0.0,0,False
HYBRID_TALON,10,patient035,patient035_case01,IBC,IBC_patient028_0135.jpg,1,1.0,moderate_50_to_75,1372,1171,0.5534026465028355,0.8534985422740525,0.5534026465028355,0.5053949072075961,1,False
HYBRID_TALON,10,patient035,patient035_case01,IBC,IBC_patient028_0135.jpg,2,,off_target_fp,74,0,0.0,0.0,0.0,0.0,0,False
HYBRID_TALON,10,patient035,patient035_case01,IBC,IBC_patient028_0135.jpg,3,1.0,partial_below_25,382,354,0.16729678638941398,0.9267015706806283,0.16729678638941398,0.16511194029850745,1,False
HYBRID_TALON,10,patient035,patient035_case01,IBC,IBC_patient028_0135.jpg,4,,off_target_fp,31,0,0.0,0.0,0.0,0.0,0,False
HYBRID_TALON,10,patient035,patient035_case01,IBC,IBC_patient028_0135.jpg,5,,off_target_fp,18,0,0.0,0.0,0.0,0.0,0,False
HYBRID_TALON,10,patient035,patient035_case01,IBC,IBC_patient028_0136.jpg,1,1.0,moderate_50_to_75,1299,1124,0.5090579710144928,0.8652809853733642,0.5090579710144928,0.4716743600503567,1,False
HYBRID_TALON,10,patient035,patient035_case01,IBC,IBC_patient028_0136.jpg,2,,off_target_fp,17,0,0.0,0.0,0.0,0.0,0,False
HYBRID_TALON,10,patient035,patient035_case01,IBC,IBC_patient028_0136.jpg,3,1.0,partial_below_25,295,295,0.13360507246376813,1.0,0.13360507246376813,0.13360507246376813,1,False
HYBRID_TALON,10,patient035,patient035_case01,IBC,IBC_patient028_0137.jpg,1,1.0,low_25_to_50,1057,962,0.47813121272365805,0.9101229895931883,0.47813121272365805,0.4565733270052207,1,False
HYBRID_TALON,10,patient035,patient035_case01,IBC,IBC_patient028_0137.jpg,2,1.0,partial_below_25,213,213,0.1058648111332008,1.0,0.1058648111332008,0.1058648111332008,1,False
HYBRID_TALON,10,patient035,patient035_case01,IBC,IBC_patient028_0138.jpg,1,1.0,low_25_to_50,700,601,0.29345703125,0.8585714285714285,0.29345703125,0.27992547741034,1,False
HYBRID_TALON,10,patient035,patient035_case01,IBC,IBC_patient028_0139.jpg,1,1.0,partial_below_25,316,246,0.14073226544622425,0.7784810126582279,0.14073226544622425,0.1353135313531353,1,False
HYBRID_TALON,10,patient035,patient035_case01,IBC,IBC_patient028_0140.jpg,1,1.0,partial_below_25,112,106,0.060090702947845805,0.9464285714285714,0.060090702947845805,0.059887005649717516,1,False
HYBRID_TALON,10,patient035,patient035_case01,IBC,IBC_patient028_0142.jpg,1,1.0,partial_below_25,15,15,0.009894459102902375,1.0,0.009894459102902375,0.009894459102902375,1,False
HYBRID_TALON,10,patient035,patient035_case01,IBC,IBC_patient028_0143.jpg,1,1.0,partial_below_25,21,21,0.015671641791044775,1.0,0.015671641791044775,0.015671641791044775,1,False
HYBRID_TALON,10,patient035,patient035_case01,IBC,IBC_patient028_0143.jpg,2,1.0,partial_below_25,180,170,0.12686567164179105,0.9444444444444444,0.12686567164179105,0.1259259259259259,1,False
HYBRID_TALON,10,patient035,patient035_case01,IBC,IBC_patient028_0144.jpg,1,1.0,low_25_to_50,447,434,0.38204225352112675,0.970917225950783,0.38204225352112675,0.3777197563098346,1,False
HYBRID_TALON,10,patient035,patient035_case01,IBC,IBC_patient028_0145.jpg,1,1.0,moderate_50_to_75,562,551,0.5622448979591836,0.9804270462633452,0.5622448979591836,0.5560040363269425,1,False
HYBRID_TALON,10,patient035,patient035_case01,IBC,IBC_patient028_0146.jpg,1,1.0,moderate_50_to_75,572,537,0.5124045801526718,0.9388111888111889,0.5124045801526718,0.49584487534626037,1,False
HYBRID_TALON,10,patient035,patient035_case01,IBC,IBC_patient028_0147.jpg,1,1.0,low_25_to_50,517,446,0.435546875,0.8626692456479691,0.435546875,0.40730593607305937,1,False
HYBRID_TALON,10,patient035,patient035_case01,IBC,IBC_patient028_0148.jpg,1,,off_target_fp,46,0,0.0,0.0,0.0,0.0,0,False
HYBRID_TALON,10,patient035,patient035_case01,IBC,IBC_patient028_0148.jpg,2,1.0,low_25_to_50,336,282,0.3248847926267281,0.8392857142857143,0.3248847926267281,0.30585683297180044,1,False
HYBRID_TALON,10,patient035,patient035_case01,IBC,IBC_patient028_0149.jpg,1,,off_target_fp,29,0,0.0,0.0,0.0,0.0,0,False
HYBRID_TALON,10,patient035,patient035_case01,IBC,IBC_patient028_0149.jpg,2,1.0,low_25_to_50,239,214,0.2923497267759563,0.895397489539749,0.2923497267759563,0.28269484808454426,1,False
HYBRID_TALON,10,patient035,patient035_case01,IBC,IBC_patient028_0149.jpg,3,,off_target_fp,14,0,0.0,0.0,0.0,0.0,0,False
HYBRID_TALON,10,patient035,patient035_case01,IBC,IBC_patient028_0149.jpg,4,,off_target_fp,172,0,0.0,0.0,0.0,0.0,0,False
HYBRID_TALON,10,patient035,patient035_case01,IBC,IBC_patient028_0150.jpg,1,,off_target_fp,10,0,0.0,0.0,0.0,0.0,0,False
HYBRID_TALON,10,patient035,patient035_case01,IBC,IBC_patient028_0150.jpg,2,1.0,partial_below_25,86,86,0.11944444444444445,1.0,0.11944444444444445,0.11944444444444445,1,False
HYBRID_TALON,10,patient035,patient035_case01,IBC,IBC_patient028_0150.jpg,3,,off_target_fp,21,0,0.0,0.0,0.0,0.0,0,False
HYBRID_TALON,10,patient035,patient035_case01,IBC,IBC_patient028_0150.jpg,4,,off_target_fp,345,0,0.0,0.0,0.0,0.0,0,False
HYBRID_TALON,10,patient035,patient035_case01,IBC,IBC_patient028_0151.jpg,1,,off_target_fp,25,0,0.0,0.0,0.0,0.0,0,False
HYBRID_TALON,10,patient035,patient035_case01,IBC,IBC_patient028_0151.jpg,2,1.0,partial_below_25,10,10,0.01488095238095238,1.0,0.01488095238095238,0.01488095238095238,1,False
HYBRID_TALON,10,patient035,patient035_case01,IBC,IBC_patient028_0151.jpg,3,1.0,partial_below_25,100,98,0.14583333333333334,0.98,0.14583333333333334,0.14540059347181009,1,False
HYBRID_TALON,10,patient035,patient035_case01,IBC,IBC_patient028_0151.jpg,4,,off_target_fp,54,0,0.0,0.0,0.0,0.0,0,False
HYBRID_TALON,10,patient035,patient035_case01,IBC,IBC_patient028_0151.jpg,5,,off_target_fp,348,0,0.0,0.0,0.0,0.0,0,False
HYBRID_TALON,10,patient035,patient035_case01,IBC,IBC_patient028_0152.jpg,1,,off_target_fp,28,0,0.0,0.0,0.0,0.0,0,False
HYBRID_TALON,10,patient035,patient035_case01,IBC,IBC_patient028_0152.jpg,2,1.0,partial_below_25,91,22,0.05392156862745098,0.24175824175824176,0.05392156862745098,0.04612159329140461,1,False
HYBRID_TALON,10,patient035,patient035_case01,IBC,IBC_patient028_0152.jpg,3,1.0,partial_below_25,93,79,0.19362745098039216,0.8494623655913979,0.19362745098039216,0.1872037914691943,1,False
HYBRID_TALON,10,patient035,patient035_case01,IBC,IBC_patient028_0152.jpg,4,,off_target_fp,23,0,0.0,0.0,0.0,0.0,0,False
HYBRID_TALON,10,patient035,patient035_case01,IBC,IBC_patient028_0152.jpg,5,,off_target_fp,86,0,0.0,0.0,0.0,0.0,0,False
HYBRID_TALON,10,patient035,patient035_case01,IBC,IBC_patient028_0152.jpg,6,,off_target_fp,313,0,0.0,0.0,0.0,0.0,0,False
HYBRID_TALON,10,patient034,patient034_case01,IGM,IGM_patient028_0050.jpg,1,,off_target_fp,98,0,0.0,0.0,0.0,0.0,0,False
HYBRID_TALON,10,patient034,patient034_case01,IGM,IGM_patient028_0050.jpg,2,1.0,moderate_50_to_75,156,130,0.5078125,0.8333333333333334,0.5078125,0.46099290780141844,1,False
HYBRID_TALON,10,patient034,patient034_case01,IGM,IGM_patient028_0050.jpg,3,1.0,partial_below_25,12,12,0.046875,1.0,0.046875,0.046875,1,False
HYBRID_TALON,10,patient034,patient034_case01,IGM,IGM_patient028_0050.jpg,4,,off_target_fp,31,0,0.0,0.0,0.0,0.0,0,False
HYBRID_TALON,10,patient034,patient034_case01,IGM,IGM_patient028_0051.jpg,1,1.0,strong_75_plus,263,219,0.75,0.8326996197718631,0.75,0.6517857142857143,1,False
HYBRID_TALON,10,patient034,patient034_case01,IGM,IGM_patient028_0051.jpg,2,,off_target_fp,25,0,0.0,0.0,0.0,0.0,0,False
HYBRID_TALON,10,patient034,patient034_case01,IGM,IGM_patient028_0052.jpg,1,,off_target_fp,145,0,0.0,0.0,0.0,0.0,0,False
HYBRID_TALON,10,patient034,patient034_case01,IGM,IGM_patient028_0052.jpg,2,,off_target_fp,107,0,0.0,0.0,0.0,0.0,0,False
HYBRID_TALON,10,patient034,patient034_case01,IGM,IGM_patient028_0052.jpg,3,1.0,strong_75_plus,322,260,0.9285714285714286,0.8074534161490683,0.8074534161490683,0.7602339181286549,1,False
HYBRID_TALON,10,patient034,patient034_case01,IGM,IGM_patient028_0053.jpg,1,,off_target_fp,18,0,0.0,0.0,0.0,0.0,0,False
HYBRID_TALON,10,patient034,patient034_case01,IGM,IGM_patient028_0053.jpg,2,,off_target_fp,204,0,0.0,0.0,0.0,0.0,0,False
HYBRID_TALON,10,patient034,patient034_case01,IGM,IGM_patient028_0053.jpg,3,,off_target_fp,44,0,0.0,0.0,0.0,0.0,0,False
HYBRID_TALON,10,patient034,patient034_case01,IGM,IGM_patient028_0053.jpg,4,1.0,strong_75_plus,281,250,0.9328358208955224,0.8896797153024911,0.8896797153024911,0.8361204013377926,1,False
HYBRID_TALON,10,patient034,patient034_case01,IGM,IGM_patient028_0053.jpg,5,,off_target_fp,25,0,0.0,0.0,0.0,0.0,0,False
HYBRID_TALON,10,patient034,patient034_case01,IGM,IGM_patient028_0054.jpg,1,,off_target_fp,10,0,0.0,0.0,0.0,0.0,0,False
HYBRID_TALON,10,patient034,patient034_case01,IGM,IGM_patient028_0054.jpg,2,,off_target_fp,232,0,0.0,0.0,0.0,0.0,0,False
HYBRID_TALON,10,patient034,patient034_case01,IGM,IGM_patient028_0054.jpg,3,,off_target_fp,17,0,0.0,0.0,0.0,0.0,0,False
HYBRID_TALON,10,patient034,patient034_case01,IGM,IGM_patient028_0054.jpg,4,1.0,strong_75_plus,270,241,0.8731884057971014,0.8925925925925926,0.8731884057971014,0.7901639344262295,1,False
HYBRID_TALON,10,patient034,patient034_case01,IGM,IGM_patient028_0054.jpg,5,,off_target_fp,30,0,0.0,0.0,0.0,0.0,0,False
HYBRID_TALON,10,patient034,patient034_case01,IGM,IGM_patient028_0054.jpg,6,,off_target_fp,13,0,0.0,0.0,0.0,0.0,0,False
HYBRID_TALON,10,patient034,patient034_case01,IGM,IGM_patient028_0055.jpg,1,,off_target_fp,207,0,0.0,0.0,0.0,0.0,0,False
HYBRID_TALON,10,patient034,patient034_case01,IGM,IGM_patient028_0055.jpg,2,,off_target_fp,31,0,0.0,0.0,0.0,0.0,0,False
HYBRID_TALON,10,patient034,patient034_case01,IGM,IGM_patient028_0055.jpg,3,1.0,strong_75_plus,252,232,0.8787878787878788,0.9206349206349206,0.8787878787878788,0.8169014084507042,1,False
HYBRID_TALON,10,patient034,patient034_case01,IGM,IGM_patient028_0055.jpg,4,,off_target_fp,126,0,0.0,0.0,0.0,0.0,0,False
HYBRID_TALON,10,patient034,patient034_case01,IGM,IGM_patient028_0055.jpg,5,,off_target_fp,10,0,0.0,0.0,0.0,0.0,0,False
HYBRID_TALON,10,patient034,patient034_case01,IGM,IGM_patient028_0056.jpg,1,,off_target_fp,203,0,0.0,0.0,0.0,0.0,0,False
HYBRID_TALON,10,patient034,patient034_case01,IGM,IGM_patient028_0056.jpg,2,,off_target_fp,23,0,0.0,0.0,0.0,0.0,0,False
HYBRID_TALON,10,patient034,patient034_case01,IGM,IGM_patient028_0056.jpg,3,,off_target_fp,70,0,0.0,0.0,0.0,0.0,0,False
HYBRID_TALON,10,patient034,patient034_case01,IGM,IGM_patient028_0056.jpg,4,1.0,strong_75_plus,225,205,0.8836206896551724,0.9111111111111111,0.8836206896551724,0.8134920634920635,1,False
HYBRID_TALON,10,patient034,patient034_case01,IGM,IGM_patient028_0056.jpg,5,,off_target_fp,16,0,0.0,0.0,0.0,0.0,0,False
HYBRID_TALON,10,patient034,patient034_case01,IGM,IGM_patient028_0057.jpg,1,,off_target_fp,172,0,0.0,0.0,0.0,0.0,0,False
HYBRID_TALON,10,patient034,patient034_case01,IGM,IGM_patient028_0057.jpg,2,,off_target_fp,12,0,0.0,0.0,0.0,0.0,0,False
HYBRID_TALON,10,patient034,patient034_case01,IGM,IGM_patient028_0057.jpg,3,1.0,strong_75_plus,127,107,0.8629032258064516,0.84251968503937,0.84251968503937,0.7430555555555556,1,False
HYBRID_TALON,10,patient034,patient034_case01,IGM,IGM_patient028_0057.jpg,4,,off_target_fp,33,0,0.0,0.0,0.0,0.0,0,False
HYBRID_TALON,10,patient034,patient034_case01,IGM,IGM_patient028_0057.jpg,5,,off_target_fp,13,0,0.0,0.0,0.0,0.0,0,False
HYBRID_TALON,10,patient034,patient034_case01,IGM,IGM_patient028_0058.jpg,1,,off_target_fp,70,0,0.0,0.0,0.0,0.0,0,False
HYBRID_TALON,10,patient034,patient034_case01,IGM,IGM_patient028_0058.jpg,2,1.0,moderate_50_to_75,54,54,0.6428571428571429,1.0,0.6428571428571429,0.6428571428571429,1,False
HYBRID_TALON,10,patient041,patient041_case01,IGM,IGM_patient031_0054.jpg,1,1.0,strong_75_plus,201,175,0.9308510638297872,0.8706467661691543,0.8706467661691543,0.8177570093457944,1,False
HYBRID_TALON,10,patient041,patient041_case01,IGM,IGM_patient031_0055.jpg,1,1.0,strong_75_plus,262,246,0.8424657534246576,0.9389312977099237,0.8424657534246576,0.7987012987012987,1,False
HYBRID_TALON,10,patient041,patient041_case01,IGM,IGM_patient031_0056.jpg,1,1.0,moderate_50_to_75,194,166,0.6693548387096774,0.8556701030927835,0.6693548387096774,0.6014492753623188,1,False
HYBRID_TALON,10,patient041,patient041_case01,IGM,IGM_patient031_0057.jpg,1,1.0,moderate_50_to_75,198,184,0.6666666666666666,0.9292929292929293,0.6666666666666666,0.6344827586206897,1,False
HYBRID_TALON,10,patient041,patient041_case01,IGM,IGM_patient031_0058.jpg,1,1.0,moderate_50_to_75,209,199,0.7316176470588235,0.9521531100478469,0.7316176470588235,0.7056737588652482,1,False
HYBRID_TALON,10,patient047,patient047_case01,IBC,IBC_patient035_0130.jpg,1,,off_target_fp,141,0,0.0,0.0,0.0,0.0,0,False
HYBRID_TALON,10,patient047,patient047_case01,IBC,IBC_patient035_0130.jpg,2,,off_target_fp,514,0,0.0,0.0,0.0,0.0,0,False
HYBRID_TALON,10,patient047,patient047_case01,IBC,IBC_patient035_0130.jpg,3,,off_target_fp,112,0,0.0,0.0,0.0,0.0,0,False
HYBRID_TALON,10,patient047,patient047_case01,IBC,IBC_patient035_0130.jpg,4,1.0,strong_75_plus,289,259,0.819620253164557,0.8961937716262975,0.819620253164557,0.7485549132947977,1,False
HYBRID_TALON,10,patient047,patient047_case01,IBC,IBC_patient035_0130.jpg,5,,off_target_fp,26,0,0.0,0.0,0.0,0.0,0,False
HYBRID_TALON,10,patient047,patient047_case01,IBC,IBC_patient035_0131.jpg,1,,off_target_fp,51,0,0.0,0.0,0.0,0.0,0,False
HYBRID_TALON,10,patient047,patient047_case01,IBC,IBC_patient035_0131.jpg,2,,off_target_fp,108,0,0.0,0.0,0.0,0.0,0,False
HYBRID_TALON,10,patient047,patient047_case01,IBC,IBC_patient035_0131.jpg,3,,off_target_fp,144,0,0.0,0.0,0.0,0.0,0,False
HYBRID_TALON,10,patient047,patient047_case01,IBC,IBC_patient035_0131.jpg,4,,off_target_fp,26,0,0.0,0.0,0.0,0.0,0,False
HYBRID_TALON,10,patient047,patient047_case01,IBC,IBC_patient035_0131.jpg,5,,off_target_fp,12,0,0.0,0.0,0.0,0.0,0,False
HYBRID_TALON,10,patient047,patient047_case01,IBC,IBC_patient035_0131.jpg,6,,off_target_fp,12,0,0.0,0.0,0.0,0.0,0,False
HYBRID_TALON,10,patient047,patient047_case01,IBC,IBC_patient035_0131.jpg,7,1.0,strong_75_plus,349,313,0.9098837209302325,0.8968481375358166,0.8968481375358166,0.8236842105263158,1,False
HYBRID_TALON,10,patient047,patient047_case01,IBC,IBC_patient035_0131.jpg,8,,off_target_fp,13,0,0.0,0.0,0.0,0.0,0,False
HYBRID_TALON,10,patient047,patient047_case01,IBC,IBC_patient035_0132.jpg,1,,off_target_fp,36,0,0.0,0.0,0.0,0.0,0,False
HYBRID_TALON,10,patient047,patient047_case01,IBC,IBC_patient035_0132.jpg,2,,off_target_fp,17,0,0.0,0.0,0.0,0.0,0,False
HYBRID_TALON,10,patient047,patient047_case01,IBC,IBC_patient035_0132.jpg,3,1.0,strong_75_plus,379,325,0.9672619047619048,0.8575197889182058,0.8575197889182058,0.8333333333333334,1,False
HYBRID_TALON,10,patient047,patient047_case01,IBC,IBC_patient035_0132.jpg,4,,off_target_fp,14,0,0.0,0.0,0.0,0.0,0,False
HYBRID_TALON,10,patient047,patient047_case01,IBC,IBC_patient035_0133.jpg,1,,off_target_fp,11,0,0.0,0.0,0.0,0.0,0,False
HYBRID_TALON,10,patient047,patient047_case01,IBC,IBC_patient035_0133.jpg,2,1.0,strong_75_plus,413,373,0.8966346153846154,0.9031476997578692,0.8966346153846154,0.8179824561403509,1,False
HYBRID_TALON,10,patient047,patient047_case01,IBC,IBC_patient035_0133.jpg,3,,off_target_fp,41,0,0.0,0.0,0.0,0.0,0,False
HYBRID_TALON,10,patient047,patient047_case01,IBC,IBC_patient035_0133.jpg,4,,off_target_fp,19,0,0.0,0.0,0.0,0.0,0,False
HYBRID_TALON,10,patient047,patient047_case01,IBC,IBC_patient035_0134.jpg,1,,off_target_fp,71,0,0.0,0.0,0.0,0.0,0,False
HYBRID_TALON,10,patient047,patient047_case01,IBC,IBC_patient035_0134.jpg,2,,off_target_fp,10,0,0.0,0.0,0.0,0.0,0,False
HYBRID_TALON,10,patient047,patient047_case01,IBC,IBC_patient035_0134.jpg,3,1.0,strong_75_plus,424,377,0.9425,0.8891509433962265,0.8891509433962265,0.843400447427293,1,False
HYBRID_TALON,10,patient047,patient047_case01,IBC,IBC_patient035_0134.jpg,4,,off_target_fp,99,0,0.0,0.0,0.0,0.0,0,False
HYBRID_TALON,10,patient047,patient047_case01,IBC,IBC_patient035_0134.jpg,5,,off_target_fp,21,0,0.0,0.0,0.0,0.0,0,False
HYBRID_TALON,10,patient047,patient047_case01,IBC,IBC_patient035_0135.jpg,1,,off_target_fp,104,0,0.0,0.0,0.0,0.0,0,False
HYBRID_TALON,10,patient047,patient047_case01,IBC,IBC_patient035_0135.jpg,2,,off_target_fp,12,0,0.0,0.0,0.0,0.0,0,False
HYBRID_TALON,10,patient047,patient047_case01,IBC,IBC_patient035_0135.jpg,3,1.0,strong_75_plus,437,375,0.946969696969697,0.8581235697940504,0.8581235697940504,0.8187772925764192,1,False
HYBRID_TALON,10,patient047,patient047_case01,IBC,IBC_patient035_0135.jpg,4,,off_target_fp,89,0,0.0,0.0,0.0,0.0,0,False
HYBRID_TALON,10,patient047,patient047_case01,IBC,IBC_patient035_0135.jpg,5,,off_target_fp,23,0,0.0,0.0,0.0,0.0,0,False
HYBRID_TALON,10,patient047,patient047_case01,IBC,IBC_patient035_0136.jpg,1,,off_target_fp,131,0,0.0,0.0,0.0,0.0,0,False
HYBRID_TALON,10,patient047,patient047_case01,IBC,IBC_patient035_0136.jpg,2,,off_target_fp,236,0,0.0,0.0,0.0,0.0,0,False
HYBRID_TALON,10,patient047,patient047_case01,IBC,IBC_patient035_0136.jpg,3,1.0,strong_75_plus,411,323,0.9613095238095238,0.7858880778588808,0.7858880778588808,0.7617924528301887,1,False
HYBRID_TALON,10,patient047,patient047_case01,IBC,IBC_patient035_0136.jpg,4,,off_target_fp,91,0,0.0,0.0,0.0,0.0,0,False
HYBRID_TALON,10,patient047,patient047_case01,IBC,IBC_patient035_0137.jpg,1,,off_target_fp,178,0,0.0,0.0,0.0,0.0,0,False
HYBRID_TALON,10,patient047,patient047_case01,IBC,IBC_patient035_0137.jpg,2,,off_target_fp,239,0,0.0,0.0,0.0,0.0,0,False
HYBRID_TALON,10,patient047,patient047_case01,IBC,IBC_patient035_0137.jpg,3,1.0,strong_75_plus,333,253,0.8322368421052632,0.7597597597597597,0.7597597597597597,0.6588541666666666,1,False
HYBRID_TALON,10,patient047,patient047_case01,IBC,IBC_patient035_0137.jpg,4,,off_target_fp,70,0,0.0,0.0,0.0,0.0,0,False
HYBRID_TALON,10,patient047,patient047_case01,IBC,IBC_patient035_0138.jpg,1,,off_target_fp,217,0,0.0,0.0,0.0,0.0,0,False
HYBRID_TALON,10,patient047,patient047_case01,IBC,IBC_patient035_0138.jpg,2,,off_target_fp,91,0,0.0,0.0,0.0,0.0,0,False
HYBRID_TALON,10,patient047,patient047_case01,IBC,IBC_patient035_0138.jpg,3,1.0,strong_75_plus,276,218,0.8014705882352942,0.7898550724637681,0.7898550724637681,0.6606060606060606,1,False
HYBRID_TALON,10,patient047,patient047_case01,IBC,IBC_patient035_0138.jpg,4,,off_target_fp,13,0,0.0,0.0,0.0,0.0,0,False
HYBRID_TALON,10,patient047,patient047_case01,IBC,IBC_patient035_0139.jpg,1,,off_target_fp,224,0,0.0,0.0,0.0,0.0,0,False
HYBRID_TALON,10,patient047,patient047_case01,IBC,IBC_patient035_0139.jpg,2,1.0,strong_75_plus,263,215,0.9772727272727273,0.8174904942965779,0.8174904942965779,0.8022388059701493,1,False
HYBRID_TALON,10,patient047,patient047_case01,IBC,IBC_patient035_0139.jpg,3,,off_target_fp,11,0,0.0,0.0,0.0,0.0,0,False
HYBRID_TALON,10,patient047,patient047_case01,IBC,IBC_patient035_0140.jpg,1,,off_target_fp,172,0,0.0,0.0,0.0,0.0,0,False
HYBRID_TALON,10,patient047,patient047_case01,IBC,IBC_patient035_0140.jpg,2,,off_target_fp,23,0,0.0,0.0,0.0,0.0,0,False
HYBRID_TALON,10,patient047,patient047_case01,IBC,IBC_patient035_0140.jpg,3,1.0,moderate_50_to_75,190,136,1.0,0.7157894736842105,0.7157894736842105,0.7157894736842105,1,False
HYBRID_TALON,10,patient047,patient047_case01,IBC,IBC_patient035_0140.jpg,4,,off_target_fp,12,0,0.0,0.0,0.0,0.0,0,False
HYBRID_TALON,10,patient068,patient068_case01,IBC,IBC_patient045_0009.jpg,1,,off_target_fp,151,0,0.0,0.0,0.0,0.0,0,False
HYBRID_TALON,10,patient068,patient068_case01,IBC,IBC_patient045_0009.jpg,2,,off_target_fp,10,0,0.0,0.0,0.0,0.0,0,False
HYBRID_TALON,10,patient068,patient068_case01,IBC,IBC_patient045_0009.jpg,3,,off_target_fp,171,0,0.0,0.0,0.0,0.0,0,False
HYBRID_TALON,10,patient068,patient068_case01,IBC,IBC_patient045_0009.jpg,4,,off_target_fp,54,0,0.0,0.0,0.0,0.0,0,False
HYBRID_TALON,10,patient068,patient068_case01,IBC,IBC_patient045_0010.jpg,1,,off_target_fp,352,0,0.0,0.0,0.0,0.0,0,False
HYBRID_TALON,10,patient068,patient068_case01,IBC,IBC_patient045_0010.jpg,2,,off_target_fp,82,0,0.0,0.0,0.0,0.0,0,False
HYBRID_TALON,10,patient068,patient068_case01,IBC,IBC_patient045_0063.jpg,1,,off_target_fp,11,0,0.0,0.0,0.0,0.0,0,False
HYBRID_TALON,10,patient068,patient068_case01,IBC,IBC_patient045_0063.jpg,2,1.0,moderate_50_to_75,71,69,0.6634615384615384,0.971830985915493,0.6634615384615384,0.6509433962264151,1,False
HYBRID_TALON,10,patient068,patient068_case01,IBC,IBC_patient045_0064.jpg,1,,off_target_fp,25,0,0.0,0.0,0.0,0.0,0,False
HYBRID_TALON,10,patient068,patient068_case01,IBC,IBC_patient045_0064.jpg,2,1.0,strong_75_plus,111,90,0.9782608695652174,0.8108108108108109,0.8108108108108109,0.7964601769911505,1,False
HYBRID_TALON,10,patient068,patient068_case01,IBC,IBC_patient045_0065.jpg,1,,off_target_fp,79,0,0.0,0.0,0.0,0.0,0,False
HYBRID_TALON,10,patient068,patient068_case01,IBC,IBC_patient045_0065.jpg,2,1.0,low_25_to_50,32,31,0.484375,0.96875,0.484375,0.47692307692307695,1,False
HYBRID_TALON,10,patient068,patient068_case01,IBC,IBC_patient045_0066.jpg,1,,off_target_fp,146,0,0.0,0.0,0.0,0.0,0,False
HYBRID_TALON,10,patient068,patient068_case01,IBC,IBC_patient045_0066.jpg,2,,off_target_fp,33,0,0.0,0.0,0.0,0.0,0,False
HYBRID_TALON,10,patient068,patient068_case01,IBC,IBC_patient045_0066.jpg,3,1.0,partial_below_25,30,30,0.22727272727272727,1.0,0.22727272727272727,0.22727272727272727,1,False
HYBRID_TALON,10,patient068,patient068_case01,IBC,IBC_patient045_0067.jpg,1,,off_target_fp,167,0,0.0,0.0,0.0,0.0,0,False
HYBRID_TALON,10,patient068,patient068_case01,IBC,IBC_patient045_0067.jpg,2,1.0,partial_below_25,47,47,0.23979591836734693,1.0,0.23979591836734693,0.23979591836734693,1,False
HYBRID_TALON,10,patient068,patient068_case01,IBC,IBC_patient045_0068.jpg,1,,off_target_fp,134,0,0.0,0.0,0.0,0.0,0,False
HYBRID_TALON,10,patient068,patient068_case01,IBC,IBC_patient045_0068.jpg,2,1.0,low_25_to_50,105,86,0.41346153846153844,0.819047619047619,0.41346153846153844,0.3788546255506608,1,False
HYBRID_TALON,10,patient068,patient068_case01,IBC,IBC_patient045_0069.jpg,1,,off_target_fp,106,0,0.0,0.0,0.0,0.0,0,False
HYBRID_TALON,10,patient068,patient068_case01,IBC,IBC_patient045_0069.jpg,2,1.0,low_25_to_50,55,54,0.2755102040816326,0.9818181818181818,0.2755102040816326,0.27411167512690354,1,False
HYBRID_TALON,10,patient068,patient068_case01,IBC,IBC_patient045_0070.jpg,1,,off_target_fp,17,0,0.0,0.0,0.0,0.0,0,False
HYBRID_TALON,10,patient068,patient068_case01,IBC,IBC_patient045_0070.jpg,2,1.0,low_25_to_50,111,102,0.4636363636363636,0.918918918918919,0.4636363636363636,0.44541484716157204,1,False
HYBRID_TALON,10,patient068,patient068_case01,IBC,IBC_patient045_0070.jpg,3,1.0,partial_below_25,21,21,0.09545454545454546,1.0,0.09545454545454546,0.09545454545454546,1,False
HYBRID_TALON,10,patient068,patient068_case01,IBC,IBC_patient045_0071.jpg,1,1.0,strong_75_plus,148,135,0.9121621621621622,0.9121621621621622,0.9121621621621622,0.8385093167701864,1,False
HYBRID_TALON,10,patient068,patient068_case01,IBC,IBC_patient045_0072.jpg,1,1.0,strong_75_plus,176,171,0.7916666666666666,0.9715909090909091,0.7916666666666666,0.7737556561085973,1,False
HYBRID_TALON,10,patient068,patient068_case01,IBC,IBC_patient045_0073.jpg,1,,off_target_fp,11,0,0.0,0.0,0.0,0.0,0,False
HYBRID_TALON,10,patient068,patient068_case01,IBC,IBC_patient045_0073.jpg,2,1.0,low_25_to_50,157,148,0.38144329896907214,0.9426751592356688,0.38144329896907214,0.37279596977329976,1,False
HYBRID_TALON,10,patient068,patient068_case01,IBC,IBC_patient045_0074.jpg,1,,off_target_fp,15,0,0.0,0.0,0.0,0.0,0,False
HYBRID_TALON,10,patient068,patient068_case01,IBC,IBC_patient045_0074.jpg,2,1.0,partial_below_25,23,18,0.07258064516129033,0.782608695652174,0.07258064516129033,0.07114624505928854,1,False
HYBRID_TALON,10,patient068,patient068_case01,IBC,IBC_patient045_0075.jpg,1,,off_target_fp,14,0,0.0,0.0,0.0,0.0,0,False
HYBRID_TALON,10,patient068,patient068_case01,IBC,IBC_patient045_0076.jpg,1,,off_target_fp,30,0,0.0,0.0,0.0,0.0,0,False
HYBRID_TALON,10,patient068,patient068_case01,IBC,IBC_patient045_0076.jpg,2,1.0,partial_below_25,20,20,0.1724137931034483,1.0,0.1724137931034483,0.1724137931034483,1,False
HYBRID_TALON,10,patient076,patient076_case01,IBC,IBC_patient049_0027.jpg,1,1.0,strong_75_plus,266,232,0.9508196721311475,0.8721804511278195,0.8721804511278195,0.8345323741007195,1,False
HYBRID_TALON,10,patient076,patient076_case01,IBC,IBC_patient049_0027.jpg,2,,off_target_fp,58,0,0.0,0.0,0.0,0.0,0,False
HYBRID_TALON,10,patient076,patient076_case01,IBC,IBC_patient049_0028.jpg,1,1.0,strong_75_plus,487,478,0.9122137404580153,0.9815195071868583,0.9122137404580153,0.8968105065666041,1,False
HYBRID_TALON,10,patient076,patient076_case01,IBC,IBC_patient049_0028.jpg,2,,off_target_fp,26,0,0.0,0.0,0.0,0.0,0,False
HYBRID_TALON,10,patient076,patient076_case01,IBC,IBC_patient049_0029.jpg,1,1.0,strong_75_plus,593,496,0.9393939393939394,0.836424957841484,0.836424957841484,0.7936,1,False
HYBRID_TALON,10,patient076,patient076_case01,IBC,IBC_patient049_0029.jpg,2,,off_target_fp,106,0,0.0,0.0,0.0,0.0,0,False
HYBRID_TALON,10,patient076,patient076_case01,IBC,IBC_patient049_0030.jpg,1,1.0,strong_75_plus,452,405,0.8881578947368421,0.8960176991150443,0.8881578947368421,0.805168986083499,1,False
HYBRID_TALON,10,patient076,patient076_case01,IBC,IBC_patient049_0030.jpg,2,,off_target_fp,17,0,0.0,0.0,0.0,0.0,0,False
HYBRID_TALON,10,patient076,patient076_case01,IBC,IBC_patient049_0031.jpg,1,1.0,strong_75_plus,398,351,0.9236842105263158,0.8819095477386935,0.8819095477386935,0.8220140515222483,1,False
HYBRID_TALON,10,patient076,patient076_case01,IBC,IBC_patient049_0031.jpg,2,,off_target_fp,118,0,0.0,0.0,0.0,0.0,0,False
HYBRID_TALON,10,patient076,patient076_case01,IBC,IBC_patient049_0031.jpg,3,,off_target_fp,28,0,0.0,0.0,0.0,0.0,0,False
HYBRID_TALON,10,patient076,patient076_case01,IBC,IBC_patient049_0031.jpg,4,,off_target_fp,275,0,0.0,0.0,0.0,0.0,0,False
HYBRID_TALON,10,patient076,patient076_case01,IBC,IBC_patient049_0032.jpg,1,1.0,strong_75_plus,373,306,0.9216867469879518,0.8203753351206434,0.8203753351206434,0.7669172932330827,1,False
HYBRID_TALON,10,patient076,patient076_case01,IBC,IBC_patient049_0032.jpg,2,,off_target_fp,110,0,0.0,0.0,0.0,0.0,0,False
HYBRID_TALON,10,patient076,patient076_case01,IBC,IBC_patient049_0032.jpg,3,,off_target_fp,256,0,0.0,0.0,0.0,0.0,0,False
HYBRID_TALON,10,patient076,patient076_case01,IBC,IBC_patient049_0032.jpg,4,,off_target_fp,150,0,0.0,0.0,0.0,0.0,0,False
HYBRID_TALON,10,patient076,patient076_case01,IBC,IBC_patient049_0032.jpg,5,,off_target_fp,18,0,0.0,0.0,0.0,0.0,0,False
HYBRID_TALON,10,patient076,patient076_case01,IBC,IBC_patient049_0032.jpg,6,,off_target_fp,73,0,0.0,0.0,0.0,0.0,0,False
HYBRID_TALON,10,patient076,patient076_case01,IBC,IBC_patient049_0032.jpg,7,,off_target_fp,12,0,0.0,0.0,0.0,0.0,0,False
HYBRID_TALON,10,patient076,patient076_case01,IBC,IBC_patient049_0033.jpg,1,1.0,strong_75_plus,347,291,0.7994505494505495,0.8386167146974063,0.7994505494505495,0.6928571428571428,1,False
HYBRID_TALON,10,patient076,patient076_case01,IBC,IBC_patient049_0033.jpg,2,1.0,partial_below_25,32,24,0.06593406593406594,0.75,0.06593406593406594,0.06451612903225806,1,False
HYBRID_TALON,10,patient076,patient076_case01,IBC,IBC_patient049_0033.jpg,3,,off_target_fp,17,0,0.0,0.0,0.0,0.0,0,False
HYBRID_TALON,10,patient076,patient076_case01,IBC,IBC_patient049_0033.jpg,4,,off_target_fp,37,0,0.0,0.0,0.0,0.0,0,False
HYBRID_TALON,10,patient076,patient076_case01,IBC,IBC_patient049_0033.jpg,5,,off_target_fp,227,0,0.0,0.0,0.0,0.0,0,False
HYBRID_TALON,10,patient076,patient076_case01,IBC,IBC_patient049_0033.jpg,6,,off_target_fp,43,0,0.0,0.0,0.0,0.0,0,False
HYBRID_TALON,10,patient076,patient076_case01,IBC,IBC_patient049_0033.jpg,7,,off_target_fp,31,0,0.0,0.0,0.0,0.0,0,False
HYBRID_TALON,10,patient076,patient076_case01,IBC,IBC_patient049_0033.jpg,8,,off_target_fp,16,0,0.0,0.0,0.0,0.0,0,False
HYBRID_TALON,10,patient076,patient076_case01,IBC,IBC_patient049_0034.jpg,1,,off_target_fp,29,0,0.0,0.0,0.0,0.0,0,False
HYBRID_TALON,10,patient076,patient076_case01,IBC,IBC_patient049_0034.jpg,2,1.0,moderate_50_to_75,398,254,0.9769230769230769,0.6381909547738693,0.6381909547738693,0.6287128712871287,1,False
HYBRID_TALON,10,patient076,patient076_case01,IBC,IBC_patient049_0034.jpg,3,,off_target_fp,216,0,0.0,0.0,0.0,0.0,0,False
HYBRID_TALON,10,patient076,patient076_case01,IBC,IBC_patient049_0034.jpg,4,,off_target_fp,175,0,0.0,0.0,0.0,0.0,0,False
HYBRID_TALON,10,patient076,patient076_case01,IBC,IBC_patient049_0035.jpg,1,,off_target_fp,36,0,0.0,0.0,0.0,0.0,0,False
HYBRID_TALON,10,patient076,patient076_case01,IBC,IBC_patient049_0035.jpg,2,,off_target_fp,144,0,0.0,0.0,0.0,0.0,0,False
HYBRID_TALON,10,patient076,patient076_case01,IBC,IBC_patient049_0035.jpg,3,1.0,moderate_50_to_75,174,115,0.7986111111111112,0.6609195402298851,0.6609195402298851,0.5665024630541872,1,False
HYBRID_TALON,10,patient076,patient076_case01,IBC,IBC_patient049_0035.jpg,4,,off_target_fp,118,0,0.0,0.0,0.0,0.0,0,False
HYBRID_TALON,10,patient080,patient080_case01,IGM,IGM_patient050_0047.jpg,1,,off_target_fp,157,0,0.0,0.0,0.0,0.0,0,False
HYBRID_TALON,10,patient080,patient080_case01,IGM,IGM_patient050_0047.jpg,2,,off_target_fp,15,0,0.0,0.0,0.0,0.0,0,False
HYBRID_TALON,10,patient080,patient080_case01,IGM,IGM_patient050_0047.jpg,3,1.0,moderate_50_to_75,26,26,0.7222222222222222,1.0,0.7222222222222222,0.7222222222222222,1,False
HYBRID_TALON,10,patient080,patient080_case01,IGM,IGM_patient050_0048.jpg,1,,off_target_fp,24,0,0.0,0.0,0.0,0.0,0,False
HYBRID_TALON,10,patient080,patient080_case01,IGM,IGM_patient050_0048.jpg,2,1.0,strong_75_plus,146,136,0.918918918918919,0.9315068493150684,0.918918918918919,0.8607594936708861,1,False
HYBRID_TALON,10,patient080,patient080_case01,IGM,IGM_patient050_0049.jpg,1,,off_target_fp,15,0,0.0,0.0,0.0,0.0,0,False
HYBRID_TALON,10,patient080,patient080_case01,IGM,IGM_patient050_0049.jpg,2,1.0,strong_75_plus,198,188,0.8867924528301887,0.9494949494949495,0.8867924528301887,0.8468468468468469,1,False
HYBRID_TALON,10,patient080,patient080_case01,IGM,IGM_patient050_0050.jpg,1,1.0,low_25_to_50,388,179,0.9322916666666666,0.46134020618556704,0.46134020618556704,0.4463840399002494,1,False
HYBRID_TALON,10,patient080,patient080_case01,IGM,IGM_patient050_0051.jpg,1,,off_target_fp,11,0,0.0,0.0,0.0,0.0,0,False
HYBRID_TALON,10,patient080,patient080_case01,IGM,IGM_patient050_0051.jpg,2,1.0,strong_75_plus,294,270,0.9121621621621622,0.9183673469387755,0.9121621621621622,0.84375,1,False
HYBRID_TALON,10,patient080,patient080_case01,IGM,IGM_patient050_0051.jpg,3,,off_target_fp,170,0,0.0,0.0,0.0,0.0,0,False
HYBRID_TALON,10,patient080,patient080_case01,IGM,IGM_patient050_0052.jpg,1,,off_target_fp,49,0,0.0,0.0,0.0,0.0,0,False
HYBRID_TALON,10,patient080,patient080_case01,IGM,IGM_patient050_0052.jpg,2,1.0,strong_75_plus,454,425,0.9486607142857143,0.9361233480176211,0.9361233480176211,0.8909853249475891,1,False
HYBRID_TALON,10,patient080,patient080_case01,IGM,IGM_patient050_0052.jpg,3,,off_target_fp,32,0,0.0,0.0,0.0,0.0,0,False
HYBRID_TALON,10,patient080,patient080_case01,IGM,IGM_patient050_0052.jpg,4,,off_target_fp,101,0,0.0,0.0,0.0,0.0,0,False
HYBRID_TALON,10,patient080,patient080_case01,IGM,IGM_patient050_0053.jpg,1,,off_target_fp,77,0,0.0,0.0,0.0,0.0,0,False
HYBRID_TALON,10,patient080,patient080_case01,IGM,IGM_patient050_0053.jpg,2,1.0,strong_75_plus,550,504,0.9692307692307692,0.9163636363636364,0.9163636363636364,0.8904593639575972,1,False
HYBRID_TALON,10,patient080,patient080_case01,IGM,IGM_patient050_0053.jpg,3,,off_target_fp,15,0,0.0,0.0,0.0,0.0,0,False
HYBRID_TALON,10,patient080,patient080_case01,IGM,IGM_patient050_0054.jpg,1,,off_target_fp,10,0,0.0,0.0,0.0,0.0,0,False
HYBRID_TALON,10,patient080,patient080_case01,IGM,IGM_patient050_0054.jpg,2,,off_target_fp,70,0,0.0,0.0,0.0,0.0,0,False
HYBRID_TALON,10,patient080,patient080_case01,IGM,IGM_patient050_0054.jpg,3,1.0,strong_75_plus,784,691,0.9759887005649718,0.8813775510204082,0.8813775510204082,0.8626716604244694,1,False
HYBRID_TALON,10,patient080,patient080_case01,IGM,IGM_patient050_0054.jpg,4,,off_target_fp,11,0,0.0,0.0,0.0,0.0,0,False
HYBRID_TALON,10,patient080,patient080_case01,IGM,IGM_patient050_0055.jpg,1,1.0,strong_75_plus,750,686,0.985632183908046,0.9146666666666666,0.9146666666666666,0.9026315789473685,1,False
HYBRID_TALON,10,patient080,patient080_case01,IGM,IGM_patient050_0056.jpg,1,1.0,strong_75_plus,607,522,0.981203007518797,0.8599670510708401,0.8599670510708401,0.8460291734197731,1,False
HYBRID_TALON,10,patient080,patient080_case01,IGM,IGM_patient050_0057.jpg,1,,off_target_fp,37,0,0.0,0.0,0.0,0.0,0,False
HYBRID_TALON,10,patient080,patient080_case01,IGM,IGM_patient050_0057.jpg,2,1.0,moderate_50_to_75,294,257,0.6692708333333334,0.8741496598639455,0.6692708333333334,0.6104513064133017,1,False
HYBRID_TALON,10,patient080,patient080_case01,IGM,IGM_patient050_0058.jpg,1,,off_target_fp,174,0,0.0,0.0,0.0,0.0,0,False
HYBRID_TALON,10,patient080,patient080_case01,IGM,IGM_patient050_0058.jpg,2,,off_target_fp,25,0,0.0,0.0,0.0,0.0,0,False
HYBRID_TALON,10,patient080,patient080_case01,IGM,IGM_patient050_0058.jpg,3,1.0,moderate_50_to_75,162,160,0.7017543859649122,0.9876543209876543,0.7017543859649122,0.6956521739130435,1,False
HYBRID_TALON,10,patient082,patient082_case01,IGM,IGM_patient051_0135.jpg,1,1.0,strong_75_plus,195,151,0.94375,0.7743589743589744,0.7743589743589744,0.7401960784313726,1,False
HYBRID_TALON,10,patient082,patient082_case01,IGM,IGM_patient051_0135.jpg,2,,off_target_fp,44,0,0.0,0.0,0.0,0.0,0,False
HYBRID_TALON,10,patient082,patient082_case01,IGM,IGM_patient051_0135.jpg,3,,off_target_fp,35,0,0.0,0.0,0.0,0.0,0,False
HYBRID_TALON,10,patient082,patient082_case01,IGM,IGM_patient051_0136.jpg,1,1.0,strong_75_plus,290,263,0.9006849315068494,0.906896551724138,0.9006849315068494,0.8244514106583072,1,False
HYBRID_TALON,10,patient082,patient082_case01,IGM,IGM_patient051_0136.jpg,2,,off_target_fp,30,0,0.0,0.0,0.0,0.0,0,False
HYBRID_TALON,10,patient082,patient082_case01,IGM,IGM_patient051_0137.jpg,1,1.0,strong_75_plus,344,268,1.0,0.7790697674418605,0.7790697674418605,0.7790697674418605,1,False
HYBRID_TALON,10,patient082,patient082_case01,IGM,IGM_patient051_0137.jpg,2,,off_target_fp,30,0,0.0,0.0,0.0,0.0,0,False
HYBRID_TALON,10,patient082,patient082_case01,IGM,IGM_patient051_0138.jpg,1,1.0,strong_75_plus,323,305,0.7702020202020202,0.9442724458204335,0.7702020202020202,0.7367149758454107,1,False
HYBRID_TALON,10,patient082,patient082_case01,IGM,IGM_patient051_0138.jpg,2,,off_target_fp,28,0,0.0,0.0,0.0,0.0,0,False
HYBRID_TALON,10,patient082,patient082_case01,IGM,IGM_patient051_0139.jpg,1,1.0,moderate_50_to_75,236,224,0.56,0.9491525423728814,0.56,0.5436893203883495,1,False
HYBRID_TALON,10,patient082,patient082_case01,IGM,IGM_patient051_0140.jpg,1,1.0,moderate_50_to_75,228,203,0.5638888888888889,0.8903508771929824,0.5638888888888889,0.5272727272727272,1,False
HYBRID_TALON,10,patient082,patient082_case01,IGM,IGM_patient051_0141.jpg,1,1.0,moderate_50_to_75,237,229,0.5725,0.9662447257383966,0.5725,0.5612745098039216,1,False
HYBRID_TALON,10,patient082,patient082_case01,IGM,IGM_patient051_0142.jpg,1,1.0,moderate_50_to_75,219,192,0.6486486486486487,0.8767123287671232,0.6486486486486487,0.5944272445820433,1,False
HYBRID_TALON,10,patient082,patient082_case01,IGM,IGM_patient051_0144.jpg,1,1.0,moderate_50_to_75,187,174,0.7372881355932204,0.93048128342246,0.7372881355932204,0.6987951807228916,1,False
HYBRID_TALON,10,patient082,patient082_case01,IGM,IGM_patient051_0145.jpg,1,1.0,moderate_50_to_75,200,161,0.7318181818181818,0.805,0.7318181818181818,0.6216216216216216,1,False
HYBRID_TALON,10,patient082,patient082_case01,IGM,IGM_patient051_0146.jpg,1,1.0,strong_75_plus,183,156,0.75,0.8524590163934426,0.75,0.6638297872340425,1,False
HYBRID_TALON,10,patient082,patient082_case01,IGM,IGM_patient051_0147.jpg,1,1.0,strong_75_plus,106,97,0.8981481481481481,0.9150943396226415,0.8981481481481481,0.8290598290598291,1,False
HYBRID_TALON,10,patient082,patient082_case01,IGM,IGM_patient051_0148.jpg,1,1.0,moderate_50_to_75,52,47,0.618421052631579,0.9038461538461539,0.618421052631579,0.5802469135802469,1,False
HYBRID_TALON,10,patient084,patient084_case01,IBC,IBC_patient052_0047.jpg,1,,off_target_fp,138,0,0.0,0.0,0.0,0.0,0,False
HYBRID_TALON,10,patient084,patient084_case01,IBC,IBC_patient052_0047.jpg,2,1.0,moderate_50_to_75,259,172,1.0,0.6640926640926641,0.6640926640926641,0.6640926640926641,1,False
HYBRID_TALON,10,patient084,patient084_case01,IBC,IBC_patient052_0048.jpg,1,,off_target_fp,112,0,0.0,0.0,0.0,0.0,0,False
HYBRID_TALON,10,patient084,patient084_case01,IBC,IBC_patient052_0048.jpg,2,1.0,moderate_50_to_75,303,212,0.9636363636363636,0.6996699669966997,0.6996699669966997,0.6816720257234726,1,False
HYBRID_TALON,10,patient084,patient084_case01,IBC,IBC_patient052_0048.jpg,3,,off_target_fp,17,0,0.0,0.0,0.0,0.0,0,False
HYBRID_TALON,10,patient084,patient084_case01,IBC,IBC_patient052_0049.jpg,1,,off_target_fp,141,0,0.0,0.0,0.0,0.0,0,False
HYBRID_TALON,10,patient084,patient084_case01,IBC,IBC_patient052_0049.jpg,2,,off_target_fp,10,0,0.0,0.0,0.0,0.0,0,False
HYBRID_TALON,10,patient084,patient084_case01,IBC,IBC_patient052_0049.jpg,3,,off_target_fp,125,0,0.0,0.0,0.0,0.0,0,False
HYBRID_TALON,10,patient084,patient084_case01,IBC,IBC_patient052_0049.jpg,4,1.0,moderate_50_to_75,344,196,1.0,0.5697674418604651,0.5697674418604651,0.5697674418604651,1,False
HYBRID_TALON,10,patient084,patient084_case01,IBC,IBC_patient052_0049.jpg,5,,off_target_fp,14,0,0.0,0.0,0.0,0.0,0,False
HYBRID_TALON,10,patient084,patient084_case01,IBC,IBC_patient052_0050.jpg,1,,off_target_fp,113,0,0.0,0.0,0.0,0.0,0,False
HYBRID_TALON,10,patient084,patient084_case01,IBC,IBC_patient052_0050.jpg,2,,off_target_fp,76,0,0.0,0.0,0.0,0.0,0,False
HYBRID_TALON,10,patient084,patient084_case01,IBC,IBC_patient052_0050.jpg,3,1.0,moderate_50_to_75,376,232,1.0,0.6170212765957447,0.6170212765957447,0.6170212765957447,1,False
HYBRID_TALON,10,patient084,patient084_case01,IBC,IBC_patient052_0051.jpg,1,,off_target_fp,162,0,0.0,0.0,0.0,0.0,0,False
HYBRID_TALON,10,patient084,patient084_case01,IBC,IBC_patient052_0051.jpg,2,1.0,strong_75_plus,287,230,0.9913793103448276,0.8013937282229965,0.8013937282229965,0.7958477508650519,1,False
HYBRID_TALON,10,patient084,patient084_case01,IBC,IBC_patient052_0051.jpg,3,,off_target_fp,10,0,0.0,0.0,0.0,0.0,0,False
HYBRID_TALON,10,patient084,patient084_case01,IBC,IBC_patient052_0051.jpg,4,,off_target_fp,22,0,0.0,0.0,0.0,0.0,0,False
HYBRID_TALON,10,patient084,patient084_case01,IBC,IBC_patient052_0052.jpg,1,,off_target_fp,160,0,0.0,0.0,0.0,0.0,0,False
HYBRID_TALON,10,patient084,patient084_case01,IBC,IBC_patient052_0052.jpg,2,,off_target_fp,18,0,0.0,0.0,0.0,0.0,0,False
HYBRID_TALON,10,patient084,patient084_case01,IBC,IBC_patient052_0052.jpg,3,1.0,moderate_50_to_75,297,215,0.9953703703703703,0.7239057239057239,0.7239057239057239,0.7214765100671141,1,False
HYBRID_TALON,10,patient084,patient084_case01,IBC,IBC_patient052_0053.jpg,1,,off_target_fp,14,0,0.0,0.0,0.0,0.0,0,False
HYBRID_TALON,10,patient084,patient084_case01,IBC,IBC_patient052_0053.jpg,2,,off_target_fp,21,0,0.0,0.0,0.0,0.0,0,False
HYBRID_TALON,10,patient084,patient084_case01,IBC,IBC_patient052_0053.jpg,3,,off_target_fp,15,0,0.0,0.0,0.0,0.0,0,False
HYBRID_TALON,10,patient084,patient084_case01,IBC,IBC_patient052_0053.jpg,4,,off_target_fp,53,0,0.0,0.0,0.0,0.0,0,False
HYBRID_TALON,10,patient084,patient084_case01,IBC,IBC_patient052_0053.jpg,5,1.0,strong_75_plus,354,289,0.9763513513513513,0.8163841807909604,0.8163841807909604,0.8005540166204986,1,False
HYBRID_TALON,10,patient084,patient084_case01,IBC,IBC_patient052_0053.jpg,6,,off_target_fp,19,0,0.0,0.0,0.0,0.0,0,False
HYBRID_TALON,10,patient084,patient084_case01,IBC,IBC_patient052_0054.jpg,1,,off_target_fp,13,0,0.0,0.0,0.0,0.0,0,False
HYBRID_TALON,10,patient084,patient084_case01,IBC,IBC_patient052_0054.jpg,2,,off_target_fp,45,0,0.0,0.0,0.0,0.0,0,False
HYBRID_TALON,10,patient084,patient084_case01,IBC,IBC_patient052_0054.jpg,3,,off_target_fp,46,0,0.0,0.0,0.0,0.0,0,False
HYBRID_TALON,10,patient084,patient084_case01,IBC,IBC_patient052_0054.jpg,4,1.0,strong_75_plus,466,410,0.9761904761904762,0.8798283261802575,0.8798283261802575,0.8613445378151261,1,False
HYBRID_TALON,10,patient084,patient084_case01,IBC,IBC_patient052_0054.jpg,5,,off_target_fp,12,0,0.0,0.0,0.0,0.0,0,False
HYBRID_TALON,10,patient084,patient084_case01,IBC,IBC_patient052_0055.jpg,1,,off_target_fp,37,0,0.0,0.0,0.0,0.0,0,False
HYBRID_TALON,10,patient084,patient084_case01,IBC,IBC_patient052_0055.jpg,2,1.0,strong_75_plus,517,434,0.9954128440366973,0.839458413926499,0.839458413926499,0.8362235067437379,1,False
HYBRID_TALON,10,patient084,patient084_case01,IBC,IBC_patient052_0056.jpg,1,,off_target_fp,30,0,0.0,0.0,0.0,0.0,0,False
HYBRID_TALON,10,patient084,patient084_case01,IBC,IBC_patient052_0056.jpg,2,,off_target_fp,18,0,0.0,0.0,0.0,0.0,0,False
HYBRID_TALON,10,patient084,patient084_case01,IBC,IBC_patient052_0056.jpg,3,1.0,strong_75_plus,483,389,0.9923469387755102,0.8053830227743272,0.8053830227743272,0.8004115226337448,1,False
HYBRID_TALON,10,patient084,patient084_case01,IBC,IBC_patient052_0057.jpg,1,1.0,moderate_50_to_75,435,304,1.0,0.6988505747126437,0.6988505747126437,0.6988505747126437,1,False
HYBRID_TALON,10,patient084,patient084_case01,IBC,IBC_patient052_0057.jpg,2,,off_target_fp,13,0,0.0,0.0,0.0,0.0,0,False
HYBRID_TALON,10,patient084,patient084_case01,IBC,IBC_patient052_0058.jpg,1,,off_target_fp,23,0,0.0,0.0,0.0,0.0,0,False
HYBRID_TALON,10,patient084,patient084_case01,IBC,IBC_patient052_0058.jpg,2,1.0,moderate_50_to_75,400,276,1.0,0.69,0.69,0.69,1,False
HYBRID_TALON,10,patient084,patient084_case01,IBC,IBC_patient052_0058.jpg,3,,off_target_fp,109,0,0.0,0.0,0.0,0.0,0,False
HYBRID_TALON,10,patient084,patient084_case01,IBC,IBC_patient052_0059.jpg,1,,off_target_fp,12,0,0.0,0.0,0.0,0.0,0,False
HYBRID_TALON,10,patient084,patient084_case01,IBC,IBC_patient052_0059.jpg,2,1.0,strong_75_plus,351,288,0.972972972972973,0.8205128205128205,0.8205128205128205,0.8022284122562674,1,False
HYBRID_TALON,10,patient084,patient084_case01,IBC,IBC_patient052_0059.jpg,3,,off_target_fp,87,0,0.0,0.0,0.0,0.0,0,False
HYBRID_TALON,10,patient084,patient084_case01,IBC,IBC_patient052_0060.jpg,1,,off_target_fp,62,0,0.0,0.0,0.0,0.0,0,False
HYBRID_TALON,10,patient084,patient084_case01,IBC,IBC_patient052_0060.jpg,2,1.0,strong_75_plus,234,194,0.9150943396226415,0.8290598290598291,0.8290598290598291,0.7698412698412699,1,False
HYBRID_TALON,10,patient084,patient084_case01,IBC,IBC_patient052_0063.jpg,1,,off_target_fp,99,0,0.0,0.0,0.0,0.0,0,False
HYBRID_TALON,10,patient084,patient084_case01,IBC,IBC_patient052_0063.jpg,2,1.0,moderate_50_to_75,48,48,0.5454545454545454,1.0,0.5454545454545454,0.5454545454545454,1,False
HYBRID_TALON,10,patient084,patient084_case01,IBC,IBC_patient052_0064.jpg,1,1.0,partial_below_25,59,55,0.24553571428571427,0.9322033898305084,0.24553571428571427,0.2412280701754386,1,False
HYBRID_TALON,10,patient084,patient084_case01,IBC,IBC_patient052_0064.jpg,2,1.0,partial_below_25,27,27,0.12053571428571429,1.0,0.12053571428571429,0.12053571428571429,1,False
HYBRID_TALON,10,patient084,patient084_case01,IBC,IBC_patient052_0065.jpg,1,,off_target_fp,27,0,0.0,0.0,0.0,0.0,0,False
HYBRID_TALON,10,patient084,patient084_case01,IBC,IBC_patient052_0065.jpg,2,,off_target_fp,28,0,0.0,0.0,0.0,0.0,0,False
HYBRID_TALON,10,patient084,patient084_case01,IBC,IBC_patient052_0065.jpg,3,1.0,low_25_to_50,162,149,0.4837662337662338,0.9197530864197531,0.4837662337662338,0.46417445482866043,1,False
HYBRID_TALON,10,patient084,patient084_case01,IBC,IBC_patient052_0065.jpg,4,1.0,partial_below_25,35,35,0.11363636363636363,1.0,0.11363636363636363,0.11363636363636363,1,False
HYBRID_TALON,10,patient084,patient084_case01,IBC,IBC_patient052_0066.jpg,1,,off_target_fp,245,0,0.0,0.0,0.0,0.0,0,False
HYBRID_TALON,10,patient084,patient084_case01,IBC,IBC_patient052_0066.jpg,2,,off_target_fp,17,0,0.0,0.0,0.0,0.0,0,False
HYBRID_TALON,10,patient084,patient084_case01,IBC,IBC_patient052_0066.jpg,3,,off_target_fp,12,0,0.0,0.0,0.0,0.0,0,False
HYBRID_TALON,10,patient084,patient084_case01,IBC,IBC_patient052_0066.jpg,4,1.0,strong_75_plus,348,296,0.8809523809523809,0.8505747126436781,0.8505747126436781,0.7628865979381443,1,False
HYBRID_TALON,10,patient084,patient084_case01,IBC,IBC_patient052_0067.jpg,1,,off_target_fp,29,0,0.0,0.0,0.0,0.0,0,False
HYBRID_TALON,10,patient084,patient084_case01,IBC,IBC_patient052_0067.jpg,2,1.0,strong_75_plus,222,203,0.7574626865671642,0.9144144144144144,0.7574626865671642,0.7073170731707317,1,False
HYBRID_TALON,10,patient084,patient084_case01,IBC,IBC_patient052_0067.jpg,3,,off_target_fp,16,0,0.0,0.0,0.0,0.0,0,False
HYBRID_TALON,10,patient084,patient084_case01,IBC,IBC_patient052_0068.jpg,1,,off_target_fp,122,0,0.0,0.0,0.0,0.0,0,False
HYBRID_TALON,10,patient084,patient084_case01,IBC,IBC_patient052_0068.jpg,2,1.0,partial_below_25,31,31,0.19375,1.0,0.19375,0.19375,1,False
HYBRID_TALON,10,patient092,patient092_case01,IBC,IBC_patient057_0042.jpg,1,1.0,strong_75_plus,134,111,0.7708333333333334,0.8283582089552238,0.7708333333333334,0.6646706586826348,1,False
HYBRID_TALON,10,patient092,patient092_case01,IBC,IBC_patient057_0043.jpg,1,,off_target_fp,24,0,0.0,0.0,0.0,0.0,0,False
HYBRID_TALON,10,patient092,patient092_case01,IBC,IBC_patient057_0043.jpg,2,,off_target_fp,19,0,0.0,0.0,0.0,0.0,0,False
HYBRID_TALON,10,patient092,patient092_case01,IBC,IBC_patient057_0043.jpg,3,1.0,moderate_50_to_75,354,264,0.9041095890410958,0.7457627118644068,0.7457627118644068,0.6910994764397905,1,False
HYBRID_TALON,10,patient092,patient092_case01,IBC,IBC_patient057_0044.jpg,1,,off_target_fp,36,0,0.0,0.0,0.0,0.0,0,False
HYBRID_TALON,10,patient092,patient092_case01,IBC,IBC_patient057_0044.jpg,2,,off_target_fp,94,0,0.0,0.0,0.0,0.0,0,False
HYBRID_TALON,10,patient092,patient092_case01,IBC,IBC_patient057_0044.jpg,3,,off_target_fp,58,0,0.0,0.0,0.0,0.0,0,False
HYBRID_TALON,10,patient092,patient092_case01,IBC,IBC_patient057_0044.jpg,4,1.0,moderate_50_to_75,489,307,0.9967532467532467,0.6278118609406953,0.6278118609406953,0.6265306122448979,1,False
HYBRID_TALON,10,patient092,patient092_case01,IBC,IBC_patient057_0045.jpg,1,,off_target_fp,23,0,0.0,0.0,0.0,0.0,0,False
HYBRID_TALON,10,patient092,patient092_case01,IBC,IBC_patient057_0045.jpg,2,,off_target_fp,43,0,0.0,0.0,0.0,0.0,0,False
HYBRID_TALON,10,patient092,patient092_case01,IBC,IBC_patient057_0045.jpg,3,1.0,moderate_50_to_75,556,407,0.9783653846153846,0.7320143884892086,0.7320143884892086,0.720353982300885,1,False
HYBRID_TALON,10,patient092,patient092_case01,IBC,IBC_patient057_0046.jpg,1,,off_target_fp,55,0,0.0,0.0,0.0,0.0,0,False
HYBRID_TALON,10,patient092,patient092_case01,IBC,IBC_patient057_0046.jpg,2,1.0,strong_75_plus,449,418,0.95,0.9309576837416481,0.9309576837416481,0.8874734607218684,1,False
HYBRID_TALON,10,patient092,patient092_case01,IBC,IBC_patient057_0047.jpg,1,,off_target_fp,105,0,0.0,0.0,0.0,0.0,0,False
HYBRID_TALON,10,patient092,patient092_case01,IBC,IBC_patient057_0047.jpg,2,1.0,strong_75_plus,335,324,0.9310344827586207,0.9671641791044776,0.9310344827586207,0.9025069637883009,1,False
HYBRID_TALON,10,patient092,patient092_case01,IBC,IBC_patient057_0048.jpg,1,,off_target_fp,62,0,0.0,0.0,0.0,0.0,0,False
HYBRID_TALON,10,patient092,patient092_case01,IBC,IBC_patient057_0048.jpg,2,1.0,strong_75_plus,203,203,0.7807692307692308,1.0,0.7807692307692308,0.7807692307692308,1,False
HYBRID_TALON,10,patient099,patient099_case01,IGM,IGM_patient008_0049.jpg,1,,off_target_fp,46,0,0.0,0.0,0.0,0.0,0,False
HYBRID_TALON,10,patient099,patient099_case01,IGM,IGM_patient008_0050.jpg,1,1.0,moderate_50_to_75,134,81,0.6982758620689655,0.6044776119402985,0.6044776119402985,0.47928994082840237,1,False
HYBRID_TALON,10,patient099,patient099_case01,IGM,IGM_patient008_0051.jpg,1,1.0,partial_below_25,42,41,0.21808510638297873,0.9761904761904762,0.21808510638297873,0.21693121693121692,1,False
HYBRID_TALON,10,patient099,patient099_case01,IGM,IGM_patient008_0052.jpg,1,,off_target_fp,11,0,0.0,0.0,0.0,0.0,0,False
HYBRID_TALON,10,patient099,patient099_case01,IGM,IGM_patient008_0052.jpg,2,,off_target_fp,60,0,0.0,0.0,0.0,0.0,0,False
HYBRID_TALON,10,patient099,patient099_case01,IGM,IGM_patient008_0053.jpg,1,,off_target_fp,164,0,0.0,0.0,0.0,0.0,0,False
HYBRID_TALON,10,patient099,patient099_case01,IGM,IGM_patient008_0056.jpg,1,,off_target_fp,14,0,0.0,0.0,0.0,0.0,0,False
HYBRID_TALON,10,patient099,patient099_case01,IGM,IGM_patient008_0057.jpg,1,,off_target_fp,136,0,0.0,0.0,0.0,0.0,0,False
HYBRID_TALON,10,patient099,patient099_case01,IGM,IGM_patient008_0057.jpg,2,1.0,low_25_to_50,63,63,0.39375,1.0,0.39375,0.39375,1,False
HYBRID_TALON,10,patient099,patient099_case01,IGM,IGM_patient008_0058.jpg,1,,off_target_fp,128,0,0.0,0.0,0.0,0.0,0,False
HYBRID_TALON,10,patient099,patient099_case01,IGM,IGM_patient008_0058.jpg,2,,off_target_fp,81,0,0.0,0.0,0.0,0.0,0,False
HYBRID_TALON,10,patient101,patient101_case01,IBC,IBC_patient009_0142.jpg,1,,off_target_fp,79,0,0.0,0.0,0.0,0.0,0,False
HYBRID_TALON,10,patient101,patient101_case01,IBC,IBC_patient009_0142.jpg,2,,off_target_fp,20,0,0.0,0.0,0.0,0.0,0,False
HYBRID_TALON,10,patient101,patient101_case01,IBC,IBC_patient009_0142.jpg,3,1.0,low_25_to_50,23,23,0.4423076923076923,1.0,0.4423076923076923,0.4423076923076923,1,False
HYBRID_TALON,10,patient101,patient101_case01,IBC,IBC_patient009_0143.jpg,1,,off_target_fp,28,0,0.0,0.0,0.0,0.0,0,False
HYBRID_TALON,10,patient101,patient101_case01,IBC,IBC_patient009_0143.jpg,2,,off_target_fp,33,0,0.0,0.0,0.0,0.0,0,False
HYBRID_TALON,10,patient101,patient101_case01,IBC,IBC_patient009_0143.jpg,3,,off_target_fp,39,0,0.0,0.0,0.0,0.0,0,False
HYBRID_TALON,10,patient101,patient101_case01,IBC,IBC_patient009_0143.jpg,4,,off_target_fp,31,0,0.0,0.0,0.0,0.0,0,False
HYBRID_TALON,10,patient101,patient101_case01,IBC,IBC_patient009_0143.jpg,5,1.0,moderate_50_to_75,54,52,0.6190476190476191,0.9629629629629629,0.6190476190476191,0.6046511627906976,1,False
HYBRID_TALON,10,patient101,patient101_case01,IBC,IBC_patient009_0143.jpg,6,,off_target_fp,12,0,0.0,0.0,0.0,0.0,0,False
HYBRID_TALON,10,patient101,patient101_case01,IBC,IBC_patient009_0144.jpg,1,,off_target_fp,16,0,0.0,0.0,0.0,0.0,0,False
HYBRID_TALON,10,patient101,patient101_case01,IBC,IBC_patient009_0144.jpg,2,,off_target_fp,32,0,0.0,0.0,0.0,0.0,0,False
HYBRID_TALON,10,patient101,patient101_case01,IBC,IBC_patient009_0144.jpg,3,,off_target_fp,77,0,0.0,0.0,0.0,0.0,0,False
HYBRID_TALON,10,patient101,patient101_case01,IBC,IBC_patient009_0144.jpg,4,,off_target_fp,43,0,0.0,0.0,0.0,0.0,0,False
HYBRID_TALON,10,patient101,patient101_case01,IBC,IBC_patient009_0144.jpg,5,1.0,strong_75_plus,109,95,0.8482142857142857,0.8715596330275229,0.8482142857142857,0.753968253968254,1,False
HYBRID_TALON,10,patient101,patient101_case01,IBC,IBC_patient009_0144.jpg,6,,off_target_fp,10,0,0.0,0.0,0.0,0.0,0,False
HYBRID_TALON,10,patient101,patient101_case01,IBC,IBC_patient009_0144.jpg,7,,off_target_fp,12,0,0.0,0.0,0.0,0.0,0,False
HYBRID_TALON,10,patient101,patient101_case01,IBC,IBC_patient009_0145.jpg,1,,off_target_fp,29,0,0.0,0.0,0.0,0.0,0,False
HYBRID_TALON,10,patient101,patient101_case01,IBC,IBC_patient009_0145.jpg,2,,off_target_fp,72,0,0.0,0.0,0.0,0.0,0,False
HYBRID_TALON,10,patient101,patient101_case01,IBC,IBC_patient009_0145.jpg,3,,off_target_fp,23,0,0.0,0.0,0.0,0.0,0,False
HYBRID_TALON,10,patient101,patient101_case01,IBC,IBC_patient009_0145.jpg,4,1.0,strong_75_plus,128,99,0.9519230769230769,0.7734375,0.7734375,0.7443609022556391,1,False
HYBRID_TALON,10,patient101,patient101_case01,IBC,IBC_patient009_0146.jpg,1,,off_target_fp,24,0,0.0,0.0,0.0,0.0,0,False
HYBRID_TALON,10,patient101,patient101_case01,IBC,IBC_patient009_0146.jpg,2,,off_target_fp,42,0,0.0,0.0,0.0,0.0,0,False
HYBRID_TALON,10,patient101,patient101_case01,IBC,IBC_patient009_0146.jpg,3,,off_target_fp,17,0,0.0,0.0,0.0,0.0,0,False
HYBRID_TALON,10,patient101,patient101_case01,IBC,IBC_patient009_0146.jpg,4,1.0,strong_75_plus,134,111,0.8671875,0.8283582089552238,0.8283582089552238,0.7350993377483444,1,False
HYBRID_TALON,10,patient101,patient101_case01,IBC,IBC_patient009_0147.jpg,1,,off_target_fp,78,0,0.0,0.0,0.0,0.0,0,False
HYBRID_TALON,10,patient101,patient101_case01,IBC,IBC_patient009_0147.jpg,2,1.0,moderate_50_to_75,171,117,0.8602941176470589,0.6842105263157895,0.6842105263157895,0.6157894736842106,1,False
HYBRID_TALON,10,patient101,patient101_case01,IBC,IBC_patient009_0148.jpg,1,,off_target_fp,186,0,0.0,0.0,0.0,0.0,0,False
HYBRID_TALON,10,patient101,patient101_case01,IBC,IBC_patient009_0148.jpg,2,,off_target_fp,14,0,0.0,0.0,0.0,0.0,0,False
HYBRID_TALON,10,patient101,patient101_case01,IBC,IBC_patient009_0148.jpg,3,1.0,strong_75_plus,204,153,0.8895348837209303,0.75,0.75,0.6860986547085202,1,False
HYBRID_TALON,10,patient101,patient101_case01,IBC,IBC_patient009_0149.jpg,1,,off_target_fp,228,0,0.0,0.0,0.0,0.0,0,False
HYBRID_TALON,10,patient101,patient101_case01,IBC,IBC_patient009_0149.jpg,2,,off_target_fp,14,0,0.0,0.0,0.0,0.0,0,False
HYBRID_TALON,10,patient101,patient101_case01,IBC,IBC_patient009_0149.jpg,3,1.0,strong_75_plus,236,195,0.9375,0.826271186440678,0.826271186440678,0.7831325301204819,1,False
HYBRID_TALON,10,patient101,patient101_case01,IBC,IBC_patient009_0150.jpg,1,,off_target_fp,187,0,0.0,0.0,0.0,0.0,0,False
HYBRID_TALON,10,patient101,patient101_case01,IBC,IBC_patient009_0150.jpg,2,,off_target_fp,13,0,0.0,0.0,0.0,0.0,0,False
HYBRID_TALON,10,patient101,patient101_case01,IBC,IBC_patient009_0150.jpg,3,1.0,strong_75_plus,238,198,0.9166666666666666,0.8319327731092437,0.8319327731092437,0.7734375,1,False
HYBRID_TALON,10,patient101,patient101_case01,IBC,IBC_patient009_0151.jpg,1,,off_target_fp,148,0,0.0,0.0,0.0,0.0,0,False
HYBRID_TALON,10,patient101,patient101_case01,IBC,IBC_patient009_0151.jpg,2,1.0,strong_75_plus,234,179,0.9132653061224489,0.7649572649572649,0.7649572649572649,0.7131474103585658,1,False
HYBRID_TALON,10,patient101,patient101_case01,IBC,IBC_patient009_0152.jpg,1,,off_target_fp,11,0,0.0,0.0,0.0,0.0,0,False
HYBRID_TALON,10,patient101,patient101_case01,IBC,IBC_patient009_0152.jpg,2,1.0,strong_75_plus,215,177,0.885,0.8232558139534883,0.8232558139534883,0.7436974789915967,1,False
HYBRID_TALON,10,patient101,patient101_case01,IBC,IBC_patient009_0153.jpg,1,,off_target_fp,21,0,0.0,0.0,0.0,0.0,0,False
HYBRID_TALON,10,patient101,patient101_case01,IBC,IBC_patient009_0153.jpg,2,,off_target_fp,11,0,0.0,0.0,0.0,0.0,0,False
HYBRID_TALON,10,patient101,patient101_case01,IBC,IBC_patient009_0153.jpg,3,1.0,strong_75_plus,199,174,0.8365384615384616,0.8743718592964824,0.8365384615384616,0.7467811158798283,1,False
HYBRID_TALON,10,patient101,patient101_case01,IBC,IBC_patient009_0154.jpg,1,,off_target_fp,44,0,0.0,0.0,0.0,0.0,0,False
HYBRID_TALON,10,patient101,patient101_case01,IBC,IBC_patient009_0154.jpg,2,,off_target_fp,12,0,0.0,0.0,0.0,0.0,0,False
HYBRID_TALON,10,patient101,patient101_case01,IBC,IBC_patient009_0154.jpg,3,1.0,strong_75_plus,156,139,0.8081395348837209,0.8910256410256411,0.8081395348837209,0.7354497354497355,1,False
HYBRID_TALON,10,patient101,patient101_case01,IBC,IBC_patient009_0155.jpg,1,,off_target_fp,16,0,0.0,0.0,0.0,0.0,0,False
HYBRID_TALON,10,patient101,patient101_case01,IBC,IBC_patient009_0155.jpg,2,,off_target_fp,67,0,0.0,0.0,0.0,0.0,0,False
HYBRID_TALON,10,patient101,patient101_case01,IBC,IBC_patient009_0155.jpg,3,,off_target_fp,23,0,0.0,0.0,0.0,0.0,0,False
HYBRID_TALON,10,patient101,patient101_case01,IBC,IBC_patient009_0155.jpg,4,1.0,strong_75_plus,145,131,0.81875,0.903448275862069,0.81875,0.7528735632183908,1,False
HYBRID_TALON,10,patient101,patient101_case01,IBC,IBC_patient009_0156.jpg,1,,off_target_fp,18,0,0.0,0.0,0.0,0.0,0,False
HYBRID_TALON,10,patient101,patient101_case01,IBC,IBC_patient009_0156.jpg,2,,off_target_fp,77,0,0.0,0.0,0.0,0.0,0,False
HYBRID_TALON,10,patient101,patient101_case01,IBC,IBC_patient009_0156.jpg,3,,off_target_fp,26,0,0.0,0.0,0.0,0.0,0,False
HYBRID_TALON,10,patient101,patient101_case01,IBC,IBC_patient009_0156.jpg,4,,off_target_fp,34,0,0.0,0.0,0.0,0.0,0,False
HYBRID_TALON,10,patient101,patient101_case01,IBC,IBC_patient009_0156.jpg,5,1.0,strong_75_plus,140,124,0.7560975609756098,0.8857142857142857,0.7560975609756098,0.6888888888888889,1,False
HYBRID_TALON,10,patient101,patient101_case01,IBC,IBC_patient009_0157.jpg,1,,off_target_fp,10,0,0.0,0.0,0.0,0.0,0,False
HYBRID_TALON,10,patient101,patient101_case01,IBC,IBC_patient009_0157.jpg,2,,off_target_fp,62,0,0.0,0.0,0.0,0.0,0,False
HYBRID_TALON,10,patient101,patient101_case01,IBC,IBC_patient009_0157.jpg,3,1.0,strong_75_plus,247,204,0.796875,0.8259109311740891,0.796875,0.6822742474916388,1,False
HYBRID_TALON,10,patient101,patient101_case01,IBC,IBC_patient009_0157.jpg,4,,off_target_fp,49,0,0.0,0.0,0.0,0.0,0,False
HYBRID_TALON,10,patient101,patient101_case01,IBC,IBC_patient009_0158.jpg,1,,off_target_fp,21,0,0.0,0.0,0.0,0.0,0,False
HYBRID_TALON,10,patient101,patient101_case01,IBC,IBC_patient009_0158.jpg,2,,off_target_fp,46,0,0.0,0.0,0.0,0.0,0,False
HYBRID_TALON,10,patient101,patient101_case01,IBC,IBC_patient009_0158.jpg,3,1.0,strong_75_plus,273,233,0.8694029850746269,0.8534798534798534,0.8534798534798534,0.7564935064935064,1,False
HYBRID_TALON,10,patient101,patient101_case01,IBC,IBC_patient009_0158.jpg,4,,off_target_fp,17,0,0.0,0.0,0.0,0.0,0,False
HYBRID_TALON,10,patient101,patient101_case01,IBC,IBC_patient009_0158.jpg,5,,off_target_fp,11,0,0.0,0.0,0.0,0.0,0,False
HYBRID_TALON,10,patient101,patient101_case01,IBC,IBC_patient009_0159.jpg,1,,off_target_fp,15,0,0.0,0.0,0.0,0.0,0,False
HYBRID_TALON,10,patient101,patient101_case01,IBC,IBC_patient009_0159.jpg,2,,off_target_fp,26,0,0.0,0.0,0.0,0.0,0,False
HYBRID_TALON,10,patient101,patient101_case01,IBC,IBC_patient009_0159.jpg,3,,off_target_fp,29,0,0.0,0.0,0.0,0.0,0,False
HYBRID_TALON,10,patient101,patient101_case01,IBC,IBC_patient009_0159.jpg,4,1.0,strong_75_plus,292,232,0.90625,0.7945205479452054,0.7945205479452054,0.7341772151898734,1,False
HYBRID_TALON,10,patient101,patient101_case01,IBC,IBC_patient009_0160.jpg,1,,off_target_fp,19,0,0.0,0.0,0.0,0.0,0,False
HYBRID_TALON,10,patient101,patient101_case01,IBC,IBC_patient009_0160.jpg,2,,off_target_fp,15,0,0.0,0.0,0.0,0.0,0,False
HYBRID_TALON,10,patient101,patient101_case01,IBC,IBC_patient009_0160.jpg,3,,off_target_fp,18,0,0.0,0.0,0.0,0.0,0,False
HYBRID_TALON,10,patient101,patient101_case01,IBC,IBC_patient009_0160.jpg,4,1.0,strong_75_plus,290,219,0.8830645161290323,0.7551724137931034,0.7551724137931034,0.6865203761755486,1,False
HYBRID_TALON,10,patient101,patient101_case01,IBC,IBC_patient009_0160.jpg,5,,off_target_fp,12,0,0.0,0.0,0.0,0.0,0,False
HYBRID_TALON,10,patient101,patient101_case01,IBC,IBC_patient009_0161.jpg,1,,off_target_fp,16,0,0.0,0.0,0.0,0.0,0,False
HYBRID_TALON,10,patient101,patient101_case01,IBC,IBC_patient009_0161.jpg,2,,off_target_fp,10,0,0.0,0.0,0.0,0.0,0,False
HYBRID_TALON,10,patient101,patient101_case01,IBC,IBC_patient009_0161.jpg,3,,off_target_fp,17,0,0.0,0.0,0.0,0.0,0,False
HYBRID_TALON,10,patient101,patient101_case01,IBC,IBC_patient009_0161.jpg,4,1.0,strong_75_plus,290,223,0.9139344262295082,0.7689655172413793,0.7689655172413793,0.7170418006430869,1,False
HYBRID_TALON,10,patient101,patient101_case01,IBC,IBC_patient009_0161.jpg,5,,off_target_fp,13,0,0.0,0.0,0.0,0.0,0,False
HYBRID_TALON,10,patient101,patient101_case01,IBC,IBC_patient009_0162.jpg,1,,off_target_fp,44,0,0.0,0.0,0.0,0.0,0,False
HYBRID_TALON,10,patient101,patient101_case01,IBC,IBC_patient009_0162.jpg,2,,off_target_fp,18,0,0.0,0.0,0.0,0.0,0,False
HYBRID_TALON,10,patient101,patient101_case01,IBC,IBC_patient009_0162.jpg,3,,off_target_fp,15,0,0.0,0.0,0.0,0.0,0,False
HYBRID_TALON,10,patient101,patient101_case01,IBC,IBC_patient009_0162.jpg,4,,off_target_fp,12,0,0.0,0.0,0.0,0.0,0,False
HYBRID_TALON,10,patient101,patient101_case01,IBC,IBC_patient009_0162.jpg,5,,off_target_fp,11,0,0.0,0.0,0.0,0.0,0,False
HYBRID_TALON,10,patient101,patient101_case01,IBC,IBC_patient009_0162.jpg,6,1.0,strong_75_plus,301,263,0.9392857142857143,0.8737541528239202,0.8737541528239202,0.8270440251572327,1,False
HYBRID_TALON,10,patient101,patient101_case01,IBC,IBC_patient009_0163.jpg,1,,off_target_fp,50,0,0.0,0.0,0.0,0.0,0,False
HYBRID_TALON,10,patient101,patient101_case01,IBC,IBC_patient009_0163.jpg,2,,off_target_fp,40,0,0.0,0.0,0.0,0.0,0,False
HYBRID_TALON,10,patient101,patient101_case01,IBC,IBC_patient009_0163.jpg,3,,off_target_fp,16,0,0.0,0.0,0.0,0.0,0,False
HYBRID_TALON,10,patient101,patient101_case01,IBC,IBC_patient009_0163.jpg,4,1.0,strong_75_plus,263,238,0.9596774193548387,0.9049429657794676,0.9049429657794676,0.8717948717948718,1,False
HYBRID_TALON,10,patient101,patient101_case01,IBC,IBC_patient009_0164.jpg,1,,off_target_fp,18,0,0.0,0.0,0.0,0.0,0,False
HYBRID_TALON,10,patient101,patient101_case01,IBC,IBC_patient009_0164.jpg,2,,off_target_fp,14,0,0.0,0.0,0.0,0.0,0,False
HYBRID_TALON,10,patient101,patient101_case01,IBC,IBC_patient009_0164.jpg,3,,off_target_fp,17,0,0.0,0.0,0.0,0.0,0,False
HYBRID_TALON,10,patient101,patient101_case01,IBC,IBC_patient009_0164.jpg,4,,off_target_fp,27,0,0.0,0.0,0.0,0.0,0,False
HYBRID_TALON,10,patient101,patient101_case01,IBC,IBC_patient009_0164.jpg,5,1.0,strong_75_plus,212,208,0.8387096774193549,0.9811320754716981,0.8387096774193549,0.8253968253968254,1,False
HYBRID_TALON,10,patient101,patient101_case01,IBC,IBC_patient009_0165.jpg,1,,off_target_fp,13,0,0.0,0.0,0.0,0.0,0,False
HYBRID_TALON,10,patient101,patient101_case01,IBC,IBC_patient009_0165.jpg,2,,off_target_fp,17,0,0.0,0.0,0.0,0.0,0,False
HYBRID_TALON,10,patient101,patient101_case01,IBC,IBC_patient009_0165.jpg,3,,off_target_fp,11,0,0.0,0.0,0.0,0.0,0,False
HYBRID_TALON,10,patient101,patient101_case01,IBC,IBC_patient009_0165.jpg,4,,off_target_fp,18,0,0.0,0.0,0.0,0.0,0,False
HYBRID_TALON,10,patient101,patient101_case01,IBC,IBC_patient009_0165.jpg,5,1.0,strong_75_plus,135,128,0.8205128205128205,0.9481481481481482,0.8205128205128205,0.7852760736196319,1,False
HYBRID_TALON,10,patient101,patient101_case01,IBC,IBC_patient009_0165.jpg,6,,off_target_fp,15,0,0.0,0.0,0.0,0.0,0,False
HYBRID_TALON,10,patient101,patient101_case01,IBC,IBC_patient009_0165.jpg,7,,off_target_fp,17,0,0.0,0.0,0.0,0.0,0,False
HYBRID_TALON,10,patient101,patient101_case01,IBC,IBC_patient009_0166.jpg,1,,off_target_fp,21,0,0.0,0.0,0.0,0.0,0,False
HYBRID_TALON,10,patient101,patient101_case01,IBC,IBC_patient009_0166.jpg,2,1.0,moderate_50_to_75,51,49,0.532608695652174,0.9607843137254902,0.532608695652174,0.5212765957446809,1,False
HYBRID_TALON,10,patient101,patient101_case01,IBC,IBC_patient009_0166.jpg,3,,off_target_fp,23,0,0.0,0.0,0.0,0.0,0,False
HYBRID_TALON,10,patient101,patient101_case01,IBC,IBC_patient009_0166.jpg,4,,off_target_fp,30,0,0.0,0.0,0.0,0.0,0,False
HYBRID_TALON,25,patient005,patient005_case01,IGM,IGM_patient011_0060.jpg,1,,off_target_fp,37,0,0.0,0.0,0.0,0.0,0,False
HYBRID_TALON,25,patient005,patient005_case01,IGM,IGM_patient011_0066.jpg,1,,off_target_fp,31,0,0.0,0.0,0.0,0.0,0,False
HYBRID_TALON,25,patient008,patient008_case01,IGM,IGM_patient013_0079.jpg,1,,off_target_fp,29,0,0.0,0.0,0.0,0.0,0,False
HYBRID_TALON,25,patient008,patient008_case01,IGM,IGM_patient013_0080.jpg,1,,off_target_fp,32,0,0.0,0.0,0.0,0.0,0,False
HYBRID_TALON,25,patient008,patient008_case01,IGM,IGM_patient013_0080.jpg,2,,off_target_fp,52,0,0.0,0.0,0.0,0.0,0,False
HYBRID_TALON,25,patient008,patient008_case01,IGM,IGM_patient013_0081.jpg,1,,off_target_fp,27,0,0.0,0.0,0.0,0.0,0,False
HYBRID_TALON,25,patient008,patient008_case01,IGM,IGM_patient013_0081.jpg,2,1.0,partial_below_25,26,24,0.23076923076923078,0.9230769230769231,0.23076923076923078,0.22641509433962265,1,False
HYBRID_TALON,25,patient008,patient008_case01,IGM,IGM_patient013_0082.jpg,1,,off_target_fp,35,0,0.0,0.0,0.0,0.0,0,False
HYBRID_TALON,25,patient008,patient008_case01,IGM,IGM_patient013_0083.jpg,1,,off_target_fp,27,0,0.0,0.0,0.0,0.0,0,False
HYBRID_TALON,25,patient014,patient014_case01,IBC,IBC_patient016_0135.jpg,1,1.0,moderate_50_to_75,190,119,0.9916666666666667,0.6263157894736842,0.6263157894736842,0.6230366492146597,1,False
HYBRID_TALON,25,patient014,patient014_case01,IBC,IBC_patient016_0135.jpg,2,,off_target_fp,59,0,0.0,0.0,0.0,0.0,0,False
HYBRID_TALON,25,patient014,patient014_case01,IBC,IBC_patient016_0135.jpg,3,,off_target_fp,25,0,0.0,0.0,0.0,0.0,0,False
HYBRID_TALON,25,patient014,patient014_case01,IBC,IBC_patient016_0135.jpg,4,,off_target_fp,63,0,0.0,0.0,0.0,0.0,0,False
HYBRID_TALON,25,patient014,patient014_case01,IBC,IBC_patient016_0135.jpg,5,,off_target_fp,95,0,0.0,0.0,0.0,0.0,0,False
HYBRID_TALON,25,patient014,patient014_case01,IBC,IBC_patient016_0136.jpg,1,1.0,strong_75_plus,220,182,0.9891304347826086,0.8272727272727273,0.8272727272727273,0.8198198198198198,1,False
HYBRID_TALON,25,patient014,patient014_case01,IBC,IBC_patient016_0136.jpg,2,,off_target_fp,89,0,0.0,0.0,0.0,0.0,0,False
HYBRID_TALON,25,patient014,patient014_case01,IBC,IBC_patient016_0136.jpg,3,,off_target_fp,204,0,0.0,0.0,0.0,0.0,0,False
HYBRID_TALON,25,patient014,patient014_case01,IBC,IBC_patient016_0137.jpg,1,1.0,strong_75_plus,240,212,0.9814814814814815,0.8833333333333333,0.8833333333333333,0.8688524590163934,1,False
HYBRID_TALON,25,patient014,patient014_case01,IBC,IBC_patient016_0137.jpg,2,,off_target_fp,111,0,0.0,0.0,0.0,0.0,0,False
HYBRID_TALON,25,patient014,patient014_case01,IBC,IBC_patient016_0137.jpg,3,,off_target_fp,318,0,0.0,0.0,0.0,0.0,0,False
HYBRID_TALON,25,patient014,patient014_case01,IBC,IBC_patient016_0138.jpg,1,1.0,strong_75_plus,258,209,0.9675925925925926,0.810077519379845,0.810077519379845,0.7886792452830189,1,False
HYBRID_TALON,25,patient014,patient014_case01,IBC,IBC_patient016_0138.jpg,2,,off_target_fp,124,0,0.0,0.0,0.0,0.0,0,False
HYBRID_TALON,25,patient014,patient014_case01,IBC,IBC_patient016_0138.jpg,3,,off_target_fp,404,0,0.0,0.0,0.0,0.0,0,False
HYBRID_TALON,25,patient014,patient014_case01,IBC,IBC_patient016_0139.jpg,1,1.0,strong_75_plus,274,254,0.9202898550724637,0.927007299270073,0.9202898550724637,0.8581081081081081,1,False
HYBRID_TALON,25,patient014,patient014_case01,IBC,IBC_patient016_0139.jpg,2,,off_target_fp,122,0,0.0,0.0,0.0,0.0,0,False
HYBRID_TALON,25,patient014,patient014_case01,IBC,IBC_patient016_0139.jpg,3,,off_target_fp,490,0,0.0,0.0,0.0,0.0,0,False
HYBRID_TALON,25,patient014,patient014_case01,IBC,IBC_patient016_0140.jpg,1,1.0,strong_75_plus,280,244,0.9682539682539683,0.8714285714285714,0.8714285714285714,0.8472222222222222,1,False
HYBRID_TALON,25,patient014,patient014_case01,IBC,IBC_patient016_0140.jpg,2,,off_target_fp,98,0,0.0,0.0,0.0,0.0,0,False
HYBRID_TALON,25,patient014,patient014_case01,IBC,IBC_patient016_0140.jpg,3,,off_target_fp,531,0,0.0,0.0,0.0,0.0,0,False
HYBRID_TALON,25,patient014,patient014_case01,IBC,IBC_patient016_0141.jpg,1,1.0,strong_75_plus,282,232,0.9830508474576272,0.8226950354609929,0.8226950354609929,0.8111888111888111,1,False
HYBRID_TALON,25,patient014,patient014_case01,IBC,IBC_patient016_0141.jpg,2,,off_target_fp,537,0,0.0,0.0,0.0,0.0,0,False
HYBRID_TALON,25,patient014,patient014_case01,IBC,IBC_patient016_0142.jpg,1,1.0,strong_75_plus,284,221,0.9692982456140351,0.778169014084507,0.778169014084507,0.7594501718213058,1,False
HYBRID_TALON,25,patient014,patient014_case01,IBC,IBC_patient016_0142.jpg,2,,off_target_fp,530,0,0.0,0.0,0.0,0.0,0,False
HYBRID_TALON,25,patient014,patient014_case01,IBC,IBC_patient016_0143.jpg,1,,off_target_fp,99,0,0.0,0.0,0.0,0.0,0,False
HYBRID_TALON,25,patient014,patient014_case01,IBC,IBC_patient016_0143.jpg,2,1.0,moderate_50_to_75,279,192,0.9795918367346939,0.6881720430107527,0.6881720430107527,0.6784452296819788,1,False
HYBRID_TALON,25,patient014,patient014_case01,IBC,IBC_patient016_0143.jpg,3,,off_target_fp,528,0,0.0,0.0,0.0,0.0,0,False
HYBRID_TALON,25,patient014,patient014_case01,IBC,IBC_patient016_0144.jpg,1,,off_target_fp,179,0,0.0,0.0,0.0,0.0,0,False
HYBRID_TALON,25,patient014,patient014_case01,IBC,IBC_patient016_0144.jpg,2,1.0,moderate_50_to_75,286,193,0.9846938775510204,0.6748251748251748,0.6748251748251748,0.6678200692041523,1,False
HYBRID_TALON,25,patient014,patient014_case01,IBC,IBC_patient016_0144.jpg,3,,off_target_fp,507,0,0.0,0.0,0.0,0.0,0,False
HYBRID_TALON,25,patient014,patient014_case01,IBC,IBC_patient016_0145.jpg,1,,off_target_fp,201,0,0.0,0.0,0.0,0.0,0,False
HYBRID_TALON,25,patient014,patient014_case01,IBC,IBC_patient016_0145.jpg,2,1.0,strong_75_plus,281,236,0.9833333333333333,0.8398576512455516,0.8398576512455516,0.8280701754385965,1,False
HYBRID_TALON,25,patient014,patient014_case01,IBC,IBC_patient016_0145.jpg,3,,off_target_fp,461,0,0.0,0.0,0.0,0.0,0,False
HYBRID_TALON,25,patient014,patient014_case01,IBC,IBC_patient016_0146.jpg,1,,off_target_fp,83,0,0.0,0.0,0.0,0.0,0,False
HYBRID_TALON,25,patient014,patient014_case01,IBC,IBC_patient016_0146.jpg,2,,off_target_fp,192,0,0.0,0.0,0.0,0.0,0,False
HYBRID_TALON,25,patient014,patient014_case01,IBC,IBC_patient016_0146.jpg,3,1.0,strong_75_plus,258,222,0.940677966101695,0.8604651162790697,0.8604651162790697,0.8161764705882353,1,False
HYBRID_TALON,25,patient014,patient014_case01,IBC,IBC_patient016_0146.jpg,4,,off_target_fp,406,0,0.0,0.0,0.0,0.0,0,False
HYBRID_TALON,25,patient014,patient014_case01,IBC,IBC_patient016_0147.jpg,1,,off_target_fp,137,0,0.0,0.0,0.0,0.0,0,False
HYBRID_TALON,25,patient014,patient014_case01,IBC,IBC_patient016_0147.jpg,2,,off_target_fp,150,0,0.0,0.0,0.0,0.0,0,False
HYBRID_TALON,25,patient014,patient014_case01,IBC,IBC_patient016_0147.jpg,3,1.0,strong_75_plus,222,200,0.9259259259259259,0.9009009009009009,0.9009009009009009,0.8403361344537815,1,False
HYBRID_TALON,25,patient014,patient014_case01,IBC,IBC_patient016_0147.jpg,4,,off_target_fp,321,0,0.0,0.0,0.0,0.0,0,False
HYBRID_TALON,25,patient014,patient014_case01,IBC,IBC_patient016_0148.jpg,1,,off_target_fp,166,0,0.0,0.0,0.0,0.0,0,False
HYBRID_TALON,25,patient014,patient014_case01,IBC,IBC_patient016_0148.jpg,2,1.0,strong_75_plus,175,161,0.8385416666666666,0.92,0.8385416666666666,0.7815533980582524,1,False
HYBRID_TALON,25,patient014,patient014_case01,IBC,IBC_patient016_0148.jpg,3,,off_target_fp,124,0,0.0,0.0,0.0,0.0,0,False
HYBRID_TALON,25,patient014,patient014_case01,IBC,IBC_patient016_0149.jpg,1,,off_target_fp,178,0,0.0,0.0,0.0,0.0,0,False
HYBRID_TALON,25,patient014,patient014_case01,IBC,IBC_patient016_0149.jpg,2,1.0,moderate_50_to_75,124,124,0.6326530612244898,1.0,0.6326530612244898,0.6326530612244898,1,False
HYBRID_TALON,25,patient014,patient014_case01,IBC,IBC_patient016_0149.jpg,3,,off_target_fp,30,0,0.0,0.0,0.0,0.0,0,False
HYBRID_TALON,25,patient014,patient014_case01,IBC,IBC_patient016_0150.jpg,1,,off_target_fp,182,0,0.0,0.0,0.0,0.0,0,False
HYBRID_TALON,25,patient014,patient014_case01,IBC,IBC_patient016_0150.jpg,2,1.0,low_25_to_50,50,39,0.4875,0.78,0.4875,0.42857142857142855,1,False
HYBRID_TALON,25,patient014,patient014_case01,IBC,IBC_patient016_0150.jpg,3,,off_target_fp,52,0,0.0,0.0,0.0,0.0,0,False
HYBRID_TALON,25,patient014,patient014_case01,IBC,IBC_patient016_0150.jpg,4,,off_target_fp,36,0,0.0,0.0,0.0,0.0,0,False
HYBRID_TALON,25,patient014,patient014_case01,IBC,IBC_patient016_0151.jpg,1,,off_target_fp,171,0,0.0,0.0,0.0,0.0,0,False
HYBRID_TALON,25,patient014,patient014_case01,IBC,IBC_patient016_0151.jpg,2,,off_target_fp,91,0,0.0,0.0,0.0,0.0,0,False
HYBRID_TALON,25,patient014,patient014_case01,IBC,IBC_patient016_0151.jpg,3,,off_target_fp,65,0,0.0,0.0,0.0,0.0,0,False
HYBRID_TALON,25,patient014,patient014_case01,IBC,IBC_patient016_0151.jpg,4,,off_target_fp,202,0,0.0,0.0,0.0,0.0,0,False
HYBRID_TALON,25,patient015,patient015_case01,IGM,IGM_patient016_0051.jpg,1,1.0,moderate_50_to_75,82,68,0.7083333333333334,0.8292682926829268,0.7083333333333334,0.6181818181818182,1,False
HYBRID_TALON,25,patient015,patient015_case01,IGM,IGM_patient016_0052.jpg,1,1.0,moderate_50_to_75,169,114,0.8636363636363636,0.6745562130177515,0.6745562130177515,0.6096256684491979,1,False
HYBRID_TALON,25,patient015,patient015_case01,IGM,IGM_patient016_0053.jpg,1,,off_target_fp,30,0,0.0,0.0,0.0,0.0,0,False
HYBRID_TALON,25,patient015,patient015_case01,IGM,IGM_patient016_0053.jpg,2,1.0,moderate_50_to_75,181,152,0.6909090909090909,0.8397790055248618,0.6909090909090909,0.6104417670682731,1,False
HYBRID_TALON,25,patient015,patient015_case01,IGM,IGM_patient016_0054.jpg,1,,off_target_fp,55,0,0.0,0.0,0.0,0.0,0,False
HYBRID_TALON,25,patient015,patient015_case01,IGM,IGM_patient016_0054.jpg,2,,off_target_fp,25,0,0.0,0.0,0.0,0.0,0,False
HYBRID_TALON,25,patient015,patient015_case01,IGM,IGM_patient016_0054.jpg,3,1.0,strong_75_plus,224,199,0.8728070175438597,0.8883928571428571,0.8728070175438597,0.7865612648221344,1,False
HYBRID_TALON,25,patient015,patient015_case01,IGM,IGM_patient016_0055.jpg,1,,off_target_fp,100,0,0.0,0.0,0.0,0.0,0,False
HYBRID_TALON,25,patient015,patient015_case01,IGM,IGM_patient016_0055.jpg,2,1.0,strong_75_plus,200,151,0.877906976744186,0.755,0.755,0.6832579185520362,1,False
HYBRID_TALON,25,patient015,patient015_case01,IGM,IGM_patient016_0056.jpg,1,,off_target_fp,255,0,0.0,0.0,0.0,0.0,0,False
HYBRID_TALON,25,patient015,patient015_case01,IGM,IGM_patient016_0056.jpg,2,1.0,strong_75_plus,148,134,0.8589743589743589,0.9054054054054054,0.8589743589743589,0.788235294117647,1,False
HYBRID_TALON,25,patient015,patient015_case01,IGM,IGM_patient016_0057.jpg,1,1.0,strong_75_plus,81,81,0.84375,1.0,0.84375,0.84375,1,False
HYBRID_TALON,25,patient015,patient015_case01,IGM,IGM_patient016_0057.jpg,2,,off_target_fp,43,0,0.0,0.0,0.0,0.0,0,False
HYBRID_TALON,25,patient017,patient017_case01,IGM,IGM_patient017_0056.jpg,1,1.0,moderate_50_to_75,101,76,0.6551724137931034,0.7524752475247525,0.6551724137931034,0.5390070921985816,1,False
HYBRID_TALON,25,patient017,patient017_case01,IGM,IGM_patient017_0057.jpg,1,,off_target_fp,70,0,0.0,0.0,0.0,0.0,0,False
HYBRID_TALON,25,patient017,patient017_case01,IGM,IGM_patient017_0057.jpg,2,1.0,moderate_50_to_75,134,94,0.7121212121212122,0.7014925373134329,0.7014925373134329,0.5465116279069767,1,False
HYBRID_TALON,25,patient017,patient017_case01,IGM,IGM_patient017_0058.jpg,1,1.0,moderate_50_to_75,166,100,0.6578947368421053,0.6024096385542169,0.6024096385542169,0.45871559633027525,1,False
HYBRID_TALON,25,patient017,patient017_case01,IGM,IGM_patient017_0059.jpg,1,1.0,moderate_50_to_75,183,117,0.8357142857142857,0.639344262295082,0.639344262295082,0.5679611650485437,1,False
HYBRID_TALON,25,patient017,patient017_case01,IGM,IGM_patient017_0060.jpg,1,1.0,low_25_to_50,172,140,0.43209876543209874,0.813953488372093,0.43209876543209874,0.39325842696629215,1,False
HYBRID_TALON,25,patient017,patient017_case01,IGM,IGM_patient017_0061.jpg,1,1.0,moderate_50_to_75,132,108,0.7105263157894737,0.8181818181818182,0.7105263157894737,0.6136363636363636,1,False
HYBRID_TALON,25,patient017,patient017_case01,IGM,IGM_patient017_0061.jpg,2,,off_target_fp,26,0,0.0,0.0,0.0,0.0,0,False
HYBRID_TALON,25,patient017,patient017_case01,IGM,IGM_patient017_0062.jpg,1,1.0,low_25_to_50,127,122,0.391025641025641,0.9606299212598425,0.391025641025641,0.38485804416403785,1,False
HYBRID_TALON,25,patient017,patient017_case01,IGM,IGM_patient017_0063.jpg,1,1.0,partial_below_25,58,57,0.20955882352941177,0.9827586206896551,0.20955882352941177,0.2087912087912088,1,False
HYBRID_TALON,25,patient017,patient017_case01,IGM,IGM_patient017_0067.jpg,1,,off_target_fp,47,0,0.0,0.0,0.0,0.0,0,False
HYBRID_TALON,25,patient020,patient020_case01,IBC,IBC_patient019_0052.jpg,1,,off_target_fp,147,0,0.0,0.0,0.0,0.0,0,False
HYBRID_TALON,25,patient020,patient020_case01,IBC,IBC_patient019_0053.jpg,1,,off_target_fp,313,0,0.0,0.0,0.0,0.0,0,False
HYBRID_TALON,25,patient039,patient039_case01,IBC,IBC_patient002_0117.jpg,1,1.0,partial_below_25,57,30,0.05172413793103448,0.5263157894736842,0.05172413793103448,0.04942339373970346,1,False
HYBRID_TALON,25,patient039,patient039_case01,IBC,IBC_patient002_0117.jpg,2,1.0,partial_below_25,138,91,0.15689655172413794,0.6594202898550725,0.15689655172413794,0.14513556618819776,1,False
HYBRID_TALON,25,patient039,patient039_case01,IBC,IBC_patient002_0118.jpg,1,1.0,moderate_50_to_75,717,518,0.8993055555555556,0.7224546722454672,0.7224546722454672,0.6683870967741935,1,False
HYBRID_TALON,25,patient039,patient039_case01,IBC,IBC_patient002_0119.jpg,1,1.0,strong_75_plus,829,673,0.9614285714285714,0.8118214716525934,0.8118214716525934,0.7862149532710281,1,False
HYBRID_TALON,25,patient039,patient039_case01,IBC,IBC_patient002_0120.jpg,1,1.0,strong_75_plus,971,784,0.9751243781094527,0.8074150360453141,0.8074150360453141,0.7911200807265388,1,False
HYBRID_TALON,25,patient039,patient039_case01,IBC,IBC_patient002_0121.jpg,1,1.0,strong_75_plus,1087,951,0.9743852459016393,0.874885004599816,0.874885004599816,0.8552158273381295,1,False
HYBRID_TALON,25,patient039,patient039_case01,IBC,IBC_patient002_0122.jpg,1,1.0,strong_75_plus,1202,1071,0.9807692307692307,0.8910149750415973,0.8910149750415973,0.8757154538021259,1,False
HYBRID_TALON,25,patient039,patient039_case01,IBC,IBC_patient002_0123.jpg,1,1.0,strong_75_plus,1301,1185,0.9745065789473685,0.9108378170637971,0.9108378170637971,0.8896396396396397,1,False
HYBRID_TALON,25,patient039,patient039_case01,IBC,IBC_patient002_0124.jpg,1,1.0,strong_75_plus,1301,1199,0.9338006230529595,0.921598770176787,0.921598770176787,0.8650793650793651,1,False
HYBRID_TALON,25,patient039,patient039_case01,IBC,IBC_patient002_0125.jpg,1,1.0,strong_75_plus,1081,999,0.7661042944785276,0.9241443108233117,0.7661042944785276,0.7207792207792207,1,False
HYBRID_TALON,25,patient039,patient039_case01,IBC,IBC_patient002_0126.jpg,1,1.0,partial_below_25,44,39,0.029367469879518073,0.8863636363636364,0.029367469879518073,0.029257314328582147,1,False
HYBRID_TALON,25,patient039,patient039_case01,IBC,IBC_patient002_0126.jpg,2,1.0,moderate_50_to_75,890,808,0.608433734939759,0.9078651685393259,0.608433734939759,0.573049645390071,1,False
HYBRID_TALON,25,patient039,patient039_case01,IBC,IBC_patient002_0127.jpg,1,1.0,moderate_50_to_75,788,738,0.5256410256410257,0.9365482233502538,0.5256410256410257,0.5075653370013755,1,False
HYBRID_TALON,25,patient039,patient039_case01,IBC,IBC_patient002_0128.jpg,1,1.0,moderate_50_to_75,743,685,0.5007309941520468,0.9219380888290714,0.5007309941520468,0.4803646563814867,1,False
HYBRID_TALON,25,patient039,patient039_case01,IBC,IBC_patient002_0129.jpg,1,1.0,moderate_50_to_75,867,798,0.588495575221239,0.9204152249134948,0.588495575221239,0.56,1,False
HYBRID_TALON,25,patient039,patient039_case01,IBC,IBC_patient002_0130.jpg,1,1.0,moderate_50_to_75,880,837,0.634090909090909,0.9511363636363637,0.634090909090909,0.6140865737344093,1,False
HYBRID_TALON,25,patient039,patient039_case01,IBC,IBC_patient002_0131.jpg,1,1.0,moderate_50_to_75,800,745,0.5988745980707395,0.93125,0.5988745980707395,0.573518090839107,1,False
HYBRID_TALON,25,patient039,patient039_case01,IBC,IBC_patient002_0132.jpg,1,1.0,moderate_50_to_75,783,726,0.5912052117263844,0.9272030651340997,0.5912052117263844,0.5649805447470817,1,False
HYBRID_TALON,25,patient039,patient039_case01,IBC,IBC_patient002_0133.jpg,1,1.0,partial_below_25,37,29,0.0231629392971246,0.7837837837837838,0.0231629392971246,0.023015873015873017,1,False
HYBRID_TALON,25,patient039,patient039_case01,IBC,IBC_patient002_0133.jpg,2,1.0,moderate_50_to_75,805,760,0.6070287539936102,0.9440993788819876,0.6070287539936102,0.5859676175790285,1,False
HYBRID_TALON,25,patient039,patient039_case01,IBC,IBC_patient002_0134.jpg,1,1.0,strong_75_plus,1053,1022,0.8136942675159236,0.9705603038936372,0.8136942675159236,0.7940947940947941,1,False
HYBRID_TALON,25,patient039,patient039_case01,IBC,IBC_patient002_0135.jpg,1,1.0,strong_75_plus,1150,1107,0.9225,0.9626086956521739,0.9225,0.8905872888173774,1,False
HYBRID_TALON,25,patient039,patient039_case01,IBC,IBC_patient002_0136.jpg,1,1.0,strong_75_plus,1101,931,0.9779411764705882,0.8455949137148048,0.8455949137148048,0.8297682709447415,1,False
HYBRID_TALON,25,patient039,patient039_case01,IBC,IBC_patient002_0137.jpg,1,1.0,strong_75_plus,998,860,0.947136563876652,0.8617234468937875,0.8617234468937875,0.8221797323135756,1,False
HYBRID_TALON,25,patient039,patient039_case01,IBC,IBC_patient002_0138.jpg,1,1.0,strong_75_plus,857,768,0.8888888888888888,0.8961493582263711,0.8888888888888888,0.8058761804826863,1,False
HYBRID_TALON,25,patient039,patient039_case01,IBC,IBC_patient002_0139.jpg,1,1.0,moderate_50_to_75,524,499,0.5775462962962963,0.9522900763358778,0.5775462962962963,0.5613048368953881,1,False
HYBRID_TALON,25,patient039,patient039_case01,IBC,IBC_patient002_0139.jpg,2,1.0,partial_below_25,173,172,0.19907407407407407,0.9942196531791907,0.19907407407407407,0.19884393063583816,1,False
HYBRID_TALON,25,patient039,patient039_case01,IBC,IBC_patient002_0140.jpg,1,1.0,low_25_to_50,272,253,0.359375,0.9301470588235294,0.359375,0.3499308437067773,1,False
HYBRID_TALON,25,patient039,patient039_case01,IBC,IBC_patient002_0140.jpg,2,1.0,partial_below_25,78,73,0.10369318181818182,0.9358974358974359,0.10369318181818182,0.10296191819464035,1,False
HYBRID_TALON,25,patient039,patient039_case01,IBC,IBC_patient002_0140.jpg,3,1.0,partial_below_25,112,109,0.15482954545454544,0.9732142857142857,0.15482954545454544,0.15417256011315417,1,False
HYBRID_TALON,25,patient039,patient039_case01,IBC,IBC_patient002_0141.jpg,1,1.0,partial_below_25,90,90,0.16666666666666666,1.0,0.16666666666666666,0.16666666666666666,1,False
HYBRID_TALON,25,patient039,patient039_case01,IBC,IBC_patient002_0141.jpg,2,1.0,partial_below_25,47,47,0.08703703703703704,1.0,0.08703703703703704,0.08703703703703704,1,False
HYBRID_TALON,25,patient039,patient039_case01,IBC,IBC_patient002_0141.jpg,3,1.0,partial_below_25,29,29,0.053703703703703705,1.0,0.053703703703703705,0.053703703703703705,1,False
HYBRID_TALON,25,patient027,patient027_case01,IBC,IBC_patient022_0068.jpg,1,,off_target_fp,74,0,0.0,0.0,0.0,0.0,0,False
HYBRID_TALON,25,patient027,patient027_case01,IBC,IBC_patient022_0068.jpg,2,,off_target_fp,95,0,0.0,0.0,0.0,0.0,0,False
HYBRID_TALON,25,patient027,patient027_case01,IBC,IBC_patient022_0069.jpg,1,,off_target_fp,83,0,0.0,0.0,0.0,0.0,0,False
HYBRID_TALON,25,patient027,patient027_case01,IBC,IBC_patient022_0069.jpg,2,,off_target_fp,107,0,0.0,0.0,0.0,0.0,0,False
HYBRID_TALON,25,patient027,patient027_case01,IBC,IBC_patient022_0070.jpg,1,,off_target_fp,33,0,0.0,0.0,0.0,0.0,0,False
HYBRID_TALON,25,patient027,patient027_case01,IBC,IBC_patient022_0070.jpg,2,,off_target_fp,56,0,0.0,0.0,0.0,0.0,0,False
HYBRID_TALON,25,patient027,patient027_case01,IBC,IBC_patient022_0070.jpg,3,,off_target_fp,55,0,0.0,0.0,0.0,0.0,0,False
HYBRID_TALON,25,patient027,patient027_case01,IBC,IBC_patient022_0071.jpg,1,,off_target_fp,42,0,0.0,0.0,0.0,0.0,0,False
HYBRID_TALON,25,patient027,patient027_case01,IBC,IBC_patient022_0071.jpg,2,,off_target_fp,36,0,0.0,0.0,0.0,0.0,0,False
HYBRID_TALON,25,patient027,patient027_case01,IBC,IBC_patient022_0072.jpg,1,1.0,strong_75_plus,163,124,0.9117647058823529,0.7607361963190185,0.7607361963190185,0.7085714285714285,1,False
HYBRID_TALON,25,patient027,patient027_case01,IBC,IBC_patient022_0072.jpg,2,,off_target_fp,39,0,0.0,0.0,0.0,0.0,0,False
HYBRID_TALON,25,patient027,patient027_case01,IBC,IBC_patient022_0073.jpg,1,1.0,low_25_to_50,26,26,0.30952380952380953,1.0,0.30952380952380953,0.30952380952380953,1,False
HYBRID_TALON,25,patient027,patient027_case01,IBC,IBC_patient022_0073.jpg,2,,off_target_fp,26,0,0.0,0.0,0.0,0.0,0,False
HYBRID_TALON,25,patient027,patient027_case01,IBC,IBC_patient022_0074.jpg,1,,off_target_fp,55,0,0.0,0.0,0.0,0.0,0,False
HYBRID_TALON,25,patient032,patient032_case01,IBC,IBC_patient026_0064.jpg,1,1.0,moderate_50_to_75,477,249,0.9880952380952381,0.5220125786163522,0.5220125786163522,0.51875,1,False
HYBRID_TALON,25,patient032,patient032_case01,IBC,IBC_patient026_0065.jpg,1,,off_target_fp,43,0,0.0,0.0,0.0,0.0,0,False
HYBRID_TALON,25,patient032,patient032_case01,IBC,IBC_patient026_0065.jpg,2,1.0,strong_75_plus,520,395,0.9875,0.7596153846153846,0.7596153846153846,0.7523809523809524,1,False
HYBRID_TALON,25,patient032,patient032_case01,IBC,IBC_patient026_0065.jpg,3,,off_target_fp,64,0,0.0,0.0,0.0,0.0,0,False
HYBRID_TALON,25,patient032,patient032_case01,IBC,IBC_patient026_0065.jpg,4,,off_target_fp,42,0,0.0,0.0,0.0,0.0,0,False
HYBRID_TALON,25,patient032,patient032_case01,IBC,IBC_patient026_0066.jpg,1,1.0,strong_75_plus,571,429,0.9930555555555556,0.7513134851138353,0.7513134851138353,0.7473867595818815,1,False
HYBRID_TALON,25,patient032,patient032_case01,IBC,IBC_patient026_0066.jpg,2,,off_target_fp,31,0,0.0,0.0,0.0,0.0,0,False
HYBRID_TALON,25,patient032,patient032_case01,IBC,IBC_patient026_0066.jpg,3,,off_target_fp,154,0,0.0,0.0,0.0,0.0,0,False
HYBRID_TALON,25,patient032,patient032_case01,IBC,IBC_patient026_0067.jpg,1,1.0,moderate_50_to_75,651,451,0.9977876106194691,0.6927803379416283,0.6927803379416283,0.691717791411043,1,False
HYBRID_TALON,25,patient032,patient032_case01,IBC,IBC_patient026_0067.jpg,2,,off_target_fp,92,0,0.0,0.0,0.0,0.0,0,False
HYBRID_TALON,25,patient032,patient032_case01,IBC,IBC_patient026_0067.jpg,3,,off_target_fp,33,0,0.0,0.0,0.0,0.0,0,False
HYBRID_TALON,25,patient032,patient032_case01,IBC,IBC_patient026_0068.jpg,1,1.0,strong_75_plus,607,485,0.9778225806451613,0.7990115321252059,0.7990115321252059,0.7847896440129449,1,False
HYBRID_TALON,25,patient032,patient032_case01,IBC,IBC_patient026_0068.jpg,2,,off_target_fp,46,0,0.0,0.0,0.0,0.0,0,False
HYBRID_TALON,25,patient032,patient032_case01,IBC,IBC_patient026_0068.jpg,3,,off_target_fp,42,0,0.0,0.0,0.0,0.0,0,False
HYBRID_TALON,25,patient032,patient032_case01,IBC,IBC_patient026_0068.jpg,4,,off_target_fp,57,0,0.0,0.0,0.0,0.0,0,False
HYBRID_TALON,25,patient032,patient032_case01,IBC,IBC_patient026_0069.jpg,1,1.0,strong_75_plus,405,352,0.9887640449438202,0.8691358024691358,0.8691358024691358,0.8606356968215159,1,False
HYBRID_TALON,25,patient032,patient032_case01,IBC,IBC_patient026_0070.jpg,1,,off_target_fp,54,0,0.0,0.0,0.0,0.0,0,False
HYBRID_TALON,25,patient032,patient032_case01,IBC,IBC_patient026_0070.jpg,2,1.0,moderate_50_to_75,86,80,0.7142857142857143,0.9302325581395349,0.7142857142857143,0.6779661016949152,1,False
HYBRID_TALON,25,patient035,patient035_case01,IBC,IBC_patient028_0114.jpg,1,1.0,moderate_50_to_75,191,127,0.6614583333333334,0.6649214659685864,0.6614583333333334,0.49609375,1,False
HYBRID_TALON,25,patient035,patient035_case01,IBC,IBC_patient028_0115.jpg,1,,off_target_fp,160,0,0.0,0.0,0.0,0.0,0,False
HYBRID_TALON,25,patient035,patient035_case01,IBC,IBC_patient028_0115.jpg,2,1.0,strong_75_plus,467,426,0.9508928571428571,0.9122055674518201,0.9122055674518201,0.8711656441717791,1,False
HYBRID_TALON,25,patient035,patient035_case01,IBC,IBC_patient028_0116.jpg,1,,off_target_fp,232,0,0.0,0.0,0.0,0.0,0,False
HYBRID_TALON,25,patient035,patient035_case01,IBC,IBC_patient028_0116.jpg,2,1.0,strong_75_plus,645,545,0.9527972027972028,0.8449612403100775,0.8449612403100775,0.8110119047619048,1,False
HYBRID_TALON,25,patient035,patient035_case01,IBC,IBC_patient028_0117.jpg,1,,off_target_fp,249,0,0.0,0.0,0.0,0.0,0,False
HYBRID_TALON,25,patient035,patient035_case01,IBC,IBC_patient028_0117.jpg,2,1.0,strong_75_plus,777,643,0.9568452380952381,0.8275418275418276,0.8275418275418276,0.7977667493796526,1,False
HYBRID_TALON,25,patient035,patient035_case01,IBC,IBC_patient028_0118.jpg,1,1.0,strong_75_plus,991,778,0.9725,0.7850655903128153,0.7850655903128153,0.7680157946692991,1,False
HYBRID_TALON,25,patient035,patient035_case01,IBC,IBC_patient028_0119.jpg,1,1.0,strong_75_plus,1144,864,0.9773755656108597,0.7552447552447552,0.7552447552447552,0.7422680412371134,1,False
HYBRID_TALON,25,patient035,patient035_case01,IBC,IBC_patient028_0120.jpg,1,1.0,strong_75_plus,1251,1107,0.9044117647058824,0.8848920863309353,0.8848920863309353,0.8092105263157895,1,False
HYBRID_TALON,25,patient035,patient035_case01,IBC,IBC_patient028_0121.jpg,1,1.0,strong_75_plus,1352,1161,0.9332797427652733,0.8587278106508875,0.8587278106508875,0.8090592334494774,1,False
HYBRID_TALON,25,patient035,patient035_case01,IBC,IBC_patient028_0122.jpg,1,1.0,strong_75_plus,1462,1312,0.923943661971831,0.8974008207934336,0.8974008207934336,0.8356687898089172,1,False
HYBRID_TALON,25,patient035,patient035_case01,IBC,IBC_patient028_0123.jpg,1,1.0,strong_75_plus,1574,1447,0.7567991631799164,0.9193138500635324,0.7567991631799164,0.7096615988229524,1,False
HYBRID_TALON,25,patient035,patient035_case01,IBC,IBC_patient028_0124.jpg,1,1.0,moderate_50_to_75,1528,1401,0.7342767295597484,0.9168848167539267,0.7342767295597484,0.6884520884520885,1,False
HYBRID_TALON,25,patient035,patient035_case01,IBC,IBC_patient028_0125.jpg,1,1.0,moderate_50_to_75,1598,1400,0.7172131147540983,0.8760951188986232,0.7172131147540983,0.6511627906976745,1,False
HYBRID_TALON,25,patient035,patient035_case01,IBC,IBC_patient028_0126.jpg,1,1.0,moderate_50_to_75,1598,1463,0.7115758754863813,0.9155193992490613,0.7115758754863813,0.6677316293929713,1,False
HYBRID_TALON,25,patient035,patient035_case01,IBC,IBC_patient028_0127.jpg,1,1.0,moderate_50_to_75,1703,1628,0.6806020066889632,0.9559600704638873,0.6806020066889632,0.6599108228617754,1,False
HYBRID_TALON,25,patient035,patient035_case01,IBC,IBC_patient028_0128.jpg,1,1.0,moderate_50_to_75,1863,1640,0.7167832167832168,0.880300590445518,0.7167832167832168,0.653126244524094,1,False
HYBRID_TALON,25,patient035,patient035_case01,IBC,IBC_patient028_0129.jpg,1,1.0,strong_75_plus,2148,1880,0.8231173380035026,0.8752327746741154,0.8231173380035026,0.7366771159874608,1,False
HYBRID_TALON,25,patient035,patient035_case01,IBC,IBC_patient028_0130.jpg,1,1.0,strong_75_plus,2323,2013,0.915,0.8665518725785623,0.8665518725785623,0.80199203187251,1,False
HYBRID_TALON,25,patient035,patient035_case01,IBC,IBC_patient028_0131.jpg,1,1.0,strong_75_plus,2303,2064,0.8973913043478261,0.8962223187147199,0.8962223187147199,0.8129184718393068,1,False
HYBRID_TALON,25,patient035,patient035_case01,IBC,IBC_patient028_0132.jpg,1,1.0,strong_75_plus,2271,2064,0.8896551724137931,0.9088507265521797,0.8896551724137931,0.8167787890779581,1,False
HYBRID_TALON,25,patient035,patient035_case01,IBC,IBC_patient028_0133.jpg,1,1.0,strong_75_plus,2233,1829,0.8759578544061303,0.8190774742498881,0.8190774742498881,0.7339486356340289,1,False
HYBRID_TALON,25,patient035,patient035_case01,IBC,IBC_patient028_0134.jpg,1,1.0,strong_75_plus,1995,1610,0.7800387596899225,0.8070175438596491,0.7800387596899225,0.657411188240098,1,False
HYBRID_TALON,25,patient035,patient035_case01,IBC,IBC_patient028_0134.jpg,2,,off_target_fp,62,0,0.0,0.0,0.0,0.0,0,False
HYBRID_TALON,25,patient035,patient035_case01,IBC,IBC_patient028_0135.jpg,1,1.0,moderate_50_to_75,1372,1171,0.5534026465028355,0.8534985422740525,0.5534026465028355,0.5053949072075961,1,False
HYBRID_TALON,25,patient035,patient035_case01,IBC,IBC_patient028_0135.jpg,2,,off_target_fp,74,0,0.0,0.0,0.0,0.0,0,False
HYBRID_TALON,25,patient035,patient035_case01,IBC,IBC_patient028_0135.jpg,3,1.0,partial_below_25,382,354,0.16729678638941398,0.9267015706806283,0.16729678638941398,0.16511194029850745,1,False
HYBRID_TALON,25,patient035,patient035_case01,IBC,IBC_patient028_0135.jpg,4,,off_target_fp,31,0,0.0,0.0,0.0,0.0,0,False
HYBRID_TALON,25,patient035,patient035_case01,IBC,IBC_patient028_0136.jpg,1,1.0,moderate_50_to_75,1299,1124,0.5090579710144928,0.8652809853733642,0.5090579710144928,0.4716743600503567,1,False
HYBRID_TALON,25,patient035,patient035_case01,IBC,IBC_patient028_0136.jpg,2,1.0,partial_below_25,295,295,0.13360507246376813,1.0,0.13360507246376813,0.13360507246376813,1,False
HYBRID_TALON,25,patient035,patient035_case01,IBC,IBC_patient028_0137.jpg,1,1.0,low_25_to_50,1057,962,0.47813121272365805,0.9101229895931883,0.47813121272365805,0.4565733270052207,1,False
HYBRID_TALON,25,patient035,patient035_case01,IBC,IBC_patient028_0137.jpg,2,1.0,partial_below_25,213,213,0.1058648111332008,1.0,0.1058648111332008,0.1058648111332008,1,False
HYBRID_TALON,25,patient035,patient035_case01,IBC,IBC_patient028_0138.jpg,1,1.0,low_25_to_50,700,601,0.29345703125,0.8585714285714285,0.29345703125,0.27992547741034,1,False
HYBRID_TALON,25,patient035,patient035_case01,IBC,IBC_patient028_0139.jpg,1,1.0,partial_below_25,316,246,0.14073226544622425,0.7784810126582279,0.14073226544622425,0.1353135313531353,1,False
HYBRID_TALON,25,patient035,patient035_case01,IBC,IBC_patient028_0140.jpg,1,1.0,partial_below_25,112,106,0.060090702947845805,0.9464285714285714,0.060090702947845805,0.059887005649717516,1,False
HYBRID_TALON,25,patient035,patient035_case01,IBC,IBC_patient028_0143.jpg,1,1.0,partial_below_25,180,170,0.12686567164179105,0.9444444444444444,0.12686567164179105,0.1259259259259259,1,False
HYBRID_TALON,25,patient035,patient035_case01,IBC,IBC_patient028_0144.jpg,1,1.0,low_25_to_50,447,434,0.38204225352112675,0.970917225950783,0.38204225352112675,0.3777197563098346,1,False
HYBRID_TALON,25,patient035,patient035_case01,IBC,IBC_patient028_0145.jpg,1,1.0,moderate_50_to_75,562,551,0.5622448979591836,0.9804270462633452,0.5622448979591836,0.5560040363269425,1,False
HYBRID_TALON,25,patient035,patient035_case01,IBC,IBC_patient028_0146.jpg,1,1.0,moderate_50_to_75,572,537,0.5124045801526718,0.9388111888111889,0.5124045801526718,0.49584487534626037,1,False
HYBRID_TALON,25,patient035,patient035_case01,IBC,IBC_patient028_0147.jpg,1,1.0,low_25_to_50,517,446,0.435546875,0.8626692456479691,0.435546875,0.40730593607305937,1,False
HYBRID_TALON,25,patient035,patient035_case01,IBC,IBC_patient028_0148.jpg,1,,off_target_fp,46,0,0.0,0.0,0.0,0.0,0,False
HYBRID_TALON,25,patient035,patient035_case01,IBC,IBC_patient028_0148.jpg,2,1.0,low_25_to_50,336,282,0.3248847926267281,0.8392857142857143,0.3248847926267281,0.30585683297180044,1,False
HYBRID_TALON,25,patient035,patient035_case01,IBC,IBC_patient028_0149.jpg,1,,off_target_fp,29,0,0.0,0.0,0.0,0.0,0,False
HYBRID_TALON,25,patient035,patient035_case01,IBC,IBC_patient028_0149.jpg,2,1.0,low_25_to_50,239,214,0.2923497267759563,0.895397489539749,0.2923497267759563,0.28269484808454426,1,False
HYBRID_TALON,25,patient035,patient035_case01,IBC,IBC_patient028_0149.jpg,3,,off_target_fp,172,0,0.0,0.0,0.0,0.0,0,False
HYBRID_TALON,25,patient035,patient035_case01,IBC,IBC_patient028_0150.jpg,1,1.0,partial_below_25,86,86,0.11944444444444445,1.0,0.11944444444444445,0.11944444444444445,1,False
HYBRID_TALON,25,patient035,patient035_case01,IBC,IBC_patient028_0150.jpg,2,,off_target_fp,345,0,0.0,0.0,0.0,0.0,0,False
HYBRID_TALON,25,patient035,patient035_case01,IBC,IBC_patient028_0151.jpg,1,,off_target_fp,25,0,0.0,0.0,0.0,0.0,0,False
HYBRID_TALON,25,patient035,patient035_case01,IBC,IBC_patient028_0151.jpg,2,1.0,partial_below_25,100,98,0.14583333333333334,0.98,0.14583333333333334,0.14540059347181009,1,False
HYBRID_TALON,25,patient035,patient035_case01,IBC,IBC_patient028_0151.jpg,3,,off_target_fp,54,0,0.0,0.0,0.0,0.0,0,False
HYBRID_TALON,25,patient035,patient035_case01,IBC,IBC_patient028_0151.jpg,4,,off_target_fp,348,0,0.0,0.0,0.0,0.0,0,False
HYBRID_TALON,25,patient035,patient035_case01,IBC,IBC_patient028_0152.jpg,1,,off_target_fp,28,0,0.0,0.0,0.0,0.0,0,False
HYBRID_TALON,25,patient035,patient035_case01,IBC,IBC_patient028_0152.jpg,2,1.0,partial_below_25,91,22,0.05392156862745098,0.24175824175824176,0.05392156862745098,0.04612159329140461,1,False
HYBRID_TALON,25,patient035,patient035_case01,IBC,IBC_patient028_0152.jpg,3,1.0,partial_below_25,93,79,0.19362745098039216,0.8494623655913979,0.19362745098039216,0.1872037914691943,1,False
HYBRID_TALON,25,patient035,patient035_case01,IBC,IBC_patient028_0152.jpg,4,,off_target_fp,86,0,0.0,0.0,0.0,0.0,0,False
HYBRID_TALON,25,patient035,patient035_case01,IBC,IBC_patient028_0152.jpg,5,,off_target_fp,313,0,0.0,0.0,0.0,0.0,0,False
HYBRID_TALON,25,patient034,patient034_case01,IGM,IGM_patient028_0050.jpg,1,,off_target_fp,98,0,0.0,0.0,0.0,0.0,0,False
HYBRID_TALON,25,patient034,patient034_case01,IGM,IGM_patient028_0050.jpg,2,1.0,moderate_50_to_75,156,130,0.5078125,0.8333333333333334,0.5078125,0.46099290780141844,1,False
HYBRID_TALON,25,patient034,patient034_case01,IGM,IGM_patient028_0050.jpg,3,,off_target_fp,31,0,0.0,0.0,0.0,0.0,0,False
HYBRID_TALON,25,patient034,patient034_case01,IGM,IGM_patient028_0051.jpg,1,1.0,strong_75_plus,263,219,0.75,0.8326996197718631,0.75,0.6517857142857143,1,False
HYBRID_TALON,25,patient034,patient034_case01,IGM,IGM_patient028_0051.jpg,2,,off_target_fp,25,0,0.0,0.0,0.0,0.0,0,False
HYBRID_TALON,25,patient034,patient034_case01,IGM,IGM_patient028_0052.jpg,1,,off_target_fp,145,0,0.0,0.0,0.0,0.0,0,False
HYBRID_TALON,25,patient034,patient034_case01,IGM,IGM_patient028_0052.jpg,2,,off_target_fp,107,0,0.0,0.0,0.0,0.0,0,False
HYBRID_TALON,25,patient034,patient034_case01,IGM,IGM_patient028_0052.jpg,3,1.0,strong_75_plus,322,260,0.9285714285714286,0.8074534161490683,0.8074534161490683,0.7602339181286549,1,False
HYBRID_TALON,25,patient034,patient034_case01,IGM,IGM_patient028_0053.jpg,1,,off_target_fp,204,0,0.0,0.0,0.0,0.0,0,False
HYBRID_TALON,25,patient034,patient034_case01,IGM,IGM_patient028_0053.jpg,2,,off_target_fp,44,0,0.0,0.0,0.0,0.0,0,False
HYBRID_TALON,25,patient034,patient034_case01,IGM,IGM_patient028_0053.jpg,3,1.0,strong_75_plus,281,250,0.9328358208955224,0.8896797153024911,0.8896797153024911,0.8361204013377926,1,False
HYBRID_TALON,25,patient034,patient034_case01,IGM,IGM_patient028_0053.jpg,4,,off_target_fp,25,0,0.0,0.0,0.0,0.0,0,False
HYBRID_TALON,25,patient034,patient034_case01,IGM,IGM_patient028_0054.jpg,1,,off_target_fp,232,0,0.0,0.0,0.0,0.0,0,False
HYBRID_TALON,25,patient034,patient034_case01,IGM,IGM_patient028_0054.jpg,2,1.0,strong_75_plus,270,241,0.8731884057971014,0.8925925925925926,0.8731884057971014,0.7901639344262295,1,False
HYBRID_TALON,25,patient034,patient034_case01,IGM,IGM_patient028_0054.jpg,3,,off_target_fp,30,0,0.0,0.0,0.0,0.0,0,False
HYBRID_TALON,25,patient034,patient034_case01,IGM,IGM_patient028_0055.jpg,1,,off_target_fp,207,0,0.0,0.0,0.0,0.0,0,False
HYBRID_TALON,25,patient034,patient034_case01,IGM,IGM_patient028_0055.jpg,2,,off_target_fp,31,0,0.0,0.0,0.0,0.0,0,False
HYBRID_TALON,25,patient034,patient034_case01,IGM,IGM_patient028_0055.jpg,3,1.0,strong_75_plus,252,232,0.8787878787878788,0.9206349206349206,0.8787878787878788,0.8169014084507042,1,False
HYBRID_TALON,25,patient034,patient034_case01,IGM,IGM_patient028_0055.jpg,4,,off_target_fp,126,0,0.0,0.0,0.0,0.0,0,False
HYBRID_TALON,25,patient034,patient034_case01,IGM,IGM_patient028_0056.jpg,1,,off_target_fp,203,0,0.0,0.0,0.0,0.0,0,False
HYBRID_TALON,25,patient034,patient034_case01,IGM,IGM_patient028_0056.jpg,2,,off_target_fp,70,0,0.0,0.0,0.0,0.0,0,False
HYBRID_TALON,25,patient034,patient034_case01,IGM,IGM_patient028_0056.jpg,3,1.0,strong_75_plus,225,205,0.8836206896551724,0.9111111111111111,0.8836206896551724,0.8134920634920635,1,False
HYBRID_TALON,25,patient034,patient034_case01,IGM,IGM_patient028_0057.jpg,1,,off_target_fp,172,0,0.0,0.0,0.0,0.0,0,False
HYBRID_TALON,25,patient034,patient034_case01,IGM,IGM_patient028_0057.jpg,2,1.0,strong_75_plus,127,107,0.8629032258064516,0.84251968503937,0.84251968503937,0.7430555555555556,1,False
HYBRID_TALON,25,patient034,patient034_case01,IGM,IGM_patient028_0057.jpg,3,,off_target_fp,33,0,0.0,0.0,0.0,0.0,0,False
HYBRID_TALON,25,patient034,patient034_case01,IGM,IGM_patient028_0058.jpg,1,,off_target_fp,70,0,0.0,0.0,0.0,0.0,0,False
HYBRID_TALON,25,patient034,patient034_case01,IGM,IGM_patient028_0058.jpg,2,1.0,moderate_50_to_75,54,54,0.6428571428571429,1.0,0.6428571428571429,0.6428571428571429,1,False
HYBRID_TALON,25,patient041,patient041_case01,IGM,IGM_patient031_0054.jpg,1,1.0,strong_75_plus,201,175,0.9308510638297872,0.8706467661691543,0.8706467661691543,0.8177570093457944,1,False
HYBRID_TALON,25,patient041,patient041_case01,IGM,IGM_patient031_0055.jpg,1,1.0,strong_75_plus,262,246,0.8424657534246576,0.9389312977099237,0.8424657534246576,0.7987012987012987,1,False
HYBRID_TALON,25,patient041,patient041_case01,IGM,IGM_patient031_0056.jpg,1,1.0,moderate_50_to_75,194,166,0.6693548387096774,0.8556701030927835,0.6693548387096774,0.6014492753623188,1,False
HYBRID_TALON,25,patient041,patient041_case01,IGM,IGM_patient031_0057.jpg,1,1.0,moderate_50_to_75,198,184,0.6666666666666666,0.9292929292929293,0.6666666666666666,0.6344827586206897,1,False
HYBRID_TALON,25,patient041,patient041_case01,IGM,IGM_patient031_0058.jpg,1,1.0,moderate_50_to_75,209,199,0.7316176470588235,0.9521531100478469,0.7316176470588235,0.7056737588652482,1,False
HYBRID_TALON,25,patient047,patient047_case01,IBC,IBC_patient035_0130.jpg,1,,off_target_fp,141,0,0.0,0.0,0.0,0.0,0,False
HYBRID_TALON,25,patient047,patient047_case01,IBC,IBC_patient035_0130.jpg,2,,off_target_fp,514,0,0.0,0.0,0.0,0.0,0,False
HYBRID_TALON,25,patient047,patient047_case01,IBC,IBC_patient035_0130.jpg,3,,off_target_fp,112,0,0.0,0.0,0.0,0.0,0,False
HYBRID_TALON,25,patient047,patient047_case01,IBC,IBC_patient035_0130.jpg,4,1.0,strong_75_plus,289,259,0.819620253164557,0.8961937716262975,0.819620253164557,0.7485549132947977,1,False
HYBRID_TALON,25,patient047,patient047_case01,IBC,IBC_patient035_0130.jpg,5,,off_target_fp,26,0,0.0,0.0,0.0,0.0,0,False
HYBRID_TALON,25,patient047,patient047_case01,IBC,IBC_patient035_0131.jpg,1,,off_target_fp,51,0,0.0,0.0,0.0,0.0,0,False
HYBRID_TALON,25,patient047,patient047_case01,IBC,IBC_patient035_0131.jpg,2,,off_target_fp,108,0,0.0,0.0,0.0,0.0,0,False
HYBRID_TALON,25,patient047,patient047_case01,IBC,IBC_patient035_0131.jpg,3,,off_target_fp,144,0,0.0,0.0,0.0,0.0,0,False
HYBRID_TALON,25,patient047,patient047_case01,IBC,IBC_patient035_0131.jpg,4,,off_target_fp,26,0,0.0,0.0,0.0,0.0,0,False
HYBRID_TALON,25,patient047,patient047_case01,IBC,IBC_patient035_0131.jpg,5,1.0,strong_75_plus,349,313,0.9098837209302325,0.8968481375358166,0.8968481375358166,0.8236842105263158,1,False
HYBRID_TALON,25,patient047,patient047_case01,IBC,IBC_patient035_0132.jpg,1,,off_target_fp,36,0,0.0,0.0,0.0,0.0,0,False
HYBRID_TALON,25,patient047,patient047_case01,IBC,IBC_patient035_0132.jpg,2,1.0,strong_75_plus,379,325,0.9672619047619048,0.8575197889182058,0.8575197889182058,0.8333333333333334,1,False
HYBRID_TALON,25,patient047,patient047_case01,IBC,IBC_patient035_0133.jpg,1,1.0,strong_75_plus,413,373,0.8966346153846154,0.9031476997578692,0.8966346153846154,0.8179824561403509,1,False
HYBRID_TALON,25,patient047,patient047_case01,IBC,IBC_patient035_0133.jpg,2,,off_target_fp,41,0,0.0,0.0,0.0,0.0,0,False
HYBRID_TALON,25,patient047,patient047_case01,IBC,IBC_patient035_0134.jpg,1,,off_target_fp,71,0,0.0,0.0,0.0,0.0,0,False
HYBRID_TALON,25,patient047,patient047_case01,IBC,IBC_patient035_0134.jpg,2,1.0,strong_75_plus,424,377,0.9425,0.8891509433962265,0.8891509433962265,0.843400447427293,1,False
HYBRID_TALON,25,patient047,patient047_case01,IBC,IBC_patient035_0134.jpg,3,,off_target_fp,99,0,0.0,0.0,0.0,0.0,0,False
HYBRID_TALON,25,patient047,patient047_case01,IBC,IBC_patient035_0135.jpg,1,,off_target_fp,104,0,0.0,0.0,0.0,0.0,0,False
HYBRID_TALON,25,patient047,patient047_case01,IBC,IBC_patient035_0135.jpg,2,1.0,strong_75_plus,437,375,0.946969696969697,0.8581235697940504,0.8581235697940504,0.8187772925764192,1,False
HYBRID_TALON,25,patient047,patient047_case01,IBC,IBC_patient035_0135.jpg,3,,off_target_fp,89,0,0.0,0.0,0.0,0.0,0,False
HYBRID_TALON,25,patient047,patient047_case01,IBC,IBC_patient035_0136.jpg,1,,off_target_fp,131,0,0.0,0.0,0.0,0.0,0,False
HYBRID_TALON,25,patient047,patient047_case01,IBC,IBC_patient035_0136.jpg,2,,off_target_fp,236,0,0.0,0.0,0.0,0.0,0,False
HYBRID_TALON,25,patient047,patient047_case01,IBC,IBC_patient035_0136.jpg,3,1.0,strong_75_plus,411,323,0.9613095238095238,0.7858880778588808,0.7858880778588808,0.7617924528301887,1,False
HYBRID_TALON,25,patient047,patient047_case01,IBC,IBC_patient035_0136.jpg,4,,off_target_fp,91,0,0.0,0.0,0.0,0.0,0,False
HYBRID_TALON,25,patient047,patient047_case01,IBC,IBC_patient035_0137.jpg,1,,off_target_fp,178,0,0.0,0.0,0.0,0.0,0,False
HYBRID_TALON,25,patient047,patient047_case01,IBC,IBC_patient035_0137.jpg,2,,off_target_fp,239,0,0.0,0.0,0.0,0.0,0,False
HYBRID_TALON,25,patient047,patient047_case01,IBC,IBC_patient035_0137.jpg,3,1.0,strong_75_plus,333,253,0.8322368421052632,0.7597597597597597,0.7597597597597597,0.6588541666666666,1,False
HYBRID_TALON,25,patient047,patient047_case01,IBC,IBC_patient035_0137.jpg,4,,off_target_fp,70,0,0.0,0.0,0.0,0.0,0,False
HYBRID_TALON,25,patient047,patient047_case01,IBC,IBC_patient035_0138.jpg,1,,off_target_fp,217,0,0.0,0.0,0.0,0.0,0,False
HYBRID_TALON,25,patient047,patient047_case01,IBC,IBC_patient035_0138.jpg,2,,off_target_fp,91,0,0.0,0.0,0.0,0.0,0,False
HYBRID_TALON,25,patient047,patient047_case01,IBC,IBC_patient035_0138.jpg,3,1.0,strong_75_plus,276,218,0.8014705882352942,0.7898550724637681,0.7898550724637681,0.6606060606060606,1,False
HYBRID_TALON,25,patient047,patient047_case01,IBC,IBC_patient035_0139.jpg,1,,off_target_fp,224,0,0.0,0.0,0.0,0.0,0,False
HYBRID_TALON,25,patient047,patient047_case01,IBC,IBC_patient035_0139.jpg,2,1.0,strong_75_plus,263,215,0.9772727272727273,0.8174904942965779,0.8174904942965779,0.8022388059701493,1,False
HYBRID_TALON,25,patient047,patient047_case01,IBC,IBC_patient035_0140.jpg,1,,off_target_fp,172,0,0.0,0.0,0.0,0.0,0,False
HYBRID_TALON,25,patient047,patient047_case01,IBC,IBC_patient035_0140.jpg,2,1.0,moderate_50_to_75,190,136,1.0,0.7157894736842105,0.7157894736842105,0.7157894736842105,1,False
HYBRID_TALON,25,patient068,patient068_case01,IBC,IBC_patient045_0009.jpg,1,,off_target_fp,151,0,0.0,0.0,0.0,0.0,0,False
HYBRID_TALON,25,patient068,patient068_case01,IBC,IBC_patient045_0009.jpg,2,,off_target_fp,171,0,0.0,0.0,0.0,0.0,0,False
HYBRID_TALON,25,patient068,patient068_case01,IBC,IBC_patient045_0009.jpg,3,,off_target_fp,54,0,0.0,0.0,0.0,0.0,0,False
HYBRID_TALON,25,patient068,patient068_case01,IBC,IBC_patient045_0010.jpg,1,,off_target_fp,352,0,0.0,0.0,0.0,0.0,0,False
HYBRID_TALON,25,patient068,patient068_case01,IBC,IBC_patient045_0010.jpg,2,,off_target_fp,82,0,0.0,0.0,0.0,0.0,0,False
HYBRID_TALON,25,patient068,patient068_case01,IBC,IBC_patient045_0063.jpg,1,1.0,moderate_50_to_75,71,69,0.6634615384615384,0.971830985915493,0.6634615384615384,0.6509433962264151,1,False
HYBRID_TALON,25,patient068,patient068_case01,IBC,IBC_patient045_0064.jpg,1,,off_target_fp,25,0,0.0,0.0,0.0,0.0,0,False
HYBRID_TALON,25,patient068,patient068_case01,IBC,IBC_patient045_0064.jpg,2,1.0,strong_75_plus,111,90,0.9782608695652174,0.8108108108108109,0.8108108108108109,0.7964601769911505,1,False
HYBRID_TALON,25,patient068,patient068_case01,IBC,IBC_patient045_0065.jpg,1,,off_target_fp,79,0,0.0,0.0,0.0,0.0,0,False
HYBRID_TALON,25,patient068,patient068_case01,IBC,IBC_patient045_0065.jpg,2,1.0,low_25_to_50,32,31,0.484375,0.96875,0.484375,0.47692307692307695,1,False
HYBRID_TALON,25,patient068,patient068_case01,IBC,IBC_patient045_0066.jpg,1,,off_target_fp,146,0,0.0,0.0,0.0,0.0,0,False
HYBRID_TALON,25,patient068,patient068_case01,IBC,IBC_patient045_0066.jpg,2,,off_target_fp,33,0,0.0,0.0,0.0,0.0,0,False
HYBRID_TALON,25,patient068,patient068_case01,IBC,IBC_patient045_0066.jpg,3,1.0,partial_below_25,30,30,0.22727272727272727,1.0,0.22727272727272727,0.22727272727272727,1,False
HYBRID_TALON,25,patient068,patient068_case01,IBC,IBC_patient045_0067.jpg,1,,off_target_fp,167,0,0.0,0.0,0.0,0.0,0,False
HYBRID_TALON,25,patient068,patient068_case01,IBC,IBC_patient045_0067.jpg,2,1.0,partial_below_25,47,47,0.23979591836734693,1.0,0.23979591836734693,0.23979591836734693,1,False
HYBRID_TALON,25,patient068,patient068_case01,IBC,IBC_patient045_0068.jpg,1,,off_target_fp,134,0,0.0,0.0,0.0,0.0,0,False
HYBRID_TALON,25,patient068,patient068_case01,IBC,IBC_patient045_0068.jpg,2,1.0,low_25_to_50,105,86,0.41346153846153844,0.819047619047619,0.41346153846153844,0.3788546255506608,1,False
HYBRID_TALON,25,patient068,patient068_case01,IBC,IBC_patient045_0069.jpg,1,,off_target_fp,106,0,0.0,0.0,0.0,0.0,0,False
HYBRID_TALON,25,patient068,patient068_case01,IBC,IBC_patient045_0069.jpg,2,1.0,low_25_to_50,55,54,0.2755102040816326,0.9818181818181818,0.2755102040816326,0.27411167512690354,1,False
HYBRID_TALON,25,patient068,patient068_case01,IBC,IBC_patient045_0070.jpg,1,1.0,low_25_to_50,111,102,0.4636363636363636,0.918918918918919,0.4636363636363636,0.44541484716157204,1,False
HYBRID_TALON,25,patient068,patient068_case01,IBC,IBC_patient045_0071.jpg,1,1.0,strong_75_plus,148,135,0.9121621621621622,0.9121621621621622,0.9121621621621622,0.8385093167701864,1,False
HYBRID_TALON,25,patient068,patient068_case01,IBC,IBC_patient045_0072.jpg,1,1.0,strong_75_plus,176,171,0.7916666666666666,0.9715909090909091,0.7916666666666666,0.7737556561085973,1,False
HYBRID_TALON,25,patient068,patient068_case01,IBC,IBC_patient045_0073.jpg,1,1.0,low_25_to_50,157,148,0.38144329896907214,0.9426751592356688,0.38144329896907214,0.37279596977329976,1,False
HYBRID_TALON,25,patient068,patient068_case01,IBC,IBC_patient045_0076.jpg,1,,off_target_fp,30,0,0.0,0.0,0.0,0.0,0,False
HYBRID_TALON,25,patient076,patient076_case01,IBC,IBC_patient049_0027.jpg,1,1.0,strong_75_plus,266,232,0.9508196721311475,0.8721804511278195,0.8721804511278195,0.8345323741007195,1,False
HYBRID_TALON,25,patient076,patient076_case01,IBC,IBC_patient049_0027.jpg,2,,off_target_fp,58,0,0.0,0.0,0.0,0.0,0,False
HYBRID_TALON,25,patient076,patient076_case01,IBC,IBC_patient049_0028.jpg,1,1.0,strong_75_plus,487,478,0.9122137404580153,0.9815195071868583,0.9122137404580153,0.8968105065666041,1,False
HYBRID_TALON,25,patient076,patient076_case01,IBC,IBC_patient049_0028.jpg,2,,off_target_fp,26,0,0.0,0.0,0.0,0.0,0,False
HYBRID_TALON,25,patient076,patient076_case01,IBC,IBC_patient049_0029.jpg,1,1.0,strong_75_plus,593,496,0.9393939393939394,0.836424957841484,0.836424957841484,0.7936,1,False
HYBRID_TALON,25,patient076,patient076_case01,IBC,IBC_patient049_0029.jpg,2,,off_target_fp,106,0,0.0,0.0,0.0,0.0,0,False
HYBRID_TALON,25,patient076,patient076_case01,IBC,IBC_patient049_0030.jpg,1,1.0,strong_75_plus,452,405,0.8881578947368421,0.8960176991150443,0.8881578947368421,0.805168986083499,1,False
HYBRID_TALON,25,patient076,patient076_case01,IBC,IBC_patient049_0031.jpg,1,1.0,strong_75_plus,398,351,0.9236842105263158,0.8819095477386935,0.8819095477386935,0.8220140515222483,1,False
HYBRID_TALON,25,patient076,patient076_case01,IBC,IBC_patient049_0031.jpg,2,,off_target_fp,118,0,0.0,0.0,0.0,0.0,0,False
HYBRID_TALON,25,patient076,patient076_case01,IBC,IBC_patient049_0031.jpg,3,,off_target_fp,28,0,0.0,0.0,0.0,0.0,0,False
HYBRID_TALON,25,patient076,patient076_case01,IBC,IBC_patient049_0031.jpg,4,,off_target_fp,275,0,0.0,0.0,0.0,0.0,0,False
HYBRID_TALON,25,patient076,patient076_case01,IBC,IBC_patient049_0032.jpg,1,1.0,strong_75_plus,373,306,0.9216867469879518,0.8203753351206434,0.8203753351206434,0.7669172932330827,1,False
HYBRID_TALON,25,patient076,patient076_case01,IBC,IBC_patient049_0032.jpg,2,,off_target_fp,110,0,0.0,0.0,0.0,0.0,0,False
HYBRID_TALON,25,patient076,patient076_case01,IBC,IBC_patient049_0032.jpg,3,,off_target_fp,256,0,0.0,0.0,0.0,0.0,0,False
HYBRID_TALON,25,patient076,patient076_case01,IBC,IBC_patient049_0032.jpg,4,,off_target_fp,150,0,0.0,0.0,0.0,0.0,0,False
HYBRID_TALON,25,patient076,patient076_case01,IBC,IBC_patient049_0032.jpg,5,,off_target_fp,73,0,0.0,0.0,0.0,0.0,0,False
HYBRID_TALON,25,patient076,patient076_case01,IBC,IBC_patient049_0033.jpg,1,1.0,strong_75_plus,347,291,0.7994505494505495,0.8386167146974063,0.7994505494505495,0.6928571428571428,1,False
HYBRID_TALON,25,patient076,patient076_case01,IBC,IBC_patient049_0033.jpg,2,1.0,partial_below_25,32,24,0.06593406593406594,0.75,0.06593406593406594,0.06451612903225806,1,False
HYBRID_TALON,25,patient076,patient076_case01,IBC,IBC_patient049_0033.jpg,3,,off_target_fp,37,0,0.0,0.0,0.0,0.0,0,False
HYBRID_TALON,25,patient076,patient076_case01,IBC,IBC_patient049_0033.jpg,4,,off_target_fp,227,0,0.0,0.0,0.0,0.0,0,False
HYBRID_TALON,25,patient076,patient076_case01,IBC,IBC_patient049_0033.jpg,5,,off_target_fp,43,0,0.0,0.0,0.0,0.0,0,False
HYBRID_TALON,25,patient076,patient076_case01,IBC,IBC_patient049_0033.jpg,6,,off_target_fp,31,0,0.0,0.0,0.0,0.0,0,False
HYBRID_TALON,25,patient076,patient076_case01,IBC,IBC_patient049_0034.jpg,1,,off_target_fp,29,0,0.0,0.0,0.0,0.0,0,False
HYBRID_TALON,25,patient076,patient076_case01,IBC,IBC_patient049_0034.jpg,2,1.0,moderate_50_to_75,398,254,0.9769230769230769,0.6381909547738693,0.6381909547738693,0.6287128712871287,1,False
HYBRID_TALON,25,patient076,patient076_case01,IBC,IBC_patient049_0034.jpg,3,,off_target_fp,216,0,0.0,0.0,0.0,0.0,0,False
HYBRID_TALON,25,patient076,patient076_case01,IBC,IBC_patient049_0034.jpg,4,,off_target_fp,175,0,0.0,0.0,0.0,0.0,0,False
HYBRID_TALON,25,patient076,patient076_case01,IBC,IBC_patient049_0035.jpg,1,,off_target_fp,36,0,0.0,0.0,0.0,0.0,0,False
HYBRID_TALON,25,patient076,patient076_case01,IBC,IBC_patient049_0035.jpg,2,,off_target_fp,144,0,0.0,0.0,0.0,0.0,0,False
HYBRID_TALON,25,patient076,patient076_case01,IBC,IBC_patient049_0035.jpg,3,1.0,moderate_50_to_75,174,115,0.7986111111111112,0.6609195402298851,0.6609195402298851,0.5665024630541872,1,False
HYBRID_TALON,25,patient076,patient076_case01,IBC,IBC_patient049_0035.jpg,4,,off_target_fp,118,0,0.0,0.0,0.0,0.0,0,False
HYBRID_TALON,25,patient080,patient080_case01,IGM,IGM_patient050_0047.jpg,1,,off_target_fp,157,0,0.0,0.0,0.0,0.0,0,False
HYBRID_TALON,25,patient080,patient080_case01,IGM,IGM_patient050_0047.jpg,2,1.0,moderate_50_to_75,26,26,0.7222222222222222,1.0,0.7222222222222222,0.7222222222222222,1,False
HYBRID_TALON,25,patient080,patient080_case01,IGM,IGM_patient050_0048.jpg,1,1.0,strong_75_plus,146,136,0.918918918918919,0.9315068493150684,0.918918918918919,0.8607594936708861,1,False
HYBRID_TALON,25,patient080,patient080_case01,IGM,IGM_patient050_0049.jpg,1,1.0,strong_75_plus,198,188,0.8867924528301887,0.9494949494949495,0.8867924528301887,0.8468468468468469,1,False
HYBRID_TALON,25,patient080,patient080_case01,IGM,IGM_patient050_0050.jpg,1,1.0,low_25_to_50,388,179,0.9322916666666666,0.46134020618556704,0.46134020618556704,0.4463840399002494,1,False
HYBRID_TALON,25,patient080,patient080_case01,IGM,IGM_patient050_0051.jpg,1,1.0,strong_75_plus,294,270,0.9121621621621622,0.9183673469387755,0.9121621621621622,0.84375,1,False
HYBRID_TALON,25,patient080,patient080_case01,IGM,IGM_patient050_0051.jpg,2,,off_target_fp,170,0,0.0,0.0,0.0,0.0,0,False
HYBRID_TALON,25,patient080,patient080_case01,IGM,IGM_patient050_0052.jpg,1,,off_target_fp,49,0,0.0,0.0,0.0,0.0,0,False
HYBRID_TALON,25,patient080,patient080_case01,IGM,IGM_patient050_0052.jpg,2,1.0,strong_75_plus,454,425,0.9486607142857143,0.9361233480176211,0.9361233480176211,0.8909853249475891,1,False
HYBRID_TALON,25,patient080,patient080_case01,IGM,IGM_patient050_0052.jpg,3,,off_target_fp,32,0,0.0,0.0,0.0,0.0,0,False
HYBRID_TALON,25,patient080,patient080_case01,IGM,IGM_patient050_0052.jpg,4,,off_target_fp,101,0,0.0,0.0,0.0,0.0,0,False
HYBRID_TALON,25,patient080,patient080_case01,IGM,IGM_patient050_0053.jpg,1,,off_target_fp,77,0,0.0,0.0,0.0,0.0,0,False
HYBRID_TALON,25,patient080,patient080_case01,IGM,IGM_patient050_0053.jpg,2,1.0,strong_75_plus,550,504,0.9692307692307692,0.9163636363636364,0.9163636363636364,0.8904593639575972,1,False
HYBRID_TALON,25,patient080,patient080_case01,IGM,IGM_patient050_0054.jpg,1,,off_target_fp,70,0,0.0,0.0,0.0,0.0,0,False
HYBRID_TALON,25,patient080,patient080_case01,IGM,IGM_patient050_0054.jpg,2,1.0,strong_75_plus,784,691,0.9759887005649718,0.8813775510204082,0.8813775510204082,0.8626716604244694,1,False
HYBRID_TALON,25,patient080,patient080_case01,IGM,IGM_patient050_0055.jpg,1,1.0,strong_75_plus,750,686,0.985632183908046,0.9146666666666666,0.9146666666666666,0.9026315789473685,1,False
HYBRID_TALON,25,patient080,patient080_case01,IGM,IGM_patient050_0056.jpg,1,1.0,strong_75_plus,607,522,0.981203007518797,0.8599670510708401,0.8599670510708401,0.8460291734197731,1,False
HYBRID_TALON,25,patient080,patient080_case01,IGM,IGM_patient050_0057.jpg,1,,off_target_fp,37,0,0.0,0.0,0.0,0.0,0,False
HYBRID_TALON,25,patient080,patient080_case01,IGM,IGM_patient050_0057.jpg,2,1.0,moderate_50_to_75,294,257,0.6692708333333334,0.8741496598639455,0.6692708333333334,0.6104513064133017,1,False
HYBRID_TALON,25,patient080,patient080_case01,IGM,IGM_patient050_0058.jpg,1,,off_target_fp,174,0,0.0,0.0,0.0,0.0,0,False
HYBRID_TALON,25,patient080,patient080_case01,IGM,IGM_patient050_0058.jpg,2,,off_target_fp,25,0,0.0,0.0,0.0,0.0,0,False
HYBRID_TALON,25,patient080,patient080_case01,IGM,IGM_patient050_0058.jpg,3,1.0,moderate_50_to_75,162,160,0.7017543859649122,0.9876543209876543,0.7017543859649122,0.6956521739130435,1,False
HYBRID_TALON,25,patient082,patient082_case01,IGM,IGM_patient051_0135.jpg,1,1.0,strong_75_plus,195,151,0.94375,0.7743589743589744,0.7743589743589744,0.7401960784313726,1,False
HYBRID_TALON,25,patient082,patient082_case01,IGM,IGM_patient051_0135.jpg,2,,off_target_fp,44,0,0.0,0.0,0.0,0.0,0,False
HYBRID_TALON,25,patient082,patient082_case01,IGM,IGM_patient051_0135.jpg,3,,off_target_fp,35,0,0.0,0.0,0.0,0.0,0,False
HYBRID_TALON,25,patient082,patient082_case01,IGM,IGM_patient051_0136.jpg,1,1.0,strong_75_plus,290,263,0.9006849315068494,0.906896551724138,0.9006849315068494,0.8244514106583072,1,False
HYBRID_TALON,25,patient082,patient082_case01,IGM,IGM_patient051_0136.jpg,2,,off_target_fp,30,0,0.0,0.0,0.0,0.0,0,False
HYBRID_TALON,25,patient082,patient082_case01,IGM,IGM_patient051_0137.jpg,1,1.0,strong_75_plus,344,268,1.0,0.7790697674418605,0.7790697674418605,0.7790697674418605,1,False
HYBRID_TALON,25,patient082,patient082_case01,IGM,IGM_patient051_0137.jpg,2,,off_target_fp,30,0,0.0,0.0,0.0,0.0,0,False
HYBRID_TALON,25,patient082,patient082_case01,IGM,IGM_patient051_0138.jpg,1,1.0,strong_75_plus,323,305,0.7702020202020202,0.9442724458204335,0.7702020202020202,0.7367149758454107,1,False
HYBRID_TALON,25,patient082,patient082_case01,IGM,IGM_patient051_0138.jpg,2,,off_target_fp,28,0,0.0,0.0,0.0,0.0,0,False
HYBRID_TALON,25,patient082,patient082_case01,IGM,IGM_patient051_0139.jpg,1,1.0,moderate_50_to_75,236,224,0.56,0.9491525423728814,0.56,0.5436893203883495,1,False
HYBRID_TALON,25,patient082,patient082_case01,IGM,IGM_patient051_0140.jpg,1,1.0,moderate_50_to_75,228,203,0.5638888888888889,0.8903508771929824,0.5638888888888889,0.5272727272727272,1,False
HYBRID_TALON,25,patient082,patient082_case01,IGM,IGM_patient051_0141.jpg,1,1.0,moderate_50_to_75,237,229,0.5725,0.9662447257383966,0.5725,0.5612745098039216,1,False
HYBRID_TALON,25,patient082,patient082_case01,IGM,IGM_patient051_0142.jpg,1,1.0,moderate_50_to_75,219,192,0.6486486486486487,0.8767123287671232,0.6486486486486487,0.5944272445820433,1,False
HYBRID_TALON,25,patient082,patient082_case01,IGM,IGM_patient051_0144.jpg,1,1.0,moderate_50_to_75,187,174,0.7372881355932204,0.93048128342246,0.7372881355932204,0.6987951807228916,1,False
HYBRID_TALON,25,patient082,patient082_case01,IGM,IGM_patient051_0145.jpg,1,1.0,moderate_50_to_75,200,161,0.7318181818181818,0.805,0.7318181818181818,0.6216216216216216,1,False
HYBRID_TALON,25,patient082,patient082_case01,IGM,IGM_patient051_0146.jpg,1,1.0,strong_75_plus,183,156,0.75,0.8524590163934426,0.75,0.6638297872340425,1,False
HYBRID_TALON,25,patient082,patient082_case01,IGM,IGM_patient051_0147.jpg,1,1.0,strong_75_plus,106,97,0.8981481481481481,0.9150943396226415,0.8981481481481481,0.8290598290598291,1,False
HYBRID_TALON,25,patient082,patient082_case01,IGM,IGM_patient051_0148.jpg,1,1.0,moderate_50_to_75,52,47,0.618421052631579,0.9038461538461539,0.618421052631579,0.5802469135802469,1,False
HYBRID_TALON,25,patient084,patient084_case01,IBC,IBC_patient052_0047.jpg,1,,off_target_fp,138,0,0.0,0.0,0.0,0.0,0,False
HYBRID_TALON,25,patient084,patient084_case01,IBC,IBC_patient052_0047.jpg,2,1.0,moderate_50_to_75,259,172,1.0,0.6640926640926641,0.6640926640926641,0.6640926640926641,1,False
HYBRID_TALON,25,patient084,patient084_case01,IBC,IBC_patient052_0048.jpg,1,,off_target_fp,112,0,0.0,0.0,0.0,0.0,0,False
HYBRID_TALON,25,patient084,patient084_case01,IBC,IBC_patient052_0048.jpg,2,1.0,moderate_50_to_75,303,212,0.9636363636363636,0.6996699669966997,0.6996699669966997,0.6816720257234726,1,False
HYBRID_TALON,25,patient084,patient084_case01,IBC,IBC_patient052_0049.jpg,1,,off_target_fp,141,0,0.0,0.0,0.0,0.0,0,False
HYBRID_TALON,25,patient084,patient084_case01,IBC,IBC_patient052_0049.jpg,2,,off_target_fp,125,0,0.0,0.0,0.0,0.0,0,False
HYBRID_TALON,25,patient084,patient084_case01,IBC,IBC_patient052_0049.jpg,3,1.0,moderate_50_to_75,344,196,1.0,0.5697674418604651,0.5697674418604651,0.5697674418604651,1,False
HYBRID_TALON,25,patient084,patient084_case01,IBC,IBC_patient052_0050.jpg,1,,off_target_fp,113,0,0.0,0.0,0.0,0.0,0,False
HYBRID_TALON,25,patient084,patient084_case01,IBC,IBC_patient052_0050.jpg,2,,off_target_fp,76,0,0.0,0.0,0.0,0.0,0,False
HYBRID_TALON,25,patient084,patient084_case01,IBC,IBC_patient052_0050.jpg,3,1.0,moderate_50_to_75,376,232,1.0,0.6170212765957447,0.6170212765957447,0.6170212765957447,1,False
HYBRID_TALON,25,patient084,patient084_case01,IBC,IBC_patient052_0051.jpg,1,,off_target_fp,162,0,0.0,0.0,0.0,0.0,0,False
HYBRID_TALON,25,patient084,patient084_case01,IBC,IBC_patient052_0051.jpg,2,1.0,strong_75_plus,287,230,0.9913793103448276,0.8013937282229965,0.8013937282229965,0.7958477508650519,1,False
HYBRID_TALON,25,patient084,patient084_case01,IBC,IBC_patient052_0052.jpg,1,,off_target_fp,160,0,0.0,0.0,0.0,0.0,0,False
HYBRID_TALON,25,patient084,patient084_case01,IBC,IBC_patient052_0052.jpg,2,1.0,moderate_50_to_75,297,215,0.9953703703703703,0.7239057239057239,0.7239057239057239,0.7214765100671141,1,False
HYBRID_TALON,25,patient084,patient084_case01,IBC,IBC_patient052_0053.jpg,1,,off_target_fp,53,0,0.0,0.0,0.0,0.0,0,False
HYBRID_TALON,25,patient084,patient084_case01,IBC,IBC_patient052_0053.jpg,2,1.0,strong_75_plus,354,289,0.9763513513513513,0.8163841807909604,0.8163841807909604,0.8005540166204986,1,False
HYBRID_TALON,25,patient084,patient084_case01,IBC,IBC_patient052_0054.jpg,1,,off_target_fp,45,0,0.0,0.0,0.0,0.0,0,False
HYBRID_TALON,25,patient084,patient084_case01,IBC,IBC_patient052_0054.jpg,2,,off_target_fp,46,0,0.0,0.0,0.0,0.0,0,False
HYBRID_TALON,25,patient084,patient084_case01,IBC,IBC_patient052_0054.jpg,3,1.0,strong_75_plus,466,410,0.9761904761904762,0.8798283261802575,0.8798283261802575,0.8613445378151261,1,False
HYBRID_TALON,25,patient084,patient084_case01,IBC,IBC_patient052_0055.jpg,1,,off_target_fp,37,0,0.0,0.0,0.0,0.0,0,False
HYBRID_TALON,25,patient084,patient084_case01,IBC,IBC_patient052_0055.jpg,2,1.0,strong_75_plus,517,434,0.9954128440366973,0.839458413926499,0.839458413926499,0.8362235067437379,1,False
HYBRID_TALON,25,patient084,patient084_case01,IBC,IBC_patient052_0056.jpg,1,,off_target_fp,30,0,0.0,0.0,0.0,0.0,0,False
HYBRID_TALON,25,patient084,patient084_case01,IBC,IBC_patient052_0056.jpg,2,1.0,strong_75_plus,483,389,0.9923469387755102,0.8053830227743272,0.8053830227743272,0.8004115226337448,1,False
HYBRID_TALON,25,patient084,patient084_case01,IBC,IBC_patient052_0057.jpg,1,1.0,moderate_50_to_75,435,304,1.0,0.6988505747126437,0.6988505747126437,0.6988505747126437,1,False
HYBRID_TALON,25,patient084,patient084_case01,IBC,IBC_patient052_0058.jpg,1,1.0,moderate_50_to_75,400,276,1.0,0.69,0.69,0.69,1,False
HYBRID_TALON,25,patient084,patient084_case01,IBC,IBC_patient052_0058.jpg,2,,off_target_fp,109,0,0.0,0.0,0.0,0.0,0,False
HYBRID_TALON,25,patient084,patient084_case01,IBC,IBC_patient052_0059.jpg,1,1.0,strong_75_plus,351,288,0.972972972972973,0.8205128205128205,0.8205128205128205,0.8022284122562674,1,False
HYBRID_TALON,25,patient084,patient084_case01,IBC,IBC_patient052_0059.jpg,2,,off_target_fp,87,0,0.0,0.0,0.0,0.0,0,False
HYBRID_TALON,25,patient084,patient084_case01,IBC,IBC_patient052_0060.jpg,1,,off_target_fp,62,0,0.0,0.0,0.0,0.0,0,False
HYBRID_TALON,25,patient084,patient084_case01,IBC,IBC_patient052_0060.jpg,2,1.0,strong_75_plus,234,194,0.9150943396226415,0.8290598290598291,0.8290598290598291,0.7698412698412699,1,False
HYBRID_TALON,25,patient084,patient084_case01,IBC,IBC_patient052_0063.jpg,1,,off_target_fp,99,0,0.0,0.0,0.0,0.0,0,False
HYBRID_TALON,25,patient084,patient084_case01,IBC,IBC_patient052_0063.jpg,2,1.0,moderate_50_to_75,48,48,0.5454545454545454,1.0,0.5454545454545454,0.5454545454545454,1,False
HYBRID_TALON,25,patient084,patient084_case01,IBC,IBC_patient052_0064.jpg,1,1.0,partial_below_25,59,55,0.24553571428571427,0.9322033898305084,0.24553571428571427,0.2412280701754386,1,False
HYBRID_TALON,25,patient084,patient084_case01,IBC,IBC_patient052_0064.jpg,2,1.0,partial_below_25,27,27,0.12053571428571429,1.0,0.12053571428571429,0.12053571428571429,1,False
HYBRID_TALON,25,patient084,patient084_case01,IBC,IBC_patient052_0065.jpg,1,,off_target_fp,27,0,0.0,0.0,0.0,0.0,0,False
HYBRID_TALON,25,patient084,patient084_case01,IBC,IBC_patient052_0065.jpg,2,,off_target_fp,28,0,0.0,0.0,0.0,0.0,0,False
HYBRID_TALON,25,patient084,patient084_case01,IBC,IBC_patient052_0065.jpg,3,1.0,low_25_to_50,162,149,0.4837662337662338,0.9197530864197531,0.4837662337662338,0.46417445482866043,1,False
HYBRID_TALON,25,patient084,patient084_case01,IBC,IBC_patient052_0065.jpg,4,1.0,partial_below_25,35,35,0.11363636363636363,1.0,0.11363636363636363,0.11363636363636363,1,False
HYBRID_TALON,25,patient084,patient084_case01,IBC,IBC_patient052_0066.jpg,1,,off_target_fp,245,0,0.0,0.0,0.0,0.0,0,False
HYBRID_TALON,25,patient084,patient084_case01,IBC,IBC_patient052_0066.jpg,2,1.0,strong_75_plus,348,296,0.8809523809523809,0.8505747126436781,0.8505747126436781,0.7628865979381443,1,False
HYBRID_TALON,25,patient084,patient084_case01,IBC,IBC_patient052_0067.jpg,1,,off_target_fp,29,0,0.0,0.0,0.0,0.0,0,False
HYBRID_TALON,25,patient084,patient084_case01,IBC,IBC_patient052_0067.jpg,2,1.0,strong_75_plus,222,203,0.7574626865671642,0.9144144144144144,0.7574626865671642,0.7073170731707317,1,False
HYBRID_TALON,25,patient084,patient084_case01,IBC,IBC_patient052_0068.jpg,1,,off_target_fp,122,0,0.0,0.0,0.0,0.0,0,False
HYBRID_TALON,25,patient084,patient084_case01,IBC,IBC_patient052_0068.jpg,2,1.0,partial_below_25,31,31,0.19375,1.0,0.19375,0.19375,1,False
HYBRID_TALON,25,patient092,patient092_case01,IBC,IBC_patient057_0042.jpg,1,1.0,strong_75_plus,134,111,0.7708333333333334,0.8283582089552238,0.7708333333333334,0.6646706586826348,1,False
HYBRID_TALON,25,patient092,patient092_case01,IBC,IBC_patient057_0043.jpg,1,1.0,moderate_50_to_75,354,264,0.9041095890410958,0.7457627118644068,0.7457627118644068,0.6910994764397905,1,False
HYBRID_TALON,25,patient092,patient092_case01,IBC,IBC_patient057_0044.jpg,1,,off_target_fp,36,0,0.0,0.0,0.0,0.0,0,False
HYBRID_TALON,25,patient092,patient092_case01,IBC,IBC_patient057_0044.jpg,2,,off_target_fp,94,0,0.0,0.0,0.0,0.0,0,False
HYBRID_TALON,25,patient092,patient092_case01,IBC,IBC_patient057_0044.jpg,3,,off_target_fp,58,0,0.0,0.0,0.0,0.0,0,False
HYBRID_TALON,25,patient092,patient092_case01,IBC,IBC_patient057_0044.jpg,4,1.0,moderate_50_to_75,489,307,0.9967532467532467,0.6278118609406953,0.6278118609406953,0.6265306122448979,1,False
HYBRID_TALON,25,patient092,patient092_case01,IBC,IBC_patient057_0045.jpg,1,,off_target_fp,43,0,0.0,0.0,0.0,0.0,0,False
HYBRID_TALON,25,patient092,patient092_case01,IBC,IBC_patient057_0045.jpg,2,1.0,moderate_50_to_75,556,407,0.9783653846153846,0.7320143884892086,0.7320143884892086,0.720353982300885,1,False
HYBRID_TALON,25,patient092,patient092_case01,IBC,IBC_patient057_0046.jpg,1,,off_target_fp,55,0,0.0,0.0,0.0,0.0,0,False
HYBRID_TALON,25,patient092,patient092_case01,IBC,IBC_patient057_0046.jpg,2,1.0,strong_75_plus,449,418,0.95,0.9309576837416481,0.9309576837416481,0.8874734607218684,1,False
HYBRID_TALON,25,patient092,patient092_case01,IBC,IBC_patient057_0047.jpg,1,,off_target_fp,105,0,0.0,0.0,0.0,0.0,0,False
HYBRID_TALON,25,patient092,patient092_case01,IBC,IBC_patient057_0047.jpg,2,1.0,strong_75_plus,335,324,0.9310344827586207,0.9671641791044776,0.9310344827586207,0.9025069637883009,1,False
HYBRID_TALON,25,patient092,patient092_case01,IBC,IBC_patient057_0048.jpg,1,,off_target_fp,62,0,0.0,0.0,0.0,0.0,0,False
HYBRID_TALON,25,patient092,patient092_case01,IBC,IBC_patient057_0048.jpg,2,1.0,strong_75_plus,203,203,0.7807692307692308,1.0,0.7807692307692308,0.7807692307692308,1,False
HYBRID_TALON,25,patient099,patient099_case01,IGM,IGM_patient008_0049.jpg,1,,off_target_fp,46,0,0.0,0.0,0.0,0.0,0,False
HYBRID_TALON,25,patient099,patient099_case01,IGM,IGM_patient008_0050.jpg,1,1.0,moderate_50_to_75,134,81,0.6982758620689655,0.6044776119402985,0.6044776119402985,0.47928994082840237,1,False
HYBRID_TALON,25,patient099,patient099_case01,IGM,IGM_patient008_0051.jpg,1,1.0,partial_below_25,42,41,0.21808510638297873,0.9761904761904762,0.21808510638297873,0.21693121693121692,1,False
HYBRID_TALON,25,patient099,patient099_case01,IGM,IGM_patient008_0052.jpg,1,,off_target_fp,60,0,0.0,0.0,0.0,0.0,0,False
HYBRID_TALON,25,patient099,patient099_case01,IGM,IGM_patient008_0053.jpg,1,,off_target_fp,164,0,0.0,0.0,0.0,0.0,0,False
HYBRID_TALON,25,patient099,patient099_case01,IGM,IGM_patient008_0057.jpg,1,,off_target_fp,136,0,0.0,0.0,0.0,0.0,0,False
HYBRID_TALON,25,patient099,patient099_case01,IGM,IGM_patient008_0057.jpg,2,1.0,low_25_to_50,63,63,0.39375,1.0,0.39375,0.39375,1,False
HYBRID_TALON,25,patient099,patient099_case01,IGM,IGM_patient008_0058.jpg,1,,off_target_fp,128,0,0.0,0.0,0.0,0.0,0,False
HYBRID_TALON,25,patient099,patient099_case01,IGM,IGM_patient008_0058.jpg,2,,off_target_fp,81,0,0.0,0.0,0.0,0.0,0,False
HYBRID_TALON,25,patient101,patient101_case01,IBC,IBC_patient009_0142.jpg,1,,off_target_fp,79,0,0.0,0.0,0.0,0.0,0,False
HYBRID_TALON,25,patient101,patient101_case01,IBC,IBC_patient009_0143.jpg,1,,off_target_fp,28,0,0.0,0.0,0.0,0.0,0,False
HYBRID_TALON,25,patient101,patient101_case01,IBC,IBC_patient009_0143.jpg,2,,off_target_fp,33,0,0.0,0.0,0.0,0.0,0,False
HYBRID_TALON,25,patient101,patient101_case01,IBC,IBC_patient009_0143.jpg,3,,off_target_fp,39,0,0.0,0.0,0.0,0.0,0,False
HYBRID_TALON,25,patient101,patient101_case01,IBC,IBC_patient009_0143.jpg,4,,off_target_fp,31,0,0.0,0.0,0.0,0.0,0,False
HYBRID_TALON,25,patient101,patient101_case01,IBC,IBC_patient009_0143.jpg,5,1.0,moderate_50_to_75,54,52,0.6190476190476191,0.9629629629629629,0.6190476190476191,0.6046511627906976,1,False
HYBRID_TALON,25,patient101,patient101_case01,IBC,IBC_patient009_0144.jpg,1,,off_target_fp,32,0,0.0,0.0,0.0,0.0,0,False
HYBRID_TALON,25,patient101,patient101_case01,IBC,IBC_patient009_0144.jpg,2,,off_target_fp,77,0,0.0,0.0,0.0,0.0,0,False
HYBRID_TALON,25,patient101,patient101_case01,IBC,IBC_patient009_0144.jpg,3,,off_target_fp,43,0,0.0,0.0,0.0,0.0,0,False
HYBRID_TALON,25,patient101,patient101_case01,IBC,IBC_patient009_0144.jpg,4,1.0,strong_75_plus,109,95,0.8482142857142857,0.8715596330275229,0.8482142857142857,0.753968253968254,1,False
HYBRID_TALON,25,patient101,patient101_case01,IBC,IBC_patient009_0145.jpg,1,,off_target_fp,29,0,0.0,0.0,0.0,0.0,0,False
HYBRID_TALON,25,patient101,patient101_case01,IBC,IBC_patient009_0145.jpg,2,,off_target_fp,72,0,0.0,0.0,0.0,0.0,0,False
HYBRID_TALON,25,patient101,patient101_case01,IBC,IBC_patient009_0145.jpg,3,1.0,strong_75_plus,128,99,0.9519230769230769,0.7734375,0.7734375,0.7443609022556391,1,False
HYBRID_TALON,25,patient101,patient101_case01,IBC,IBC_patient009_0146.jpg,1,,off_target_fp,42,0,0.0,0.0,0.0,0.0,0,False
HYBRID_TALON,25,patient101,patient101_case01,IBC,IBC_patient009_0146.jpg,2,1.0,strong_75_plus,134,111,0.8671875,0.8283582089552238,0.8283582089552238,0.7350993377483444,1,False
HYBRID_TALON,25,patient101,patient101_case01,IBC,IBC_patient009_0147.jpg,1,,off_target_fp,78,0,0.0,0.0,0.0,0.0,0,False
HYBRID_TALON,25,patient101,patient101_case01,IBC,IBC_patient009_0147.jpg,2,1.0,moderate_50_to_75,171,117,0.8602941176470589,0.6842105263157895,0.6842105263157895,0.6157894736842106,1,False
HYBRID_TALON,25,patient101,patient101_case01,IBC,IBC_patient009_0148.jpg,1,,off_target_fp,186,0,0.0,0.0,0.0,0.0,0,False
HYBRID_TALON,25,patient101,patient101_case01,IBC,IBC_patient009_0148.jpg,2,1.0,strong_75_plus,204,153,0.8895348837209303,0.75,0.75,0.6860986547085202,1,False
HYBRID_TALON,25,patient101,patient101_case01,IBC,IBC_patient009_0149.jpg,1,,off_target_fp,228,0,0.0,0.0,0.0,0.0,0,False
HYBRID_TALON,25,patient101,patient101_case01,IBC,IBC_patient009_0149.jpg,2,1.0,strong_75_plus,236,195,0.9375,0.826271186440678,0.826271186440678,0.7831325301204819,1,False
HYBRID_TALON,25,patient101,patient101_case01,IBC,IBC_patient009_0150.jpg,1,,off_target_fp,187,0,0.0,0.0,0.0,0.0,0,False
HYBRID_TALON,25,patient101,patient101_case01,IBC,IBC_patient009_0150.jpg,2,1.0,strong_75_plus,238,198,0.9166666666666666,0.8319327731092437,0.8319327731092437,0.7734375,1,False
HYBRID_TALON,25,patient101,patient101_case01,IBC,IBC_patient009_0151.jpg,1,,off_target_fp,148,0,0.0,0.0,0.0,0.0,0,False
HYBRID_TALON,25,patient101,patient101_case01,IBC,IBC_patient009_0151.jpg,2,1.0,strong_75_plus,234,179,0.9132653061224489,0.7649572649572649,0.7649572649572649,0.7131474103585658,1,False
HYBRID_TALON,25,patient101,patient101_case01,IBC,IBC_patient009_0152.jpg,1,1.0,strong_75_plus,215,177,0.885,0.8232558139534883,0.8232558139534883,0.7436974789915967,1,False
HYBRID_TALON,25,patient101,patient101_case01,IBC,IBC_patient009_0153.jpg,1,1.0,strong_75_plus,199,174,0.8365384615384616,0.8743718592964824,0.8365384615384616,0.7467811158798283,1,False
HYBRID_TALON,25,patient101,patient101_case01,IBC,IBC_patient009_0154.jpg,1,,off_target_fp,44,0,0.0,0.0,0.0,0.0,0,False
HYBRID_TALON,25,patient101,patient101_case01,IBC,IBC_patient009_0154.jpg,2,1.0,strong_75_plus,156,139,0.8081395348837209,0.8910256410256411,0.8081395348837209,0.7354497354497355,1,False
HYBRID_TALON,25,patient101,patient101_case01,IBC,IBC_patient009_0155.jpg,1,,off_target_fp,67,0,0.0,0.0,0.0,0.0,0,False
HYBRID_TALON,25,patient101,patient101_case01,IBC,IBC_patient009_0155.jpg,2,1.0,strong_75_plus,145,131,0.81875,0.903448275862069,0.81875,0.7528735632183908,1,False
HYBRID_TALON,25,patient101,patient101_case01,IBC,IBC_patient009_0156.jpg,1,,off_target_fp,77,0,0.0,0.0,0.0,0.0,0,False
HYBRID_TALON,25,patient101,patient101_case01,IBC,IBC_patient009_0156.jpg,2,,off_target_fp,26,0,0.0,0.0,0.0,0.0,0,False
HYBRID_TALON,25,patient101,patient101_case01,IBC,IBC_patient009_0156.jpg,3,,off_target_fp,34,0,0.0,0.0,0.0,0.0,0,False
HYBRID_TALON,25,patient101,patient101_case01,IBC,IBC_patient009_0156.jpg,4,1.0,strong_75_plus,140,124,0.7560975609756098,0.8857142857142857,0.7560975609756098,0.6888888888888889,1,False
HYBRID_TALON,25,patient101,patient101_case01,IBC,IBC_patient009_0157.jpg,1,,off_target_fp,62,0,0.0,0.0,0.0,0.0,0,False
HYBRID_TALON,25,patient101,patient101_case01,IBC,IBC_patient009_0157.jpg,2,1.0,strong_75_plus,247,204,0.796875,0.8259109311740891,0.796875,0.6822742474916388,1,False
HYBRID_TALON,25,patient101,patient101_case01,IBC,IBC_patient009_0157.jpg,3,,off_target_fp,49,0,0.0,0.0,0.0,0.0,0,False
HYBRID_TALON,25,patient101,patient101_case01,IBC,IBC_patient009_0158.jpg,1,,off_target_fp,46,0,0.0,0.0,0.0,0.0,0,False
HYBRID_TALON,25,patient101,patient101_case01,IBC,IBC_patient009_0158.jpg,2,1.0,strong_75_plus,273,233,0.8694029850746269,0.8534798534798534,0.8534798534798534,0.7564935064935064,1,False
HYBRID_TALON,25,patient101,patient101_case01,IBC,IBC_patient009_0159.jpg,1,,off_target_fp,26,0,0.0,0.0,0.0,0.0,0,False
HYBRID_TALON,25,patient101,patient101_case01,IBC,IBC_patient009_0159.jpg,2,,off_target_fp,29,0,0.0,0.0,0.0,0.0,0,False
HYBRID_TALON,25,patient101,patient101_case01,IBC,IBC_patient009_0159.jpg,3,1.0,strong_75_plus,292,232,0.90625,0.7945205479452054,0.7945205479452054,0.7341772151898734,1,False
HYBRID_TALON,25,patient101,patient101_case01,IBC,IBC_patient009_0160.jpg,1,1.0,strong_75_plus,290,219,0.8830645161290323,0.7551724137931034,0.7551724137931034,0.6865203761755486,1,False
HYBRID_TALON,25,patient101,patient101_case01,IBC,IBC_patient009_0161.jpg,1,1.0,strong_75_plus,290,223,0.9139344262295082,0.7689655172413793,0.7689655172413793,0.7170418006430869,1,False
HYBRID_TALON,25,patient101,patient101_case01,IBC,IBC_patient009_0162.jpg,1,,off_target_fp,44,0,0.0,0.0,0.0,0.0,0,False
HYBRID_TALON,25,patient101,patient101_case01,IBC,IBC_patient009_0162.jpg,2,1.0,strong_75_plus,301,263,0.9392857142857143,0.8737541528239202,0.8737541528239202,0.8270440251572327,1,False
HYBRID_TALON,25,patient101,patient101_case01,IBC,IBC_patient009_0163.jpg,1,,off_target_fp,50,0,0.0,0.0,0.0,0.0,0,False
HYBRID_TALON,25,patient101,patient101_case01,IBC,IBC_patient009_0163.jpg,2,,off_target_fp,40,0,0.0,0.0,0.0,0.0,0,False
HYBRID_TALON,25,patient101,patient101_case01,IBC,IBC_patient009_0163.jpg,3,1.0,strong_75_plus,263,238,0.9596774193548387,0.9049429657794676,0.9049429657794676,0.8717948717948718,1,False
HYBRID_TALON,25,patient101,patient101_case01,IBC,IBC_patient009_0164.jpg,1,,off_target_fp,27,0,0.0,0.0,0.0,0.0,0,False
HYBRID_TALON,25,patient101,patient101_case01,IBC,IBC_patient009_0164.jpg,2,1.0,strong_75_plus,212,208,0.8387096774193549,0.9811320754716981,0.8387096774193549,0.8253968253968254,1,False
HYBRID_TALON,25,patient101,patient101_case01,IBC,IBC_patient009_0165.jpg,1,1.0,strong_75_plus,135,128,0.8205128205128205,0.9481481481481482,0.8205128205128205,0.7852760736196319,1,False
HYBRID_TALON,25,patient101,patient101_case01,IBC,IBC_patient009_0166.jpg,1,1.0,moderate_50_to_75,51,49,0.532608695652174,0.9607843137254902,0.532608695652174,0.5212765957446809,1,False
HYBRID_TALON,25,patient101,patient101_case01,IBC,IBC_patient009_0166.jpg,2,,off_target_fp,30,0,0.0,0.0,0.0,0.0,0,False
UNET_MTL_MASK_GUIDED,1,patient005,patient005_case01,IGM,IGM_patient011_0059.jpg,1,,off_target_fp,46,0,0.0,0.0,0.0,0.0,0,False
UNET_MTL_MASK_GUIDED,1,patient005,patient005_case01,IGM,IGM_patient011_0060.jpg,1,,off_target_fp,55,0,0.0,0.0,0.0,0.0,0,False
UNET_MTL_MASK_GUIDED,1,patient005,patient005_case01,IGM,IGM_patient011_0060.jpg,2,,off_target_fp,7,0,0.0,0.0,0.0,0.0,0,False
UNET_MTL_MASK_GUIDED,1,patient005,patient005_case01,IGM,IGM_patient011_0060.jpg,3,1.0,strong_75_plus,105,89,0.9270833333333334,0.8476190476190476,0.8476190476190476,0.7946428571428571,1,False
UNET_MTL_MASK_GUIDED,1,patient005,patient005_case01,IGM,IGM_patient011_0060.jpg,4,,off_target_fp,25,0,0.0,0.0,0.0,0.0,0,False
UNET_MTL_MASK_GUIDED,1,patient005,patient005_case01,IGM,IGM_patient011_0061.jpg,1,,off_target_fp,33,0,0.0,0.0,0.0,0.0,0,False
UNET_MTL_MASK_GUIDED,1,patient005,patient005_case01,IGM,IGM_patient011_0061.jpg,2,1.0,moderate_50_to_75,165,123,0.9609375,0.7454545454545455,0.7454545454545455,0.7235294117647059,1,False
UNET_MTL_MASK_GUIDED,1,patient005,patient005_case01,IGM,IGM_patient011_0062.jpg,1,1.0,moderate_50_to_75,104,74,0.6851851851851852,0.7115384615384616,0.6851851851851852,0.5362318840579711,1,False
UNET_MTL_MASK_GUIDED,1,patient005,patient005_case01,IGM,IGM_patient011_0063.jpg,1,1.0,moderate_50_to_75,57,44,0.5,0.7719298245614035,0.5,0.43564356435643564,1,False
UNET_MTL_MASK_GUIDED,1,patient005,patient005_case01,IGM,IGM_patient011_0063.jpg,2,,off_target_fp,15,0,0.0,0.0,0.0,0.0,0,False
UNET_MTL_MASK_GUIDED,1,patient005,patient005_case01,IGM,IGM_patient011_0064.jpg,1,1.0,low_25_to_50,54,39,0.42391304347826086,0.7222222222222222,0.42391304347826086,0.3644859813084112,1,False
UNET_MTL_MASK_GUIDED,1,patient005,patient005_case01,IGM,IGM_patient011_0065.jpg,1,,off_target_fp,136,0,0.0,0.0,0.0,0.0,0,False
UNET_MTL_MASK_GUIDED,1,patient005,patient005_case01,IGM,IGM_patient011_0065.jpg,2,1.0,strong_75_plus,77,59,0.8194444444444444,0.7662337662337663,0.7662337662337663,0.6555555555555556,1,False
UNET_MTL_MASK_GUIDED,1,patient005,patient005_case01,IGM,IGM_patient011_0066.jpg,1,,off_target_fp,2,0,0.0,0.0,0.0,0.0,0,False
UNET_MTL_MASK_GUIDED,1,patient005,patient005_case01,IGM,IGM_patient011_0066.jpg,2,,off_target_fp,230,0,0.0,0.0,0.0,0.0,0,False
UNET_MTL_MASK_GUIDED,1,patient008,patient008_case01,IGM,IGM_patient013_0079.jpg,1,,off_target_fp,56,0,0.0,0.0,0.0,0.0,0,False
UNET_MTL_MASK_GUIDED,1,patient008,patient008_case01,IGM,IGM_patient013_0080.jpg,1,,off_target_fp,60,0,0.0,0.0,0.0,0.0,0,False
UNET_MTL_MASK_GUIDED,1,patient008,patient008_case01,IGM,IGM_patient013_0080.jpg,2,,off_target_fp,69,0,0.0,0.0,0.0,0.0,0,False
UNET_MTL_MASK_GUIDED,1,patient008,patient008_case01,IGM,IGM_patient013_0080.jpg,3,,off_target_fp,60,0,0.0,0.0,0.0,0.0,0,False
UNET_MTL_MASK_GUIDED,1,patient008,patient008_case01,IGM,IGM_patient013_0081.jpg,1,,off_target_fp,49,0,0.0,0.0,0.0,0.0,0,False
UNET_MTL_MASK_GUIDED,1,patient008,patient008_case01,IGM,IGM_patient013_0081.jpg,2,,off_target_fp,24,0,0.0,0.0,0.0,0.0,0,False
UNET_MTL_MASK_GUIDED,1,patient008,patient008_case01,IGM,IGM_patient013_0081.jpg,3,,off_target_fp,42,0,0.0,0.0,0.0,0.0,0,False
UNET_MTL_MASK_GUIDED,1,patient008,patient008_case01,IGM,IGM_patient013_0082.jpg,1,,off_target_fp,84,0,0.0,0.0,0.0,0.0,0,False
UNET_MTL_MASK_GUIDED,1,patient008,patient008_case01,IGM,IGM_patient013_0082.jpg,2,,off_target_fp,23,0,0.0,0.0,0.0,0.0,0,False
UNET_MTL_MASK_GUIDED,1,patient014,patient014_case01,IBC,IBC_patient016_0135.jpg,1,,off_target_fp,59,0,0.0,0.0,0.0,0.0,0,False
UNET_MTL_MASK_GUIDED,1,patient014,patient014_case01,IBC,IBC_patient016_0135.jpg,2,1.0,strong_75_plus,108,93,0.775,0.8611111111111112,0.775,0.6888888888888889,1,False
UNET_MTL_MASK_GUIDED,1,patient014,patient014_case01,IBC,IBC_patient016_0135.jpg,3,,off_target_fp,5,0,0.0,0.0,0.0,0.0,0,False
UNET_MTL_MASK_GUIDED,1,patient014,patient014_case01,IBC,IBC_patient016_0136.jpg,1,,off_target_fp,127,0,0.0,0.0,0.0,0.0,0,False
UNET_MTL_MASK_GUIDED,1,patient014,patient014_case01,IBC,IBC_patient016_0136.jpg,2,1.0,strong_75_plus,166,155,0.842391304347826,0.9337349397590361,0.842391304347826,0.7948717948717948,1,False
UNET_MTL_MASK_GUIDED,1,patient014,patient014_case01,IBC,IBC_patient016_0137.jpg,1,,off_target_fp,153,0,0.0,0.0,0.0,0.0,0,False
UNET_MTL_MASK_GUIDED,1,patient014,patient014_case01,IBC,IBC_patient016_0137.jpg,2,1.0,strong_75_plus,209,200,0.9259259259259259,0.9569377990430622,0.9259259259259259,0.8888888888888888,1,False
UNET_MTL_MASK_GUIDED,1,patient014,patient014_case01,IBC,IBC_patient016_0138.jpg,1,,off_target_fp,155,0,0.0,0.0,0.0,0.0,0,False
UNET_MTL_MASK_GUIDED,1,patient014,patient014_case01,IBC,IBC_patient016_0138.jpg,2,1.0,strong_75_plus,226,195,0.9027777777777778,0.8628318584070797,0.8628318584070797,0.7894736842105263,1,False
UNET_MTL_MASK_GUIDED,1,patient014,patient014_case01,IBC,IBC_patient016_0138.jpg,3,,off_target_fp,1,0,0.0,0.0,0.0,0.0,0,False
UNET_MTL_MASK_GUIDED,1,patient014,patient014_case01,IBC,IBC_patient016_0138.jpg,4,,off_target_fp,53,0,0.0,0.0,0.0,0.0,0,False
UNET_MTL_MASK_GUIDED,1,patient014,patient014_case01,IBC,IBC_patient016_0139.jpg,1,,off_target_fp,154,0,0.0,0.0,0.0,0.0,0,False
UNET_MTL_MASK_GUIDED,1,patient014,patient014_case01,IBC,IBC_patient016_0139.jpg,2,1.0,strong_75_plus,257,240,0.8695652173913043,0.933852140077821,0.8695652173913043,0.8191126279863481,1,False
UNET_MTL_MASK_GUIDED,1,patient014,patient014_case01,IBC,IBC_patient016_0139.jpg,3,,off_target_fp,73,0,0.0,0.0,0.0,0.0,0,False
UNET_MTL_MASK_GUIDED,1,patient014,patient014_case01,IBC,IBC_patient016_0139.jpg,4,,off_target_fp,110,0,0.0,0.0,0.0,0.0,0,False
UNET_MTL_MASK_GUIDED,1,patient014,patient014_case01,IBC,IBC_patient016_0140.jpg,1,,off_target_fp,157,0,0.0,0.0,0.0,0.0,0,False
UNET_MTL_MASK_GUIDED,1,patient014,patient014_case01,IBC,IBC_patient016_0140.jpg,2,1.0,strong_75_plus,278,243,0.9642857142857143,0.8741007194244604,0.8741007194244604,0.8466898954703833,1,False
UNET_MTL_MASK_GUIDED,1,patient014,patient014_case01,IBC,IBC_patient016_0140.jpg,3,,off_target_fp,100,0,0.0,0.0,0.0,0.0,0,False
UNET_MTL_MASK_GUIDED,1,patient014,patient014_case01,IBC,IBC_patient016_0140.jpg,4,,off_target_fp,21,0,0.0,0.0,0.0,0.0,0,False
UNET_MTL_MASK_GUIDED,1,patient014,patient014_case01,IBC,IBC_patient016_0140.jpg,5,,off_target_fp,106,0,0.0,0.0,0.0,0.0,0,False
UNET_MTL_MASK_GUIDED,1,patient014,patient014_case01,IBC,IBC_patient016_0141.jpg,1,,off_target_fp,247,0,0.0,0.0,0.0,0.0,0,False
UNET_MTL_MASK_GUIDED,1,patient014,patient014_case01,IBC,IBC_patient016_0141.jpg,2,1.0,strong_75_plus,254,217,0.9194915254237288,0.8543307086614174,0.8543307086614174,0.7948717948717948,1,False
UNET_MTL_MASK_GUIDED,1,patient014,patient014_case01,IBC,IBC_patient016_0141.jpg,3,,off_target_fp,84,0,0.0,0.0,0.0,0.0,0,False
UNET_MTL_MASK_GUIDED,1,patient014,patient014_case01,IBC,IBC_patient016_0141.jpg,4,,off_target_fp,51,0,0.0,0.0,0.0,0.0,0,False
UNET_MTL_MASK_GUIDED,1,patient014,patient014_case01,IBC,IBC_patient016_0142.jpg,1,,off_target_fp,278,0,0.0,0.0,0.0,0.0,0,False
UNET_MTL_MASK_GUIDED,1,patient014,patient014_case01,IBC,IBC_patient016_0142.jpg,2,1.0,strong_75_plus,282,219,0.9605263157894737,0.776595744680851,0.776595744680851,0.7525773195876289,1,False
UNET_MTL_MASK_GUIDED,1,patient014,patient014_case01,IBC,IBC_patient016_0142.jpg,3,,off_target_fp,106,0,0.0,0.0,0.0,0.0,0,False
UNET_MTL_MASK_GUIDED,1,patient014,patient014_case01,IBC,IBC_patient016_0142.jpg,4,,off_target_fp,2,0,0.0,0.0,0.0,0.0,0,False
UNET_MTL_MASK_GUIDED,1,patient014,patient014_case01,IBC,IBC_patient016_0142.jpg,5,,off_target_fp,136,0,0.0,0.0,0.0,0.0,0,False
UNET_MTL_MASK_GUIDED,1,patient014,patient014_case01,IBC,IBC_patient016_0143.jpg,1,,off_target_fp,229,0,0.0,0.0,0.0,0.0,0,False
UNET_MTL_MASK_GUIDED,1,patient014,patient014_case01,IBC,IBC_patient016_0143.jpg,2,1.0,moderate_50_to_75,379,191,0.9744897959183674,0.503957783641161,0.503957783641161,0.4973958333333333,1,False
UNET_MTL_MASK_GUIDED,1,patient014,patient014_case01,IBC,IBC_patient016_0143.jpg,3,,off_target_fp,61,0,0.0,0.0,0.0,0.0,0,False
UNET_MTL_MASK_GUIDED,1,patient014,patient014_case01,IBC,IBC_patient016_0143.jpg,4,,off_target_fp,26,0,0.0,0.0,0.0,0.0,0,False
UNET_MTL_MASK_GUIDED,1,patient014,patient014_case01,IBC,IBC_patient016_0143.jpg,5,,off_target_fp,162,0,0.0,0.0,0.0,0.0,0,False
UNET_MTL_MASK_GUIDED,1,patient014,patient014_case01,IBC,IBC_patient016_0144.jpg,1,,off_target_fp,195,0,0.0,0.0,0.0,0.0,0,False
UNET_MTL_MASK_GUIDED,1,patient014,patient014_case01,IBC,IBC_patient016_0144.jpg,2,1.0,low_25_to_50,396,195,0.9948979591836735,0.49242424242424243,0.49242424242424243,0.491183879093199,1,False
UNET_MTL_MASK_GUIDED,1,patient014,patient014_case01,IBC,IBC_patient016_0144.jpg,3,,off_target_fp,4,0,0.0,0.0,0.0,0.0,0,False
UNET_MTL_MASK_GUIDED,1,patient014,patient014_case01,IBC,IBC_patient016_0144.jpg,4,,off_target_fp,90,0,0.0,0.0,0.0,0.0,0,False
UNET_MTL_MASK_GUIDED,1,patient014,patient014_case01,IBC,IBC_patient016_0145.jpg,1,,off_target_fp,83,0,0.0,0.0,0.0,0.0,0,False
UNET_MTL_MASK_GUIDED,1,patient014,patient014_case01,IBC,IBC_patient016_0145.jpg,2,,off_target_fp,235,0,0.0,0.0,0.0,0.0,0,False
UNET_MTL_MASK_GUIDED,1,patient014,patient014_case01,IBC,IBC_patient016_0145.jpg,3,1.0,moderate_50_to_75,319,233,0.9708333333333333,0.7304075235109718,0.7304075235109718,0.7147239263803681,1,False
UNET_MTL_MASK_GUIDED,1,patient014,patient014_case01,IBC,IBC_patient016_0145.jpg,4,,off_target_fp,15,0,0.0,0.0,0.0,0.0,0,False
UNET_MTL_MASK_GUIDED,1,patient014,patient014_case01,IBC,IBC_patient016_0146.jpg,1,,off_target_fp,132,0,0.0,0.0,0.0,0.0,0,False
UNET_MTL_MASK_GUIDED,1,patient014,patient014_case01,IBC,IBC_patient016_0146.jpg,2,,off_target_fp,256,0,0.0,0.0,0.0,0.0,0,False
UNET_MTL_MASK_GUIDED,1,patient014,patient014_case01,IBC,IBC_patient016_0146.jpg,3,1.0,strong_75_plus,288,225,0.9533898305084746,0.78125,0.78125,0.7525083612040134,1,False
UNET_MTL_MASK_GUIDED,1,patient014,patient014_case01,IBC,IBC_patient016_0147.jpg,1,,off_target_fp,161,0,0.0,0.0,0.0,0.0,0,False
UNET_MTL_MASK_GUIDED,1,patient014,patient014_case01,IBC,IBC_patient016_0147.jpg,2,,off_target_fp,253,0,0.0,0.0,0.0,0.0,0,False
UNET_MTL_MASK_GUIDED,1,patient014,patient014_case01,IBC,IBC_patient016_0147.jpg,3,1.0,strong_75_plus,221,190,0.8796296296296297,0.8597285067873304,0.8597285067873304,0.7692307692307693,1,False
UNET_MTL_MASK_GUIDED,1,patient014,patient014_case01,IBC,IBC_patient016_0147.jpg,4,,off_target_fp,9,0,0.0,0.0,0.0,0.0,0,False
UNET_MTL_MASK_GUIDED,1,patient014,patient014_case01,IBC,IBC_patient016_0148.jpg,1,,off_target_fp,181,0,0.0,0.0,0.0,0.0,0,False
UNET_MTL_MASK_GUIDED,1,patient014,patient014_case01,IBC,IBC_patient016_0148.jpg,2,,off_target_fp,122,0,0.0,0.0,0.0,0.0,0,False
UNET_MTL_MASK_GUIDED,1,patient014,patient014_case01,IBC,IBC_patient016_0148.jpg,3,1.0,moderate_50_to_75,144,135,0.703125,0.9375,0.703125,0.6716417910447762,1,False
UNET_MTL_MASK_GUIDED,1,patient014,patient014_case01,IBC,IBC_patient016_0148.jpg,4,,off_target_fp,1,0,0.0,0.0,0.0,0.0,0,False
UNET_MTL_MASK_GUIDED,1,patient014,patient014_case01,IBC,IBC_patient016_0149.jpg,1,,off_target_fp,179,0,0.0,0.0,0.0,0.0,0,False
UNET_MTL_MASK_GUIDED,1,patient014,patient014_case01,IBC,IBC_patient016_0149.jpg,2,1.0,partial_below_25,46,46,0.23469387755102042,1.0,0.23469387755102042,0.23469387755102042,1,False
UNET_MTL_MASK_GUIDED,1,patient014,patient014_case01,IBC,IBC_patient016_0149.jpg,3,,off_target_fp,50,0,0.0,0.0,0.0,0.0,0,False
UNET_MTL_MASK_GUIDED,1,patient014,patient014_case01,IBC,IBC_patient016_0150.jpg,1,,off_target_fp,143,0,0.0,0.0,0.0,0.0,0,False
UNET_MTL_MASK_GUIDED,1,patient014,patient014_case01,IBC,IBC_patient016_0150.jpg,2,,off_target_fp,42,0,0.0,0.0,0.0,0.0,0,False
UNET_MTL_MASK_GUIDED,1,patient014,patient014_case01,IBC,IBC_patient016_0151.jpg,1,,off_target_fp,117,0,0.0,0.0,0.0,0.0,0,False
UNET_MTL_MASK_GUIDED,1,patient014,patient014_case01,IBC,IBC_patient016_0151.jpg,2,,off_target_fp,37,0,0.0,0.0,0.0,0.0,0,False
UNET_MTL_MASK_GUIDED,1,patient014,patient014_case01,IBC,IBC_patient016_0151.jpg,3,,off_target_fp,70,0,0.0,0.0,0.0,0.0,0,False
UNET_MTL_MASK_GUIDED,1,patient015,patient015_case01,IGM,IGM_patient016_0051.jpg,1,,off_target_fp,125,0,0.0,0.0,0.0,0.0,0,False
UNET_MTL_MASK_GUIDED,1,patient015,patient015_case01,IGM,IGM_patient016_0051.jpg,2,,off_target_fp,461,0,0.0,0.0,0.0,0.0,0,False
UNET_MTL_MASK_GUIDED,1,patient015,patient015_case01,IGM,IGM_patient016_0051.jpg,3,,off_target_fp,291,0,0.0,0.0,0.0,0.0,0,False
UNET_MTL_MASK_GUIDED,1,patient015,patient015_case01,IGM,IGM_patient016_0051.jpg,4,1.0,strong_75_plus,101,83,0.8645833333333334,0.8217821782178217,0.8217821782178217,0.7280701754385965,1,False
UNET_MTL_MASK_GUIDED,1,patient015,patient015_case01,IGM,IGM_patient016_0051.jpg,5,,off_target_fp,30,0,0.0,0.0,0.0,0.0,0,False
UNET_MTL_MASK_GUIDED,1,patient015,patient015_case01,IGM,IGM_patient016_0052.jpg,1,,off_target_fp,153,0,0.0,0.0,0.0,0.0,0,False
UNET_MTL_MASK_GUIDED,1,patient015,patient015_case01,IGM,IGM_patient016_0052.jpg,2,,off_target_fp,569,0,0.0,0.0,0.0,0.0,0,False
UNET_MTL_MASK_GUIDED,1,patient015,patient015_case01,IGM,IGM_patient016_0052.jpg,3,1.0,moderate_50_to_75,187,122,0.9242424242424242,0.6524064171122995,0.6524064171122995,0.6192893401015228,1,False
UNET_MTL_MASK_GUIDED,1,patient015,patient015_case01,IGM,IGM_patient016_0052.jpg,4,,off_target_fp,11,0,0.0,0.0,0.0,0.0,0,False
UNET_MTL_MASK_GUIDED,1,patient015,patient015_case01,IGM,IGM_patient016_0053.jpg,1,,off_target_fp,94,0,0.0,0.0,0.0,0.0,0,False
UNET_MTL_MASK_GUIDED,1,patient015,patient015_case01,IGM,IGM_patient016_0053.jpg,2,,off_target_fp,568,0,0.0,0.0,0.0,0.0,0,False
UNET_MTL_MASK_GUIDED,1,patient015,patient015_case01,IGM,IGM_patient016_0053.jpg,3,1.0,strong_75_plus,191,172,0.7818181818181819,0.900523560209424,0.7818181818181819,0.7196652719665272,1,False
UNET_MTL_MASK_GUIDED,1,patient015,patient015_case01,IGM,IGM_patient016_0053.jpg,4,,off_target_fp,12,0,0.0,0.0,0.0,0.0,0,False
UNET_MTL_MASK_GUIDED,1,patient015,patient015_case01,IGM,IGM_patient016_0054.jpg,1,,off_target_fp,46,0,0.0,0.0,0.0,0.0,0,False
UNET_MTL_MASK_GUIDED,1,patient015,patient015_case01,IGM,IGM_patient016_0054.jpg,2,,off_target_fp,104,0,0.0,0.0,0.0,0.0,0,False
UNET_MTL_MASK_GUIDED,1,patient015,patient015_case01,IGM,IGM_patient016_0054.jpg,3,,off_target_fp,590,0,0.0,0.0,0.0,0.0,0,False
UNET_MTL_MASK_GUIDED,1,patient015,patient015_case01,IGM,IGM_patient016_0054.jpg,4,,off_target_fp,55,0,0.0,0.0,0.0,0.0,0,False
UNET_MTL_MASK_GUIDED,1,patient015,patient015_case01,IGM,IGM_patient016_0054.jpg,5,1.0,strong_75_plus,242,211,0.9254385964912281,0.871900826446281,0.871900826446281,0.8146718146718147,1,False
UNET_MTL_MASK_GUIDED,1,patient015,patient015_case01,IGM,IGM_patient016_0054.jpg,6,,off_target_fp,11,0,0.0,0.0,0.0,0.0,0,False
UNET_MTL_MASK_GUIDED,1,patient015,patient015_case01,IGM,IGM_patient016_0055.jpg,1,,off_target_fp,4,0,0.0,0.0,0.0,0.0,0,False
UNET_MTL_MASK_GUIDED,1,patient015,patient015_case01,IGM,IGM_patient016_0055.jpg,2,,off_target_fp,358,0,0.0,0.0,0.0,0.0,0,False
UNET_MTL_MASK_GUIDED,1,patient015,patient015_case01,IGM,IGM_patient016_0055.jpg,3,,off_target_fp,172,0,0.0,0.0,0.0,0.0,0,False
UNET_MTL_MASK_GUIDED,1,patient015,patient015_case01,IGM,IGM_patient016_0055.jpg,4,1.0,moderate_50_to_75,213,159,0.9244186046511628,0.7464788732394366,0.7464788732394366,0.7035398230088495,1,False
UNET_MTL_MASK_GUIDED,1,patient015,patient015_case01,IGM,IGM_patient016_0056.jpg,1,,off_target_fp,130,0,0.0,0.0,0.0,0.0,0,False
UNET_MTL_MASK_GUIDED,1,patient015,patient015_case01,IGM,IGM_patient016_0056.jpg,2,,off_target_fp,114,0,0.0,0.0,0.0,0.0,0,False
UNET_MTL_MASK_GUIDED,1,patient015,patient015_case01,IGM,IGM_patient016_0056.jpg,3,1.0,strong_75_plus,144,133,0.8525641025641025,0.9236111111111112,0.8525641025641025,0.7964071856287425,1,False
UNET_MTL_MASK_GUIDED,1,patient015,patient015_case01,IGM,IGM_patient016_0057.jpg,1,,off_target_fp,40,0,0.0,0.0,0.0,0.0,0,False
UNET_MTL_MASK_GUIDED,1,patient015,patient015_case01,IGM,IGM_patient016_0057.jpg,2,,off_target_fp,160,0,0.0,0.0,0.0,0.0,0,False
UNET_MTL_MASK_GUIDED,1,patient015,patient015_case01,IGM,IGM_patient016_0057.jpg,3,,off_target_fp,207,0,0.0,0.0,0.0,0.0,0,False
UNET_MTL_MASK_GUIDED,1,patient015,patient015_case01,IGM,IGM_patient016_0057.jpg,4,,off_target_fp,18,0,0.0,0.0,0.0,0.0,0,False
UNET_MTL_MASK_GUIDED,1,patient015,patient015_case01,IGM,IGM_patient016_0057.jpg,5,1.0,partial_below_25,21,21,0.21875,1.0,0.21875,0.21875,1,False
UNET_MTL_MASK_GUIDED,1,patient015,patient015_case01,IGM,IGM_patient016_0057.jpg,6,,off_target_fp,64,0,0.0,0.0,0.0,0.0,0,False
UNET_MTL_MASK_GUIDED,1,patient017,patient017_case01,IGM,IGM_patient017_0054.jpg,1,,off_target_fp,261,0,0.0,0.0,0.0,0.0,0,False
UNET_MTL_MASK_GUIDED,1,patient017,patient017_case01,IGM,IGM_patient017_0055.jpg,1,,off_target_fp,203,0,0.0,0.0,0.0,0.0,0,False
UNET_MTL_MASK_GUIDED,1,patient017,patient017_case01,IGM,IGM_patient017_0056.jpg,1,,off_target_fp,132,0,0.0,0.0,0.0,0.0,0,False
UNET_MTL_MASK_GUIDED,1,patient017,patient017_case01,IGM,IGM_patient017_0056.jpg,2,,off_target_fp,185,0,0.0,0.0,0.0,0.0,0,False
UNET_MTL_MASK_GUIDED,1,patient017,patient017_case01,IGM,IGM_patient017_0057.jpg,1,,off_target_fp,28,0,0.0,0.0,0.0,0.0,0,False
UNET_MTL_MASK_GUIDED,1,patient017,patient017_case01,IGM,IGM_patient017_0057.jpg,2,,off_target_fp,112,0,0.0,0.0,0.0,0.0,0,False
UNET_MTL_MASK_GUIDED,1,patient017,patient017_case01,IGM,IGM_patient017_0057.jpg,3,,off_target_fp,64,0,0.0,0.0,0.0,0.0,0,False
UNET_MTL_MASK_GUIDED,1,patient017,patient017_case01,IGM,IGM_patient017_0057.jpg,4,,off_target_fp,22,0,0.0,0.0,0.0,0.0,0,False
UNET_MTL_MASK_GUIDED,1,patient017,patient017_case01,IGM,IGM_patient017_0057.jpg,5,,off_target_fp,122,0,0.0,0.0,0.0,0.0,0,False
UNET_MTL_MASK_GUIDED,1,patient017,patient017_case01,IGM,IGM_patient017_0058.jpg,1,,off_target_fp,66,0,0.0,0.0,0.0,0.0,0,False
UNET_MTL_MASK_GUIDED,1,patient017,patient017_case01,IGM,IGM_patient017_0058.jpg,2,,off_target_fp,77,0,0.0,0.0,0.0,0.0,0,False
UNET_MTL_MASK_GUIDED,1,patient017,patient017_case01,IGM,IGM_patient017_0058.jpg,3,,off_target_fp,85,0,0.0,0.0,0.0,0.0,0,False
UNET_MTL_MASK_GUIDED,1,patient017,patient017_case01,IGM,IGM_patient017_0058.jpg,4,,off_target_fp,57,0,0.0,0.0,0.0,0.0,0,False
UNET_MTL_MASK_GUIDED,1,patient017,patient017_case01,IGM,IGM_patient017_0059.jpg,1,,off_target_fp,48,0,0.0,0.0,0.0,0.0,0,False
UNET_MTL_MASK_GUIDED,1,patient017,patient017_case01,IGM,IGM_patient017_0059.jpg,2,,off_target_fp,13,0,0.0,0.0,0.0,0.0,0,False
UNET_MTL_MASK_GUIDED,1,patient017,patient017_case01,IGM,IGM_patient017_0059.jpg,3,,off_target_fp,1,0,0.0,0.0,0.0,0.0,0,False
UNET_MTL_MASK_GUIDED,1,patient017,patient017_case01,IGM,IGM_patient017_0059.jpg,4,,off_target_fp,74,0,0.0,0.0,0.0,0.0,0,False
UNET_MTL_MASK_GUIDED,1,patient017,patient017_case01,IGM,IGM_patient017_0060.jpg,1,,off_target_fp,23,0,0.0,0.0,0.0,0.0,0,False
UNET_MTL_MASK_GUIDED,1,patient017,patient017_case01,IGM,IGM_patient017_0060.jpg,2,,off_target_fp,18,0,0.0,0.0,0.0,0.0,0,False
UNET_MTL_MASK_GUIDED,1,patient017,patient017_case01,IGM,IGM_patient017_0061.jpg,1,,off_target_fp,64,0,0.0,0.0,0.0,0.0,0,False
UNET_MTL_MASK_GUIDED,1,patient017,patient017_case01,IGM,IGM_patient017_0061.jpg,2,,off_target_fp,10,0,0.0,0.0,0.0,0.0,0,False
UNET_MTL_MASK_GUIDED,1,patient017,patient017_case01,IGM,IGM_patient017_0061.jpg,3,,off_target_fp,53,0,0.0,0.0,0.0,0.0,0,False
UNET_MTL_MASK_GUIDED,1,patient017,patient017_case01,IGM,IGM_patient017_0061.jpg,4,,off_target_fp,15,0,0.0,0.0,0.0,0.0,0,False
UNET_MTL_MASK_GUIDED,1,patient017,patient017_case01,IGM,IGM_patient017_0061.jpg,5,,off_target_fp,6,0,0.0,0.0,0.0,0.0,0,False
UNET_MTL_MASK_GUIDED,1,patient017,patient017_case01,IGM,IGM_patient017_0062.jpg,1,,off_target_fp,324,0,0.0,0.0,0.0,0.0,0,False
UNET_MTL_MASK_GUIDED,1,patient017,patient017_case01,IGM,IGM_patient017_0062.jpg,2,,off_target_fp,39,0,0.0,0.0,0.0,0.0,0,False
UNET_MTL_MASK_GUIDED,1,patient017,patient017_case01,IGM,IGM_patient017_0062.jpg,3,,off_target_fp,52,0,0.0,0.0,0.0,0.0,0,False
UNET_MTL_MASK_GUIDED,1,patient017,patient017_case01,IGM,IGM_patient017_0063.jpg,1,,off_target_fp,326,0,0.0,0.0,0.0,0.0,0,False
UNET_MTL_MASK_GUIDED,1,patient017,patient017_case01,IGM,IGM_patient017_0063.jpg,2,,off_target_fp,38,0,0.0,0.0,0.0,0.0,0,False
UNET_MTL_MASK_GUIDED,1,patient017,patient017_case01,IGM,IGM_patient017_0064.jpg,1,,off_target_fp,135,0,0.0,0.0,0.0,0.0,0,False
UNET_MTL_MASK_GUIDED,1,patient017,patient017_case01,IGM,IGM_patient017_0064.jpg,2,,off_target_fp,468,0,0.0,0.0,0.0,0.0,0,False
UNET_MTL_MASK_GUIDED,1,patient017,patient017_case01,IGM,IGM_patient017_0064.jpg,3,,off_target_fp,36,0,0.0,0.0,0.0,0.0,0,False
UNET_MTL_MASK_GUIDED,1,patient017,patient017_case01,IGM,IGM_patient017_0065.jpg,1,,off_target_fp,505,0,0.0,0.0,0.0,0.0,0,False
UNET_MTL_MASK_GUIDED,1,patient017,patient017_case01,IGM,IGM_patient017_0065.jpg,2,,off_target_fp,243,0,0.0,0.0,0.0,0.0,0,False
UNET_MTL_MASK_GUIDED,1,patient017,patient017_case01,IGM,IGM_patient017_0065.jpg,3,,off_target_fp,178,0,0.0,0.0,0.0,0.0,0,False
UNET_MTL_MASK_GUIDED,1,patient017,patient017_case01,IGM,IGM_patient017_0066.jpg,1,,off_target_fp,397,0,0.0,0.0,0.0,0.0,0,False
UNET_MTL_MASK_GUIDED,1,patient017,patient017_case01,IGM,IGM_patient017_0066.jpg,2,,off_target_fp,68,0,0.0,0.0,0.0,0.0,0,False
UNET_MTL_MASK_GUIDED,1,patient017,patient017_case01,IGM,IGM_patient017_0066.jpg,3,,off_target_fp,327,0,0.0,0.0,0.0,0.0,0,False
UNET_MTL_MASK_GUIDED,1,patient017,patient017_case01,IGM,IGM_patient017_0067.jpg,1,,off_target_fp,312,0,0.0,0.0,0.0,0.0,0,False
UNET_MTL_MASK_GUIDED,1,patient017,patient017_case01,IGM,IGM_patient017_0067.jpg,2,,off_target_fp,129,0,0.0,0.0,0.0,0.0,0,False
UNET_MTL_MASK_GUIDED,1,patient017,patient017_case01,IGM,IGM_patient017_0067.jpg,3,,off_target_fp,67,0,0.0,0.0,0.0,0.0,0,False
UNET_MTL_MASK_GUIDED,1,patient020,patient020_case01,IBC,IBC_patient019_0050.jpg,1,,off_target_fp,456,0,0.0,0.0,0.0,0.0,0,False
UNET_MTL_MASK_GUIDED,1,patient020,patient020_case01,IBC,IBC_patient019_0050.jpg,2,,off_target_fp,395,0,0.0,0.0,0.0,0.0,0,False
UNET_MTL_MASK_GUIDED,1,patient020,patient020_case01,IBC,IBC_patient019_0051.jpg,1,,off_target_fp,104,0,0.0,0.0,0.0,0.0,0,False
UNET_MTL_MASK_GUIDED,1,patient020,patient020_case01,IBC,IBC_patient019_0051.jpg,2,,off_target_fp,3,0,0.0,0.0,0.0,0.0,0,False
UNET_MTL_MASK_GUIDED,1,patient020,patient020_case01,IBC,IBC_patient019_0053.jpg,1,,off_target_fp,73,0,0.0,0.0,0.0,0.0,0,False
UNET_MTL_MASK_GUIDED,1,patient020,patient020_case01,IBC,IBC_patient019_0053.jpg,2,,off_target_fp,311,0,0.0,0.0,0.0,0.0,0,False
UNET_MTL_MASK_GUIDED,1,patient039,patient039_case01,IBC,IBC_patient002_0119.jpg,1,,off_target_fp,70,0,0.0,0.0,0.0,0.0,0,False
UNET_MTL_MASK_GUIDED,1,patient039,patient039_case01,IBC,IBC_patient002_0119.jpg,2,1.0,partial_below_25,24,24,0.03428571428571429,1.0,0.03428571428571429,0.03428571428571429,1,False
UNET_MTL_MASK_GUIDED,1,patient039,patient039_case01,IBC,IBC_patient002_0120.jpg,1,,off_target_fp,145,0,0.0,0.0,0.0,0.0,0,False
UNET_MTL_MASK_GUIDED,1,patient039,patient039_case01,IBC,IBC_patient002_0121.jpg,1,,off_target_fp,279,0,0.0,0.0,0.0,0.0,0,False
UNET_MTL_MASK_GUIDED,1,patient039,patient039_case01,IBC,IBC_patient002_0122.jpg,1,,off_target_fp,371,0,0.0,0.0,0.0,0.0,0,False
UNET_MTL_MASK_GUIDED,1,patient039,patient039_case01,IBC,IBC_patient002_0123.jpg,1,,off_target_fp,23,0,0.0,0.0,0.0,0.0,0,False
UNET_MTL_MASK_GUIDED,1,patient039,patient039_case01,IBC,IBC_patient002_0123.jpg,2,,off_target_fp,3,0,0.0,0.0,0.0,0.0,0,False
UNET_MTL_MASK_GUIDED,1,patient039,patient039_case01,IBC,IBC_patient002_0133.jpg,1,,off_target_fp,4,0,0.0,0.0,0.0,0.0,0,False
UNET_MTL_MASK_GUIDED,1,patient039,patient039_case01,IBC,IBC_patient002_0133.jpg,2,,off_target_fp,13,0,0.0,0.0,0.0,0.0,0,False
UNET_MTL_MASK_GUIDED,1,patient039,patient039_case01,IBC,IBC_patient002_0134.jpg,1,,off_target_fp,14,0,0.0,0.0,0.0,0.0,0,False
UNET_MTL_MASK_GUIDED,1,patient039,patient039_case01,IBC,IBC_patient002_0134.jpg,2,,off_target_fp,20,0,0.0,0.0,0.0,0.0,0,False
UNET_MTL_MASK_GUIDED,1,patient039,patient039_case01,IBC,IBC_patient002_0135.jpg,1,,off_target_fp,10,0,0.0,0.0,0.0,0.0,0,False
UNET_MTL_MASK_GUIDED,1,patient039,patient039_case01,IBC,IBC_patient002_0135.jpg,2,,off_target_fp,5,0,0.0,0.0,0.0,0.0,0,False
UNET_MTL_MASK_GUIDED,1,patient039,patient039_case01,IBC,IBC_patient002_0136.jpg,1,,off_target_fp,3,0,0.0,0.0,0.0,0.0,0,False
UNET_MTL_MASK_GUIDED,1,patient027,patient027_case01,IBC,IBC_patient022_0068.jpg,1,,off_target_fp,65,0,0.0,0.0,0.0,0.0,0,False
UNET_MTL_MASK_GUIDED,1,patient027,patient027_case01,IBC,IBC_patient022_0068.jpg,2,,off_target_fp,76,0,0.0,0.0,0.0,0.0,0,False
UNET_MTL_MASK_GUIDED,1,patient027,patient027_case01,IBC,IBC_patient022_0068.jpg,3,,off_target_fp,89,0,0.0,0.0,0.0,0.0,0,False
UNET_MTL_MASK_GUIDED,1,patient027,patient027_case01,IBC,IBC_patient022_0068.jpg,4,,off_target_fp,1,0,0.0,0.0,0.0,0.0,0,False
UNET_MTL_MASK_GUIDED,1,patient027,patient027_case01,IBC,IBC_patient022_0069.jpg,1,1.0,low_25_to_50,57,40,0.45454545454545453,0.7017543859649122,0.45454545454545453,0.38095238095238093,1,False
UNET_MTL_MASK_GUIDED,1,patient027,patient027_case01,IBC,IBC_patient022_0069.jpg,2,,off_target_fp,62,0,0.0,0.0,0.0,0.0,0,False
UNET_MTL_MASK_GUIDED,1,patient027,patient027_case01,IBC,IBC_patient022_0069.jpg,3,,off_target_fp,108,0,0.0,0.0,0.0,0.0,0,False
UNET_MTL_MASK_GUIDED,1,patient027,patient027_case01,IBC,IBC_patient022_0069.jpg,4,,off_target_fp,108,0,0.0,0.0,0.0,0.0,0,False
UNET_MTL_MASK_GUIDED,1,patient027,patient027_case01,IBC,IBC_patient022_0070.jpg,1,1.0,moderate_50_to_75,134,96,0.7058823529411765,0.7164179104477612,0.7058823529411765,0.5517241379310345,1,False
UNET_MTL_MASK_GUIDED,1,patient027,patient027_case01,IBC,IBC_patient022_0070.jpg,2,,off_target_fp,27,0,0.0,0.0,0.0,0.0,0,False
UNET_MTL_MASK_GUIDED,1,patient027,patient027_case01,IBC,IBC_patient022_0070.jpg,3,,off_target_fp,148,0,0.0,0.0,0.0,0.0,0,False
UNET_MTL_MASK_GUIDED,1,patient027,patient027_case01,IBC,IBC_patient022_0070.jpg,4,,off_target_fp,58,0,0.0,0.0,0.0,0.0,0,False
UNET_MTL_MASK_GUIDED,1,patient027,patient027_case01,IBC,IBC_patient022_0070.jpg,5,,off_target_fp,158,0,0.0,0.0,0.0,0.0,0,False
UNET_MTL_MASK_GUIDED,1,patient027,patient027_case01,IBC,IBC_patient022_0071.jpg,1,1.0,moderate_50_to_75,203,134,0.881578947368421,0.6600985221674877,0.6600985221674877,0.6063348416289592,1,False
UNET_MTL_MASK_GUIDED,1,patient027,patient027_case01,IBC,IBC_patient022_0071.jpg,2,,off_target_fp,56,0,0.0,0.0,0.0,0.0,0,False
UNET_MTL_MASK_GUIDED,1,patient027,patient027_case01,IBC,IBC_patient022_0071.jpg,3,,off_target_fp,124,0,0.0,0.0,0.0,0.0,0,False
UNET_MTL_MASK_GUIDED,1,patient027,patient027_case01,IBC,IBC_patient022_0072.jpg,1,1.0,strong_75_plus,176,133,0.9779411764705882,0.7556818181818182,0.7556818181818182,0.7430167597765364,1,False
UNET_MTL_MASK_GUIDED,1,patient027,patient027_case01,IBC,IBC_patient022_0072.jpg,2,,off_target_fp,52,0,0.0,0.0,0.0,0.0,0,False
UNET_MTL_MASK_GUIDED,1,patient027,patient027_case01,IBC,IBC_patient022_0073.jpg,1,1.0,strong_75_plus,79,66,0.7857142857142857,0.8354430379746836,0.7857142857142857,0.6804123711340206,1,False
UNET_MTL_MASK_GUIDED,1,patient027,patient027_case01,IBC,IBC_patient022_0073.jpg,2,,off_target_fp,44,0,0.0,0.0,0.0,0.0,0,False
UNET_MTL_MASK_GUIDED,1,patient027,patient027_case01,IBC,IBC_patient022_0073.jpg,3,,off_target_fp,10,0,0.0,0.0,0.0,0.0,0,False
UNET_MTL_MASK_GUIDED,1,patient027,patient027_case01,IBC,IBC_patient022_0073.jpg,4,,off_target_fp,15,0,0.0,0.0,0.0,0.0,0,False
UNET_MTL_MASK_GUIDED,1,patient027,patient027_case01,IBC,IBC_patient022_0074.jpg,1,,off_target_fp,51,0,0.0,0.0,0.0,0.0,0,False
UNET_MTL_MASK_GUIDED,1,patient027,patient027_case01,IBC,IBC_patient022_0074.jpg,2,,off_target_fp,33,0,0.0,0.0,0.0,0.0,0,False
UNET_MTL_MASK_GUIDED,1,patient027,patient027_case01,IBC,IBC_patient022_0074.jpg,3,,off_target_fp,107,0,0.0,0.0,0.0,0.0,0,False
UNET_MTL_MASK_GUIDED,1,patient027,patient027_case01,IBC,IBC_patient022_0074.jpg,4,,off_target_fp,531,0,0.0,0.0,0.0,0.0,0,False
UNET_MTL_MASK_GUIDED,1,patient032,patient032_case01,IBC,IBC_patient026_0064.jpg,1,,off_target_fp,61,0,0.0,0.0,0.0,0.0,0,False
UNET_MTL_MASK_GUIDED,1,patient032,patient032_case01,IBC,IBC_patient026_0064.jpg,2,1.0,moderate_50_to_75,468,251,0.996031746031746,0.5363247863247863,0.5363247863247863,0.535181236673774,1,False
UNET_MTL_MASK_GUIDED,1,patient032,patient032_case01,IBC,IBC_patient026_0064.jpg,3,,off_target_fp,81,0,0.0,0.0,0.0,0.0,0,False
UNET_MTL_MASK_GUIDED,1,patient032,patient032_case01,IBC,IBC_patient026_0064.jpg,4,,off_target_fp,4,0,0.0,0.0,0.0,0.0,0,False
UNET_MTL_MASK_GUIDED,1,patient032,patient032_case01,IBC,IBC_patient026_0065.jpg,1,,off_target_fp,192,0,0.0,0.0,0.0,0.0,0,False
UNET_MTL_MASK_GUIDED,1,patient032,patient032_case01,IBC,IBC_patient026_0065.jpg,2,1.0,moderate_50_to_75,548,399,0.9975,0.7281021897810219,0.7281021897810219,0.726775956284153,1,False
UNET_MTL_MASK_GUIDED,1,patient032,patient032_case01,IBC,IBC_patient026_0065.jpg,3,,off_target_fp,24,0,0.0,0.0,0.0,0.0,0,False
UNET_MTL_MASK_GUIDED,1,patient032,patient032_case01,IBC,IBC_patient026_0065.jpg,4,,off_target_fp,78,0,0.0,0.0,0.0,0.0,0,False
UNET_MTL_MASK_GUIDED,1,patient032,patient032_case01,IBC,IBC_patient026_0066.jpg,1,,off_target_fp,10,0,0.0,0.0,0.0,0.0,0,False
UNET_MTL_MASK_GUIDED,1,patient032,patient032_case01,IBC,IBC_patient026_0066.jpg,2,1.0,strong_75_plus,571,430,0.9953703703703703,0.7530647985989493,0.7530647985989493,0.7504363001745201,1,False
UNET_MTL_MASK_GUIDED,1,patient032,patient032_case01,IBC,IBC_patient026_0066.jpg,3,,off_target_fp,110,0,0.0,0.0,0.0,0.0,0,False
UNET_MTL_MASK_GUIDED,1,patient032,patient032_case01,IBC,IBC_patient026_0066.jpg,4,,off_target_fp,4,0,0.0,0.0,0.0,0.0,0,False
UNET_MTL_MASK_GUIDED,1,patient032,patient032_case01,IBC,IBC_patient026_0066.jpg,5,,off_target_fp,187,0,0.0,0.0,0.0,0.0,0,False
UNET_MTL_MASK_GUIDED,1,patient032,patient032_case01,IBC,IBC_patient026_0066.jpg,6,,off_target_fp,31,0,0.0,0.0,0.0,0.0,0,False
UNET_MTL_MASK_GUIDED,1,patient032,patient032_case01,IBC,IBC_patient026_0067.jpg,1,1.0,moderate_50_to_75,665,452,1.0,0.6796992481203008,0.6796992481203008,0.6796992481203008,1,False
UNET_MTL_MASK_GUIDED,1,patient032,patient032_case01,IBC,IBC_patient026_0067.jpg,2,,off_target_fp,48,0,0.0,0.0,0.0,0.0,0,False
UNET_MTL_MASK_GUIDED,1,patient032,patient032_case01,IBC,IBC_patient026_0067.jpg,3,,off_target_fp,93,0,0.0,0.0,0.0,0.0,0,False
UNET_MTL_MASK_GUIDED,1,patient032,patient032_case01,IBC,IBC_patient026_0067.jpg,4,,off_target_fp,33,0,0.0,0.0,0.0,0.0,0,False
UNET_MTL_MASK_GUIDED,1,patient032,patient032_case01,IBC,IBC_patient026_0067.jpg,5,,off_target_fp,162,0,0.0,0.0,0.0,0.0,0,False
UNET_MTL_MASK_GUIDED,1,patient032,patient032_case01,IBC,IBC_patient026_0067.jpg,6,,off_target_fp,11,0,0.0,0.0,0.0,0.0,0,False
UNET_MTL_MASK_GUIDED,1,patient032,patient032_case01,IBC,IBC_patient026_0068.jpg,1,,off_target_fp,10,0,0.0,0.0,0.0,0.0,0,False
UNET_MTL_MASK_GUIDED,1,patient032,patient032_case01,IBC,IBC_patient026_0068.jpg,2,1.0,strong_75_plus,618,482,0.9717741935483871,0.7799352750809061,0.7799352750809061,0.7626582278481012,1,False
UNET_MTL_MASK_GUIDED,1,patient032,patient032_case01,IBC,IBC_patient026_0068.jpg,3,,off_target_fp,58,0,0.0,0.0,0.0,0.0,0,False
UNET_MTL_MASK_GUIDED,1,patient032,patient032_case01,IBC,IBC_patient026_0068.jpg,4,,off_target_fp,31,0,0.0,0.0,0.0,0.0,0,False
UNET_MTL_MASK_GUIDED,1,patient032,patient032_case01,IBC,IBC_patient026_0068.jpg,5,,off_target_fp,137,0,0.0,0.0,0.0,0.0,0,False
UNET_MTL_MASK_GUIDED,1,patient032,patient032_case01,IBC,IBC_patient026_0069.jpg,1,1.0,strong_75_plus,390,336,0.9438202247191011,0.8615384615384616,0.8615384615384616,0.8195121951219512,1,False
UNET_MTL_MASK_GUIDED,1,patient032,patient032_case01,IBC,IBC_patient026_0069.jpg,2,,off_target_fp,36,0,0.0,0.0,0.0,0.0,0,False
UNET_MTL_MASK_GUIDED,1,patient032,patient032_case01,IBC,IBC_patient026_0069.jpg,3,,off_target_fp,147,0,0.0,0.0,0.0,0.0,0,False
UNET_MTL_MASK_GUIDED,1,patient032,patient032_case01,IBC,IBC_patient026_0070.jpg,1,,off_target_fp,59,0,0.0,0.0,0.0,0.0,0,False
UNET_MTL_MASK_GUIDED,1,patient032,patient032_case01,IBC,IBC_patient026_0070.jpg,2,1.0,strong_75_plus,130,105,0.9375,0.8076923076923077,0.8076923076923077,0.7664233576642335,1,False
UNET_MTL_MASK_GUIDED,1,patient032,patient032_case01,IBC,IBC_patient026_0070.jpg,3,,off_target_fp,6,0,0.0,0.0,0.0,0.0,0,False
UNET_MTL_MASK_GUIDED,1,patient032,patient032_case01,IBC,IBC_patient026_0070.jpg,4,,off_target_fp,157,0,0.0,0.0,0.0,0.0,0,False
UNET_MTL_MASK_GUIDED,1,patient035,patient035_case01,IBC,IBC_patient028_0114.jpg,1,1.0,partial_below_25,1,1,0.005208333333333333,1.0,0.005208333333333333,0.005208333333333333,1,False
UNET_MTL_MASK_GUIDED,1,patient035,patient035_case01,IBC,IBC_patient028_0114.jpg,2,,off_target_fp,121,0,0.0,0.0,0.0,0.0,0,False
UNET_MTL_MASK_GUIDED,1,patient035,patient035_case01,IBC,IBC_patient028_0115.jpg,1,,off_target_fp,82,0,0.0,0.0,0.0,0.0,0,False
UNET_MTL_MASK_GUIDED,1,patient035,patient035_case01,IBC,IBC_patient028_0115.jpg,2,1.0,strong_75_plus,451,418,0.9330357142857143,0.926829268292683,0.926829268292683,0.8690228690228691,1,False
UNET_MTL_MASK_GUIDED,1,patient035,patient035_case01,IBC,IBC_patient028_0116.jpg,1,,off_target_fp,181,0,0.0,0.0,0.0,0.0,0,False
UNET_MTL_MASK_GUIDED,1,patient035,patient035_case01,IBC,IBC_patient028_0116.jpg,2,1.0,moderate_50_to_75,747,560,0.9790209790209791,0.749665327978581,0.749665327978581,0.7378129117259552,1,False
UNET_MTL_MASK_GUIDED,1,patient035,patient035_case01,IBC,IBC_patient028_0117.jpg,1,1.0,moderate_50_to_75,1154,659,0.9806547619047619,0.57105719237435,0.57105719237435,0.5646958011996572,1,False
UNET_MTL_MASK_GUIDED,1,patient035,patient035_case01,IBC,IBC_patient028_0118.jpg,1,1.0,moderate_50_to_75,1372,793,0.99125,0.5779883381924198,0.5779883381924198,0.5750543872371283,1,False
UNET_MTL_MASK_GUIDED,1,patient035,patient035_case01,IBC,IBC_patient028_0119.jpg,1,1.0,moderate_50_to_75,1299,854,0.9660633484162896,0.657428791377983,0.657428791377983,0.6425884123401053,1,False
UNET_MTL_MASK_GUIDED,1,patient035,patient035_case01,IBC,IBC_patient028_0120.jpg,1,1.0,strong_75_plus,1359,1124,0.9183006535947712,0.8270787343635025,0.8270787343635025,0.77039067854695,1,False
UNET_MTL_MASK_GUIDED,1,patient035,patient035_case01,IBC,IBC_patient028_0120.jpg,2,,off_target_fp,99,0,0.0,0.0,0.0,0.0,0,False
UNET_MTL_MASK_GUIDED,1,patient035,patient035_case01,IBC,IBC_patient028_0121.jpg,1,1.0,strong_75_plus,1477,1188,0.954983922829582,0.8043331076506431,0.8043331076506431,0.7749510763209393,1,False
UNET_MTL_MASK_GUIDED,1,patient035,patient035_case01,IBC,IBC_patient028_0121.jpg,2,,off_target_fp,131,0,0.0,0.0,0.0,0.0,0,False
UNET_MTL_MASK_GUIDED,1,patient035,patient035_case01,IBC,IBC_patient028_0122.jpg,1,1.0,strong_75_plus,1596,1355,0.954225352112676,0.8489974937343359,0.8489974937343359,0.8157736303431667,1,False
UNET_MTL_MASK_GUIDED,1,patient035,patient035_case01,IBC,IBC_patient028_0122.jpg,2,,off_target_fp,3,0,0.0,0.0,0.0,0.0,0,False
UNET_MTL_MASK_GUIDED,1,patient035,patient035_case01,IBC,IBC_patient028_0122.jpg,3,,off_target_fp,164,0,0.0,0.0,0.0,0.0,0,False
UNET_MTL_MASK_GUIDED,1,patient035,patient035_case01,IBC,IBC_patient028_0123.jpg,1,1.0,strong_75_plus,1728,1515,0.7923640167364017,0.8767361111111112,0.7923640167364017,0.7129411764705882,1,False
UNET_MTL_MASK_GUIDED,1,patient035,patient035_case01,IBC,IBC_patient028_0123.jpg,2,,off_target_fp,165,0,0.0,0.0,0.0,0.0,0,False
UNET_MTL_MASK_GUIDED,1,patient035,patient035_case01,IBC,IBC_patient028_0124.jpg,1,1.0,strong_75_plus,1741,1481,0.7762054507337526,0.8506605399195865,0.7762054507337526,0.6831180811808119,1,False
UNET_MTL_MASK_GUIDED,1,patient035,patient035_case01,IBC,IBC_patient028_0124.jpg,2,,off_target_fp,149,0,0.0,0.0,0.0,0.0,0,False
UNET_MTL_MASK_GUIDED,1,patient035,patient035_case01,IBC,IBC_patient028_0125.jpg,1,1.0,moderate_50_to_75,1481,1360,0.6967213114754098,0.9182984469952734,0.6967213114754098,0.6560540279787748,1,False
UNET_MTL_MASK_GUIDED,1,patient035,patient035_case01,IBC,IBC_patient028_0125.jpg,2,,off_target_fp,19,0,0.0,0.0,0.0,0.0,0,False
UNET_MTL_MASK_GUIDED,1,patient035,patient035_case01,IBC,IBC_patient028_0125.jpg,3,,off_target_fp,121,0,0.0,0.0,0.0,0.0,0,False
UNET_MTL_MASK_GUIDED,1,patient035,patient035_case01,IBC,IBC_patient028_0126.jpg,1,1.0,low_25_to_50,923,886,0.43093385214007784,0.9599133261105092,0.43093385214007784,0.42331581462016243,1,False
UNET_MTL_MASK_GUIDED,1,patient035,patient035_case01,IBC,IBC_patient028_0126.jpg,2,,off_target_fp,135,0,0.0,0.0,0.0,0.0,0,False
UNET_MTL_MASK_GUIDED,1,patient035,patient035_case01,IBC,IBC_patient028_0126.jpg,3,,off_target_fp,104,0,0.0,0.0,0.0,0.0,0,False
UNET_MTL_MASK_GUIDED,1,patient035,patient035_case01,IBC,IBC_patient028_0127.jpg,1,1.0,low_25_to_50,647,647,0.27048494983277593,1.0,0.27048494983277593,0.27048494983277593,1,False
UNET_MTL_MASK_GUIDED,1,patient035,patient035_case01,IBC,IBC_patient028_0127.jpg,2,,off_target_fp,88,0,0.0,0.0,0.0,0.0,0,False
UNET_MTL_MASK_GUIDED,1,patient035,patient035_case01,IBC,IBC_patient028_0127.jpg,3,,off_target_fp,82,0,0.0,0.0,0.0,0.0,0,False
UNET_MTL_MASK_GUIDED,1,patient035,patient035_case01,IBC,IBC_patient028_0128.jpg,1,1.0,low_25_to_50,584,581,0.25393356643356646,0.9948630136986302,0.25393356643356646,0.2536010475774771,1,False
UNET_MTL_MASK_GUIDED,1,patient035,patient035_case01,IBC,IBC_patient028_0128.jpg,2,,off_target_fp,8,0,0.0,0.0,0.0,0.0,0,False
UNET_MTL_MASK_GUIDED,1,patient035,patient035_case01,IBC,IBC_patient028_0128.jpg,3,,off_target_fp,59,0,0.0,0.0,0.0,0.0,0,False
UNET_MTL_MASK_GUIDED,1,patient035,patient035_case01,IBC,IBC_patient028_0129.jpg,1,1.0,low_25_to_50,723,716,0.3134851138353765,0.9903181189488244,0.3134851138353765,0.31252728066346575,1,False
UNET_MTL_MASK_GUIDED,1,patient035,patient035_case01,IBC,IBC_patient028_0130.jpg,1,1.0,low_25_to_50,1012,982,0.44636363636363635,0.9703557312252964,0.44636363636363635,0.44035874439461886,1,False
UNET_MTL_MASK_GUIDED,1,patient035,patient035_case01,IBC,IBC_patient028_0131.jpg,1,1.0,low_25_to_50,1137,1097,0.47695652173913045,0.9648197009674582,0.47695652173913045,0.4688034188034188,1,False
UNET_MTL_MASK_GUIDED,1,patient035,patient035_case01,IBC,IBC_patient028_0131.jpg,2,1.0,partial_below_25,137,136,0.059130434782608696,0.9927007299270073,0.059130434782608696,0.05910473707083876,1,False
UNET_MTL_MASK_GUIDED,1,patient035,patient035_case01,IBC,IBC_patient028_0132.jpg,1,1.0,low_25_to_50,1022,1009,0.4349137931034483,0.987279843444227,0.4349137931034483,0.4324903557651093,1,False
UNET_MTL_MASK_GUIDED,1,patient035,patient035_case01,IBC,IBC_patient028_0132.jpg,2,1.0,partial_below_25,187,179,0.0771551724137931,0.9572192513368984,0.0771551724137931,0.07689003436426117,1,False
UNET_MTL_MASK_GUIDED,1,patient035,patient035_case01,IBC,IBC_patient028_0133.jpg,1,1.0,low_25_to_50,715,697,0.33381226053639845,0.9748251748251748,0.33381226053639845,0.3309591642924976,1,False
UNET_MTL_MASK_GUIDED,1,patient035,patient035_case01,IBC,IBC_patient028_0133.jpg,2,1.0,partial_below_25,146,145,0.06944444444444445,0.9931506849315068,0.06944444444444445,0.06941120153183342,1,False
UNET_MTL_MASK_GUIDED,1,patient035,patient035_case01,IBC,IBC_patient028_0134.jpg,1,1.0,partial_below_25,262,259,0.125484496124031,0.9885496183206107,0.125484496124031,0.12530237058538946,1,False
UNET_MTL_MASK_GUIDED,1,patient035,patient035_case01,IBC,IBC_patient028_0135.jpg,1,1.0,partial_below_25,154,137,0.06474480151228733,0.8896103896103896,0.06474480151228733,0.06422878574777309,1,False
UNET_MTL_MASK_GUIDED,1,patient035,patient035_case01,IBC,IBC_patient028_0136.jpg,1,1.0,partial_below_25,137,125,0.05661231884057971,0.9124087591240876,0.05661231884057971,0.05630630630630631,1,False
UNET_MTL_MASK_GUIDED,1,patient035,patient035_case01,IBC,IBC_patient028_0137.jpg,1,1.0,partial_below_25,181,180,0.08946322067594434,0.994475138121547,0.08946322067594434,0.08941877794336811,1,False
UNET_MTL_MASK_GUIDED,1,patient035,patient035_case01,IBC,IBC_patient028_0138.jpg,1,1.0,partial_below_25,211,195,0.09521484375,0.9241706161137441,0.09521484375,0.09447674418604651,1,False
UNET_MTL_MASK_GUIDED,1,patient035,patient035_case01,IBC,IBC_patient028_0139.jpg,1,1.0,partial_below_25,2,1,0.0005720823798627002,0.5,0.0005720823798627002,0.0005717552887364208,1,False
UNET_MTL_MASK_GUIDED,1,patient035,patient035_case01,IBC,IBC_patient028_0142.jpg,1,1.0,partial_below_25,115,98,0.06464379947229551,0.8521739130434782,0.06464379947229551,0.0639269406392694,1,False
UNET_MTL_MASK_GUIDED,1,patient035,patient035_case01,IBC,IBC_patient028_0143.jpg,1,1.0,partial_below_25,96,68,0.050746268656716415,0.7083333333333334,0.050746268656716415,0.049707602339181284,1,False
UNET_MTL_MASK_GUIDED,1,patient035,patient035_case01,IBC,IBC_patient028_0144.jpg,1,1.0,partial_below_25,44,40,0.035211267605633804,0.9090909090909091,0.035211267605633804,0.03508771929824561,1,False
UNET_MTL_MASK_GUIDED,1,patient035,patient035_case01,IBC,IBC_patient028_0144.jpg,2,1.0,partial_below_25,22,22,0.01936619718309859,1.0,0.01936619718309859,0.01936619718309859,1,False
UNET_MTL_MASK_GUIDED,1,patient035,patient035_case01,IBC,IBC_patient028_0145.jpg,1,1.0,low_25_to_50,308,304,0.31020408163265306,0.987012987012987,0.31020408163265306,0.3089430894308943,1,False
UNET_MTL_MASK_GUIDED,1,patient035,patient035_case01,IBC,IBC_patient028_0146.jpg,1,,off_target_fp,2,0,0.0,0.0,0.0,0.0,0,False
UNET_MTL_MASK_GUIDED,1,patient035,patient035_case01,IBC,IBC_patient028_0146.jpg,2,1.0,low_25_to_50,476,476,0.4541984732824427,1.0,0.4541984732824427,0.4541984732824427,1,False
UNET_MTL_MASK_GUIDED,1,patient035,patient035_case01,IBC,IBC_patient028_0147.jpg,1,1.0,low_25_to_50,379,368,0.359375,0.9709762532981531,0.359375,0.35555555555555557,1,False
UNET_MTL_MASK_GUIDED,1,patient035,patient035_case01,IBC,IBC_patient028_0148.jpg,1,1.0,partial_below_25,217,207,0.23847926267281105,0.9539170506912442,0.23847926267281105,0.2357630979498861,1,False
UNET_MTL_MASK_GUIDED,1,patient035,patient035_case01,IBC,IBC_patient028_0150.jpg,1,,off_target_fp,92,0,0.0,0.0,0.0,0.0,0,False
UNET_MTL_MASK_GUIDED,1,patient034,patient034_case01,IGM,IGM_patient028_0050.jpg,1,1.0,strong_75_plus,266,221,0.86328125,0.8308270676691729,0.8308270676691729,0.7342192691029901,1,False
UNET_MTL_MASK_GUIDED,1,patient034,patient034_case01,IGM,IGM_patient028_0051.jpg,1,1.0,strong_75_plus,314,251,0.8595890410958904,0.7993630573248408,0.7993630573248408,0.7070422535211267,1,False
UNET_MTL_MASK_GUIDED,1,patient034,patient034_case01,IGM,IGM_patient028_0052.jpg,1,,off_target_fp,95,0,0.0,0.0,0.0,0.0,0,False
UNET_MTL_MASK_GUIDED,1,patient034,patient034_case01,IGM,IGM_patient028_0052.jpg,2,,off_target_fp,13,0,0.0,0.0,0.0,0.0,0,False
UNET_MTL_MASK_GUIDED,1,patient034,patient034_case01,IGM,IGM_patient028_0052.jpg,3,1.0,strong_75_plus,337,256,0.9142857142857143,0.7596439169139466,0.7596439169139466,0.7091412742382271,1,False
UNET_MTL_MASK_GUIDED,1,patient034,patient034_case01,IGM,IGM_patient028_0053.jpg,1,,off_target_fp,223,0,0.0,0.0,0.0,0.0,0,False
UNET_MTL_MASK_GUIDED,1,patient034,patient034_case01,IGM,IGM_patient028_0053.jpg,2,,off_target_fp,73,0,0.0,0.0,0.0,0.0,0,False
UNET_MTL_MASK_GUIDED,1,patient034,patient034_case01,IGM,IGM_patient028_0053.jpg,3,1.0,strong_75_plus,329,257,0.9589552238805971,0.7811550151975684,0.7811550151975684,0.7558823529411764,1,False
UNET_MTL_MASK_GUIDED,1,patient034,patient034_case01,IGM,IGM_patient028_0054.jpg,1,,off_target_fp,293,0,0.0,0.0,0.0,0.0,0,False
UNET_MTL_MASK_GUIDED,1,patient034,patient034_case01,IGM,IGM_patient028_0054.jpg,2,1.0,strong_75_plus,295,263,0.9528985507246377,0.8915254237288136,0.8915254237288136,0.8538961038961039,1,False
UNET_MTL_MASK_GUIDED,1,patient034,patient034_case01,IGM,IGM_patient028_0054.jpg,3,,off_target_fp,10,0,0.0,0.0,0.0,0.0,0,False
UNET_MTL_MASK_GUIDED,1,patient034,patient034_case01,IGM,IGM_patient028_0054.jpg,4,,off_target_fp,37,0,0.0,0.0,0.0,0.0,0,False
UNET_MTL_MASK_GUIDED,1,patient034,patient034_case01,IGM,IGM_patient028_0055.jpg,1,,off_target_fp,1,0,0.0,0.0,0.0,0.0,0,False
UNET_MTL_MASK_GUIDED,1,patient034,patient034_case01,IGM,IGM_patient028_0055.jpg,2,,off_target_fp,234,0,0.0,0.0,0.0,0.0,0,False
UNET_MTL_MASK_GUIDED,1,patient034,patient034_case01,IGM,IGM_patient028_0055.jpg,3,,off_target_fp,41,0,0.0,0.0,0.0,0.0,0,False
UNET_MTL_MASK_GUIDED,1,patient034,patient034_case01,IGM,IGM_patient028_0055.jpg,4,1.0,strong_75_plus,273,250,0.946969696969697,0.9157509157509157,0.9157509157509157,0.8710801393728222,1,False
UNET_MTL_MASK_GUIDED,1,patient034,patient034_case01,IGM,IGM_patient028_0055.jpg,5,,off_target_fp,165,0,0.0,0.0,0.0,0.0,0,False
UNET_MTL_MASK_GUIDED,1,patient034,patient034_case01,IGM,IGM_patient028_0056.jpg,1,,off_target_fp,222,0,0.0,0.0,0.0,0.0,0,False
UNET_MTL_MASK_GUIDED,1,patient034,patient034_case01,IGM,IGM_patient028_0056.jpg,2,,off_target_fp,42,0,0.0,0.0,0.0,0.0,0,False
UNET_MTL_MASK_GUIDED,1,patient034,patient034_case01,IGM,IGM_patient028_0056.jpg,3,,off_target_fp,93,0,0.0,0.0,0.0,0.0,0,False
UNET_MTL_MASK_GUIDED,1,patient034,patient034_case01,IGM,IGM_patient028_0056.jpg,4,1.0,strong_75_plus,241,219,0.9439655172413793,0.9087136929460581,0.9087136929460581,0.8622047244094488,1,False
UNET_MTL_MASK_GUIDED,1,patient034,patient034_case01,IGM,IGM_patient028_0057.jpg,1,,off_target_fp,188,0,0.0,0.0,0.0,0.0,0,False
UNET_MTL_MASK_GUIDED,1,patient034,patient034_case01,IGM,IGM_patient028_0057.jpg,2,,off_target_fp,722,0,0.0,0.0,0.0,0.0,0,False
UNET_MTL_MASK_GUIDED,1,patient034,patient034_case01,IGM,IGM_patient028_0057.jpg,3,1.0,moderate_50_to_75,166,117,0.9435483870967742,0.7048192771084337,0.7048192771084337,0.6763005780346821,1,False
UNET_MTL_MASK_GUIDED,1,patient034,patient034_case01,IGM,IGM_patient028_0057.jpg,4,,off_target_fp,24,0,0.0,0.0,0.0,0.0,0,False
UNET_MTL_MASK_GUIDED,1,patient034,patient034_case01,IGM,IGM_patient028_0057.jpg,5,,off_target_fp,24,0,0.0,0.0,0.0,0.0,0,False
UNET_MTL_MASK_GUIDED,1,patient034,patient034_case01,IGM,IGM_patient028_0058.jpg,1,,off_target_fp,97,0,0.0,0.0,0.0,0.0,0,False
UNET_MTL_MASK_GUIDED,1,patient034,patient034_case01,IGM,IGM_patient028_0058.jpg,2,,off_target_fp,79,0,0.0,0.0,0.0,0.0,0,False
UNET_MTL_MASK_GUIDED,1,patient034,patient034_case01,IGM,IGM_patient028_0058.jpg,3,1.0,strong_75_plus,78,68,0.8095238095238095,0.8717948717948718,0.8095238095238095,0.723404255319149,1,False
UNET_MTL_MASK_GUIDED,1,patient034,patient034_case01,IGM,IGM_patient028_0058.jpg,4,,off_target_fp,35,0,0.0,0.0,0.0,0.0,0,False
UNET_MTL_MASK_GUIDED,1,patient034,patient034_case01,IGM,IGM_patient028_0058.jpg,5,,off_target_fp,24,0,0.0,0.0,0.0,0.0,0,False
UNET_MTL_MASK_GUIDED,1,patient034,patient034_case01,IGM,IGM_patient028_0058.jpg,6,,off_target_fp,26,0,0.0,0.0,0.0,0.0,0,False
UNET_MTL_MASK_GUIDED,1,patient041,patient041_case01,IGM,IGM_patient031_0053.jpg,1,1.0,moderate_50_to_75,89,66,0.868421052631579,0.7415730337078652,0.7415730337078652,0.6666666666666666,1,False
UNET_MTL_MASK_GUIDED,1,patient041,patient041_case01,IGM,IGM_patient031_0054.jpg,1,1.0,strong_75_plus,197,177,0.9414893617021277,0.8984771573604061,0.8984771573604061,0.8509615384615384,1,False
UNET_MTL_MASK_GUIDED,1,patient041,patient041_case01,IGM,IGM_patient031_0054.jpg,2,,off_target_fp,91,0,0.0,0.0,0.0,0.0,0,False
UNET_MTL_MASK_GUIDED,1,patient041,patient041_case01,IGM,IGM_patient031_0055.jpg,1,1.0,strong_75_plus,267,257,0.8801369863013698,0.9625468164794008,0.8801369863013698,0.8509933774834437,1,False
UNET_MTL_MASK_GUIDED,1,patient041,patient041_case01,IGM,IGM_patient031_0055.jpg,2,,off_target_fp,140,0,0.0,0.0,0.0,0.0,0,False
UNET_MTL_MASK_GUIDED,1,patient041,patient041_case01,IGM,IGM_patient031_0056.jpg,1,1.0,moderate_50_to_75,213,182,0.7338709677419355,0.8544600938967136,0.7338709677419355,0.6523297491039427,1,False
UNET_MTL_MASK_GUIDED,1,patient041,patient041_case01,IGM,IGM_patient031_0056.jpg,2,,off_target_fp,36,0,0.0,0.0,0.0,0.0,0,False
UNET_MTL_MASK_GUIDED,1,patient041,patient041_case01,IGM,IGM_patient031_0056.jpg,3,,off_target_fp,29,0,0.0,0.0,0.0,0.0,0,False
UNET_MTL_MASK_GUIDED,1,patient041,patient041_case01,IGM,IGM_patient031_0057.jpg,1,1.0,moderate_50_to_75,218,203,0.7355072463768116,0.9311926605504587,0.7355072463768116,0.697594501718213,1,False
UNET_MTL_MASK_GUIDED,1,patient041,patient041_case01,IGM,IGM_patient031_0057.jpg,2,,off_target_fp,52,0,0.0,0.0,0.0,0.0,0,False
UNET_MTL_MASK_GUIDED,1,patient041,patient041_case01,IGM,IGM_patient031_0057.jpg,3,,off_target_fp,64,0,0.0,0.0,0.0,0.0,0,False
UNET_MTL_MASK_GUIDED,1,patient041,patient041_case01,IGM,IGM_patient031_0058.jpg,1,1.0,moderate_50_to_75,190,182,0.6691176470588235,0.9578947368421052,0.6691176470588235,0.65,1,False
UNET_MTL_MASK_GUIDED,1,patient041,patient041_case01,IGM,IGM_patient031_0058.jpg,2,,off_target_fp,104,0,0.0,0.0,0.0,0.0,0,False
UNET_MTL_MASK_GUIDED,1,patient041,patient041_case01,IGM,IGM_patient031_0058.jpg,3,,off_target_fp,56,0,0.0,0.0,0.0,0.0,0,False
UNET_MTL_MASK_GUIDED,1,patient041,patient041_case01,IGM,IGM_patient031_0058.jpg,4,,off_target_fp,1,0,0.0,0.0,0.0,0.0,0,False
UNET_MTL_MASK_GUIDED,1,patient047,patient047_case01,IBC,IBC_patient035_0130.jpg,1,,off_target_fp,114,0,0.0,0.0,0.0,0.0,0,False
UNET_MTL_MASK_GUIDED,1,patient047,patient047_case01,IBC,IBC_patient035_0131.jpg,1,,off_target_fp,112,0,0.0,0.0,0.0,0.0,0,False
UNET_MTL_MASK_GUIDED,1,patient047,patient047_case01,IBC,IBC_patient035_0132.jpg,1,,off_target_fp,104,0,0.0,0.0,0.0,0.0,0,False
UNET_MTL_MASK_GUIDED,1,patient047,patient047_case01,IBC,IBC_patient035_0134.jpg,1,,off_target_fp,65,0,0.0,0.0,0.0,0.0,0,False
UNET_MTL_MASK_GUIDED,1,patient047,patient047_case01,IBC,IBC_patient035_0134.jpg,2,,off_target_fp,6,0,0.0,0.0,0.0,0.0,0,False
UNET_MTL_MASK_GUIDED,1,patient047,patient047_case01,IBC,IBC_patient035_0134.jpg,3,1.0,partial_below_25,80,80,0.2,1.0,0.2,0.2,1,False
UNET_MTL_MASK_GUIDED,1,patient047,patient047_case01,IBC,IBC_patient035_0135.jpg,1,,off_target_fp,105,0,0.0,0.0,0.0,0.0,0,False
UNET_MTL_MASK_GUIDED,1,patient047,patient047_case01,IBC,IBC_patient035_0135.jpg,2,,off_target_fp,16,0,0.0,0.0,0.0,0.0,0,False
UNET_MTL_MASK_GUIDED,1,patient047,patient047_case01,IBC,IBC_patient035_0135.jpg,3,1.0,partial_below_25,58,58,0.14646464646464646,1.0,0.14646464646464646,0.14646464646464646,1,False
UNET_MTL_MASK_GUIDED,1,patient047,patient047_case01,IBC,IBC_patient035_0136.jpg,1,,off_target_fp,102,0,0.0,0.0,0.0,0.0,0,False
UNET_MTL_MASK_GUIDED,1,patient047,patient047_case01,IBC,IBC_patient035_0136.jpg,2,,off_target_fp,10,0,0.0,0.0,0.0,0.0,0,False
UNET_MTL_MASK_GUIDED,1,patient047,patient047_case01,IBC,IBC_patient035_0136.jpg,3,1.0,moderate_50_to_75,205,203,0.6041666666666666,0.9902439024390244,0.6041666666666666,0.6005917159763313,1,False
UNET_MTL_MASK_GUIDED,1,patient047,patient047_case01,IBC,IBC_patient035_0137.jpg,1,,off_target_fp,123,0,0.0,0.0,0.0,0.0,0,False
UNET_MTL_MASK_GUIDED,1,patient047,patient047_case01,IBC,IBC_patient035_0137.jpg,2,,off_target_fp,14,0,0.0,0.0,0.0,0.0,0,False
UNET_MTL_MASK_GUIDED,1,patient047,patient047_case01,IBC,IBC_patient035_0137.jpg,3,1.0,low_25_to_50,142,139,0.45723684210526316,0.9788732394366197,0.45723684210526316,0.4527687296416938,1,False
UNET_MTL_MASK_GUIDED,1,patient047,patient047_case01,IBC,IBC_patient035_0138.jpg,1,,off_target_fp,173,0,0.0,0.0,0.0,0.0,0,False
UNET_MTL_MASK_GUIDED,1,patient047,patient047_case01,IBC,IBC_patient035_0138.jpg,2,,off_target_fp,99,0,0.0,0.0,0.0,0.0,0,False
UNET_MTL_MASK_GUIDED,1,patient047,patient047_case01,IBC,IBC_patient035_0138.jpg,3,1.0,low_25_to_50,93,87,0.31985294117647056,0.9354838709677419,0.31985294117647056,0.3129496402877698,1,False
UNET_MTL_MASK_GUIDED,1,patient047,patient047_case01,IBC,IBC_patient035_0139.jpg,1,,off_target_fp,185,0,0.0,0.0,0.0,0.0,0,False
UNET_MTL_MASK_GUIDED,1,patient047,patient047_case01,IBC,IBC_patient035_0139.jpg,2,,off_target_fp,35,0,0.0,0.0,0.0,0.0,0,False
UNET_MTL_MASK_GUIDED,1,patient047,patient047_case01,IBC,IBC_patient035_0139.jpg,3,,off_target_fp,181,0,0.0,0.0,0.0,0.0,0,False
UNET_MTL_MASK_GUIDED,1,patient047,patient047_case01,IBC,IBC_patient035_0139.jpg,4,1.0,partial_below_25,48,48,0.21818181818181817,1.0,0.21818181818181817,0.21818181818181817,1,False
UNET_MTL_MASK_GUIDED,1,patient047,patient047_case01,IBC,IBC_patient035_0140.jpg,1,,off_target_fp,151,0,0.0,0.0,0.0,0.0,0,False
UNET_MTL_MASK_GUIDED,1,patient047,patient047_case01,IBC,IBC_patient035_0140.jpg,2,,off_target_fp,96,0,0.0,0.0,0.0,0.0,0,False
UNET_MTL_MASK_GUIDED,1,patient047,patient047_case01,IBC,IBC_patient035_0140.jpg,3,,off_target_fp,60,0,0.0,0.0,0.0,0.0,0,False
UNET_MTL_MASK_GUIDED,1,patient068,patient068_case01,IBC,IBC_patient045_0062.jpg,1,1.0,strong_75_plus,49,44,0.7857142857142857,0.8979591836734694,0.7857142857142857,0.7213114754098361,1,False
UNET_MTL_MASK_GUIDED,1,patient068,patient068_case01,IBC,IBC_patient045_0062.jpg,2,,off_target_fp,76,0,0.0,0.0,0.0,0.0,0,False
UNET_MTL_MASK_GUIDED,1,patient068,patient068_case01,IBC,IBC_patient045_0062.jpg,3,,off_target_fp,42,0,0.0,0.0,0.0,0.0,0,False
UNET_MTL_MASK_GUIDED,1,patient068,patient068_case01,IBC,IBC_patient045_0063.jpg,1,1.0,strong_75_plus,123,97,0.9326923076923077,0.7886178861788617,0.7886178861788617,0.7461538461538462,1,False
UNET_MTL_MASK_GUIDED,1,patient068,patient068_case01,IBC,IBC_patient045_0063.jpg,2,,off_target_fp,24,0,0.0,0.0,0.0,0.0,0,False
UNET_MTL_MASK_GUIDED,1,patient068,patient068_case01,IBC,IBC_patient045_0063.jpg,3,,off_target_fp,22,0,0.0,0.0,0.0,0.0,0,False
UNET_MTL_MASK_GUIDED,1,patient068,patient068_case01,IBC,IBC_patient045_0064.jpg,1,1.0,moderate_50_to_75,140,89,0.967391304347826,0.6357142857142857,0.6357142857142857,0.6223776223776224,1,False
UNET_MTL_MASK_GUIDED,1,patient068,patient068_case01,IBC,IBC_patient045_0064.jpg,2,,off_target_fp,24,0,0.0,0.0,0.0,0.0,0,False
UNET_MTL_MASK_GUIDED,1,patient068,patient068_case01,IBC,IBC_patient045_0064.jpg,3,,off_target_fp,26,0,0.0,0.0,0.0,0.0,0,False
UNET_MTL_MASK_GUIDED,1,patient068,patient068_case01,IBC,IBC_patient045_0065.jpg,1,,off_target_fp,75,0,0.0,0.0,0.0,0.0,0,False
UNET_MTL_MASK_GUIDED,1,patient068,patient068_case01,IBC,IBC_patient045_0065.jpg,2,1.0,moderate_50_to_75,124,64,1.0,0.5161290322580645,0.5161290322580645,0.5161290322580645,1,False
UNET_MTL_MASK_GUIDED,1,patient068,patient068_case01,IBC,IBC_patient045_0065.jpg,3,,off_target_fp,81,0,0.0,0.0,0.0,0.0,0,False
UNET_MTL_MASK_GUIDED,1,patient068,patient068_case01,IBC,IBC_patient045_0065.jpg,4,,off_target_fp,31,0,0.0,0.0,0.0,0.0,0,False
UNET_MTL_MASK_GUIDED,1,patient068,patient068_case01,IBC,IBC_patient045_0065.jpg,5,,off_target_fp,49,0,0.0,0.0,0.0,0.0,0,False
UNET_MTL_MASK_GUIDED,1,patient068,patient068_case01,IBC,IBC_patient045_0065.jpg,6,,off_target_fp,42,0,0.0,0.0,0.0,0.0,0,False
UNET_MTL_MASK_GUIDED,1,patient068,patient068_case01,IBC,IBC_patient045_0066.jpg,1,,off_target_fp,143,0,0.0,0.0,0.0,0.0,0,False
UNET_MTL_MASK_GUIDED,1,patient068,patient068_case01,IBC,IBC_patient045_0066.jpg,2,,off_target_fp,18,0,0.0,0.0,0.0,0.0,0,False
UNET_MTL_MASK_GUIDED,1,patient068,patient068_case01,IBC,IBC_patient045_0066.jpg,3,,off_target_fp,37,0,0.0,0.0,0.0,0.0,0,False
UNET_MTL_MASK_GUIDED,1,patient068,patient068_case01,IBC,IBC_patient045_0066.jpg,4,1.0,moderate_50_to_75,182,120,0.9090909090909091,0.6593406593406593,0.6593406593406593,0.6185567010309279,1,False
UNET_MTL_MASK_GUIDED,1,patient068,patient068_case01,IBC,IBC_patient045_0066.jpg,5,,off_target_fp,137,0,0.0,0.0,0.0,0.0,0,False
UNET_MTL_MASK_GUIDED,1,patient068,patient068_case01,IBC,IBC_patient045_0066.jpg,6,,off_target_fp,25,0,0.0,0.0,0.0,0.0,0,False
UNET_MTL_MASK_GUIDED,1,patient068,patient068_case01,IBC,IBC_patient045_0066.jpg,7,,off_target_fp,11,0,0.0,0.0,0.0,0.0,0,False
UNET_MTL_MASK_GUIDED,1,patient068,patient068_case01,IBC,IBC_patient045_0066.jpg,8,,off_target_fp,47,0,0.0,0.0,0.0,0.0,0,False
UNET_MTL_MASK_GUIDED,1,patient068,patient068_case01,IBC,IBC_patient045_0067.jpg,1,,off_target_fp,159,0,0.0,0.0,0.0,0.0,0,False
UNET_MTL_MASK_GUIDED,1,patient068,patient068_case01,IBC,IBC_patient045_0067.jpg,2,,off_target_fp,6,0,0.0,0.0,0.0,0.0,0,False
UNET_MTL_MASK_GUIDED,1,patient068,patient068_case01,IBC,IBC_patient045_0067.jpg,3,1.0,strong_75_plus,223,180,0.9183673469387755,0.8071748878923767,0.8071748878923767,0.7531380753138075,1,False
UNET_MTL_MASK_GUIDED,1,patient068,patient068_case01,IBC,IBC_patient045_0067.jpg,4,,off_target_fp,133,0,0.0,0.0,0.0,0.0,0,False
UNET_MTL_MASK_GUIDED,1,patient068,patient068_case01,IBC,IBC_patient045_0068.jpg,1,,off_target_fp,77,0,0.0,0.0,0.0,0.0,0,False
UNET_MTL_MASK_GUIDED,1,patient068,patient068_case01,IBC,IBC_patient045_0068.jpg,2,1.0,moderate_50_to_75,362,188,0.9038461538461539,0.5193370165745856,0.5193370165745856,0.49214659685863876,1,False
UNET_MTL_MASK_GUIDED,1,patient068,patient068_case01,IBC,IBC_patient045_0069.jpg,1,1.0,moderate_50_to_75,310,175,0.8928571428571429,0.5645161290322581,0.5645161290322581,0.5287009063444109,1,False
UNET_MTL_MASK_GUIDED,1,patient068,patient068_case01,IBC,IBC_patient045_0070.jpg,1,1.0,moderate_50_to_75,322,213,0.9681818181818181,0.6614906832298136,0.6614906832298136,0.6474164133738601,1,False
UNET_MTL_MASK_GUIDED,1,patient068,patient068_case01,IBC,IBC_patient045_0071.jpg,1,1.0,strong_75_plus,186,147,0.9932432432432432,0.7903225806451613,0.7903225806451613,0.786096256684492,1,False
UNET_MTL_MASK_GUIDED,1,patient068,patient068_case01,IBC,IBC_patient045_0071.jpg,2,,off_target_fp,71,0,0.0,0.0,0.0,0.0,0,False
UNET_MTL_MASK_GUIDED,1,patient068,patient068_case01,IBC,IBC_patient045_0072.jpg,1,,off_target_fp,152,0,0.0,0.0,0.0,0.0,0,False
UNET_MTL_MASK_GUIDED,1,patient068,patient068_case01,IBC,IBC_patient045_0072.jpg,2,1.0,strong_75_plus,214,198,0.9166666666666666,0.9252336448598131,0.9166666666666666,0.853448275862069,1,False
UNET_MTL_MASK_GUIDED,1,patient068,patient068_case01,IBC,IBC_patient045_0072.jpg,3,,off_target_fp,67,0,0.0,0.0,0.0,0.0,0,False
UNET_MTL_MASK_GUIDED,1,patient068,patient068_case01,IBC,IBC_patient045_0073.jpg,1,,off_target_fp,95,0,0.0,0.0,0.0,0.0,0,False
UNET_MTL_MASK_GUIDED,1,patient068,patient068_case01,IBC,IBC_patient045_0073.jpg,2,1.0,strong_75_plus,463,371,0.9561855670103093,0.8012958963282938,0.8012958963282938,0.7729166666666667,1,False
UNET_MTL_MASK_GUIDED,1,patient068,patient068_case01,IBC,IBC_patient045_0073.jpg,3,,off_target_fp,1,0,0.0,0.0,0.0,0.0,0,False
UNET_MTL_MASK_GUIDED,1,patient068,patient068_case01,IBC,IBC_patient045_0073.jpg,4,,off_target_fp,28,0,0.0,0.0,0.0,0.0,0,False
UNET_MTL_MASK_GUIDED,1,patient068,patient068_case01,IBC,IBC_patient045_0073.jpg,5,,off_target_fp,40,0,0.0,0.0,0.0,0.0,0,False
UNET_MTL_MASK_GUIDED,1,patient068,patient068_case01,IBC,IBC_patient045_0074.jpg,1,,off_target_fp,16,0,0.0,0.0,0.0,0.0,0,False
UNET_MTL_MASK_GUIDED,1,patient068,patient068_case01,IBC,IBC_patient045_0074.jpg,2,,off_target_fp,8,0,0.0,0.0,0.0,0.0,0,False
UNET_MTL_MASK_GUIDED,1,patient068,patient068_case01,IBC,IBC_patient045_0074.jpg,3,1.0,moderate_50_to_75,333,233,0.9395161290322581,0.6996996996996997,0.6996996996996997,0.6695402298850575,1,False
UNET_MTL_MASK_GUIDED,1,patient068,patient068_case01,IBC,IBC_patient045_0074.jpg,4,,off_target_fp,70,0,0.0,0.0,0.0,0.0,0,False
UNET_MTL_MASK_GUIDED,1,patient068,patient068_case01,IBC,IBC_patient045_0075.jpg,1,1.0,moderate_50_to_75,112,109,0.68125,0.9732142857142857,0.68125,0.6687116564417178,1,False
UNET_MTL_MASK_GUIDED,1,patient068,patient068_case01,IBC,IBC_patient045_0075.jpg,2,,off_target_fp,2,0,0.0,0.0,0.0,0.0,0,False
UNET_MTL_MASK_GUIDED,1,patient068,patient068_case01,IBC,IBC_patient045_0076.jpg,1,,off_target_fp,5,0,0.0,0.0,0.0,0.0,0,False
UNET_MTL_MASK_GUIDED,1,patient068,patient068_case01,IBC,IBC_patient045_0076.jpg,2,,off_target_fp,18,0,0.0,0.0,0.0,0.0,0,False
UNET_MTL_MASK_GUIDED,1,patient068,patient068_case01,IBC,IBC_patient045_0076.jpg,3,1.0,partial_below_25,19,18,0.15517241379310345,0.9473684210526315,0.15517241379310345,0.15384615384615385,1,False
UNET_MTL_MASK_GUIDED,1,patient068,patient068_case01,IBC,IBC_patient045_0076.jpg,4,,off_target_fp,27,0,0.0,0.0,0.0,0.0,0,False
UNET_MTL_MASK_GUIDED,1,patient068,patient068_case01,IBC,IBC_patient045_0077.jpg,1,,off_target_fp,19,0,0.0,0.0,0.0,0.0,0,False
UNET_MTL_MASK_GUIDED,1,patient076,patient076_case01,IBC,IBC_patient049_0027.jpg,1,1.0,strong_75_plus,260,235,0.9631147540983607,0.9038461538461539,0.9038461538461539,0.8736059479553904,1,False
UNET_MTL_MASK_GUIDED,1,patient076,patient076_case01,IBC,IBC_patient049_0027.jpg,2,,off_target_fp,81,0,0.0,0.0,0.0,0.0,0,False
UNET_MTL_MASK_GUIDED,1,patient076,patient076_case01,IBC,IBC_patient049_0027.jpg,3,,off_target_fp,42,0,0.0,0.0,0.0,0.0,0,False
UNET_MTL_MASK_GUIDED,1,patient076,patient076_case01,IBC,IBC_patient049_0027.jpg,4,,off_target_fp,9,0,0.0,0.0,0.0,0.0,0,False
UNET_MTL_MASK_GUIDED,1,patient076,patient076_case01,IBC,IBC_patient049_0028.jpg,1,1.0,strong_75_plus,507,486,0.9274809160305344,0.9585798816568047,0.9274809160305344,0.8917431192660551,1,False
UNET_MTL_MASK_GUIDED,1,patient076,patient076_case01,IBC,IBC_patient049_0028.jpg,2,,off_target_fp,18,0,0.0,0.0,0.0,0.0,0,False
UNET_MTL_MASK_GUIDED,1,patient076,patient076_case01,IBC,IBC_patient049_0028.jpg,3,,off_target_fp,12,0,0.0,0.0,0.0,0.0,0,False
UNET_MTL_MASK_GUIDED,1,patient076,patient076_case01,IBC,IBC_patient049_0028.jpg,4,,off_target_fp,80,0,0.0,0.0,0.0,0.0,0,False
UNET_MTL_MASK_GUIDED,1,patient076,patient076_case01,IBC,IBC_patient049_0029.jpg,1,1.0,strong_75_plus,654,525,0.9943181818181818,0.8027522935779816,0.8027522935779816,0.7990867579908676,1,False
UNET_MTL_MASK_GUIDED,1,patient076,patient076_case01,IBC,IBC_patient049_0029.jpg,2,,off_target_fp,270,0,0.0,0.0,0.0,0.0,0,False
UNET_MTL_MASK_GUIDED,1,patient076,patient076_case01,IBC,IBC_patient049_0030.jpg,1,1.0,strong_75_plus,535,426,0.9342105263157895,0.7962616822429907,0.7962616822429907,0.7539823008849558,1,False
UNET_MTL_MASK_GUIDED,1,patient076,patient076_case01,IBC,IBC_patient049_0030.jpg,2,,off_target_fp,182,0,0.0,0.0,0.0,0.0,0,False
UNET_MTL_MASK_GUIDED,1,patient076,patient076_case01,IBC,IBC_patient049_0030.jpg,3,,off_target_fp,16,0,0.0,0.0,0.0,0.0,0,False
UNET_MTL_MASK_GUIDED,1,patient076,patient076_case01,IBC,IBC_patient049_0030.jpg,4,,off_target_fp,27,0,0.0,0.0,0.0,0.0,0,False
UNET_MTL_MASK_GUIDED,1,patient076,patient076_case01,IBC,IBC_patient049_0031.jpg,1,1.0,moderate_50_to_75,520,375,0.9868421052631579,0.7211538461538461,0.7211538461538461,0.7142857142857143,1,False
UNET_MTL_MASK_GUIDED,1,patient076,patient076_case01,IBC,IBC_patient049_0031.jpg,2,,off_target_fp,58,0,0.0,0.0,0.0,0.0,0,False
UNET_MTL_MASK_GUIDED,1,patient076,patient076_case01,IBC,IBC_patient049_0031.jpg,3,,off_target_fp,15,0,0.0,0.0,0.0,0.0,0,False
UNET_MTL_MASK_GUIDED,1,patient076,patient076_case01,IBC,IBC_patient049_0031.jpg,4,,off_target_fp,326,0,0.0,0.0,0.0,0.0,0,False
UNET_MTL_MASK_GUIDED,1,patient076,patient076_case01,IBC,IBC_patient049_0031.jpg,5,,off_target_fp,7,0,0.0,0.0,0.0,0.0,0,False
UNET_MTL_MASK_GUIDED,1,patient076,patient076_case01,IBC,IBC_patient049_0031.jpg,6,,off_target_fp,293,0,0.0,0.0,0.0,0.0,0,False
UNET_MTL_MASK_GUIDED,1,patient076,patient076_case01,IBC,IBC_patient049_0031.jpg,7,,off_target_fp,57,0,0.0,0.0,0.0,0.0,0,False
UNET_MTL_MASK_GUIDED,1,patient076,patient076_case01,IBC,IBC_patient049_0032.jpg,1,1.0,moderate_50_to_75,512,322,0.9698795180722891,0.62890625,0.62890625,0.6168582375478927,1,False
UNET_MTL_MASK_GUIDED,1,patient076,patient076_case01,IBC,IBC_patient049_0032.jpg,2,,off_target_fp,538,0,0.0,0.0,0.0,0.0,0,False
UNET_MTL_MASK_GUIDED,1,patient076,patient076_case01,IBC,IBC_patient049_0032.jpg,3,,off_target_fp,448,0,0.0,0.0,0.0,0.0,0,False
UNET_MTL_MASK_GUIDED,1,patient076,patient076_case01,IBC,IBC_patient049_0032.jpg,4,,off_target_fp,128,0,0.0,0.0,0.0,0.0,0,False
UNET_MTL_MASK_GUIDED,1,patient076,patient076_case01,IBC,IBC_patient049_0033.jpg,1,,off_target_fp,23,0,0.0,0.0,0.0,0.0,0,False
UNET_MTL_MASK_GUIDED,1,patient076,patient076_case01,IBC,IBC_patient049_0033.jpg,2,1.0,moderate_50_to_75,463,338,0.9285714285714286,0.7300215982721382,0.7300215982721382,0.6912065439672802,1,False
UNET_MTL_MASK_GUIDED,1,patient076,patient076_case01,IBC,IBC_patient049_0033.jpg,3,,off_target_fp,434,0,0.0,0.0,0.0,0.0,0,False
UNET_MTL_MASK_GUIDED,1,patient076,patient076_case01,IBC,IBC_patient049_0033.jpg,4,,off_target_fp,379,0,0.0,0.0,0.0,0.0,0,False
UNET_MTL_MASK_GUIDED,1,patient076,patient076_case01,IBC,IBC_patient049_0033.jpg,5,,off_target_fp,82,0,0.0,0.0,0.0,0.0,0,False
UNET_MTL_MASK_GUIDED,1,patient076,patient076_case01,IBC,IBC_patient049_0034.jpg,1,,off_target_fp,80,0,0.0,0.0,0.0,0.0,0,False
UNET_MTL_MASK_GUIDED,1,patient076,patient076_case01,IBC,IBC_patient049_0034.jpg,2,1.0,moderate_50_to_75,440,257,0.9884615384615385,0.5840909090909091,0.5840909090909091,0.5801354401805869,1,False
UNET_MTL_MASK_GUIDED,1,patient076,patient076_case01,IBC,IBC_patient049_0034.jpg,3,,off_target_fp,416,0,0.0,0.0,0.0,0.0,0,False
UNET_MTL_MASK_GUIDED,1,patient076,patient076_case01,IBC,IBC_patient049_0034.jpg,4,,off_target_fp,229,0,0.0,0.0,0.0,0.0,0,False
UNET_MTL_MASK_GUIDED,1,patient076,patient076_case01,IBC,IBC_patient049_0034.jpg,5,,off_target_fp,30,0,0.0,0.0,0.0,0.0,0,False
UNET_MTL_MASK_GUIDED,1,patient076,patient076_case01,IBC,IBC_patient049_0034.jpg,6,,off_target_fp,1,0,0.0,0.0,0.0,0.0,0,False
UNET_MTL_MASK_GUIDED,1,patient076,patient076_case01,IBC,IBC_patient049_0034.jpg,7,,off_target_fp,68,0,0.0,0.0,0.0,0.0,0,False
UNET_MTL_MASK_GUIDED,1,patient076,patient076_case01,IBC,IBC_patient049_0035.jpg,1,,off_target_fp,12,0,0.0,0.0,0.0,0.0,0,False
UNET_MTL_MASK_GUIDED,1,patient076,patient076_case01,IBC,IBC_patient049_0035.jpg,2,1.0,moderate_50_to_75,212,132,0.9166666666666666,0.6226415094339622,0.6226415094339622,0.5892857142857143,1,False
UNET_MTL_MASK_GUIDED,1,patient076,patient076_case01,IBC,IBC_patient049_0035.jpg,3,,off_target_fp,145,0,0.0,0.0,0.0,0.0,0,False
UNET_MTL_MASK_GUIDED,1,patient076,patient076_case01,IBC,IBC_patient049_0035.jpg,4,,off_target_fp,145,0,0.0,0.0,0.0,0.0,0,False
UNET_MTL_MASK_GUIDED,1,patient076,patient076_case01,IBC,IBC_patient049_0035.jpg,5,,off_target_fp,226,0,0.0,0.0,0.0,0.0,0,False
UNET_MTL_MASK_GUIDED,1,patient076,patient076_case01,IBC,IBC_patient049_0035.jpg,6,,off_target_fp,54,0,0.0,0.0,0.0,0.0,0,False
UNET_MTL_MASK_GUIDED,1,patient080,patient080_case01,IGM,IGM_patient050_0047.jpg,1,,off_target_fp,383,0,0.0,0.0,0.0,0.0,0,False
UNET_MTL_MASK_GUIDED,1,patient080,patient080_case01,IGM,IGM_patient050_0047.jpg,2,,off_target_fp,172,0,0.0,0.0,0.0,0.0,0,False
UNET_MTL_MASK_GUIDED,1,patient080,patient080_case01,IGM,IGM_patient050_0048.jpg,1,,off_target_fp,373,0,0.0,0.0,0.0,0.0,0,False
UNET_MTL_MASK_GUIDED,1,patient080,patient080_case01,IGM,IGM_patient050_0048.jpg,2,1.0,strong_75_plus,150,139,0.9391891891891891,0.9266666666666666,0.9266666666666666,0.8742138364779874,1,False
UNET_MTL_MASK_GUIDED,1,patient080,patient080_case01,IGM,IGM_patient050_0048.jpg,3,,off_target_fp,119,0,0.0,0.0,0.0,0.0,0,False
UNET_MTL_MASK_GUIDED,1,patient080,patient080_case01,IGM,IGM_patient050_0049.jpg,1,,off_target_fp,220,0,0.0,0.0,0.0,0.0,0,False
UNET_MTL_MASK_GUIDED,1,patient080,patient080_case01,IGM,IGM_patient050_0049.jpg,2,,off_target_fp,79,0,0.0,0.0,0.0,0.0,0,False
UNET_MTL_MASK_GUIDED,1,patient080,patient080_case01,IGM,IGM_patient050_0049.jpg,3,1.0,strong_75_plus,201,189,0.8915094339622641,0.9402985074626866,0.8915094339622641,0.84375,1,False
UNET_MTL_MASK_GUIDED,1,patient080,patient080_case01,IGM,IGM_patient050_0049.jpg,4,,off_target_fp,103,0,0.0,0.0,0.0,0.0,0,False
UNET_MTL_MASK_GUIDED,1,patient080,patient080_case01,IGM,IGM_patient050_0050.jpg,1,,off_target_fp,69,0,0.0,0.0,0.0,0.0,0,False
UNET_MTL_MASK_GUIDED,1,patient080,patient080_case01,IGM,IGM_patient050_0050.jpg,2,,off_target_fp,30,0,0.0,0.0,0.0,0.0,0,False
UNET_MTL_MASK_GUIDED,1,patient080,patient080_case01,IGM,IGM_patient050_0050.jpg,3,1.0,low_25_to_50,387,181,0.9427083333333334,0.46770025839793283,0.46770025839793283,0.4547738693467337,1,False
UNET_MTL_MASK_GUIDED,1,patient080,patient080_case01,IGM,IGM_patient050_0050.jpg,4,,off_target_fp,238,0,0.0,0.0,0.0,0.0,0,False
UNET_MTL_MASK_GUIDED,1,patient080,patient080_case01,IGM,IGM_patient050_0051.jpg,1,,off_target_fp,83,0,0.0,0.0,0.0,0.0,0,False
UNET_MTL_MASK_GUIDED,1,patient080,patient080_case01,IGM,IGM_patient050_0051.jpg,2,1.0,strong_75_plus,300,276,0.9324324324324325,0.92,0.92,0.8625,1,False
UNET_MTL_MASK_GUIDED,1,patient080,patient080_case01,IGM,IGM_patient050_0051.jpg,3,,off_target_fp,156,0,0.0,0.0,0.0,0.0,0,False
UNET_MTL_MASK_GUIDED,1,patient080,patient080_case01,IGM,IGM_patient050_0052.jpg,1,,off_target_fp,111,0,0.0,0.0,0.0,0.0,0,False
UNET_MTL_MASK_GUIDED,1,patient080,patient080_case01,IGM,IGM_patient050_0052.jpg,2,1.0,strong_75_plus,449,406,0.90625,0.9042316258351893,0.9042316258351893,0.8268839103869654,1,False
UNET_MTL_MASK_GUIDED,1,patient080,patient080_case01,IGM,IGM_patient050_0052.jpg,3,,off_target_fp,31,0,0.0,0.0,0.0,0.0,0,False
UNET_MTL_MASK_GUIDED,1,patient080,patient080_case01,IGM,IGM_patient050_0052.jpg,4,,off_target_fp,65,0,0.0,0.0,0.0,0.0,0,False
UNET_MTL_MASK_GUIDED,1,patient080,patient080_case01,IGM,IGM_patient050_0053.jpg,1,,off_target_fp,131,0,0.0,0.0,0.0,0.0,0,False
UNET_MTL_MASK_GUIDED,1,patient080,patient080_case01,IGM,IGM_patient050_0053.jpg,2,,off_target_fp,211,0,0.0,0.0,0.0,0.0,0,False
UNET_MTL_MASK_GUIDED,1,patient080,patient080_case01,IGM,IGM_patient050_0053.jpg,3,1.0,moderate_50_to_75,707,505,0.9711538461538461,0.7142857142857143,0.7142857142857143,0.6994459833795014,1,False
UNET_MTL_MASK_GUIDED,1,patient080,patient080_case01,IGM,IGM_patient050_0054.jpg,1,,off_target_fp,119,0,0.0,0.0,0.0,0.0,0,False
UNET_MTL_MASK_GUIDED,1,patient080,patient080_case01,IGM,IGM_patient050_0054.jpg,2,1.0,strong_75_plus,791,704,0.9943502824858758,0.8900126422250316,0.8900126422250316,0.8855345911949686,1,False
UNET_MTL_MASK_GUIDED,1,patient080,patient080_case01,IGM,IGM_patient050_0054.jpg,3,,off_target_fp,8,0,0.0,0.0,0.0,0.0,0,False
UNET_MTL_MASK_GUIDED,1,patient080,patient080_case01,IGM,IGM_patient050_0055.jpg,1,1.0,strong_75_plus,760,688,0.9885057471264368,0.9052631578947369,0.9052631578947369,0.8958333333333334,1,False
UNET_MTL_MASK_GUIDED,1,patient080,patient080_case01,IGM,IGM_patient050_0056.jpg,1,1.0,strong_75_plus,616,529,0.9943609022556391,0.8587662337662337,0.8587662337662337,0.8546042003231018,1,False
UNET_MTL_MASK_GUIDED,1,patient080,patient080_case01,IGM,IGM_patient050_0057.jpg,1,,off_target_fp,52,0,0.0,0.0,0.0,0.0,0,False
UNET_MTL_MASK_GUIDED,1,patient080,patient080_case01,IGM,IGM_patient050_0057.jpg,2,,off_target_fp,79,0,0.0,0.0,0.0,0.0,0,False
UNET_MTL_MASK_GUIDED,1,patient080,patient080_case01,IGM,IGM_patient050_0057.jpg,3,,off_target_fp,77,0,0.0,0.0,0.0,0.0,0,False
UNET_MTL_MASK_GUIDED,1,patient080,patient080_case01,IGM,IGM_patient050_0057.jpg,4,1.0,moderate_50_to_75,326,280,0.7291666666666666,0.8588957055214724,0.7291666666666666,0.6511627906976745,1,False
UNET_MTL_MASK_GUIDED,1,patient080,patient080_case01,IGM,IGM_patient050_0058.jpg,1,,off_target_fp,163,0,0.0,0.0,0.0,0.0,0,False
UNET_MTL_MASK_GUIDED,1,patient080,patient080_case01,IGM,IGM_patient050_0058.jpg,2,,off_target_fp,217,0,0.0,0.0,0.0,0.0,0,False
UNET_MTL_MASK_GUIDED,1,patient080,patient080_case01,IGM,IGM_patient050_0058.jpg,3,1.0,strong_75_plus,234,203,0.8903508771929824,0.8675213675213675,0.8675213675213675,0.7837837837837838,1,False
UNET_MTL_MASK_GUIDED,1,patient082,patient082_case01,IGM,IGM_patient051_0135.jpg,1,,off_target_fp,89,0,0.0,0.0,0.0,0.0,0,False
UNET_MTL_MASK_GUIDED,1,patient082,patient082_case01,IGM,IGM_patient051_0135.jpg,2,1.0,moderate_50_to_75,211,146,0.9125,0.6919431279620853,0.6919431279620853,0.6488888888888888,1,False
UNET_MTL_MASK_GUIDED,1,patient082,patient082_case01,IGM,IGM_patient051_0136.jpg,1,,off_target_fp,99,0,0.0,0.0,0.0,0.0,0,False
UNET_MTL_MASK_GUIDED,1,patient082,patient082_case01,IGM,IGM_patient051_0136.jpg,2,1.0,strong_75_plus,306,269,0.9212328767123288,0.8790849673202614,0.8790849673202614,0.817629179331307,1,False
UNET_MTL_MASK_GUIDED,1,patient082,patient082_case01,IGM,IGM_patient051_0136.jpg,3,,off_target_fp,68,0,0.0,0.0,0.0,0.0,0,False
UNET_MTL_MASK_GUIDED,1,patient082,patient082_case01,IGM,IGM_patient051_0136.jpg,4,,off_target_fp,12,0,0.0,0.0,0.0,0.0,0,False
UNET_MTL_MASK_GUIDED,1,patient082,patient082_case01,IGM,IGM_patient051_0137.jpg,1,,off_target_fp,106,0,0.0,0.0,0.0,0.0,0,False
UNET_MTL_MASK_GUIDED,1,patient082,patient082_case01,IGM,IGM_patient051_0137.jpg,2,1.0,strong_75_plus,354,267,0.996268656716418,0.7542372881355932,0.7542372881355932,0.752112676056338,1,False
UNET_MTL_MASK_GUIDED,1,patient082,patient082_case01,IGM,IGM_patient051_0137.jpg,3,,off_target_fp,69,0,0.0,0.0,0.0,0.0,0,False
UNET_MTL_MASK_GUIDED,1,patient082,patient082_case01,IGM,IGM_patient051_0138.jpg,1,,off_target_fp,135,0,0.0,0.0,0.0,0.0,0,False
UNET_MTL_MASK_GUIDED,1,patient082,patient082_case01,IGM,IGM_patient051_0138.jpg,2,1.0,strong_75_plus,369,360,0.9090909090909091,0.975609756097561,0.9090909090909091,0.8888888888888888,1,False
UNET_MTL_MASK_GUIDED,1,patient082,patient082_case01,IGM,IGM_patient051_0138.jpg,3,,off_target_fp,25,0,0.0,0.0,0.0,0.0,0,False
UNET_MTL_MASK_GUIDED,1,patient082,patient082_case01,IGM,IGM_patient051_0139.jpg,1,,off_target_fp,159,0,0.0,0.0,0.0,0.0,0,False
UNET_MTL_MASK_GUIDED,1,patient082,patient082_case01,IGM,IGM_patient051_0139.jpg,2,1.0,strong_75_plus,343,338,0.845,0.9854227405247813,0.845,0.8345679012345679,1,False
UNET_MTL_MASK_GUIDED,1,patient082,patient082_case01,IGM,IGM_patient051_0139.jpg,3,,off_target_fp,47,0,0.0,0.0,0.0,0.0,0,False
UNET_MTL_MASK_GUIDED,1,patient082,patient082_case01,IGM,IGM_patient051_0140.jpg,1,,off_target_fp,140,0,0.0,0.0,0.0,0.0,0,False
UNET_MTL_MASK_GUIDED,1,patient082,patient082_case01,IGM,IGM_patient051_0140.jpg,2,,off_target_fp,11,0,0.0,0.0,0.0,0.0,0,False
UNET_MTL_MASK_GUIDED,1,patient082,patient082_case01,IGM,IGM_patient051_0140.jpg,3,1.0,strong_75_plus,313,292,0.8111111111111111,0.9329073482428115,0.8111111111111111,0.7664041994750657,1,False
UNET_MTL_MASK_GUIDED,1,patient082,patient082_case01,IGM,IGM_patient051_0141.jpg,1,,off_target_fp,14,0,0.0,0.0,0.0,0.0,0,False
UNET_MTL_MASK_GUIDED,1,patient082,patient082_case01,IGM,IGM_patient051_0141.jpg,2,1.0,moderate_50_to_75,252,246,0.615,0.9761904761904762,0.615,0.6059113300492611,1,False
UNET_MTL_MASK_GUIDED,1,patient082,patient082_case01,IGM,IGM_patient051_0142.jpg,1,1.0,moderate_50_to_75,229,217,0.7331081081081081,0.9475982532751092,0.7331081081081081,0.7045454545454546,1,False
UNET_MTL_MASK_GUIDED,1,patient082,patient082_case01,IGM,IGM_patient051_0142.jpg,2,,off_target_fp,1,0,0.0,0.0,0.0,0.0,0,False
UNET_MTL_MASK_GUIDED,1,patient082,patient082_case01,IGM,IGM_patient051_0144.jpg,1,1.0,strong_75_plus,207,197,0.8347457627118644,0.9516908212560387,0.8347457627118644,0.8008130081300813,1,False
UNET_MTL_MASK_GUIDED,1,patient082,patient082_case01,IGM,IGM_patient051_0144.jpg,2,,off_target_fp,54,0,0.0,0.0,0.0,0.0,0,False
UNET_MTL_MASK_GUIDED,1,patient082,patient082_case01,IGM,IGM_patient051_0144.jpg,3,,off_target_fp,8,0,0.0,0.0,0.0,0.0,0,False
UNET_MTL_MASK_GUIDED,1,patient082,patient082_case01,IGM,IGM_patient051_0144.jpg,4,,off_target_fp,137,0,0.0,0.0,0.0,0.0,0,False
UNET_MTL_MASK_GUIDED,1,patient082,patient082_case01,IGM,IGM_patient051_0145.jpg,1,1.0,strong_75_plus,224,179,0.8136363636363636,0.7991071428571429,0.7991071428571429,0.6754716981132075,1,False
UNET_MTL_MASK_GUIDED,1,patient082,patient082_case01,IGM,IGM_patient051_0145.jpg,2,,off_target_fp,96,0,0.0,0.0,0.0,0.0,0,False
UNET_MTL_MASK_GUIDED,1,patient082,patient082_case01,IGM,IGM_patient051_0145.jpg,3,,off_target_fp,44,0,0.0,0.0,0.0,0.0,0,False
UNET_MTL_MASK_GUIDED,1,patient082,patient082_case01,IGM,IGM_patient051_0145.jpg,4,,off_target_fp,51,0,0.0,0.0,0.0,0.0,0,False
UNET_MTL_MASK_GUIDED,1,patient082,patient082_case01,IGM,IGM_patient051_0146.jpg,1,1.0,moderate_50_to_75,180,154,0.7403846153846154,0.8555555555555555,0.7403846153846154,0.6581196581196581,1,False
UNET_MTL_MASK_GUIDED,1,patient082,patient082_case01,IGM,IGM_patient051_0146.jpg,2,,off_target_fp,100,0,0.0,0.0,0.0,0.0,0,False
UNET_MTL_MASK_GUIDED,1,patient082,patient082_case01,IGM,IGM_patient051_0146.jpg,3,,off_target_fp,35,0,0.0,0.0,0.0,0.0,0,False
UNET_MTL_MASK_GUIDED,1,patient082,patient082_case01,IGM,IGM_patient051_0147.jpg,1,,off_target_fp,9,0,0.0,0.0,0.0,0.0,0,False
UNET_MTL_MASK_GUIDED,1,patient082,patient082_case01,IGM,IGM_patient051_0147.jpg,2,1.0,moderate_50_to_75,72,67,0.6203703703703703,0.9305555555555556,0.6203703703703703,0.5929203539823009,1,False
UNET_MTL_MASK_GUIDED,1,patient082,patient082_case01,IGM,IGM_patient051_0148.jpg,1,1.0,partial_below_25,9,9,0.11842105263157894,1.0,0.11842105263157894,0.11842105263157894,1,False
UNET_MTL_MASK_GUIDED,1,patient084,patient084_case01,IBC,IBC_patient052_0047.jpg,1,,off_target_fp,23,0,0.0,0.0,0.0,0.0,0,False
UNET_MTL_MASK_GUIDED,1,patient084,patient084_case01,IBC,IBC_patient052_0047.jpg,2,,off_target_fp,83,0,0.0,0.0,0.0,0.0,0,False
UNET_MTL_MASK_GUIDED,1,patient084,patient084_case01,IBC,IBC_patient052_0047.jpg,3,,off_target_fp,80,0,0.0,0.0,0.0,0.0,0,False
UNET_MTL_MASK_GUIDED,1,patient084,patient084_case01,IBC,IBC_patient052_0047.jpg,4,1.0,strong_75_plus,217,167,0.9709302325581395,0.7695852534562212,0.7695852534562212,0.7522522522522522,1,False
UNET_MTL_MASK_GUIDED,1,patient084,patient084_case01,IBC,IBC_patient052_0047.jpg,5,,off_target_fp,9,0,0.0,0.0,0.0,0.0,0,False
UNET_MTL_MASK_GUIDED,1,patient084,patient084_case01,IBC,IBC_patient052_0048.jpg,1,,off_target_fp,20,0,0.0,0.0,0.0,0.0,0,False
UNET_MTL_MASK_GUIDED,1,patient084,patient084_case01,IBC,IBC_patient052_0048.jpg,2,,off_target_fp,23,0,0.0,0.0,0.0,0.0,0,False
UNET_MTL_MASK_GUIDED,1,patient084,patient084_case01,IBC,IBC_patient052_0048.jpg,3,,off_target_fp,37,0,0.0,0.0,0.0,0.0,0,False
UNET_MTL_MASK_GUIDED,1,patient084,patient084_case01,IBC,IBC_patient052_0048.jpg,4,,off_target_fp,243,0,0.0,0.0,0.0,0.0,0,False
UNET_MTL_MASK_GUIDED,1,patient084,patient084_case01,IBC,IBC_patient052_0048.jpg,5,1.0,moderate_50_to_75,317,214,0.9727272727272728,0.6750788643533123,0.6750788643533123,0.6625386996904025,1,False
UNET_MTL_MASK_GUIDED,1,patient084,patient084_case01,IBC,IBC_patient052_0048.jpg,6,,off_target_fp,6,0,0.0,0.0,0.0,0.0,0,False
UNET_MTL_MASK_GUIDED,1,patient084,patient084_case01,IBC,IBC_patient052_0048.jpg,7,,off_target_fp,16,0,0.0,0.0,0.0,0.0,0,False
UNET_MTL_MASK_GUIDED,1,patient084,patient084_case01,IBC,IBC_patient052_0049.jpg,1,,off_target_fp,142,0,0.0,0.0,0.0,0.0,0,False
UNET_MTL_MASK_GUIDED,1,patient084,patient084_case01,IBC,IBC_patient052_0049.jpg,2,,off_target_fp,84,0,0.0,0.0,0.0,0.0,0,False
UNET_MTL_MASK_GUIDED,1,patient084,patient084_case01,IBC,IBC_patient052_0049.jpg,3,,off_target_fp,42,0,0.0,0.0,0.0,0.0,0,False
UNET_MTL_MASK_GUIDED,1,patient084,patient084_case01,IBC,IBC_patient052_0049.jpg,4,1.0,moderate_50_to_75,363,196,1.0,0.5399449035812672,0.5399449035812672,0.5399449035812672,1,False
UNET_MTL_MASK_GUIDED,1,patient084,patient084_case01,IBC,IBC_patient052_0049.jpg,5,,off_target_fp,12,0,0.0,0.0,0.0,0.0,0,False
UNET_MTL_MASK_GUIDED,1,patient084,patient084_case01,IBC,IBC_patient052_0050.jpg,1,,off_target_fp,145,0,0.0,0.0,0.0,0.0,0,False
UNET_MTL_MASK_GUIDED,1,patient084,patient084_case01,IBC,IBC_patient052_0050.jpg,2,,off_target_fp,21,0,0.0,0.0,0.0,0.0,0,False
UNET_MTL_MASK_GUIDED,1,patient084,patient084_case01,IBC,IBC_patient052_0050.jpg,3,,off_target_fp,29,0,0.0,0.0,0.0,0.0,0,False
UNET_MTL_MASK_GUIDED,1,patient084,patient084_case01,IBC,IBC_patient052_0050.jpg,4,,off_target_fp,27,0,0.0,0.0,0.0,0.0,0,False
UNET_MTL_MASK_GUIDED,1,patient084,patient084_case01,IBC,IBC_patient052_0050.jpg,5,,off_target_fp,42,0,0.0,0.0,0.0,0.0,0,False
UNET_MTL_MASK_GUIDED,1,patient084,patient084_case01,IBC,IBC_patient052_0050.jpg,6,,off_target_fp,3,0,0.0,0.0,0.0,0.0,0,False
UNET_MTL_MASK_GUIDED,1,patient084,patient084_case01,IBC,IBC_patient052_0050.jpg,7,1.0,moderate_50_to_75,414,232,1.0,0.5603864734299517,0.5603864734299517,0.5603864734299517,1,False
UNET_MTL_MASK_GUIDED,1,patient084,patient084_case01,IBC,IBC_patient052_0050.jpg,8,,off_target_fp,5,0,0.0,0.0,0.0,0.0,0,False
UNET_MTL_MASK_GUIDED,1,patient084,patient084_case01,IBC,IBC_patient052_0051.jpg,1,,off_target_fp,180,0,0.0,0.0,0.0,0.0,0,False
UNET_MTL_MASK_GUIDED,1,patient084,patient084_case01,IBC,IBC_patient052_0051.jpg,2,,off_target_fp,43,0,0.0,0.0,0.0,0.0,0,False
UNET_MTL_MASK_GUIDED,1,patient084,patient084_case01,IBC,IBC_patient052_0051.jpg,3,,off_target_fp,3,0,0.0,0.0,0.0,0.0,0,False
UNET_MTL_MASK_GUIDED,1,patient084,patient084_case01,IBC,IBC_patient052_0051.jpg,4,,off_target_fp,57,0,0.0,0.0,0.0,0.0,0,False
UNET_MTL_MASK_GUIDED,1,patient084,patient084_case01,IBC,IBC_patient052_0051.jpg,5,1.0,strong_75_plus,299,232,1.0,0.7759197324414716,0.7759197324414716,0.7759197324414716,1,False
UNET_MTL_MASK_GUIDED,1,patient084,patient084_case01,IBC,IBC_patient052_0051.jpg,6,,off_target_fp,17,0,0.0,0.0,0.0,0.0,0,False
UNET_MTL_MASK_GUIDED,1,patient084,patient084_case01,IBC,IBC_patient052_0051.jpg,7,,off_target_fp,42,0,0.0,0.0,0.0,0.0,0,False
UNET_MTL_MASK_GUIDED,1,patient084,patient084_case01,IBC,IBC_patient052_0052.jpg,1,,off_target_fp,165,0,0.0,0.0,0.0,0.0,0,False
UNET_MTL_MASK_GUIDED,1,patient084,patient084_case01,IBC,IBC_patient052_0052.jpg,2,,off_target_fp,65,0,0.0,0.0,0.0,0.0,0,False
UNET_MTL_MASK_GUIDED,1,patient084,patient084_case01,IBC,IBC_patient052_0052.jpg,3,,off_target_fp,9,0,0.0,0.0,0.0,0.0,0,False
UNET_MTL_MASK_GUIDED,1,patient084,patient084_case01,IBC,IBC_patient052_0052.jpg,4,,off_target_fp,26,0,0.0,0.0,0.0,0.0,0,False
UNET_MTL_MASK_GUIDED,1,patient084,patient084_case01,IBC,IBC_patient052_0052.jpg,5,1.0,moderate_50_to_75,327,214,0.9907407407407407,0.654434250764526,0.654434250764526,0.6504559270516718,1,False
UNET_MTL_MASK_GUIDED,1,patient084,patient084_case01,IBC,IBC_patient052_0053.jpg,1,,off_target_fp,42,0,0.0,0.0,0.0,0.0,0,False
UNET_MTL_MASK_GUIDED,1,patient084,patient084_case01,IBC,IBC_patient052_0053.jpg,2,,off_target_fp,27,0,0.0,0.0,0.0,0.0,0,False
UNET_MTL_MASK_GUIDED,1,patient084,patient084_case01,IBC,IBC_patient052_0053.jpg,3,,off_target_fp,116,0,0.0,0.0,0.0,0.0,0,False
UNET_MTL_MASK_GUIDED,1,patient084,patient084_case01,IBC,IBC_patient052_0053.jpg,4,1.0,moderate_50_to_75,386,289,0.9763513513513513,0.7487046632124352,0.7487046632124352,0.7353689567430025,1,False
UNET_MTL_MASK_GUIDED,1,patient084,patient084_case01,IBC,IBC_patient052_0054.jpg,1,,off_target_fp,44,0,0.0,0.0,0.0,0.0,0,False
UNET_MTL_MASK_GUIDED,1,patient084,patient084_case01,IBC,IBC_patient052_0054.jpg,2,,off_target_fp,37,0,0.0,0.0,0.0,0.0,0,False
UNET_MTL_MASK_GUIDED,1,patient084,patient084_case01,IBC,IBC_patient052_0054.jpg,3,,off_target_fp,96,0,0.0,0.0,0.0,0.0,0,False
UNET_MTL_MASK_GUIDED,1,patient084,patient084_case01,IBC,IBC_patient052_0054.jpg,4,1.0,strong_75_plus,455,410,0.9761904761904762,0.9010989010989011,0.9010989010989011,0.8817204301075269,1,False
UNET_MTL_MASK_GUIDED,1,patient084,patient084_case01,IBC,IBC_patient052_0054.jpg,5,,off_target_fp,21,0,0.0,0.0,0.0,0.0,0,False
UNET_MTL_MASK_GUIDED,1,patient084,patient084_case01,IBC,IBC_patient052_0054.jpg,6,,off_target_fp,10,0,0.0,0.0,0.0,0.0,0,False
UNET_MTL_MASK_GUIDED,1,patient084,patient084_case01,IBC,IBC_patient052_0055.jpg,1,,off_target_fp,38,0,0.0,0.0,0.0,0.0,0,False
UNET_MTL_MASK_GUIDED,1,patient084,patient084_case01,IBC,IBC_patient052_0055.jpg,2,1.0,strong_75_plus,515,433,0.9931192660550459,0.8407766990291262,0.8407766990291262,0.8359073359073359,1,False
UNET_MTL_MASK_GUIDED,1,patient084,patient084_case01,IBC,IBC_patient052_0055.jpg,3,,off_target_fp,23,0,0.0,0.0,0.0,0.0,0,False
UNET_MTL_MASK_GUIDED,1,patient084,patient084_case01,IBC,IBC_patient052_0056.jpg,1,,off_target_fp,31,0,0.0,0.0,0.0,0.0,0,False
UNET_MTL_MASK_GUIDED,1,patient084,patient084_case01,IBC,IBC_patient052_0056.jpg,2,1.0,strong_75_plus,505,388,0.9897959183673469,0.7683168316831683,0.7683168316831683,0.762278978388998,1,False
UNET_MTL_MASK_GUIDED,1,patient084,patient084_case01,IBC,IBC_patient052_0056.jpg,3,,off_target_fp,25,0,0.0,0.0,0.0,0.0,0,False
UNET_MTL_MASK_GUIDED,1,patient084,patient084_case01,IBC,IBC_patient052_0056.jpg,4,,off_target_fp,16,0,0.0,0.0,0.0,0.0,0,False
UNET_MTL_MASK_GUIDED,1,patient084,patient084_case01,IBC,IBC_patient052_0057.jpg,1,1.0,moderate_50_to_75,465,304,1.0,0.6537634408602151,0.6537634408602151,0.6537634408602151,1,False
UNET_MTL_MASK_GUIDED,1,patient084,patient084_case01,IBC,IBC_patient052_0057.jpg,2,,off_target_fp,77,0,0.0,0.0,0.0,0.0,0,False
UNET_MTL_MASK_GUIDED,1,patient084,patient084_case01,IBC,IBC_patient052_0057.jpg,3,,off_target_fp,3,0,0.0,0.0,0.0,0.0,0,False
UNET_MTL_MASK_GUIDED,1,patient084,patient084_case01,IBC,IBC_patient052_0058.jpg,1,1.0,low_25_to_50,560,276,1.0,0.4928571428571429,0.4928571428571429,0.4928571428571429,1,False
UNET_MTL_MASK_GUIDED,1,patient084,patient084_case01,IBC,IBC_patient052_0059.jpg,1,,off_target_fp,29,0,0.0,0.0,0.0,0.0,0,False
UNET_MTL_MASK_GUIDED,1,patient084,patient084_case01,IBC,IBC_patient052_0059.jpg,2,1.0,moderate_50_to_75,527,287,0.9695945945945946,0.5445920303605313,0.5445920303605313,0.5354477611940298,1,False
UNET_MTL_MASK_GUIDED,1,patient084,patient084_case01,IBC,IBC_patient052_0059.jpg,3,,off_target_fp,68,0,0.0,0.0,0.0,0.0,0,False
UNET_MTL_MASK_GUIDED,1,patient084,patient084_case01,IBC,IBC_patient052_0060.jpg,1,,off_target_fp,165,0,0.0,0.0,0.0,0.0,0,False
UNET_MTL_MASK_GUIDED,1,patient084,patient084_case01,IBC,IBC_patient052_0060.jpg,2,,off_target_fp,78,0,0.0,0.0,0.0,0.0,0,False
UNET_MTL_MASK_GUIDED,1,patient084,patient084_case01,IBC,IBC_patient052_0060.jpg,3,1.0,strong_75_plus,239,188,0.8867924528301887,0.7866108786610879,0.7866108786610879,0.714828897338403,1,False
UNET_MTL_MASK_GUIDED,1,patient084,patient084_case01,IBC,IBC_patient052_0060.jpg,4,,off_target_fp,64,0,0.0,0.0,0.0,0.0,0,False
UNET_MTL_MASK_GUIDED,1,patient084,patient084_case01,IBC,IBC_patient052_0060.jpg,5,,off_target_fp,1,0,0.0,0.0,0.0,0.0,0,False
UNET_MTL_MASK_GUIDED,1,patient084,patient084_case01,IBC,IBC_patient052_0060.jpg,6,,off_target_fp,37,0,0.0,0.0,0.0,0.0,0,False
UNET_MTL_MASK_GUIDED,1,patient084,patient084_case01,IBC,IBC_patient052_0063.jpg,1,,off_target_fp,121,0,0.0,0.0,0.0,0.0,0,False
UNET_MTL_MASK_GUIDED,1,patient084,patient084_case01,IBC,IBC_patient052_0063.jpg,2,1.0,moderate_50_to_75,119,84,0.9545454545454546,0.7058823529411765,0.7058823529411765,0.6829268292682927,1,False
UNET_MTL_MASK_GUIDED,1,patient084,patient084_case01,IBC,IBC_patient052_0063.jpg,3,,off_target_fp,91,0,0.0,0.0,0.0,0.0,0,False
UNET_MTL_MASK_GUIDED,1,patient084,patient084_case01,IBC,IBC_patient052_0064.jpg,1,,off_target_fp,163,0,0.0,0.0,0.0,0.0,0,False
UNET_MTL_MASK_GUIDED,1,patient084,patient084_case01,IBC,IBC_patient052_0064.jpg,2,1.0,moderate_50_to_75,362,215,0.9598214285714286,0.5939226519337016,0.5939226519337016,0.5795148247978437,1,False
UNET_MTL_MASK_GUIDED,1,patient084,patient084_case01,IBC,IBC_patient052_0064.jpg,3,,off_target_fp,21,0,0.0,0.0,0.0,0.0,0,False
UNET_MTL_MASK_GUIDED,1,patient084,patient084_case01,IBC,IBC_patient052_0064.jpg,4,,off_target_fp,1,0,0.0,0.0,0.0,0.0,0,False
UNET_MTL_MASK_GUIDED,1,patient084,patient084_case01,IBC,IBC_patient052_0065.jpg,1,,off_target_fp,217,0,0.0,0.0,0.0,0.0,0,False
UNET_MTL_MASK_GUIDED,1,patient084,patient084_case01,IBC,IBC_patient052_0065.jpg,2,,off_target_fp,135,0,0.0,0.0,0.0,0.0,0,False
UNET_MTL_MASK_GUIDED,1,patient084,patient084_case01,IBC,IBC_patient052_0065.jpg,3,1.0,strong_75_plus,348,295,0.9577922077922078,0.8477011494252874,0.8477011494252874,0.817174515235457,1,False
UNET_MTL_MASK_GUIDED,1,patient084,patient084_case01,IBC,IBC_patient052_0066.jpg,1,,off_target_fp,296,0,0.0,0.0,0.0,0.0,0,False
UNET_MTL_MASK_GUIDED,1,patient084,patient084_case01,IBC,IBC_patient052_0066.jpg,2,,off_target_fp,110,0,0.0,0.0,0.0,0.0,0,False
UNET_MTL_MASK_GUIDED,1,patient084,patient084_case01,IBC,IBC_patient052_0066.jpg,3,1.0,strong_75_plus,324,280,0.8333333333333334,0.8641975308641975,0.8333333333333334,0.7368421052631579,1,False
UNET_MTL_MASK_GUIDED,1,patient084,patient084_case01,IBC,IBC_patient052_0066.jpg,4,,off_target_fp,1,0,0.0,0.0,0.0,0.0,0,False
UNET_MTL_MASK_GUIDED,1,patient084,patient084_case01,IBC,IBC_patient052_0067.jpg,1,,off_target_fp,150,0,0.0,0.0,0.0,0.0,0,False
UNET_MTL_MASK_GUIDED,1,patient084,patient084_case01,IBC,IBC_patient052_0067.jpg,2,,off_target_fp,174,0,0.0,0.0,0.0,0.0,0,False
UNET_MTL_MASK_GUIDED,1,patient084,patient084_case01,IBC,IBC_patient052_0067.jpg,3,1.0,moderate_50_to_75,168,158,0.5895522388059702,0.9404761904761905,0.5895522388059702,0.5683453237410072,1,False
UNET_MTL_MASK_GUIDED,1,patient084,patient084_case01,IBC,IBC_patient052_0067.jpg,4,,off_target_fp,32,0,0.0,0.0,0.0,0.0,0,False
UNET_MTL_MASK_GUIDED,1,patient084,patient084_case01,IBC,IBC_patient052_0067.jpg,5,,off_target_fp,4,0,0.0,0.0,0.0,0.0,0,False
UNET_MTL_MASK_GUIDED,1,patient092,patient092_case01,IBC,IBC_patient057_0042.jpg,1,,off_target_fp,48,0,0.0,0.0,0.0,0.0,0,False
UNET_MTL_MASK_GUIDED,1,patient092,patient092_case01,IBC,IBC_patient057_0043.jpg,1,,off_target_fp,36,0,0.0,0.0,0.0,0.0,0,False
UNET_MTL_MASK_GUIDED,1,patient092,patient092_case01,IBC,IBC_patient057_0043.jpg,2,1.0,strong_75_plus,278,244,0.8356164383561644,0.8776978417266187,0.8356164383561644,0.7484662576687117,1,False
UNET_MTL_MASK_GUIDED,1,patient092,patient092_case01,IBC,IBC_patient057_0044.jpg,1,,off_target_fp,44,0,0.0,0.0,0.0,0.0,0,False
UNET_MTL_MASK_GUIDED,1,patient092,patient092_case01,IBC,IBC_patient057_0044.jpg,2,1.0,moderate_50_to_75,480,304,0.987012987012987,0.6333333333333333,0.6333333333333333,0.628099173553719,1,False
UNET_MTL_MASK_GUIDED,1,patient092,patient092_case01,IBC,IBC_patient057_0045.jpg,1,,off_target_fp,104,0,0.0,0.0,0.0,0.0,0,False
UNET_MTL_MASK_GUIDED,1,patient092,patient092_case01,IBC,IBC_patient057_0045.jpg,2,,off_target_fp,40,0,0.0,0.0,0.0,0.0,0,False
UNET_MTL_MASK_GUIDED,1,patient092,patient092_case01,IBC,IBC_patient057_0045.jpg,3,1.0,moderate_50_to_75,578,394,0.9471153846153846,0.6816608996539792,0.6816608996539792,0.6566666666666666,1,False
UNET_MTL_MASK_GUIDED,1,patient092,patient092_case01,IBC,IBC_patient057_0046.jpg,1,,off_target_fp,12,0,0.0,0.0,0.0,0.0,0,False
UNET_MTL_MASK_GUIDED,1,patient092,patient092_case01,IBC,IBC_patient057_0046.jpg,2,,off_target_fp,181,0,0.0,0.0,0.0,0.0,0,False
UNET_MTL_MASK_GUIDED,1,patient092,patient092_case01,IBC,IBC_patient057_0046.jpg,3,,off_target_fp,133,0,0.0,0.0,0.0,0.0,0,False
UNET_MTL_MASK_GUIDED,1,patient092,patient092_case01,IBC,IBC_patient057_0046.jpg,4,1.0,strong_75_plus,476,407,0.925,0.8550420168067226,0.8550420168067226,0.7996070726915521,1,False
UNET_MTL_MASK_GUIDED,1,patient092,patient092_case01,IBC,IBC_patient057_0047.jpg,1,,off_target_fp,75,0,0.0,0.0,0.0,0.0,0,False
UNET_MTL_MASK_GUIDED,1,patient092,patient092_case01,IBC,IBC_patient057_0047.jpg,2,,off_target_fp,100,0,0.0,0.0,0.0,0.0,0,False
UNET_MTL_MASK_GUIDED,1,patient092,patient092_case01,IBC,IBC_patient057_0047.jpg,3,,off_target_fp,142,0,0.0,0.0,0.0,0.0,0,False
UNET_MTL_MASK_GUIDED,1,patient092,patient092_case01,IBC,IBC_patient057_0047.jpg,4,1.0,strong_75_plus,352,326,0.9367816091954023,0.9261363636363636,0.9261363636363636,0.8716577540106952,1,False
UNET_MTL_MASK_GUIDED,1,patient092,patient092_case01,IBC,IBC_patient057_0048.jpg,1,,off_target_fp,43,0,0.0,0.0,0.0,0.0,0,False
UNET_MTL_MASK_GUIDED,1,patient092,patient092_case01,IBC,IBC_patient057_0048.jpg,2,,off_target_fp,264,0,0.0,0.0,0.0,0.0,0,False
UNET_MTL_MASK_GUIDED,1,patient092,patient092_case01,IBC,IBC_patient057_0048.jpg,3,,off_target_fp,117,0,0.0,0.0,0.0,0.0,0,False
UNET_MTL_MASK_GUIDED,1,patient092,patient092_case01,IBC,IBC_patient057_0048.jpg,4,1.0,low_25_to_50,72,72,0.27692307692307694,1.0,0.27692307692307694,0.27692307692307694,1,False
UNET_MTL_MASK_GUIDED,1,patient099,patient099_case01,IGM,IGM_patient008_0049.jpg,1,,off_target_fp,107,0,0.0,0.0,0.0,0.0,0,False
UNET_MTL_MASK_GUIDED,1,patient099,patient099_case01,IGM,IGM_patient008_0049.jpg,2,1.0,partial_below_25,129,24,0.2857142857142857,0.18604651162790697,0.18604651162790697,0.12698412698412698,1,False
UNET_MTL_MASK_GUIDED,1,patient099,patient099_case01,IGM,IGM_patient008_0050.jpg,1,1.0,low_25_to_50,198,91,0.7844827586206896,0.4595959595959596,0.4595959595959596,0.4080717488789238,1,False
UNET_MTL_MASK_GUIDED,1,patient099,patient099_case01,IGM,IGM_patient008_0051.jpg,1,1.0,low_25_to_50,108,92,0.48936170212765956,0.8518518518518519,0.48936170212765956,0.45098039215686275,1,False
UNET_MTL_MASK_GUIDED,1,patient099,patient099_case01,IGM,IGM_patient008_0052.jpg,1,1.0,strong_75_plus,130,113,0.7635135135135135,0.8692307692307693,0.7635135135135135,0.6848484848484848,1,False
UNET_MTL_MASK_GUIDED,1,patient099,patient099_case01,IGM,IGM_patient008_0052.jpg,2,,off_target_fp,30,0,0.0,0.0,0.0,0.0,0,False
UNET_MTL_MASK_GUIDED,1,patient099,patient099_case01,IGM,IGM_patient008_0052.jpg,3,,off_target_fp,35,0,0.0,0.0,0.0,0.0,0,False
UNET_MTL_MASK_GUIDED,1,patient099,patient099_case01,IGM,IGM_patient008_0053.jpg,1,1.0,strong_75_plus,111,102,0.7727272727272727,0.918918918918919,0.7727272727272727,0.723404255319149,1,False
UNET_MTL_MASK_GUIDED,1,patient099,patient099_case01,IGM,IGM_patient008_0053.jpg,2,,off_target_fp,58,0,0.0,0.0,0.0,0.0,0,False
UNET_MTL_MASK_GUIDED,1,patient099,patient099_case01,IGM,IGM_patient008_0054.jpg,1,,off_target_fp,65,0,0.0,0.0,0.0,0.0,0,False
UNET_MTL_MASK_GUIDED,1,patient099,patient099_case01,IGM,IGM_patient008_0054.jpg,2,1.0,strong_75_plus,109,104,0.7878787878787878,0.9541284403669725,0.7878787878787878,0.7591240875912408,1,False
UNET_MTL_MASK_GUIDED,1,patient099,patient099_case01,IGM,IGM_patient008_0054.jpg,3,,off_target_fp,3,0,0.0,0.0,0.0,0.0,0,False
UNET_MTL_MASK_GUIDED,1,patient099,patient099_case01,IGM,IGM_patient008_0055.jpg,1,1.0,strong_75_plus,136,123,0.9044117647058824,0.9044117647058824,0.9044117647058824,0.825503355704698,1,False
UNET_MTL_MASK_GUIDED,1,patient099,patient099_case01,IGM,IGM_patient008_0055.jpg,2,,off_target_fp,68,0,0.0,0.0,0.0,0.0,0,False
UNET_MTL_MASK_GUIDED,1,patient099,patient099_case01,IGM,IGM_patient008_0056.jpg,1,,off_target_fp,84,0,0.0,0.0,0.0,0.0,0,False
UNET_MTL_MASK_GUIDED,1,patient099,patient099_case01,IGM,IGM_patient008_0056.jpg,2,,off_target_fp,49,0,0.0,0.0,0.0,0.0,0,False
UNET_MTL_MASK_GUIDED,1,patient099,patient099_case01,IGM,IGM_patient008_0056.jpg,3,1.0,moderate_50_to_75,126,110,0.6111111111111112,0.873015873015873,0.6111111111111112,0.5612244897959183,1,False
UNET_MTL_MASK_GUIDED,1,patient099,patient099_case01,IGM,IGM_patient008_0056.jpg,4,,off_target_fp,6,0,0.0,0.0,0.0,0.0,0,False
UNET_MTL_MASK_GUIDED,1,patient099,patient099_case01,IGM,IGM_patient008_0056.jpg,5,,off_target_fp,36,0,0.0,0.0,0.0,0.0,0,False
UNET_MTL_MASK_GUIDED,1,patient099,patient099_case01,IGM,IGM_patient008_0057.jpg,1,,off_target_fp,1,0,0.0,0.0,0.0,0.0,0,False
UNET_MTL_MASK_GUIDED,1,patient099,patient099_case01,IGM,IGM_patient008_0057.jpg,2,,off_target_fp,149,0,0.0,0.0,0.0,0.0,0,False
UNET_MTL_MASK_GUIDED,1,patient099,patient099_case01,IGM,IGM_patient008_0057.jpg,3,1.0,strong_75_plus,140,130,0.8125,0.9285714285714286,0.8125,0.7647058823529411,1,False
UNET_MTL_MASK_GUIDED,1,patient099,patient099_case01,IGM,IGM_patient008_0058.jpg,1,,off_target_fp,162,0,0.0,0.0,0.0,0.0,0,False
UNET_MTL_MASK_GUIDED,1,patient099,patient099_case01,IGM,IGM_patient008_0058.jpg,2,,off_target_fp,46,0,0.0,0.0,0.0,0.0,0,False
UNET_MTL_MASK_GUIDED,1,patient099,patient099_case01,IGM,IGM_patient008_0058.jpg,3,,off_target_fp,5,0,0.0,0.0,0.0,0.0,0,False
UNET_MTL_MASK_GUIDED,1,patient099,patient099_case01,IGM,IGM_patient008_0058.jpg,4,,off_target_fp,145,0,0.0,0.0,0.0,0.0,0,False
UNET_MTL_MASK_GUIDED,1,patient101,patient101_case01,IBC,IBC_patient009_0142.jpg,1,,off_target_fp,32,0,0.0,0.0,0.0,0.0,0,False
UNET_MTL_MASK_GUIDED,1,patient101,patient101_case01,IBC,IBC_patient009_0142.jpg,2,,off_target_fp,12,0,0.0,0.0,0.0,0.0,0,False
UNET_MTL_MASK_GUIDED,1,patient101,patient101_case01,IBC,IBC_patient009_0143.jpg,1,,off_target_fp,34,0,0.0,0.0,0.0,0.0,0,False
UNET_MTL_MASK_GUIDED,1,patient101,patient101_case01,IBC,IBC_patient009_0143.jpg,2,,off_target_fp,40,0,0.0,0.0,0.0,0.0,0,False
UNET_MTL_MASK_GUIDED,1,patient101,patient101_case01,IBC,IBC_patient009_0143.jpg,3,,off_target_fp,6,0,0.0,0.0,0.0,0.0,0,False
UNET_MTL_MASK_GUIDED,1,patient101,patient101_case01,IBC,IBC_patient009_0143.jpg,4,1.0,moderate_50_to_75,60,56,0.6666666666666666,0.9333333333333333,0.6666666666666666,0.6363636363636364,1,False
UNET_MTL_MASK_GUIDED,1,patient101,patient101_case01,IBC,IBC_patient009_0144.jpg,1,,off_target_fp,33,0,0.0,0.0,0.0,0.0,0,False
UNET_MTL_MASK_GUIDED,1,patient101,patient101_case01,IBC,IBC_patient009_0144.jpg,2,,off_target_fp,79,0,0.0,0.0,0.0,0.0,0,False
UNET_MTL_MASK_GUIDED,1,patient101,patient101_case01,IBC,IBC_patient009_0144.jpg,3,1.0,strong_75_plus,101,89,0.7946428571428571,0.8811881188118812,0.7946428571428571,0.717741935483871,1,False
UNET_MTL_MASK_GUIDED,1,patient101,patient101_case01,IBC,IBC_patient009_0145.jpg,1,,off_target_fp,30,0,0.0,0.0,0.0,0.0,0,False
UNET_MTL_MASK_GUIDED,1,patient101,patient101_case01,IBC,IBC_patient009_0145.jpg,2,,off_target_fp,70,0,0.0,0.0,0.0,0.0,0,False
UNET_MTL_MASK_GUIDED,1,patient101,patient101_case01,IBC,IBC_patient009_0145.jpg,3,1.0,moderate_50_to_75,123,91,0.875,0.7398373983739838,0.7398373983739838,0.6691176470588235,1,False
UNET_MTL_MASK_GUIDED,1,patient101,patient101_case01,IBC,IBC_patient009_0146.jpg,1,,off_target_fp,24,0,0.0,0.0,0.0,0.0,0,False
UNET_MTL_MASK_GUIDED,1,patient101,patient101_case01,IBC,IBC_patient009_0146.jpg,2,,off_target_fp,20,0,0.0,0.0,0.0,0.0,0,False
UNET_MTL_MASK_GUIDED,1,patient101,patient101_case01,IBC,IBC_patient009_0146.jpg,3,1.0,strong_75_plus,157,119,0.9296875,0.7579617834394905,0.7579617834394905,0.7168674698795181,1,False
UNET_MTL_MASK_GUIDED,1,patient101,patient101_case01,IBC,IBC_patient009_0147.jpg,1,,off_target_fp,35,0,0.0,0.0,0.0,0.0,0,False
UNET_MTL_MASK_GUIDED,1,patient101,patient101_case01,IBC,IBC_patient009_0147.jpg,2,1.0,moderate_50_to_75,188,127,0.9338235294117647,0.675531914893617,0.675531914893617,0.6446700507614214,1,False
UNET_MTL_MASK_GUIDED,1,patient101,patient101_case01,IBC,IBC_patient009_0148.jpg,1,,off_target_fp,189,0,0.0,0.0,0.0,0.0,0,False
UNET_MTL_MASK_GUIDED,1,patient101,patient101_case01,IBC,IBC_patient009_0148.jpg,2,1.0,moderate_50_to_75,214,155,0.9011627906976745,0.7242990654205608,0.7242990654205608,0.670995670995671,1,False
UNET_MTL_MASK_GUIDED,1,patient101,patient101_case01,IBC,IBC_patient009_0149.jpg,1,,off_target_fp,209,0,0.0,0.0,0.0,0.0,0,False
UNET_MTL_MASK_GUIDED,1,patient101,patient101_case01,IBC,IBC_patient009_0149.jpg,2,1.0,strong_75_plus,225,189,0.9086538461538461,0.84,0.84,0.7745901639344263,1,False
UNET_MTL_MASK_GUIDED,1,patient101,patient101_case01,IBC,IBC_patient009_0150.jpg,1,,off_target_fp,166,0,0.0,0.0,0.0,0.0,0,False
UNET_MTL_MASK_GUIDED,1,patient101,patient101_case01,IBC,IBC_patient009_0150.jpg,2,1.0,strong_75_plus,223,193,0.8935185185185185,0.8654708520179372,0.8654708520179372,0.7845528455284553,1,False
UNET_MTL_MASK_GUIDED,1,patient101,patient101_case01,IBC,IBC_patient009_0151.jpg,1,,off_target_fp,97,0,0.0,0.0,0.0,0.0,0,False
UNET_MTL_MASK_GUIDED,1,patient101,patient101_case01,IBC,IBC_patient009_0151.jpg,2,1.0,strong_75_plus,214,174,0.8877551020408163,0.8130841121495327,0.8130841121495327,0.7372881355932204,1,False
UNET_MTL_MASK_GUIDED,1,patient101,patient101_case01,IBC,IBC_patient009_0151.jpg,3,,off_target_fp,12,0,0.0,0.0,0.0,0.0,0,False
UNET_MTL_MASK_GUIDED,1,patient101,patient101_case01,IBC,IBC_patient009_0152.jpg,1,,off_target_fp,44,0,0.0,0.0,0.0,0.0,0,False
UNET_MTL_MASK_GUIDED,1,patient101,patient101_case01,IBC,IBC_patient009_0152.jpg,2,1.0,strong_75_plus,196,169,0.845,0.8622448979591837,0.845,0.7444933920704846,1,False
UNET_MTL_MASK_GUIDED,1,patient101,patient101_case01,IBC,IBC_patient009_0152.jpg,3,,off_target_fp,1,0,0.0,0.0,0.0,0.0,0,False
UNET_MTL_MASK_GUIDED,1,patient101,patient101_case01,IBC,IBC_patient009_0153.jpg,1,,off_target_fp,48,0,0.0,0.0,0.0,0.0,0,False
UNET_MTL_MASK_GUIDED,1,patient101,patient101_case01,IBC,IBC_patient009_0153.jpg,2,1.0,strong_75_plus,190,157,0.7548076923076923,0.8263157894736842,0.7548076923076923,0.6514522821576764,1,False
UNET_MTL_MASK_GUIDED,1,patient101,patient101_case01,IBC,IBC_patient009_0154.jpg,1,,off_target_fp,66,0,0.0,0.0,0.0,0.0,0,False
UNET_MTL_MASK_GUIDED,1,patient101,patient101_case01,IBC,IBC_patient009_0154.jpg,2,1.0,strong_75_plus,175,148,0.8604651162790697,0.8457142857142858,0.8457142857142858,0.7437185929648241,1,False
UNET_MTL_MASK_GUIDED,1,patient101,patient101_case01,IBC,IBC_patient009_0155.jpg,1,,off_target_fp,84,0,0.0,0.0,0.0,0.0,0,False
UNET_MTL_MASK_GUIDED,1,patient101,patient101_case01,IBC,IBC_patient009_0155.jpg,2,1.0,strong_75_plus,159,132,0.825,0.8301886792452831,0.825,0.7058823529411765,1,False
UNET_MTL_MASK_GUIDED,1,patient101,patient101_case01,IBC,IBC_patient009_0156.jpg,1,,off_target_fp,85,0,0.0,0.0,0.0,0.0,0,False
UNET_MTL_MASK_GUIDED,1,patient101,patient101_case01,IBC,IBC_patient009_0156.jpg,2,1.0,strong_75_plus,142,125,0.7621951219512195,0.8802816901408451,0.7621951219512195,0.6906077348066298,1,False
UNET_MTL_MASK_GUIDED,1,patient101,patient101_case01,IBC,IBC_patient009_0157.jpg,1,,off_target_fp,71,0,0.0,0.0,0.0,0.0,0,False
UNET_MTL_MASK_GUIDED,1,patient101,patient101_case01,IBC,IBC_patient009_0157.jpg,2,1.0,moderate_50_to_75,215,182,0.7109375,0.8465116279069768,0.7109375,0.629757785467128,1,False
UNET_MTL_MASK_GUIDED,1,patient101,patient101_case01,IBC,IBC_patient009_0157.jpg,3,,off_target_fp,3,0,0.0,0.0,0.0,0.0,0,False
UNET_MTL_MASK_GUIDED,1,patient101,patient101_case01,IBC,IBC_patient009_0158.jpg,1,,off_target_fp,46,0,0.0,0.0,0.0,0.0,0,False
UNET_MTL_MASK_GUIDED,1,patient101,patient101_case01,IBC,IBC_patient009_0158.jpg,2,1.0,strong_75_plus,268,238,0.8880597014925373,0.8880597014925373,0.8880597014925373,0.7986577181208053,1,False
UNET_MTL_MASK_GUIDED,1,patient101,patient101_case01,IBC,IBC_patient009_0158.jpg,3,,off_target_fp,28,0,0.0,0.0,0.0,0.0,0,False
UNET_MTL_MASK_GUIDED,1,patient101,patient101_case01,IBC,IBC_patient009_0159.jpg,1,,off_target_fp,10,0,0.0,0.0,0.0,0.0,0,False
UNET_MTL_MASK_GUIDED,1,patient101,patient101_case01,IBC,IBC_patient009_0159.jpg,2,1.0,strong_75_plus,293,239,0.93359375,0.8156996587030717,0.8156996587030717,0.7709677419354839,1,False
UNET_MTL_MASK_GUIDED,1,patient101,patient101_case01,IBC,IBC_patient009_0160.jpg,1,,off_target_fp,13,0,0.0,0.0,0.0,0.0,0,False
UNET_MTL_MASK_GUIDED,1,patient101,patient101_case01,IBC,IBC_patient009_0160.jpg,2,1.0,strong_75_plus,287,217,0.875,0.7560975609756098,0.7560975609756098,0.6823899371069182,1,False
UNET_MTL_MASK_GUIDED,1,patient101,patient101_case01,IBC,IBC_patient009_0161.jpg,1,1.0,strong_75_plus,259,211,0.8647540983606558,0.8146718146718147,0.8146718146718147,0.7226027397260274,1,False
UNET_MTL_MASK_GUIDED,1,patient101,patient101_case01,IBC,IBC_patient009_0162.jpg,1,1.0,strong_75_plus,264,243,0.8678571428571429,0.9204545454545454,0.8678571428571429,0.8073089700996677,1,False
UNET_MTL_MASK_GUIDED,1,patient101,patient101_case01,IBC,IBC_patient009_0163.jpg,1,1.0,strong_75_plus,230,219,0.8830645161290323,0.9521739130434783,0.8830645161290323,0.8455598455598455,1,False
UNET_MTL_MASK_GUIDED,1,patient101,patient101_case01,IBC,IBC_patient009_0163.jpg,2,,off_target_fp,10,0,0.0,0.0,0.0,0.0,0,False
UNET_MTL_MASK_GUIDED,1,patient101,patient101_case01,IBC,IBC_patient009_0164.jpg,1,1.0,moderate_50_to_75,185,181,0.7298387096774194,0.9783783783783784,0.7298387096774194,0.7182539682539683,1,False
UNET_MTL_MASK_GUIDED,1,patient101,patient101_case01,IBC,IBC_patient009_0165.jpg,1,1.0,strong_75_plus,125,122,0.782051282051282,0.976,0.782051282051282,0.7672955974842768,1,False
UNET_MTL_MASK_GUIDED,1,patient101,patient101_case01,IBC,IBC_patient009_0166.jpg,1,,off_target_fp,44,0,0.0,0.0,0.0,0.0,0,False
UNET_MTL_MASK_GUIDED,1,patient101,patient101_case01,IBC,IBC_patient009_0166.jpg,2,,off_target_fp,2,0,0.0,0.0,0.0,0.0,0,False
UNET_MTL_MASK_GUIDED,10,patient005,patient005_case01,IGM,IGM_patient011_0059.jpg,1,,off_target_fp,46,0,0.0,0.0,0.0,0.0,0,False
UNET_MTL_MASK_GUIDED,10,patient005,patient005_case01,IGM,IGM_patient011_0060.jpg,1,,off_target_fp,55,0,0.0,0.0,0.0,0.0,0,False
UNET_MTL_MASK_GUIDED,10,patient005,patient005_case01,IGM,IGM_patient011_0060.jpg,2,1.0,strong_75_plus,105,89,0.9270833333333334,0.8476190476190476,0.8476190476190476,0.7946428571428571,1,False
UNET_MTL_MASK_GUIDED,10,patient005,patient005_case01,IGM,IGM_patient011_0060.jpg,3,,off_target_fp,25,0,0.0,0.0,0.0,0.0,0,False
UNET_MTL_MASK_GUIDED,10,patient005,patient005_case01,IGM,IGM_patient011_0061.jpg,1,,off_target_fp,33,0,0.0,0.0,0.0,0.0,0,False
UNET_MTL_MASK_GUIDED,10,patient005,patient005_case01,IGM,IGM_patient011_0061.jpg,2,1.0,moderate_50_to_75,165,123,0.9609375,0.7454545454545455,0.7454545454545455,0.7235294117647059,1,False
UNET_MTL_MASK_GUIDED,10,patient005,patient005_case01,IGM,IGM_patient011_0062.jpg,1,1.0,moderate_50_to_75,104,74,0.6851851851851852,0.7115384615384616,0.6851851851851852,0.5362318840579711,1,False
UNET_MTL_MASK_GUIDED,10,patient005,patient005_case01,IGM,IGM_patient011_0063.jpg,1,1.0,moderate_50_to_75,57,44,0.5,0.7719298245614035,0.5,0.43564356435643564,1,False
UNET_MTL_MASK_GUIDED,10,patient005,patient005_case01,IGM,IGM_patient011_0063.jpg,2,,off_target_fp,15,0,0.0,0.0,0.0,0.0,0,False
UNET_MTL_MASK_GUIDED,10,patient005,patient005_case01,IGM,IGM_patient011_0064.jpg,1,1.0,low_25_to_50,54,39,0.42391304347826086,0.7222222222222222,0.42391304347826086,0.3644859813084112,1,False
UNET_MTL_MASK_GUIDED,10,patient005,patient005_case01,IGM,IGM_patient011_0065.jpg,1,,off_target_fp,136,0,0.0,0.0,0.0,0.0,0,False
UNET_MTL_MASK_GUIDED,10,patient005,patient005_case01,IGM,IGM_patient011_0065.jpg,2,1.0,strong_75_plus,77,59,0.8194444444444444,0.7662337662337663,0.7662337662337663,0.6555555555555556,1,False
UNET_MTL_MASK_GUIDED,10,patient005,patient005_case01,IGM,IGM_patient011_0066.jpg,1,,off_target_fp,230,0,0.0,0.0,0.0,0.0,0,False
UNET_MTL_MASK_GUIDED,10,patient008,patient008_case01,IGM,IGM_patient013_0079.jpg,1,,off_target_fp,56,0,0.0,0.0,0.0,0.0,0,False
UNET_MTL_MASK_GUIDED,10,patient008,patient008_case01,IGM,IGM_patient013_0080.jpg,1,,off_target_fp,60,0,0.0,0.0,0.0,0.0,0,False
UNET_MTL_MASK_GUIDED,10,patient008,patient008_case01,IGM,IGM_patient013_0080.jpg,2,,off_target_fp,69,0,0.0,0.0,0.0,0.0,0,False
UNET_MTL_MASK_GUIDED,10,patient008,patient008_case01,IGM,IGM_patient013_0080.jpg,3,,off_target_fp,60,0,0.0,0.0,0.0,0.0,0,False
UNET_MTL_MASK_GUIDED,10,patient008,patient008_case01,IGM,IGM_patient013_0081.jpg,1,,off_target_fp,49,0,0.0,0.0,0.0,0.0,0,False
UNET_MTL_MASK_GUIDED,10,patient008,patient008_case01,IGM,IGM_patient013_0081.jpg,2,,off_target_fp,24,0,0.0,0.0,0.0,0.0,0,False
UNET_MTL_MASK_GUIDED,10,patient008,patient008_case01,IGM,IGM_patient013_0081.jpg,3,,off_target_fp,42,0,0.0,0.0,0.0,0.0,0,False
UNET_MTL_MASK_GUIDED,10,patient008,patient008_case01,IGM,IGM_patient013_0082.jpg,1,,off_target_fp,84,0,0.0,0.0,0.0,0.0,0,False
UNET_MTL_MASK_GUIDED,10,patient008,patient008_case01,IGM,IGM_patient013_0082.jpg,2,,off_target_fp,23,0,0.0,0.0,0.0,0.0,0,False
UNET_MTL_MASK_GUIDED,10,patient014,patient014_case01,IBC,IBC_patient016_0135.jpg,1,,off_target_fp,59,0,0.0,0.0,0.0,0.0,0,False
UNET_MTL_MASK_GUIDED,10,patient014,patient014_case01,IBC,IBC_patient016_0135.jpg,2,1.0,strong_75_plus,108,93,0.775,0.8611111111111112,0.775,0.6888888888888889,1,False
UNET_MTL_MASK_GUIDED,10,patient014,patient014_case01,IBC,IBC_patient016_0136.jpg,1,,off_target_fp,127,0,0.0,0.0,0.0,0.0,0,False
UNET_MTL_MASK_GUIDED,10,patient014,patient014_case01,IBC,IBC_patient016_0136.jpg,2,1.0,strong_75_plus,166,155,0.842391304347826,0.9337349397590361,0.842391304347826,0.7948717948717948,1,False
UNET_MTL_MASK_GUIDED,10,patient014,patient014_case01,IBC,IBC_patient016_0137.jpg,1,,off_target_fp,153,0,0.0,0.0,0.0,0.0,0,False
UNET_MTL_MASK_GUIDED,10,patient014,patient014_case01,IBC,IBC_patient016_0137.jpg,2,1.0,strong_75_plus,209,200,0.9259259259259259,0.9569377990430622,0.9259259259259259,0.8888888888888888,1,False
UNET_MTL_MASK_GUIDED,10,patient014,patient014_case01,IBC,IBC_patient016_0138.jpg,1,,off_target_fp,155,0,0.0,0.0,0.0,0.0,0,False
UNET_MTL_MASK_GUIDED,10,patient014,patient014_case01,IBC,IBC_patient016_0138.jpg,2,1.0,strong_75_plus,226,195,0.9027777777777778,0.8628318584070797,0.8628318584070797,0.7894736842105263,1,False
UNET_MTL_MASK_GUIDED,10,patient014,patient014_case01,IBC,IBC_patient016_0138.jpg,3,,off_target_fp,53,0,0.0,0.0,0.0,0.0,0,False
UNET_MTL_MASK_GUIDED,10,patient014,patient014_case01,IBC,IBC_patient016_0139.jpg,1,,off_target_fp,154,0,0.0,0.0,0.0,0.0,0,False
UNET_MTL_MASK_GUIDED,10,patient014,patient014_case01,IBC,IBC_patient016_0139.jpg,2,1.0,strong_75_plus,257,240,0.8695652173913043,0.933852140077821,0.8695652173913043,0.8191126279863481,1,False
UNET_MTL_MASK_GUIDED,10,patient014,patient014_case01,IBC,IBC_patient016_0139.jpg,3,,off_target_fp,73,0,0.0,0.0,0.0,0.0,0,False
UNET_MTL_MASK_GUIDED,10,patient014,patient014_case01,IBC,IBC_patient016_0139.jpg,4,,off_target_fp,110,0,0.0,0.0,0.0,0.0,0,False
UNET_MTL_MASK_GUIDED,10,patient014,patient014_case01,IBC,IBC_patient016_0140.jpg,1,,off_target_fp,157,0,0.0,0.0,0.0,0.0,0,False
UNET_MTL_MASK_GUIDED,10,patient014,patient014_case01,IBC,IBC_patient016_0140.jpg,2,1.0,strong_75_plus,278,243,0.9642857142857143,0.8741007194244604,0.8741007194244604,0.8466898954703833,1,False
UNET_MTL_MASK_GUIDED,10,patient014,patient014_case01,IBC,IBC_patient016_0140.jpg,3,,off_target_fp,100,0,0.0,0.0,0.0,0.0,0,False
UNET_MTL_MASK_GUIDED,10,patient014,patient014_case01,IBC,IBC_patient016_0140.jpg,4,,off_target_fp,21,0,0.0,0.0,0.0,0.0,0,False
UNET_MTL_MASK_GUIDED,10,patient014,patient014_case01,IBC,IBC_patient016_0140.jpg,5,,off_target_fp,106,0,0.0,0.0,0.0,0.0,0,False
UNET_MTL_MASK_GUIDED,10,patient014,patient014_case01,IBC,IBC_patient016_0141.jpg,1,,off_target_fp,247,0,0.0,0.0,0.0,0.0,0,False
UNET_MTL_MASK_GUIDED,10,patient014,patient014_case01,IBC,IBC_patient016_0141.jpg,2,1.0,strong_75_plus,254,217,0.9194915254237288,0.8543307086614174,0.8543307086614174,0.7948717948717948,1,False
UNET_MTL_MASK_GUIDED,10,patient014,patient014_case01,IBC,IBC_patient016_0141.jpg,3,,off_target_fp,84,0,0.0,0.0,0.0,0.0,0,False
UNET_MTL_MASK_GUIDED,10,patient014,patient014_case01,IBC,IBC_patient016_0141.jpg,4,,off_target_fp,51,0,0.0,0.0,0.0,0.0,0,False
UNET_MTL_MASK_GUIDED,10,patient014,patient014_case01,IBC,IBC_patient016_0142.jpg,1,,off_target_fp,278,0,0.0,0.0,0.0,0.0,0,False
UNET_MTL_MASK_GUIDED,10,patient014,patient014_case01,IBC,IBC_patient016_0142.jpg,2,1.0,strong_75_plus,282,219,0.9605263157894737,0.776595744680851,0.776595744680851,0.7525773195876289,1,False
UNET_MTL_MASK_GUIDED,10,patient014,patient014_case01,IBC,IBC_patient016_0142.jpg,3,,off_target_fp,106,0,0.0,0.0,0.0,0.0,0,False
UNET_MTL_MASK_GUIDED,10,patient014,patient014_case01,IBC,IBC_patient016_0142.jpg,4,,off_target_fp,136,0,0.0,0.0,0.0,0.0,0,False
UNET_MTL_MASK_GUIDED,10,patient014,patient014_case01,IBC,IBC_patient016_0143.jpg,1,,off_target_fp,229,0,0.0,0.0,0.0,0.0,0,False
UNET_MTL_MASK_GUIDED,10,patient014,patient014_case01,IBC,IBC_patient016_0143.jpg,2,1.0,moderate_50_to_75,379,191,0.9744897959183674,0.503957783641161,0.503957783641161,0.4973958333333333,1,False
UNET_MTL_MASK_GUIDED,10,patient014,patient014_case01,IBC,IBC_patient016_0143.jpg,3,,off_target_fp,61,0,0.0,0.0,0.0,0.0,0,False
UNET_MTL_MASK_GUIDED,10,patient014,patient014_case01,IBC,IBC_patient016_0143.jpg,4,,off_target_fp,26,0,0.0,0.0,0.0,0.0,0,False
UNET_MTL_MASK_GUIDED,10,patient014,patient014_case01,IBC,IBC_patient016_0143.jpg,5,,off_target_fp,162,0,0.0,0.0,0.0,0.0,0,False
UNET_MTL_MASK_GUIDED,10,patient014,patient014_case01,IBC,IBC_patient016_0144.jpg,1,,off_target_fp,195,0,0.0,0.0,0.0,0.0,0,False
UNET_MTL_MASK_GUIDED,10,patient014,patient014_case01,IBC,IBC_patient016_0144.jpg,2,1.0,low_25_to_50,396,195,0.9948979591836735,0.49242424242424243,0.49242424242424243,0.491183879093199,1,False
UNET_MTL_MASK_GUIDED,10,patient014,patient014_case01,IBC,IBC_patient016_0144.jpg,3,,off_target_fp,90,0,0.0,0.0,0.0,0.0,0,False
UNET_MTL_MASK_GUIDED,10,patient014,patient014_case01,IBC,IBC_patient016_0145.jpg,1,,off_target_fp,83,0,0.0,0.0,0.0,0.0,0,False
UNET_MTL_MASK_GUIDED,10,patient014,patient014_case01,IBC,IBC_patient016_0145.jpg,2,,off_target_fp,235,0,0.0,0.0,0.0,0.0,0,False
UNET_MTL_MASK_GUIDED,10,patient014,patient014_case01,IBC,IBC_patient016_0145.jpg,3,1.0,moderate_50_to_75,319,233,0.9708333333333333,0.7304075235109718,0.7304075235109718,0.7147239263803681,1,False
UNET_MTL_MASK_GUIDED,10,patient014,patient014_case01,IBC,IBC_patient016_0145.jpg,4,,off_target_fp,15,0,0.0,0.0,0.0,0.0,0,False
UNET_MTL_MASK_GUIDED,10,patient014,patient014_case01,IBC,IBC_patient016_0146.jpg,1,,off_target_fp,132,0,0.0,0.0,0.0,0.0,0,False
UNET_MTL_MASK_GUIDED,10,patient014,patient014_case01,IBC,IBC_patient016_0146.jpg,2,,off_target_fp,256,0,0.0,0.0,0.0,0.0,0,False
UNET_MTL_MASK_GUIDED,10,patient014,patient014_case01,IBC,IBC_patient016_0146.jpg,3,1.0,strong_75_plus,288,225,0.9533898305084746,0.78125,0.78125,0.7525083612040134,1,False
UNET_MTL_MASK_GUIDED,10,patient014,patient014_case01,IBC,IBC_patient016_0147.jpg,1,,off_target_fp,161,0,0.0,0.0,0.0,0.0,0,False
UNET_MTL_MASK_GUIDED,10,patient014,patient014_case01,IBC,IBC_patient016_0147.jpg,2,,off_target_fp,253,0,0.0,0.0,0.0,0.0,0,False
UNET_MTL_MASK_GUIDED,10,patient014,patient014_case01,IBC,IBC_patient016_0147.jpg,3,1.0,strong_75_plus,221,190,0.8796296296296297,0.8597285067873304,0.8597285067873304,0.7692307692307693,1,False
UNET_MTL_MASK_GUIDED,10,patient014,patient014_case01,IBC,IBC_patient016_0148.jpg,1,,off_target_fp,181,0,0.0,0.0,0.0,0.0,0,False
UNET_MTL_MASK_GUIDED,10,patient014,patient014_case01,IBC,IBC_patient016_0148.jpg,2,,off_target_fp,122,0,0.0,0.0,0.0,0.0,0,False
UNET_MTL_MASK_GUIDED,10,patient014,patient014_case01,IBC,IBC_patient016_0148.jpg,3,1.0,moderate_50_to_75,144,135,0.703125,0.9375,0.703125,0.6716417910447762,1,False
UNET_MTL_MASK_GUIDED,10,patient014,patient014_case01,IBC,IBC_patient016_0149.jpg,1,,off_target_fp,179,0,0.0,0.0,0.0,0.0,0,False
UNET_MTL_MASK_GUIDED,10,patient014,patient014_case01,IBC,IBC_patient016_0149.jpg,2,1.0,partial_below_25,46,46,0.23469387755102042,1.0,0.23469387755102042,0.23469387755102042,1,False
UNET_MTL_MASK_GUIDED,10,patient014,patient014_case01,IBC,IBC_patient016_0149.jpg,3,,off_target_fp,50,0,0.0,0.0,0.0,0.0,0,False
UNET_MTL_MASK_GUIDED,10,patient014,patient014_case01,IBC,IBC_patient016_0150.jpg,1,,off_target_fp,143,0,0.0,0.0,0.0,0.0,0,False
UNET_MTL_MASK_GUIDED,10,patient014,patient014_case01,IBC,IBC_patient016_0150.jpg,2,,off_target_fp,42,0,0.0,0.0,0.0,0.0,0,False
UNET_MTL_MASK_GUIDED,10,patient014,patient014_case01,IBC,IBC_patient016_0151.jpg,1,,off_target_fp,117,0,0.0,0.0,0.0,0.0,0,False
UNET_MTL_MASK_GUIDED,10,patient014,patient014_case01,IBC,IBC_patient016_0151.jpg,2,,off_target_fp,37,0,0.0,0.0,0.0,0.0,0,False
UNET_MTL_MASK_GUIDED,10,patient014,patient014_case01,IBC,IBC_patient016_0151.jpg,3,,off_target_fp,70,0,0.0,0.0,0.0,0.0,0,False
UNET_MTL_MASK_GUIDED,10,patient015,patient015_case01,IGM,IGM_patient016_0051.jpg,1,,off_target_fp,125,0,0.0,0.0,0.0,0.0,0,False
UNET_MTL_MASK_GUIDED,10,patient015,patient015_case01,IGM,IGM_patient016_0051.jpg,2,,off_target_fp,461,0,0.0,0.0,0.0,0.0,0,False
UNET_MTL_MASK_GUIDED,10,patient015,patient015_case01,IGM,IGM_patient016_0051.jpg,3,,off_target_fp,291,0,0.0,0.0,0.0,0.0,0,False
UNET_MTL_MASK_GUIDED,10,patient015,patient015_case01,IGM,IGM_patient016_0051.jpg,4,1.0,strong_75_plus,101,83,0.8645833333333334,0.8217821782178217,0.8217821782178217,0.7280701754385965,1,False
UNET_MTL_MASK_GUIDED,10,patient015,patient015_case01,IGM,IGM_patient016_0051.jpg,5,,off_target_fp,30,0,0.0,0.0,0.0,0.0,0,False
UNET_MTL_MASK_GUIDED,10,patient015,patient015_case01,IGM,IGM_patient016_0052.jpg,1,,off_target_fp,153,0,0.0,0.0,0.0,0.0,0,False
UNET_MTL_MASK_GUIDED,10,patient015,patient015_case01,IGM,IGM_patient016_0052.jpg,2,,off_target_fp,569,0,0.0,0.0,0.0,0.0,0,False
UNET_MTL_MASK_GUIDED,10,patient015,patient015_case01,IGM,IGM_patient016_0052.jpg,3,1.0,moderate_50_to_75,187,122,0.9242424242424242,0.6524064171122995,0.6524064171122995,0.6192893401015228,1,False
UNET_MTL_MASK_GUIDED,10,patient015,patient015_case01,IGM,IGM_patient016_0052.jpg,4,,off_target_fp,11,0,0.0,0.0,0.0,0.0,0,False
UNET_MTL_MASK_GUIDED,10,patient015,patient015_case01,IGM,IGM_patient016_0053.jpg,1,,off_target_fp,94,0,0.0,0.0,0.0,0.0,0,False
UNET_MTL_MASK_GUIDED,10,patient015,patient015_case01,IGM,IGM_patient016_0053.jpg,2,,off_target_fp,568,0,0.0,0.0,0.0,0.0,0,False
UNET_MTL_MASK_GUIDED,10,patient015,patient015_case01,IGM,IGM_patient016_0053.jpg,3,1.0,strong_75_plus,191,172,0.7818181818181819,0.900523560209424,0.7818181818181819,0.7196652719665272,1,False
UNET_MTL_MASK_GUIDED,10,patient015,patient015_case01,IGM,IGM_patient016_0053.jpg,4,,off_target_fp,12,0,0.0,0.0,0.0,0.0,0,False
UNET_MTL_MASK_GUIDED,10,patient015,patient015_case01,IGM,IGM_patient016_0054.jpg,1,,off_target_fp,46,0,0.0,0.0,0.0,0.0,0,False
UNET_MTL_MASK_GUIDED,10,patient015,patient015_case01,IGM,IGM_patient016_0054.jpg,2,,off_target_fp,104,0,0.0,0.0,0.0,0.0,0,False
UNET_MTL_MASK_GUIDED,10,patient015,patient015_case01,IGM,IGM_patient016_0054.jpg,3,,off_target_fp,590,0,0.0,0.0,0.0,0.0,0,False
UNET_MTL_MASK_GUIDED,10,patient015,patient015_case01,IGM,IGM_patient016_0054.jpg,4,,off_target_fp,55,0,0.0,0.0,0.0,0.0,0,False
UNET_MTL_MASK_GUIDED,10,patient015,patient015_case01,IGM,IGM_patient016_0054.jpg,5,1.0,strong_75_plus,242,211,0.9254385964912281,0.871900826446281,0.871900826446281,0.8146718146718147,1,False
UNET_MTL_MASK_GUIDED,10,patient015,patient015_case01,IGM,IGM_patient016_0054.jpg,6,,off_target_fp,11,0,0.0,0.0,0.0,0.0,0,False
UNET_MTL_MASK_GUIDED,10,patient015,patient015_case01,IGM,IGM_patient016_0055.jpg,1,,off_target_fp,358,0,0.0,0.0,0.0,0.0,0,False
UNET_MTL_MASK_GUIDED,10,patient015,patient015_case01,IGM,IGM_patient016_0055.jpg,2,,off_target_fp,172,0,0.0,0.0,0.0,0.0,0,False
UNET_MTL_MASK_GUIDED,10,patient015,patient015_case01,IGM,IGM_patient016_0055.jpg,3,1.0,moderate_50_to_75,213,159,0.9244186046511628,0.7464788732394366,0.7464788732394366,0.7035398230088495,1,False
UNET_MTL_MASK_GUIDED,10,patient015,patient015_case01,IGM,IGM_patient016_0056.jpg,1,,off_target_fp,130,0,0.0,0.0,0.0,0.0,0,False
UNET_MTL_MASK_GUIDED,10,patient015,patient015_case01,IGM,IGM_patient016_0056.jpg,2,,off_target_fp,114,0,0.0,0.0,0.0,0.0,0,False
UNET_MTL_MASK_GUIDED,10,patient015,patient015_case01,IGM,IGM_patient016_0056.jpg,3,1.0,strong_75_plus,144,133,0.8525641025641025,0.9236111111111112,0.8525641025641025,0.7964071856287425,1,False
UNET_MTL_MASK_GUIDED,10,patient015,patient015_case01,IGM,IGM_patient016_0057.jpg,1,,off_target_fp,40,0,0.0,0.0,0.0,0.0,0,False
UNET_MTL_MASK_GUIDED,10,patient015,patient015_case01,IGM,IGM_patient016_0057.jpg,2,,off_target_fp,160,0,0.0,0.0,0.0,0.0,0,False
UNET_MTL_MASK_GUIDED,10,patient015,patient015_case01,IGM,IGM_patient016_0057.jpg,3,,off_target_fp,207,0,0.0,0.0,0.0,0.0,0,False
UNET_MTL_MASK_GUIDED,10,patient015,patient015_case01,IGM,IGM_patient016_0057.jpg,4,,off_target_fp,18,0,0.0,0.0,0.0,0.0,0,False
UNET_MTL_MASK_GUIDED,10,patient015,patient015_case01,IGM,IGM_patient016_0057.jpg,5,1.0,partial_below_25,21,21,0.21875,1.0,0.21875,0.21875,1,False
UNET_MTL_MASK_GUIDED,10,patient015,patient015_case01,IGM,IGM_patient016_0057.jpg,6,,off_target_fp,64,0,0.0,0.0,0.0,0.0,0,False
UNET_MTL_MASK_GUIDED,10,patient017,patient017_case01,IGM,IGM_patient017_0054.jpg,1,,off_target_fp,261,0,0.0,0.0,0.0,0.0,0,False
UNET_MTL_MASK_GUIDED,10,patient017,patient017_case01,IGM,IGM_patient017_0055.jpg,1,,off_target_fp,203,0,0.0,0.0,0.0,0.0,0,False
UNET_MTL_MASK_GUIDED,10,patient017,patient017_case01,IGM,IGM_patient017_0056.jpg,1,,off_target_fp,132,0,0.0,0.0,0.0,0.0,0,False
UNET_MTL_MASK_GUIDED,10,patient017,patient017_case01,IGM,IGM_patient017_0056.jpg,2,,off_target_fp,185,0,0.0,0.0,0.0,0.0,0,False
UNET_MTL_MASK_GUIDED,10,patient017,patient017_case01,IGM,IGM_patient017_0057.jpg,1,,off_target_fp,28,0,0.0,0.0,0.0,0.0,0,False
UNET_MTL_MASK_GUIDED,10,patient017,patient017_case01,IGM,IGM_patient017_0057.jpg,2,,off_target_fp,112,0,0.0,0.0,0.0,0.0,0,False
UNET_MTL_MASK_GUIDED,10,patient017,patient017_case01,IGM,IGM_patient017_0057.jpg,3,,off_target_fp,64,0,0.0,0.0,0.0,0.0,0,False
UNET_MTL_MASK_GUIDED,10,patient017,patient017_case01,IGM,IGM_patient017_0057.jpg,4,,off_target_fp,22,0,0.0,0.0,0.0,0.0,0,False
UNET_MTL_MASK_GUIDED,10,patient017,patient017_case01,IGM,IGM_patient017_0057.jpg,5,,off_target_fp,122,0,0.0,0.0,0.0,0.0,0,False
UNET_MTL_MASK_GUIDED,10,patient017,patient017_case01,IGM,IGM_patient017_0058.jpg,1,,off_target_fp,66,0,0.0,0.0,0.0,0.0,0,False
UNET_MTL_MASK_GUIDED,10,patient017,patient017_case01,IGM,IGM_patient017_0058.jpg,2,,off_target_fp,77,0,0.0,0.0,0.0,0.0,0,False
UNET_MTL_MASK_GUIDED,10,patient017,patient017_case01,IGM,IGM_patient017_0058.jpg,3,,off_target_fp,85,0,0.0,0.0,0.0,0.0,0,False
UNET_MTL_MASK_GUIDED,10,patient017,patient017_case01,IGM,IGM_patient017_0058.jpg,4,,off_target_fp,57,0,0.0,0.0,0.0,0.0,0,False
UNET_MTL_MASK_GUIDED,10,patient017,patient017_case01,IGM,IGM_patient017_0059.jpg,1,,off_target_fp,48,0,0.0,0.0,0.0,0.0,0,False
UNET_MTL_MASK_GUIDED,10,patient017,patient017_case01,IGM,IGM_patient017_0059.jpg,2,,off_target_fp,13,0,0.0,0.0,0.0,0.0,0,False
UNET_MTL_MASK_GUIDED,10,patient017,patient017_case01,IGM,IGM_patient017_0059.jpg,3,,off_target_fp,74,0,0.0,0.0,0.0,0.0,0,False
UNET_MTL_MASK_GUIDED,10,patient017,patient017_case01,IGM,IGM_patient017_0060.jpg,1,,off_target_fp,23,0,0.0,0.0,0.0,0.0,0,False
UNET_MTL_MASK_GUIDED,10,patient017,patient017_case01,IGM,IGM_patient017_0060.jpg,2,,off_target_fp,18,0,0.0,0.0,0.0,0.0,0,False
UNET_MTL_MASK_GUIDED,10,patient017,patient017_case01,IGM,IGM_patient017_0061.jpg,1,,off_target_fp,64,0,0.0,0.0,0.0,0.0,0,False
UNET_MTL_MASK_GUIDED,10,patient017,patient017_case01,IGM,IGM_patient017_0061.jpg,2,,off_target_fp,10,0,0.0,0.0,0.0,0.0,0,False
UNET_MTL_MASK_GUIDED,10,patient017,patient017_case01,IGM,IGM_patient017_0061.jpg,3,,off_target_fp,53,0,0.0,0.0,0.0,0.0,0,False
UNET_MTL_MASK_GUIDED,10,patient017,patient017_case01,IGM,IGM_patient017_0061.jpg,4,,off_target_fp,15,0,0.0,0.0,0.0,0.0,0,False
UNET_MTL_MASK_GUIDED,10,patient017,patient017_case01,IGM,IGM_patient017_0062.jpg,1,,off_target_fp,324,0,0.0,0.0,0.0,0.0,0,False
UNET_MTL_MASK_GUIDED,10,patient017,patient017_case01,IGM,IGM_patient017_0062.jpg,2,,off_target_fp,39,0,0.0,0.0,0.0,0.0,0,False
UNET_MTL_MASK_GUIDED,10,patient017,patient017_case01,IGM,IGM_patient017_0062.jpg,3,,off_target_fp,52,0,0.0,0.0,0.0,0.0,0,False
UNET_MTL_MASK_GUIDED,10,patient017,patient017_case01,IGM,IGM_patient017_0063.jpg,1,,off_target_fp,326,0,0.0,0.0,0.0,0.0,0,False
UNET_MTL_MASK_GUIDED,10,patient017,patient017_case01,IGM,IGM_patient017_0063.jpg,2,,off_target_fp,38,0,0.0,0.0,0.0,0.0,0,False
UNET_MTL_MASK_GUIDED,10,patient017,patient017_case01,IGM,IGM_patient017_0064.jpg,1,,off_target_fp,135,0,0.0,0.0,0.0,0.0,0,False
UNET_MTL_MASK_GUIDED,10,patient017,patient017_case01,IGM,IGM_patient017_0064.jpg,2,,off_target_fp,468,0,0.0,0.0,0.0,0.0,0,False
UNET_MTL_MASK_GUIDED,10,patient017,patient017_case01,IGM,IGM_patient017_0064.jpg,3,,off_target_fp,36,0,0.0,0.0,0.0,0.0,0,False
UNET_MTL_MASK_GUIDED,10,patient017,patient017_case01,IGM,IGM_patient017_0065.jpg,1,,off_target_fp,505,0,0.0,0.0,0.0,0.0,0,False
UNET_MTL_MASK_GUIDED,10,patient017,patient017_case01,IGM,IGM_patient017_0065.jpg,2,,off_target_fp,243,0,0.0,0.0,0.0,0.0,0,False
UNET_MTL_MASK_GUIDED,10,patient017,patient017_case01,IGM,IGM_patient017_0065.jpg,3,,off_target_fp,178,0,0.0,0.0,0.0,0.0,0,False
UNET_MTL_MASK_GUIDED,10,patient017,patient017_case01,IGM,IGM_patient017_0066.jpg,1,,off_target_fp,397,0,0.0,0.0,0.0,0.0,0,False
UNET_MTL_MASK_GUIDED,10,patient017,patient017_case01,IGM,IGM_patient017_0066.jpg,2,,off_target_fp,68,0,0.0,0.0,0.0,0.0,0,False
UNET_MTL_MASK_GUIDED,10,patient017,patient017_case01,IGM,IGM_patient017_0066.jpg,3,,off_target_fp,327,0,0.0,0.0,0.0,0.0,0,False
UNET_MTL_MASK_GUIDED,10,patient017,patient017_case01,IGM,IGM_patient017_0067.jpg,1,,off_target_fp,312,0,0.0,0.0,0.0,0.0,0,False
UNET_MTL_MASK_GUIDED,10,patient017,patient017_case01,IGM,IGM_patient017_0067.jpg,2,,off_target_fp,129,0,0.0,0.0,0.0,0.0,0,False
UNET_MTL_MASK_GUIDED,10,patient017,patient017_case01,IGM,IGM_patient017_0067.jpg,3,,off_target_fp,67,0,0.0,0.0,0.0,0.0,0,False
UNET_MTL_MASK_GUIDED,10,patient020,patient020_case01,IBC,IBC_patient019_0050.jpg,1,,off_target_fp,456,0,0.0,0.0,0.0,0.0,0,False
UNET_MTL_MASK_GUIDED,10,patient020,patient020_case01,IBC,IBC_patient019_0050.jpg,2,,off_target_fp,395,0,0.0,0.0,0.0,0.0,0,False
UNET_MTL_MASK_GUIDED,10,patient020,patient020_case01,IBC,IBC_patient019_0051.jpg,1,,off_target_fp,104,0,0.0,0.0,0.0,0.0,0,False
UNET_MTL_MASK_GUIDED,10,patient020,patient020_case01,IBC,IBC_patient019_0053.jpg,1,,off_target_fp,73,0,0.0,0.0,0.0,0.0,0,False
UNET_MTL_MASK_GUIDED,10,patient020,patient020_case01,IBC,IBC_patient019_0053.jpg,2,,off_target_fp,311,0,0.0,0.0,0.0,0.0,0,False
UNET_MTL_MASK_GUIDED,10,patient039,patient039_case01,IBC,IBC_patient002_0119.jpg,1,,off_target_fp,70,0,0.0,0.0,0.0,0.0,0,False
UNET_MTL_MASK_GUIDED,10,patient039,patient039_case01,IBC,IBC_patient002_0119.jpg,2,1.0,partial_below_25,24,24,0.03428571428571429,1.0,0.03428571428571429,0.03428571428571429,1,False
UNET_MTL_MASK_GUIDED,10,patient039,patient039_case01,IBC,IBC_patient002_0120.jpg,1,,off_target_fp,145,0,0.0,0.0,0.0,0.0,0,False
UNET_MTL_MASK_GUIDED,10,patient039,patient039_case01,IBC,IBC_patient002_0121.jpg,1,,off_target_fp,279,0,0.0,0.0,0.0,0.0,0,False
UNET_MTL_MASK_GUIDED,10,patient039,patient039_case01,IBC,IBC_patient002_0122.jpg,1,,off_target_fp,371,0,0.0,0.0,0.0,0.0,0,False
UNET_MTL_MASK_GUIDED,10,patient039,patient039_case01,IBC,IBC_patient002_0123.jpg,1,,off_target_fp,23,0,0.0,0.0,0.0,0.0,0,False
UNET_MTL_MASK_GUIDED,10,patient039,patient039_case01,IBC,IBC_patient002_0133.jpg,1,,off_target_fp,13,0,0.0,0.0,0.0,0.0,0,False
UNET_MTL_MASK_GUIDED,10,patient039,patient039_case01,IBC,IBC_patient002_0134.jpg,1,,off_target_fp,14,0,0.0,0.0,0.0,0.0,0,False
UNET_MTL_MASK_GUIDED,10,patient039,patient039_case01,IBC,IBC_patient002_0134.jpg,2,,off_target_fp,20,0,0.0,0.0,0.0,0.0,0,False
UNET_MTL_MASK_GUIDED,10,patient039,patient039_case01,IBC,IBC_patient002_0135.jpg,1,,off_target_fp,10,0,0.0,0.0,0.0,0.0,0,False
UNET_MTL_MASK_GUIDED,10,patient027,patient027_case01,IBC,IBC_patient022_0068.jpg,1,,off_target_fp,65,0,0.0,0.0,0.0,0.0,0,False
UNET_MTL_MASK_GUIDED,10,patient027,patient027_case01,IBC,IBC_patient022_0068.jpg,2,,off_target_fp,76,0,0.0,0.0,0.0,0.0,0,False
UNET_MTL_MASK_GUIDED,10,patient027,patient027_case01,IBC,IBC_patient022_0068.jpg,3,,off_target_fp,89,0,0.0,0.0,0.0,0.0,0,False
UNET_MTL_MASK_GUIDED,10,patient027,patient027_case01,IBC,IBC_patient022_0069.jpg,1,1.0,low_25_to_50,57,40,0.45454545454545453,0.7017543859649122,0.45454545454545453,0.38095238095238093,1,False
UNET_MTL_MASK_GUIDED,10,patient027,patient027_case01,IBC,IBC_patient022_0069.jpg,2,,off_target_fp,62,0,0.0,0.0,0.0,0.0,0,False
UNET_MTL_MASK_GUIDED,10,patient027,patient027_case01,IBC,IBC_patient022_0069.jpg,3,,off_target_fp,108,0,0.0,0.0,0.0,0.0,0,False
UNET_MTL_MASK_GUIDED,10,patient027,patient027_case01,IBC,IBC_patient022_0069.jpg,4,,off_target_fp,108,0,0.0,0.0,0.0,0.0,0,False
UNET_MTL_MASK_GUIDED,10,patient027,patient027_case01,IBC,IBC_patient022_0070.jpg,1,1.0,moderate_50_to_75,134,96,0.7058823529411765,0.7164179104477612,0.7058823529411765,0.5517241379310345,1,False
UNET_MTL_MASK_GUIDED,10,patient027,patient027_case01,IBC,IBC_patient022_0070.jpg,2,,off_target_fp,27,0,0.0,0.0,0.0,0.0,0,False
UNET_MTL_MASK_GUIDED,10,patient027,patient027_case01,IBC,IBC_patient022_0070.jpg,3,,off_target_fp,148,0,0.0,0.0,0.0,0.0,0,False
UNET_MTL_MASK_GUIDED,10,patient027,patient027_case01,IBC,IBC_patient022_0070.jpg,4,,off_target_fp,58,0,0.0,0.0,0.0,0.0,0,False
UNET_MTL_MASK_GUIDED,10,patient027,patient027_case01,IBC,IBC_patient022_0070.jpg,5,,off_target_fp,158,0,0.0,0.0,0.0,0.0,0,False
UNET_MTL_MASK_GUIDED,10,patient027,patient027_case01,IBC,IBC_patient022_0071.jpg,1,1.0,moderate_50_to_75,203,134,0.881578947368421,0.6600985221674877,0.6600985221674877,0.6063348416289592,1,False
UNET_MTL_MASK_GUIDED,10,patient027,patient027_case01,IBC,IBC_patient022_0071.jpg,2,,off_target_fp,56,0,0.0,0.0,0.0,0.0,0,False
UNET_MTL_MASK_GUIDED,10,patient027,patient027_case01,IBC,IBC_patient022_0071.jpg,3,,off_target_fp,124,0,0.0,0.0,0.0,0.0,0,False
UNET_MTL_MASK_GUIDED,10,patient027,patient027_case01,IBC,IBC_patient022_0072.jpg,1,1.0,strong_75_plus,176,133,0.9779411764705882,0.7556818181818182,0.7556818181818182,0.7430167597765364,1,False
UNET_MTL_MASK_GUIDED,10,patient027,patient027_case01,IBC,IBC_patient022_0072.jpg,2,,off_target_fp,52,0,0.0,0.0,0.0,0.0,0,False
UNET_MTL_MASK_GUIDED,10,patient027,patient027_case01,IBC,IBC_patient022_0073.jpg,1,1.0,strong_75_plus,79,66,0.7857142857142857,0.8354430379746836,0.7857142857142857,0.6804123711340206,1,False
UNET_MTL_MASK_GUIDED,10,patient027,patient027_case01,IBC,IBC_patient022_0073.jpg,2,,off_target_fp,44,0,0.0,0.0,0.0,0.0,0,False
UNET_MTL_MASK_GUIDED,10,patient027,patient027_case01,IBC,IBC_patient022_0073.jpg,3,,off_target_fp,10,0,0.0,0.0,0.0,0.0,0,False
UNET_MTL_MASK_GUIDED,10,patient027,patient027_case01,IBC,IBC_patient022_0073.jpg,4,,off_target_fp,15,0,0.0,0.0,0.0,0.0,0,False
UNET_MTL_MASK_GUIDED,10,patient027,patient027_case01,IBC,IBC_patient022_0074.jpg,1,,off_target_fp,51,0,0.0,0.0,0.0,0.0,0,False
UNET_MTL_MASK_GUIDED,10,patient027,patient027_case01,IBC,IBC_patient022_0074.jpg,2,,off_target_fp,33,0,0.0,0.0,0.0,0.0,0,False
UNET_MTL_MASK_GUIDED,10,patient027,patient027_case01,IBC,IBC_patient022_0074.jpg,3,,off_target_fp,107,0,0.0,0.0,0.0,0.0,0,False
UNET_MTL_MASK_GUIDED,10,patient027,patient027_case01,IBC,IBC_patient022_0074.jpg,4,,off_target_fp,531,0,0.0,0.0,0.0,0.0,0,False
UNET_MTL_MASK_GUIDED,10,patient032,patient032_case01,IBC,IBC_patient026_0064.jpg,1,,off_target_fp,61,0,0.0,0.0,0.0,0.0,0,False
UNET_MTL_MASK_GUIDED,10,patient032,patient032_case01,IBC,IBC_patient026_0064.jpg,2,1.0,moderate_50_to_75,468,251,0.996031746031746,0.5363247863247863,0.5363247863247863,0.535181236673774,1,False
UNET_MTL_MASK_GUIDED,10,patient032,patient032_case01,IBC,IBC_patient026_0064.jpg,3,,off_target_fp,81,0,0.0,0.0,0.0,0.0,0,False
UNET_MTL_MASK_GUIDED,10,patient032,patient032_case01,IBC,IBC_patient026_0065.jpg,1,,off_target_fp,192,0,0.0,0.0,0.0,0.0,0,False
UNET_MTL_MASK_GUIDED,10,patient032,patient032_case01,IBC,IBC_patient026_0065.jpg,2,1.0,moderate_50_to_75,548,399,0.9975,0.7281021897810219,0.7281021897810219,0.726775956284153,1,False
UNET_MTL_MASK_GUIDED,10,patient032,patient032_case01,IBC,IBC_patient026_0065.jpg,3,,off_target_fp,24,0,0.0,0.0,0.0,0.0,0,False
UNET_MTL_MASK_GUIDED,10,patient032,patient032_case01,IBC,IBC_patient026_0065.jpg,4,,off_target_fp,78,0,0.0,0.0,0.0,0.0,0,False
UNET_MTL_MASK_GUIDED,10,patient032,patient032_case01,IBC,IBC_patient026_0066.jpg,1,,off_target_fp,10,0,0.0,0.0,0.0,0.0,0,False
UNET_MTL_MASK_GUIDED,10,patient032,patient032_case01,IBC,IBC_patient026_0066.jpg,2,1.0,strong_75_plus,571,430,0.9953703703703703,0.7530647985989493,0.7530647985989493,0.7504363001745201,1,False
UNET_MTL_MASK_GUIDED,10,patient032,patient032_case01,IBC,IBC_patient026_0066.jpg,3,,off_target_fp,110,0,0.0,0.0,0.0,0.0,0,False
UNET_MTL_MASK_GUIDED,10,patient032,patient032_case01,IBC,IBC_patient026_0066.jpg,4,,off_target_fp,187,0,0.0,0.0,0.0,0.0,0,False
UNET_MTL_MASK_GUIDED,10,patient032,patient032_case01,IBC,IBC_patient026_0066.jpg,5,,off_target_fp,31,0,0.0,0.0,0.0,0.0,0,False
UNET_MTL_MASK_GUIDED,10,patient032,patient032_case01,IBC,IBC_patient026_0067.jpg,1,1.0,moderate_50_to_75,665,452,1.0,0.6796992481203008,0.6796992481203008,0.6796992481203008,1,False
UNET_MTL_MASK_GUIDED,10,patient032,patient032_case01,IBC,IBC_patient026_0067.jpg,2,,off_target_fp,48,0,0.0,0.0,0.0,0.0,0,False
UNET_MTL_MASK_GUIDED,10,patient032,patient032_case01,IBC,IBC_patient026_0067.jpg,3,,off_target_fp,93,0,0.0,0.0,0.0,0.0,0,False
UNET_MTL_MASK_GUIDED,10,patient032,patient032_case01,IBC,IBC_patient026_0067.jpg,4,,off_target_fp,33,0,0.0,0.0,0.0,0.0,0,False
UNET_MTL_MASK_GUIDED,10,patient032,patient032_case01,IBC,IBC_patient026_0067.jpg,5,,off_target_fp,162,0,0.0,0.0,0.0,0.0,0,False
UNET_MTL_MASK_GUIDED,10,patient032,patient032_case01,IBC,IBC_patient026_0067.jpg,6,,off_target_fp,11,0,0.0,0.0,0.0,0.0,0,False
UNET_MTL_MASK_GUIDED,10,patient032,patient032_case01,IBC,IBC_patient026_0068.jpg,1,,off_target_fp,10,0,0.0,0.0,0.0,0.0,0,False
UNET_MTL_MASK_GUIDED,10,patient032,patient032_case01,IBC,IBC_patient026_0068.jpg,2,1.0,strong_75_plus,618,482,0.9717741935483871,0.7799352750809061,0.7799352750809061,0.7626582278481012,1,False
UNET_MTL_MASK_GUIDED,10,patient032,patient032_case01,IBC,IBC_patient026_0068.jpg,3,,off_target_fp,58,0,0.0,0.0,0.0,0.0,0,False
UNET_MTL_MASK_GUIDED,10,patient032,patient032_case01,IBC,IBC_patient026_0068.jpg,4,,off_target_fp,31,0,0.0,0.0,0.0,0.0,0,False
UNET_MTL_MASK_GUIDED,10,patient032,patient032_case01,IBC,IBC_patient026_0068.jpg,5,,off_target_fp,137,0,0.0,0.0,0.0,0.0,0,False
UNET_MTL_MASK_GUIDED,10,patient032,patient032_case01,IBC,IBC_patient026_0069.jpg,1,1.0,strong_75_plus,390,336,0.9438202247191011,0.8615384615384616,0.8615384615384616,0.8195121951219512,1,False
UNET_MTL_MASK_GUIDED,10,patient032,patient032_case01,IBC,IBC_patient026_0069.jpg,2,,off_target_fp,36,0,0.0,0.0,0.0,0.0,0,False
UNET_MTL_MASK_GUIDED,10,patient032,patient032_case01,IBC,IBC_patient026_0069.jpg,3,,off_target_fp,147,0,0.0,0.0,0.0,0.0,0,False
UNET_MTL_MASK_GUIDED,10,patient032,patient032_case01,IBC,IBC_patient026_0070.jpg,1,,off_target_fp,59,0,0.0,0.0,0.0,0.0,0,False
UNET_MTL_MASK_GUIDED,10,patient032,patient032_case01,IBC,IBC_patient026_0070.jpg,2,1.0,strong_75_plus,130,105,0.9375,0.8076923076923077,0.8076923076923077,0.7664233576642335,1,False
UNET_MTL_MASK_GUIDED,10,patient032,patient032_case01,IBC,IBC_patient026_0070.jpg,3,,off_target_fp,157,0,0.0,0.0,0.0,0.0,0,False
UNET_MTL_MASK_GUIDED,10,patient035,patient035_case01,IBC,IBC_patient028_0114.jpg,1,,off_target_fp,121,0,0.0,0.0,0.0,0.0,0,False
UNET_MTL_MASK_GUIDED,10,patient035,patient035_case01,IBC,IBC_patient028_0115.jpg,1,,off_target_fp,82,0,0.0,0.0,0.0,0.0,0,False
UNET_MTL_MASK_GUIDED,10,patient035,patient035_case01,IBC,IBC_patient028_0115.jpg,2,1.0,strong_75_plus,451,418,0.9330357142857143,0.926829268292683,0.926829268292683,0.8690228690228691,1,False
UNET_MTL_MASK_GUIDED,10,patient035,patient035_case01,IBC,IBC_patient028_0116.jpg,1,,off_target_fp,181,0,0.0,0.0,0.0,0.0,0,False
UNET_MTL_MASK_GUIDED,10,patient035,patient035_case01,IBC,IBC_patient028_0116.jpg,2,1.0,moderate_50_to_75,747,560,0.9790209790209791,0.749665327978581,0.749665327978581,0.7378129117259552,1,False
UNET_MTL_MASK_GUIDED,10,patient035,patient035_case01,IBC,IBC_patient028_0117.jpg,1,1.0,moderate_50_to_75,1154,659,0.9806547619047619,0.57105719237435,0.57105719237435,0.5646958011996572,1,False
UNET_MTL_MASK_GUIDED,10,patient035,patient035_case01,IBC,IBC_patient028_0118.jpg,1,1.0,moderate_50_to_75,1372,793,0.99125,0.5779883381924198,0.5779883381924198,0.5750543872371283,1,False
UNET_MTL_MASK_GUIDED,10,patient035,patient035_case01,IBC,IBC_patient028_0119.jpg,1,1.0,moderate_50_to_75,1299,854,0.9660633484162896,0.657428791377983,0.657428791377983,0.6425884123401053,1,False
UNET_MTL_MASK_GUIDED,10,patient035,patient035_case01,IBC,IBC_patient028_0120.jpg,1,1.0,strong_75_plus,1359,1124,0.9183006535947712,0.8270787343635025,0.8270787343635025,0.77039067854695,1,False
UNET_MTL_MASK_GUIDED,10,patient035,patient035_case01,IBC,IBC_patient028_0120.jpg,2,,off_target_fp,99,0,0.0,0.0,0.0,0.0,0,False
UNET_MTL_MASK_GUIDED,10,patient035,patient035_case01,IBC,IBC_patient028_0121.jpg,1,1.0,strong_75_plus,1477,1188,0.954983922829582,0.8043331076506431,0.8043331076506431,0.7749510763209393,1,False
UNET_MTL_MASK_GUIDED,10,patient035,patient035_case01,IBC,IBC_patient028_0121.jpg,2,,off_target_fp,131,0,0.0,0.0,0.0,0.0,0,False
UNET_MTL_MASK_GUIDED,10,patient035,patient035_case01,IBC,IBC_patient028_0122.jpg,1,1.0,strong_75_plus,1596,1355,0.954225352112676,0.8489974937343359,0.8489974937343359,0.8157736303431667,1,False
UNET_MTL_MASK_GUIDED,10,patient035,patient035_case01,IBC,IBC_patient028_0122.jpg,2,,off_target_fp,164,0,0.0,0.0,0.0,0.0,0,False
UNET_MTL_MASK_GUIDED,10,patient035,patient035_case01,IBC,IBC_patient028_0123.jpg,1,1.0,strong_75_plus,1728,1515,0.7923640167364017,0.8767361111111112,0.7923640167364017,0.7129411764705882,1,False
UNET_MTL_MASK_GUIDED,10,patient035,patient035_case01,IBC,IBC_patient028_0123.jpg,2,,off_target_fp,165,0,0.0,0.0,0.0,0.0,0,False
UNET_MTL_MASK_GUIDED,10,patient035,patient035_case01,IBC,IBC_patient028_0124.jpg,1,1.0,strong_75_plus,1741,1481,0.7762054507337526,0.8506605399195865,0.7762054507337526,0.6831180811808119,1,False
UNET_MTL_MASK_GUIDED,10,patient035,patient035_case01,IBC,IBC_patient028_0124.jpg,2,,off_target_fp,149,0,0.0,0.0,0.0,0.0,0,False
UNET_MTL_MASK_GUIDED,10,patient035,patient035_case01,IBC,IBC_patient028_0125.jpg,1,1.0,moderate_50_to_75,1481,1360,0.6967213114754098,0.9182984469952734,0.6967213114754098,0.6560540279787748,1,False
UNET_MTL_MASK_GUIDED,10,patient035,patient035_case01,IBC,IBC_patient028_0125.jpg,2,,off_target_fp,19,0,0.0,0.0,0.0,0.0,0,False
UNET_MTL_MASK_GUIDED,10,patient035,patient035_case01,IBC,IBC_patient028_0125.jpg,3,,off_target_fp,121,0,0.0,0.0,0.0,0.0,0,False
UNET_MTL_MASK_GUIDED,10,patient035,patient035_case01,IBC,IBC_patient028_0126.jpg,1,1.0,low_25_to_50,923,886,0.43093385214007784,0.9599133261105092,0.43093385214007784,0.42331581462016243,1,False
UNET_MTL_MASK_GUIDED,10,patient035,patient035_case01,IBC,IBC_patient028_0126.jpg,2,,off_target_fp,135,0,0.0,0.0,0.0,0.0,0,False
UNET_MTL_MASK_GUIDED,10,patient035,patient035_case01,IBC,IBC_patient028_0126.jpg,3,,off_target_fp,104,0,0.0,0.0,0.0,0.0,0,False
UNET_MTL_MASK_GUIDED,10,patient035,patient035_case01,IBC,IBC_patient028_0127.jpg,1,1.0,low_25_to_50,647,647,0.27048494983277593,1.0,0.27048494983277593,0.27048494983277593,1,False
UNET_MTL_MASK_GUIDED,10,patient035,patient035_case01,IBC,IBC_patient028_0127.jpg,2,,off_target_fp,88,0,0.0,0.0,0.0,0.0,0,False
UNET_MTL_MASK_GUIDED,10,patient035,patient035_case01,IBC,IBC_patient028_0127.jpg,3,,off_target_fp,82,0,0.0,0.0,0.0,0.0,0,False
UNET_MTL_MASK_GUIDED,10,patient035,patient035_case01,IBC,IBC_patient028_0128.jpg,1,1.0,low_25_to_50,584,581,0.25393356643356646,0.9948630136986302,0.25393356643356646,0.2536010475774771,1,False
UNET_MTL_MASK_GUIDED,10,patient035,patient035_case01,IBC,IBC_patient028_0128.jpg,2,,off_target_fp,59,0,0.0,0.0,0.0,0.0,0,False
UNET_MTL_MASK_GUIDED,10,patient035,patient035_case01,IBC,IBC_patient028_0129.jpg,1,1.0,low_25_to_50,723,716,0.3134851138353765,0.9903181189488244,0.3134851138353765,0.31252728066346575,1,False
UNET_MTL_MASK_GUIDED,10,patient035,patient035_case01,IBC,IBC_patient028_0130.jpg,1,1.0,low_25_to_50,1012,982,0.44636363636363635,0.9703557312252964,0.44636363636363635,0.44035874439461886,1,False
UNET_MTL_MASK_GUIDED,10,patient035,patient035_case01,IBC,IBC_patient028_0131.jpg,1,1.0,low_25_to_50,1137,1097,0.47695652173913045,0.9648197009674582,0.47695652173913045,0.4688034188034188,1,False
UNET_MTL_MASK_GUIDED,10,patient035,patient035_case01,IBC,IBC_patient028_0131.jpg,2,1.0,partial_below_25,137,136,0.059130434782608696,0.9927007299270073,0.059130434782608696,0.05910473707083876,1,False
UNET_MTL_MASK_GUIDED,10,patient035,patient035_case01,IBC,IBC_patient028_0132.jpg,1,1.0,low_25_to_50,1022,1009,0.4349137931034483,0.987279843444227,0.4349137931034483,0.4324903557651093,1,False
UNET_MTL_MASK_GUIDED,10,patient035,patient035_case01,IBC,IBC_patient028_0132.jpg,2,1.0,partial_below_25,187,179,0.0771551724137931,0.9572192513368984,0.0771551724137931,0.07689003436426117,1,False
UNET_MTL_MASK_GUIDED,10,patient035,patient035_case01,IBC,IBC_patient028_0133.jpg,1,1.0,low_25_to_50,715,697,0.33381226053639845,0.9748251748251748,0.33381226053639845,0.3309591642924976,1,False
UNET_MTL_MASK_GUIDED,10,patient035,patient035_case01,IBC,IBC_patient028_0133.jpg,2,1.0,partial_below_25,146,145,0.06944444444444445,0.9931506849315068,0.06944444444444445,0.06941120153183342,1,False
UNET_MTL_MASK_GUIDED,10,patient035,patient035_case01,IBC,IBC_patient028_0134.jpg,1,1.0,partial_below_25,262,259,0.125484496124031,0.9885496183206107,0.125484496124031,0.12530237058538946,1,False
UNET_MTL_MASK_GUIDED,10,patient035,patient035_case01,IBC,IBC_patient028_0135.jpg,1,1.0,partial_below_25,154,137,0.06474480151228733,0.8896103896103896,0.06474480151228733,0.06422878574777309,1,False
UNET_MTL_MASK_GUIDED,10,patient035,patient035_case01,IBC,IBC_patient028_0136.jpg,1,1.0,partial_below_25,137,125,0.05661231884057971,0.9124087591240876,0.05661231884057971,0.05630630630630631,1,False
UNET_MTL_MASK_GUIDED,10,patient035,patient035_case01,IBC,IBC_patient028_0137.jpg,1,1.0,partial_below_25,181,180,0.08946322067594434,0.994475138121547,0.08946322067594434,0.08941877794336811,1,False
UNET_MTL_MASK_GUIDED,10,patient035,patient035_case01,IBC,IBC_patient028_0138.jpg,1,1.0,partial_below_25,211,195,0.09521484375,0.9241706161137441,0.09521484375,0.09447674418604651,1,False
UNET_MTL_MASK_GUIDED,10,patient035,patient035_case01,IBC,IBC_patient028_0142.jpg,1,1.0,partial_below_25,115,98,0.06464379947229551,0.8521739130434782,0.06464379947229551,0.0639269406392694,1,False
UNET_MTL_MASK_GUIDED,10,patient035,patient035_case01,IBC,IBC_patient028_0143.jpg,1,1.0,partial_below_25,96,68,0.050746268656716415,0.7083333333333334,0.050746268656716415,0.049707602339181284,1,False
UNET_MTL_MASK_GUIDED,10,patient035,patient035_case01,IBC,IBC_patient028_0144.jpg,1,1.0,partial_below_25,44,40,0.035211267605633804,0.9090909090909091,0.035211267605633804,0.03508771929824561,1,False
UNET_MTL_MASK_GUIDED,10,patient035,patient035_case01,IBC,IBC_patient028_0144.jpg,2,1.0,partial_below_25,22,22,0.01936619718309859,1.0,0.01936619718309859,0.01936619718309859,1,False
UNET_MTL_MASK_GUIDED,10,patient035,patient035_case01,IBC,IBC_patient028_0145.jpg,1,1.0,low_25_to_50,308,304,0.31020408163265306,0.987012987012987,0.31020408163265306,0.3089430894308943,1,False
UNET_MTL_MASK_GUIDED,10,patient035,patient035_case01,IBC,IBC_patient028_0146.jpg,1,1.0,low_25_to_50,476,476,0.4541984732824427,1.0,0.4541984732824427,0.4541984732824427,1,False
UNET_MTL_MASK_GUIDED,10,patient035,patient035_case01,IBC,IBC_patient028_0147.jpg,1,1.0,low_25_to_50,379,368,0.359375,0.9709762532981531,0.359375,0.35555555555555557,1,False
UNET_MTL_MASK_GUIDED,10,patient035,patient035_case01,IBC,IBC_patient028_0148.jpg,1,1.0,partial_below_25,217,207,0.23847926267281105,0.9539170506912442,0.23847926267281105,0.2357630979498861,1,False
UNET_MTL_MASK_GUIDED,10,patient035,patient035_case01,IBC,IBC_patient028_0150.jpg,1,,off_target_fp,92,0,0.0,0.0,0.0,0.0,0,False
UNET_MTL_MASK_GUIDED,10,patient034,patient034_case01,IGM,IGM_patient028_0050.jpg,1,1.0,strong_75_plus,266,221,0.86328125,0.8308270676691729,0.8308270676691729,0.7342192691029901,1,False
UNET_MTL_MASK_GUIDED,10,patient034,patient034_case01,IGM,IGM_patient028_0051.jpg,1,1.0,strong_75_plus,314,251,0.8595890410958904,0.7993630573248408,0.7993630573248408,0.7070422535211267,1,False
UNET_MTL_MASK_GUIDED,10,patient034,patient034_case01,IGM,IGM_patient028_0052.jpg,1,,off_target_fp,95,0,0.0,0.0,0.0,0.0,0,False
UNET_MTL_MASK_GUIDED,10,patient034,patient034_case01,IGM,IGM_patient028_0052.jpg,2,,off_target_fp,13,0,0.0,0.0,0.0,0.0,0,False
UNET_MTL_MASK_GUIDED,10,patient034,patient034_case01,IGM,IGM_patient028_0052.jpg,3,1.0,strong_75_plus,337,256,0.9142857142857143,0.7596439169139466,0.7596439169139466,0.7091412742382271,1,False
UNET_MTL_MASK_GUIDED,10,patient034,patient034_case01,IGM,IGM_patient028_0053.jpg,1,,off_target_fp,223,0,0.0,0.0,0.0,0.0,0,False
UNET_MTL_MASK_GUIDED,10,patient034,patient034_case01,IGM,IGM_patient028_0053.jpg,2,,off_target_fp,73,0,0.0,0.0,0.0,0.0,0,False
UNET_MTL_MASK_GUIDED,10,patient034,patient034_case01,IGM,IGM_patient028_0053.jpg,3,1.0,strong_75_plus,329,257,0.9589552238805971,0.7811550151975684,0.7811550151975684,0.7558823529411764,1,False
UNET_MTL_MASK_GUIDED,10,patient034,patient034_case01,IGM,IGM_patient028_0054.jpg,1,,off_target_fp,293,0,0.0,0.0,0.0,0.0,0,False
UNET_MTL_MASK_GUIDED,10,patient034,patient034_case01,IGM,IGM_patient028_0054.jpg,2,1.0,strong_75_plus,295,263,0.9528985507246377,0.8915254237288136,0.8915254237288136,0.8538961038961039,1,False
UNET_MTL_MASK_GUIDED,10,patient034,patient034_case01,IGM,IGM_patient028_0054.jpg,3,,off_target_fp,10,0,0.0,0.0,0.0,0.0,0,False
UNET_MTL_MASK_GUIDED,10,patient034,patient034_case01,IGM,IGM_patient028_0054.jpg,4,,off_target_fp,37,0,0.0,0.0,0.0,0.0,0,False
UNET_MTL_MASK_GUIDED,10,patient034,patient034_case01,IGM,IGM_patient028_0055.jpg,1,,off_target_fp,234,0,0.0,0.0,0.0,0.0,0,False
UNET_MTL_MASK_GUIDED,10,patient034,patient034_case01,IGM,IGM_patient028_0055.jpg,2,,off_target_fp,41,0,0.0,0.0,0.0,0.0,0,False
UNET_MTL_MASK_GUIDED,10,patient034,patient034_case01,IGM,IGM_patient028_0055.jpg,3,1.0,strong_75_plus,273,250,0.946969696969697,0.9157509157509157,0.9157509157509157,0.8710801393728222,1,False
UNET_MTL_MASK_GUIDED,10,patient034,patient034_case01,IGM,IGM_patient028_0055.jpg,4,,off_target_fp,165,0,0.0,0.0,0.0,0.0,0,False
UNET_MTL_MASK_GUIDED,10,patient034,patient034_case01,IGM,IGM_patient028_0056.jpg,1,,off_target_fp,222,0,0.0,0.0,0.0,0.0,0,False
UNET_MTL_MASK_GUIDED,10,patient034,patient034_case01,IGM,IGM_patient028_0056.jpg,2,,off_target_fp,42,0,0.0,0.0,0.0,0.0,0,False
UNET_MTL_MASK_GUIDED,10,patient034,patient034_case01,IGM,IGM_patient028_0056.jpg,3,,off_target_fp,93,0,0.0,0.0,0.0,0.0,0,False
UNET_MTL_MASK_GUIDED,10,patient034,patient034_case01,IGM,IGM_patient028_0056.jpg,4,1.0,strong_75_plus,241,219,0.9439655172413793,0.9087136929460581,0.9087136929460581,0.8622047244094488,1,False
UNET_MTL_MASK_GUIDED,10,patient034,patient034_case01,IGM,IGM_patient028_0057.jpg,1,,off_target_fp,188,0,0.0,0.0,0.0,0.0,0,False
UNET_MTL_MASK_GUIDED,10,patient034,patient034_case01,IGM,IGM_patient028_0057.jpg,2,,off_target_fp,722,0,0.0,0.0,0.0,0.0,0,False
UNET_MTL_MASK_GUIDED,10,patient034,patient034_case01,IGM,IGM_patient028_0057.jpg,3,1.0,moderate_50_to_75,166,117,0.9435483870967742,0.7048192771084337,0.7048192771084337,0.6763005780346821,1,False
UNET_MTL_MASK_GUIDED,10,patient034,patient034_case01,IGM,IGM_patient028_0057.jpg,4,,off_target_fp,24,0,0.0,0.0,0.0,0.0,0,False
UNET_MTL_MASK_GUIDED,10,patient034,patient034_case01,IGM,IGM_patient028_0057.jpg,5,,off_target_fp,24,0,0.0,0.0,0.0,0.0,0,False
UNET_MTL_MASK_GUIDED,10,patient034,patient034_case01,IGM,IGM_patient028_0058.jpg,1,,off_target_fp,97,0,0.0,0.0,0.0,0.0,0,False
UNET_MTL_MASK_GUIDED,10,patient034,patient034_case01,IGM,IGM_patient028_0058.jpg,2,,off_target_fp,79,0,0.0,0.0,0.0,0.0,0,False
UNET_MTL_MASK_GUIDED,10,patient034,patient034_case01,IGM,IGM_patient028_0058.jpg,3,1.0,strong_75_plus,78,68,0.8095238095238095,0.8717948717948718,0.8095238095238095,0.723404255319149,1,False
UNET_MTL_MASK_GUIDED,10,patient034,patient034_case01,IGM,IGM_patient028_0058.jpg,4,,off_target_fp,35,0,0.0,0.0,0.0,0.0,0,False
UNET_MTL_MASK_GUIDED,10,patient034,patient034_case01,IGM,IGM_patient028_0058.jpg,5,,off_target_fp,24,0,0.0,0.0,0.0,0.0,0,False
UNET_MTL_MASK_GUIDED,10,patient034,patient034_case01,IGM,IGM_patient028_0058.jpg,6,,off_target_fp,26,0,0.0,0.0,0.0,0.0,0,False
UNET_MTL_MASK_GUIDED,10,patient041,patient041_case01,IGM,IGM_patient031_0053.jpg,1,1.0,moderate_50_to_75,89,66,0.868421052631579,0.7415730337078652,0.7415730337078652,0.6666666666666666,1,False
UNET_MTL_MASK_GUIDED,10,patient041,patient041_case01,IGM,IGM_patient031_0054.jpg,1,1.0,strong_75_plus,197,177,0.9414893617021277,0.8984771573604061,0.8984771573604061,0.8509615384615384,1,False
UNET_MTL_MASK_GUIDED,10,patient041,patient041_case01,IGM,IGM_patient031_0054.jpg,2,,off_target_fp,91,0,0.0,0.0,0.0,0.0,0,False
UNET_MTL_MASK_GUIDED,10,patient041,patient041_case01,IGM,IGM_patient031_0055.jpg,1,1.0,strong_75_plus,267,257,0.8801369863013698,0.9625468164794008,0.8801369863013698,0.8509933774834437,1,False
UNET_MTL_MASK_GUIDED,10,patient041,patient041_case01,IGM,IGM_patient031_0055.jpg,2,,off_target_fp,140,0,0.0,0.0,0.0,0.0,0,False
UNET_MTL_MASK_GUIDED,10,patient041,patient041_case01,IGM,IGM_patient031_0056.jpg,1,1.0,moderate_50_to_75,213,182,0.7338709677419355,0.8544600938967136,0.7338709677419355,0.6523297491039427,1,False
UNET_MTL_MASK_GUIDED,10,patient041,patient041_case01,IGM,IGM_patient031_0056.jpg,2,,off_target_fp,36,0,0.0,0.0,0.0,0.0,0,False
UNET_MTL_MASK_GUIDED,10,patient041,patient041_case01,IGM,IGM_patient031_0056.jpg,3,,off_target_fp,29,0,0.0,0.0,0.0,0.0,0,False
UNET_MTL_MASK_GUIDED,10,patient041,patient041_case01,IGM,IGM_patient031_0057.jpg,1,1.0,moderate_50_to_75,218,203,0.7355072463768116,0.9311926605504587,0.7355072463768116,0.697594501718213,1,False
UNET_MTL_MASK_GUIDED,10,patient041,patient041_case01,IGM,IGM_patient031_0057.jpg,2,,off_target_fp,52,0,0.0,0.0,0.0,0.0,0,False
UNET_MTL_MASK_GUIDED,10,patient041,patient041_case01,IGM,IGM_patient031_0057.jpg,3,,off_target_fp,64,0,0.0,0.0,0.0,0.0,0,False
UNET_MTL_MASK_GUIDED,10,patient041,patient041_case01,IGM,IGM_patient031_0058.jpg,1,1.0,moderate_50_to_75,190,182,0.6691176470588235,0.9578947368421052,0.6691176470588235,0.65,1,False
UNET_MTL_MASK_GUIDED,10,patient041,patient041_case01,IGM,IGM_patient031_0058.jpg,2,,off_target_fp,104,0,0.0,0.0,0.0,0.0,0,False
UNET_MTL_MASK_GUIDED,10,patient041,patient041_case01,IGM,IGM_patient031_0058.jpg,3,,off_target_fp,56,0,0.0,0.0,0.0,0.0,0,False
UNET_MTL_MASK_GUIDED,10,patient047,patient047_case01,IBC,IBC_patient035_0130.jpg,1,,off_target_fp,114,0,0.0,0.0,0.0,0.0,0,False
UNET_MTL_MASK_GUIDED,10,patient047,patient047_case01,IBC,IBC_patient035_0131.jpg,1,,off_target_fp,112,0,0.0,0.0,0.0,0.0,0,False
UNET_MTL_MASK_GUIDED,10,patient047,patient047_case01,IBC,IBC_patient035_0132.jpg,1,,off_target_fp,104,0,0.0,0.0,0.0,0.0,0,False
UNET_MTL_MASK_GUIDED,10,patient047,patient047_case01,IBC,IBC_patient035_0134.jpg,1,,off_target_fp,65,0,0.0,0.0,0.0,0.0,0,False
UNET_MTL_MASK_GUIDED,10,patient047,patient047_case01,IBC,IBC_patient035_0134.jpg,2,1.0,partial_below_25,80,80,0.2,1.0,0.2,0.2,1,False
UNET_MTL_MASK_GUIDED,10,patient047,patient047_case01,IBC,IBC_patient035_0135.jpg,1,,off_target_fp,105,0,0.0,0.0,0.0,0.0,0,False
UNET_MTL_MASK_GUIDED,10,patient047,patient047_case01,IBC,IBC_patient035_0135.jpg,2,,off_target_fp,16,0,0.0,0.0,0.0,0.0,0,False
UNET_MTL_MASK_GUIDED,10,patient047,patient047_case01,IBC,IBC_patient035_0135.jpg,3,1.0,partial_below_25,58,58,0.14646464646464646,1.0,0.14646464646464646,0.14646464646464646,1,False
UNET_MTL_MASK_GUIDED,10,patient047,patient047_case01,IBC,IBC_patient035_0136.jpg,1,,off_target_fp,102,0,0.0,0.0,0.0,0.0,0,False
UNET_MTL_MASK_GUIDED,10,patient047,patient047_case01,IBC,IBC_patient035_0136.jpg,2,,off_target_fp,10,0,0.0,0.0,0.0,0.0,0,False
UNET_MTL_MASK_GUIDED,10,patient047,patient047_case01,IBC,IBC_patient035_0136.jpg,3,1.0,moderate_50_to_75,205,203,0.6041666666666666,0.9902439024390244,0.6041666666666666,0.6005917159763313,1,False
UNET_MTL_MASK_GUIDED,10,patient047,patient047_case01,IBC,IBC_patient035_0137.jpg,1,,off_target_fp,123,0,0.0,0.0,0.0,0.0,0,False
UNET_MTL_MASK_GUIDED,10,patient047,patient047_case01,IBC,IBC_patient035_0137.jpg,2,,off_target_fp,14,0,0.0,0.0,0.0,0.0,0,False
UNET_MTL_MASK_GUIDED,10,patient047,patient047_case01,IBC,IBC_patient035_0137.jpg,3,1.0,low_25_to_50,142,139,0.45723684210526316,0.9788732394366197,0.45723684210526316,0.4527687296416938,1,False
UNET_MTL_MASK_GUIDED,10,patient047,patient047_case01,IBC,IBC_patient035_0138.jpg,1,,off_target_fp,173,0,0.0,0.0,0.0,0.0,0,False
UNET_MTL_MASK_GUIDED,10,patient047,patient047_case01,IBC,IBC_patient035_0138.jpg,2,,off_target_fp,99,0,0.0,0.0,0.0,0.0,0,False
UNET_MTL_MASK_GUIDED,10,patient047,patient047_case01,IBC,IBC_patient035_0138.jpg,3,1.0,low_25_to_50,93,87,0.31985294117647056,0.9354838709677419,0.31985294117647056,0.3129496402877698,1,False
UNET_MTL_MASK_GUIDED,10,patient047,patient047_case01,IBC,IBC_patient035_0139.jpg,1,,off_target_fp,185,0,0.0,0.0,0.0,0.0,0,False
UNET_MTL_MASK_GUIDED,10,patient047,patient047_case01,IBC,IBC_patient035_0139.jpg,2,,off_target_fp,35,0,0.0,0.0,0.0,0.0,0,False
UNET_MTL_MASK_GUIDED,10,patient047,patient047_case01,IBC,IBC_patient035_0139.jpg,3,,off_target_fp,181,0,0.0,0.0,0.0,0.0,0,False
UNET_MTL_MASK_GUIDED,10,patient047,patient047_case01,IBC,IBC_patient035_0139.jpg,4,1.0,partial_below_25,48,48,0.21818181818181817,1.0,0.21818181818181817,0.21818181818181817,1,False
UNET_MTL_MASK_GUIDED,10,patient047,patient047_case01,IBC,IBC_patient035_0140.jpg,1,,off_target_fp,151,0,0.0,0.0,0.0,0.0,0,False
UNET_MTL_MASK_GUIDED,10,patient047,patient047_case01,IBC,IBC_patient035_0140.jpg,2,,off_target_fp,96,0,0.0,0.0,0.0,0.0,0,False
UNET_MTL_MASK_GUIDED,10,patient047,patient047_case01,IBC,IBC_patient035_0140.jpg,3,,off_target_fp,60,0,0.0,0.0,0.0,0.0,0,False
UNET_MTL_MASK_GUIDED,10,patient068,patient068_case01,IBC,IBC_patient045_0062.jpg,1,1.0,strong_75_plus,49,44,0.7857142857142857,0.8979591836734694,0.7857142857142857,0.7213114754098361,1,False
UNET_MTL_MASK_GUIDED,10,patient068,patient068_case01,IBC,IBC_patient045_0062.jpg,2,,off_target_fp,76,0,0.0,0.0,0.0,0.0,0,False
UNET_MTL_MASK_GUIDED,10,patient068,patient068_case01,IBC,IBC_patient045_0062.jpg,3,,off_target_fp,42,0,0.0,0.0,0.0,0.0,0,False
UNET_MTL_MASK_GUIDED,10,patient068,patient068_case01,IBC,IBC_patient045_0063.jpg,1,1.0,strong_75_plus,123,97,0.9326923076923077,0.7886178861788617,0.7886178861788617,0.7461538461538462,1,False
UNET_MTL_MASK_GUIDED,10,patient068,patient068_case01,IBC,IBC_patient045_0063.jpg,2,,off_target_fp,24,0,0.0,0.0,0.0,0.0,0,False
UNET_MTL_MASK_GUIDED,10,patient068,patient068_case01,IBC,IBC_patient045_0063.jpg,3,,off_target_fp,22,0,0.0,0.0,0.0,0.0,0,False
UNET_MTL_MASK_GUIDED,10,patient068,patient068_case01,IBC,IBC_patient045_0064.jpg,1,1.0,moderate_50_to_75,140,89,0.967391304347826,0.6357142857142857,0.6357142857142857,0.6223776223776224,1,False
UNET_MTL_MASK_GUIDED,10,patient068,patient068_case01,IBC,IBC_patient045_0064.jpg,2,,off_target_fp,24,0,0.0,0.0,0.0,0.0,0,False
UNET_MTL_MASK_GUIDED,10,patient068,patient068_case01,IBC,IBC_patient045_0064.jpg,3,,off_target_fp,26,0,0.0,0.0,0.0,0.0,0,False
UNET_MTL_MASK_GUIDED,10,patient068,patient068_case01,IBC,IBC_patient045_0065.jpg,1,,off_target_fp,75,0,0.0,0.0,0.0,0.0,0,False
UNET_MTL_MASK_GUIDED,10,patient068,patient068_case01,IBC,IBC_patient045_0065.jpg,2,1.0,moderate_50_to_75,124,64,1.0,0.5161290322580645,0.5161290322580645,0.5161290322580645,1,False
UNET_MTL_MASK_GUIDED,10,patient068,patient068_case01,IBC,IBC_patient045_0065.jpg,3,,off_target_fp,81,0,0.0,0.0,0.0,0.0,0,False
UNET_MTL_MASK_GUIDED,10,patient068,patient068_case01,IBC,IBC_patient045_0065.jpg,4,,off_target_fp,31,0,0.0,0.0,0.0,0.0,0,False
UNET_MTL_MASK_GUIDED,10,patient068,patient068_case01,IBC,IBC_patient045_0065.jpg,5,,off_target_fp,49,0,0.0,0.0,0.0,0.0,0,False
UNET_MTL_MASK_GUIDED,10,patient068,patient068_case01,IBC,IBC_patient045_0065.jpg,6,,off_target_fp,42,0,0.0,0.0,0.0,0.0,0,False
UNET_MTL_MASK_GUIDED,10,patient068,patient068_case01,IBC,IBC_patient045_0066.jpg,1,,off_target_fp,143,0,0.0,0.0,0.0,0.0,0,False
UNET_MTL_MASK_GUIDED,10,patient068,patient068_case01,IBC,IBC_patient045_0066.jpg,2,,off_target_fp,18,0,0.0,0.0,0.0,0.0,0,False
UNET_MTL_MASK_GUIDED,10,patient068,patient068_case01,IBC,IBC_patient045_0066.jpg,3,,off_target_fp,37,0,0.0,0.0,0.0,0.0,0,False
UNET_MTL_MASK_GUIDED,10,patient068,patient068_case01,IBC,IBC_patient045_0066.jpg,4,1.0,moderate_50_to_75,182,120,0.9090909090909091,0.6593406593406593,0.6593406593406593,0.6185567010309279,1,False
UNET_MTL_MASK_GUIDED,10,patient068,patient068_case01,IBC,IBC_patient045_0066.jpg,5,,off_target_fp,137,0,0.0,0.0,0.0,0.0,0,False
UNET_MTL_MASK_GUIDED,10,patient068,patient068_case01,IBC,IBC_patient045_0066.jpg,6,,off_target_fp,25,0,0.0,0.0,0.0,0.0,0,False
UNET_MTL_MASK_GUIDED,10,patient068,patient068_case01,IBC,IBC_patient045_0066.jpg,7,,off_target_fp,11,0,0.0,0.0,0.0,0.0,0,False
UNET_MTL_MASK_GUIDED,10,patient068,patient068_case01,IBC,IBC_patient045_0066.jpg,8,,off_target_fp,47,0,0.0,0.0,0.0,0.0,0,False
UNET_MTL_MASK_GUIDED,10,patient068,patient068_case01,IBC,IBC_patient045_0067.jpg,1,,off_target_fp,159,0,0.0,0.0,0.0,0.0,0,False
UNET_MTL_MASK_GUIDED,10,patient068,patient068_case01,IBC,IBC_patient045_0067.jpg,2,1.0,strong_75_plus,223,180,0.9183673469387755,0.8071748878923767,0.8071748878923767,0.7531380753138075,1,False
UNET_MTL_MASK_GUIDED,10,patient068,patient068_case01,IBC,IBC_patient045_0067.jpg,3,,off_target_fp,133,0,0.0,0.0,0.0,0.0,0,False
UNET_MTL_MASK_GUIDED,10,patient068,patient068_case01,IBC,IBC_patient045_0068.jpg,1,,off_target_fp,77,0,0.0,0.0,0.0,0.0,0,False
UNET_MTL_MASK_GUIDED,10,patient068,patient068_case01,IBC,IBC_patient045_0068.jpg,2,1.0,moderate_50_to_75,362,188,0.9038461538461539,0.5193370165745856,0.5193370165745856,0.49214659685863876,1,False
UNET_MTL_MASK_GUIDED,10,patient068,patient068_case01,IBC,IBC_patient045_0069.jpg,1,1.0,moderate_50_to_75,310,175,0.8928571428571429,0.5645161290322581,0.5645161290322581,0.5287009063444109,1,False
UNET_MTL_MASK_GUIDED,10,patient068,patient068_case01,IBC,IBC_patient045_0070.jpg,1,1.0,moderate_50_to_75,322,213,0.9681818181818181,0.6614906832298136,0.6614906832298136,0.6474164133738601,1,False
UNET_MTL_MASK_GUIDED,10,patient068,patient068_case01,IBC,IBC_patient045_0071.jpg,1,1.0,strong_75_plus,186,147,0.9932432432432432,0.7903225806451613,0.7903225806451613,0.786096256684492,1,False
UNET_MTL_MASK_GUIDED,10,patient068,patient068_case01,IBC,IBC_patient045_0071.jpg,2,,off_target_fp,71,0,0.0,0.0,0.0,0.0,0,False
UNET_MTL_MASK_GUIDED,10,patient068,patient068_case01,IBC,IBC_patient045_0072.jpg,1,,off_target_fp,152,0,0.0,0.0,0.0,0.0,0,False
UNET_MTL_MASK_GUIDED,10,patient068,patient068_case01,IBC,IBC_patient045_0072.jpg,2,1.0,strong_75_plus,214,198,0.9166666666666666,0.9252336448598131,0.9166666666666666,0.853448275862069,1,False
UNET_MTL_MASK_GUIDED,10,patient068,patient068_case01,IBC,IBC_patient045_0072.jpg,3,,off_target_fp,67,0,0.0,0.0,0.0,0.0,0,False
UNET_MTL_MASK_GUIDED,10,patient068,patient068_case01,IBC,IBC_patient045_0073.jpg,1,,off_target_fp,95,0,0.0,0.0,0.0,0.0,0,False
UNET_MTL_MASK_GUIDED,10,patient068,patient068_case01,IBC,IBC_patient045_0073.jpg,2,1.0,strong_75_plus,463,371,0.9561855670103093,0.8012958963282938,0.8012958963282938,0.7729166666666667,1,False
UNET_MTL_MASK_GUIDED,10,patient068,patient068_case01,IBC,IBC_patient045_0073.jpg,3,,off_target_fp,28,0,0.0,0.0,0.0,0.0,0,False
UNET_MTL_MASK_GUIDED,10,patient068,patient068_case01,IBC,IBC_patient045_0073.jpg,4,,off_target_fp,40,0,0.0,0.0,0.0,0.0,0,False
UNET_MTL_MASK_GUIDED,10,patient068,patient068_case01,IBC,IBC_patient045_0074.jpg,1,,off_target_fp,16,0,0.0,0.0,0.0,0.0,0,False
UNET_MTL_MASK_GUIDED,10,patient068,patient068_case01,IBC,IBC_patient045_0074.jpg,2,1.0,moderate_50_to_75,333,233,0.9395161290322581,0.6996996996996997,0.6996996996996997,0.6695402298850575,1,False
UNET_MTL_MASK_GUIDED,10,patient068,patient068_case01,IBC,IBC_patient045_0074.jpg,3,,off_target_fp,70,0,0.0,0.0,0.0,0.0,0,False
UNET_MTL_MASK_GUIDED,10,patient068,patient068_case01,IBC,IBC_patient045_0075.jpg,1,1.0,moderate_50_to_75,112,109,0.68125,0.9732142857142857,0.68125,0.6687116564417178,1,False
UNET_MTL_MASK_GUIDED,10,patient068,patient068_case01,IBC,IBC_patient045_0076.jpg,1,,off_target_fp,18,0,0.0,0.0,0.0,0.0,0,False
UNET_MTL_MASK_GUIDED,10,patient068,patient068_case01,IBC,IBC_patient045_0076.jpg,2,1.0,partial_below_25,19,18,0.15517241379310345,0.9473684210526315,0.15517241379310345,0.15384615384615385,1,False
UNET_MTL_MASK_GUIDED,10,patient068,patient068_case01,IBC,IBC_patient045_0076.jpg,3,,off_target_fp,27,0,0.0,0.0,0.0,0.0,0,False
UNET_MTL_MASK_GUIDED,10,patient068,patient068_case01,IBC,IBC_patient045_0077.jpg,1,,off_target_fp,19,0,0.0,0.0,0.0,0.0,0,False
UNET_MTL_MASK_GUIDED,10,patient076,patient076_case01,IBC,IBC_patient049_0027.jpg,1,1.0,strong_75_plus,260,235,0.9631147540983607,0.9038461538461539,0.9038461538461539,0.8736059479553904,1,False
UNET_MTL_MASK_GUIDED,10,patient076,patient076_case01,IBC,IBC_patient049_0027.jpg,2,,off_target_fp,81,0,0.0,0.0,0.0,0.0,0,False
UNET_MTL_MASK_GUIDED,10,patient076,patient076_case01,IBC,IBC_patient049_0027.jpg,3,,off_target_fp,42,0,0.0,0.0,0.0,0.0,0,False
UNET_MTL_MASK_GUIDED,10,patient076,patient076_case01,IBC,IBC_patient049_0028.jpg,1,1.0,strong_75_plus,507,486,0.9274809160305344,0.9585798816568047,0.9274809160305344,0.8917431192660551,1,False
UNET_MTL_MASK_GUIDED,10,patient076,patient076_case01,IBC,IBC_patient049_0028.jpg,2,,off_target_fp,18,0,0.0,0.0,0.0,0.0,0,False
UNET_MTL_MASK_GUIDED,10,patient076,patient076_case01,IBC,IBC_patient049_0028.jpg,3,,off_target_fp,12,0,0.0,0.0,0.0,0.0,0,False
UNET_MTL_MASK_GUIDED,10,patient076,patient076_case01,IBC,IBC_patient049_0028.jpg,4,,off_target_fp,80,0,0.0,0.0,0.0,0.0,0,False
UNET_MTL_MASK_GUIDED,10,patient076,patient076_case01,IBC,IBC_patient049_0029.jpg,1,1.0,strong_75_plus,654,525,0.9943181818181818,0.8027522935779816,0.8027522935779816,0.7990867579908676,1,False
UNET_MTL_MASK_GUIDED,10,patient076,patient076_case01,IBC,IBC_patient049_0029.jpg,2,,off_target_fp,270,0,0.0,0.0,0.0,0.0,0,False
UNET_MTL_MASK_GUIDED,10,patient076,patient076_case01,IBC,IBC_patient049_0030.jpg,1,1.0,strong_75_plus,535,426,0.9342105263157895,0.7962616822429907,0.7962616822429907,0.7539823008849558,1,False
UNET_MTL_MASK_GUIDED,10,patient076,patient076_case01,IBC,IBC_patient049_0030.jpg,2,,off_target_fp,182,0,0.0,0.0,0.0,0.0,0,False
UNET_MTL_MASK_GUIDED,10,patient076,patient076_case01,IBC,IBC_patient049_0030.jpg,3,,off_target_fp,16,0,0.0,0.0,0.0,0.0,0,False
UNET_MTL_MASK_GUIDED,10,patient076,patient076_case01,IBC,IBC_patient049_0030.jpg,4,,off_target_fp,27,0,0.0,0.0,0.0,0.0,0,False
UNET_MTL_MASK_GUIDED,10,patient076,patient076_case01,IBC,IBC_patient049_0031.jpg,1,1.0,moderate_50_to_75,520,375,0.9868421052631579,0.7211538461538461,0.7211538461538461,0.7142857142857143,1,False
UNET_MTL_MASK_GUIDED,10,patient076,patient076_case01,IBC,IBC_patient049_0031.jpg,2,,off_target_fp,58,0,0.0,0.0,0.0,0.0,0,False
UNET_MTL_MASK_GUIDED,10,patient076,patient076_case01,IBC,IBC_patient049_0031.jpg,3,,off_target_fp,15,0,0.0,0.0,0.0,0.0,0,False
UNET_MTL_MASK_GUIDED,10,patient076,patient076_case01,IBC,IBC_patient049_0031.jpg,4,,off_target_fp,326,0,0.0,0.0,0.0,0.0,0,False
UNET_MTL_MASK_GUIDED,10,patient076,patient076_case01,IBC,IBC_patient049_0031.jpg,5,,off_target_fp,293,0,0.0,0.0,0.0,0.0,0,False
UNET_MTL_MASK_GUIDED,10,patient076,patient076_case01,IBC,IBC_patient049_0031.jpg,6,,off_target_fp,57,0,0.0,0.0,0.0,0.0,0,False
UNET_MTL_MASK_GUIDED,10,patient076,patient076_case01,IBC,IBC_patient049_0032.jpg,1,1.0,moderate_50_to_75,512,322,0.9698795180722891,0.62890625,0.62890625,0.6168582375478927,1,False
UNET_MTL_MASK_GUIDED,10,patient076,patient076_case01,IBC,IBC_patient049_0032.jpg,2,,off_target_fp,538,0,0.0,0.0,0.0,0.0,0,False
UNET_MTL_MASK_GUIDED,10,patient076,patient076_case01,IBC,IBC_patient049_0032.jpg,3,,off_target_fp,448,0,0.0,0.0,0.0,0.0,0,False
UNET_MTL_MASK_GUIDED,10,patient076,patient076_case01,IBC,IBC_patient049_0032.jpg,4,,off_target_fp,128,0,0.0,0.0,0.0,0.0,0,False
UNET_MTL_MASK_GUIDED,10,patient076,patient076_case01,IBC,IBC_patient049_0033.jpg,1,,off_target_fp,23,0,0.0,0.0,0.0,0.0,0,False
UNET_MTL_MASK_GUIDED,10,patient076,patient076_case01,IBC,IBC_patient049_0033.jpg,2,1.0,moderate_50_to_75,463,338,0.9285714285714286,0.7300215982721382,0.7300215982721382,0.6912065439672802,1,False
UNET_MTL_MASK_GUIDED,10,patient076,patient076_case01,IBC,IBC_patient049_0033.jpg,3,,off_target_fp,434,0,0.0,0.0,0.0,0.0,0,False
UNET_MTL_MASK_GUIDED,10,patient076,patient076_case01,IBC,IBC_patient049_0033.jpg,4,,off_target_fp,379,0,0.0,0.0,0.0,0.0,0,False
UNET_MTL_MASK_GUIDED,10,patient076,patient076_case01,IBC,IBC_patient049_0033.jpg,5,,off_target_fp,82,0,0.0,0.0,0.0,0.0,0,False
UNET_MTL_MASK_GUIDED,10,patient076,patient076_case01,IBC,IBC_patient049_0034.jpg,1,,off_target_fp,80,0,0.0,0.0,0.0,0.0,0,False
UNET_MTL_MASK_GUIDED,10,patient076,patient076_case01,IBC,IBC_patient049_0034.jpg,2,1.0,moderate_50_to_75,440,257,0.9884615384615385,0.5840909090909091,0.5840909090909091,0.5801354401805869,1,False
UNET_MTL_MASK_GUIDED,10,patient076,patient076_case01,IBC,IBC_patient049_0034.jpg,3,,off_target_fp,416,0,0.0,0.0,0.0,0.0,0,False
UNET_MTL_MASK_GUIDED,10,patient076,patient076_case01,IBC,IBC_patient049_0034.jpg,4,,off_target_fp,229,0,0.0,0.0,0.0,0.0,0,False
UNET_MTL_MASK_GUIDED,10,patient076,patient076_case01,IBC,IBC_patient049_0034.jpg,5,,off_target_fp,30,0,0.0,0.0,0.0,0.0,0,False
UNET_MTL_MASK_GUIDED,10,patient076,patient076_case01,IBC,IBC_patient049_0034.jpg,6,,off_target_fp,68,0,0.0,0.0,0.0,0.0,0,False
UNET_MTL_MASK_GUIDED,10,patient076,patient076_case01,IBC,IBC_patient049_0035.jpg,1,,off_target_fp,12,0,0.0,0.0,0.0,0.0,0,False
UNET_MTL_MASK_GUIDED,10,patient076,patient076_case01,IBC,IBC_patient049_0035.jpg,2,1.0,moderate_50_to_75,212,132,0.9166666666666666,0.6226415094339622,0.6226415094339622,0.5892857142857143,1,False
UNET_MTL_MASK_GUIDED,10,patient076,patient076_case01,IBC,IBC_patient049_0035.jpg,3,,off_target_fp,145,0,0.0,0.0,0.0,0.0,0,False
UNET_MTL_MASK_GUIDED,10,patient076,patient076_case01,IBC,IBC_patient049_0035.jpg,4,,off_target_fp,145,0,0.0,0.0,0.0,0.0,0,False
UNET_MTL_MASK_GUIDED,10,patient076,patient076_case01,IBC,IBC_patient049_0035.jpg,5,,off_target_fp,226,0,0.0,0.0,0.0,0.0,0,False
UNET_MTL_MASK_GUIDED,10,patient076,patient076_case01,IBC,IBC_patient049_0035.jpg,6,,off_target_fp,54,0,0.0,0.0,0.0,0.0,0,False
UNET_MTL_MASK_GUIDED,10,patient080,patient080_case01,IGM,IGM_patient050_0047.jpg,1,,off_target_fp,383,0,0.0,0.0,0.0,0.0,0,False
UNET_MTL_MASK_GUIDED,10,patient080,patient080_case01,IGM,IGM_patient050_0047.jpg,2,,off_target_fp,172,0,0.0,0.0,0.0,0.0,0,False
UNET_MTL_MASK_GUIDED,10,patient080,patient080_case01,IGM,IGM_patient050_0048.jpg,1,,off_target_fp,373,0,0.0,0.0,0.0,0.0,0,False
UNET_MTL_MASK_GUIDED,10,patient080,patient080_case01,IGM,IGM_patient050_0048.jpg,2,1.0,strong_75_plus,150,139,0.9391891891891891,0.9266666666666666,0.9266666666666666,0.8742138364779874,1,False
UNET_MTL_MASK_GUIDED,10,patient080,patient080_case01,IGM,IGM_patient050_0048.jpg,3,,off_target_fp,119,0,0.0,0.0,0.0,0.0,0,False
UNET_MTL_MASK_GUIDED,10,patient080,patient080_case01,IGM,IGM_patient050_0049.jpg,1,,off_target_fp,220,0,0.0,0.0,0.0,0.0,0,False
UNET_MTL_MASK_GUIDED,10,patient080,patient080_case01,IGM,IGM_patient050_0049.jpg,2,,off_target_fp,79,0,0.0,0.0,0.0,0.0,0,False
UNET_MTL_MASK_GUIDED,10,patient080,patient080_case01,IGM,IGM_patient050_0049.jpg,3,1.0,strong_75_plus,201,189,0.8915094339622641,0.9402985074626866,0.8915094339622641,0.84375,1,False
UNET_MTL_MASK_GUIDED,10,patient080,patient080_case01,IGM,IGM_patient050_0049.jpg,4,,off_target_fp,103,0,0.0,0.0,0.0,0.0,0,False
UNET_MTL_MASK_GUIDED,10,patient080,patient080_case01,IGM,IGM_patient050_0050.jpg,1,,off_target_fp,69,0,0.0,0.0,0.0,0.0,0,False
UNET_MTL_MASK_GUIDED,10,patient080,patient080_case01,IGM,IGM_patient050_0050.jpg,2,,off_target_fp,30,0,0.0,0.0,0.0,0.0,0,False
UNET_MTL_MASK_GUIDED,10,patient080,patient080_case01,IGM,IGM_patient050_0050.jpg,3,1.0,low_25_to_50,387,181,0.9427083333333334,0.46770025839793283,0.46770025839793283,0.4547738693467337,1,False
UNET_MTL_MASK_GUIDED,10,patient080,patient080_case01,IGM,IGM_patient050_0050.jpg,4,,off_target_fp,238,0,0.0,0.0,0.0,0.0,0,False
UNET_MTL_MASK_GUIDED,10,patient080,patient080_case01,IGM,IGM_patient050_0051.jpg,1,,off_target_fp,83,0,0.0,0.0,0.0,0.0,0,False
UNET_MTL_MASK_GUIDED,10,patient080,patient080_case01,IGM,IGM_patient050_0051.jpg,2,1.0,strong_75_plus,300,276,0.9324324324324325,0.92,0.92,0.8625,1,False
UNET_MTL_MASK_GUIDED,10,patient080,patient080_case01,IGM,IGM_patient050_0051.jpg,3,,off_target_fp,156,0,0.0,0.0,0.0,0.0,0,False
UNET_MTL_MASK_GUIDED,10,patient080,patient080_case01,IGM,IGM_patient050_0052.jpg,1,,off_target_fp,111,0,0.0,0.0,0.0,0.0,0,False
UNET_MTL_MASK_GUIDED,10,patient080,patient080_case01,IGM,IGM_patient050_0052.jpg,2,1.0,strong_75_plus,449,406,0.90625,0.9042316258351893,0.9042316258351893,0.8268839103869654,1,False
UNET_MTL_MASK_GUIDED,10,patient080,patient080_case01,IGM,IGM_patient050_0052.jpg,3,,off_target_fp,31,0,0.0,0.0,0.0,0.0,0,False
UNET_MTL_MASK_GUIDED,10,patient080,patient080_case01,IGM,IGM_patient050_0052.jpg,4,,off_target_fp,65,0,0.0,0.0,0.0,0.0,0,False
UNET_MTL_MASK_GUIDED,10,patient080,patient080_case01,IGM,IGM_patient050_0053.jpg,1,,off_target_fp,131,0,0.0,0.0,0.0,0.0,0,False
UNET_MTL_MASK_GUIDED,10,patient080,patient080_case01,IGM,IGM_patient050_0053.jpg,2,,off_target_fp,211,0,0.0,0.0,0.0,0.0,0,False
UNET_MTL_MASK_GUIDED,10,patient080,patient080_case01,IGM,IGM_patient050_0053.jpg,3,1.0,moderate_50_to_75,707,505,0.9711538461538461,0.7142857142857143,0.7142857142857143,0.6994459833795014,1,False
UNET_MTL_MASK_GUIDED,10,patient080,patient080_case01,IGM,IGM_patient050_0054.jpg,1,,off_target_fp,119,0,0.0,0.0,0.0,0.0,0,False
UNET_MTL_MASK_GUIDED,10,patient080,patient080_case01,IGM,IGM_patient050_0054.jpg,2,1.0,strong_75_plus,791,704,0.9943502824858758,0.8900126422250316,0.8900126422250316,0.8855345911949686,1,False
UNET_MTL_MASK_GUIDED,10,patient080,patient080_case01,IGM,IGM_patient050_0055.jpg,1,1.0,strong_75_plus,760,688,0.9885057471264368,0.9052631578947369,0.9052631578947369,0.8958333333333334,1,False
UNET_MTL_MASK_GUIDED,10,patient080,patient080_case01,IGM,IGM_patient050_0056.jpg,1,1.0,strong_75_plus,616,529,0.9943609022556391,0.8587662337662337,0.8587662337662337,0.8546042003231018,1,False
UNET_MTL_MASK_GUIDED,10,patient080,patient080_case01,IGM,IGM_patient050_0057.jpg,1,,off_target_fp,52,0,0.0,0.0,0.0,0.0,0,False
UNET_MTL_MASK_GUIDED,10,patient080,patient080_case01,IGM,IGM_patient050_0057.jpg,2,,off_target_fp,79,0,0.0,0.0,0.0,0.0,0,False
UNET_MTL_MASK_GUIDED,10,patient080,patient080_case01,IGM,IGM_patient050_0057.jpg,3,,off_target_fp,77,0,0.0,0.0,0.0,0.0,0,False
UNET_MTL_MASK_GUIDED,10,patient080,patient080_case01,IGM,IGM_patient050_0057.jpg,4,1.0,moderate_50_to_75,326,280,0.7291666666666666,0.8588957055214724,0.7291666666666666,0.6511627906976745,1,False
UNET_MTL_MASK_GUIDED,10,patient080,patient080_case01,IGM,IGM_patient050_0058.jpg,1,,off_target_fp,163,0,0.0,0.0,0.0,0.0,0,False
UNET_MTL_MASK_GUIDED,10,patient080,patient080_case01,IGM,IGM_patient050_0058.jpg,2,,off_target_fp,217,0,0.0,0.0,0.0,0.0,0,False
UNET_MTL_MASK_GUIDED,10,patient080,patient080_case01,IGM,IGM_patient050_0058.jpg,3,1.0,strong_75_plus,234,203,0.8903508771929824,0.8675213675213675,0.8675213675213675,0.7837837837837838,1,False
UNET_MTL_MASK_GUIDED,10,patient082,patient082_case01,IGM,IGM_patient051_0135.jpg,1,,off_target_fp,89,0,0.0,0.0,0.0,0.0,0,False
UNET_MTL_MASK_GUIDED,10,patient082,patient082_case01,IGM,IGM_patient051_0135.jpg,2,1.0,moderate_50_to_75,211,146,0.9125,0.6919431279620853,0.6919431279620853,0.6488888888888888,1,False
UNET_MTL_MASK_GUIDED,10,patient082,patient082_case01,IGM,IGM_patient051_0136.jpg,1,,off_target_fp,99,0,0.0,0.0,0.0,0.0,0,False
UNET_MTL_MASK_GUIDED,10,patient082,patient082_case01,IGM,IGM_patient051_0136.jpg,2,1.0,strong_75_plus,306,269,0.9212328767123288,0.8790849673202614,0.8790849673202614,0.817629179331307,1,False
UNET_MTL_MASK_GUIDED,10,patient082,patient082_case01,IGM,IGM_patient051_0136.jpg,3,,off_target_fp,68,0,0.0,0.0,0.0,0.0,0,False
UNET_MTL_MASK_GUIDED,10,patient082,patient082_case01,IGM,IGM_patient051_0136.jpg,4,,off_target_fp,12,0,0.0,0.0,0.0,0.0,0,False
UNET_MTL_MASK_GUIDED,10,patient082,patient082_case01,IGM,IGM_patient051_0137.jpg,1,,off_target_fp,106,0,0.0,0.0,0.0,0.0,0,False
UNET_MTL_MASK_GUIDED,10,patient082,patient082_case01,IGM,IGM_patient051_0137.jpg,2,1.0,strong_75_plus,354,267,0.996268656716418,0.7542372881355932,0.7542372881355932,0.752112676056338,1,False
UNET_MTL_MASK_GUIDED,10,patient082,patient082_case01,IGM,IGM_patient051_0137.jpg,3,,off_target_fp,69,0,0.0,0.0,0.0,0.0,0,False
UNET_MTL_MASK_GUIDED,10,patient082,patient082_case01,IGM,IGM_patient051_0138.jpg,1,,off_target_fp,135,0,0.0,0.0,0.0,0.0,0,False
UNET_MTL_MASK_GUIDED,10,patient082,patient082_case01,IGM,IGM_patient051_0138.jpg,2,1.0,strong_75_plus,369,360,0.9090909090909091,0.975609756097561,0.9090909090909091,0.8888888888888888,1,False
UNET_MTL_MASK_GUIDED,10,patient082,patient082_case01,IGM,IGM_patient051_0138.jpg,3,,off_target_fp,25,0,0.0,0.0,0.0,0.0,0,False
UNET_MTL_MASK_GUIDED,10,patient082,patient082_case01,IGM,IGM_patient051_0139.jpg,1,,off_target_fp,159,0,0.0,0.0,0.0,0.0,0,False
UNET_MTL_MASK_GUIDED,10,patient082,patient082_case01,IGM,IGM_patient051_0139.jpg,2,1.0,strong_75_plus,343,338,0.845,0.9854227405247813,0.845,0.8345679012345679,1,False
UNET_MTL_MASK_GUIDED,10,patient082,patient082_case01,IGM,IGM_patient051_0139.jpg,3,,off_target_fp,47,0,0.0,0.0,0.0,0.0,0,False
UNET_MTL_MASK_GUIDED,10,patient082,patient082_case01,IGM,IGM_patient051_0140.jpg,1,,off_target_fp,140,0,0.0,0.0,0.0,0.0,0,False
UNET_MTL_MASK_GUIDED,10,patient082,patient082_case01,IGM,IGM_patient051_0140.jpg,2,,off_target_fp,11,0,0.0,0.0,0.0,0.0,0,False
UNET_MTL_MASK_GUIDED,10,patient082,patient082_case01,IGM,IGM_patient051_0140.jpg,3,1.0,strong_75_plus,313,292,0.8111111111111111,0.9329073482428115,0.8111111111111111,0.7664041994750657,1,False
UNET_MTL_MASK_GUIDED,10,patient082,patient082_case01,IGM,IGM_patient051_0141.jpg,1,,off_target_fp,14,0,0.0,0.0,0.0,0.0,0,False
UNET_MTL_MASK_GUIDED,10,patient082,patient082_case01,IGM,IGM_patient051_0141.jpg,2,1.0,moderate_50_to_75,252,246,0.615,0.9761904761904762,0.615,0.6059113300492611,1,False
UNET_MTL_MASK_GUIDED,10,patient082,patient082_case01,IGM,IGM_patient051_0142.jpg,1,1.0,moderate_50_to_75,229,217,0.7331081081081081,0.9475982532751092,0.7331081081081081,0.7045454545454546,1,False
UNET_MTL_MASK_GUIDED,10,patient082,patient082_case01,IGM,IGM_patient051_0144.jpg,1,1.0,strong_75_plus,207,197,0.8347457627118644,0.9516908212560387,0.8347457627118644,0.8008130081300813,1,False
UNET_MTL_MASK_GUIDED,10,patient082,patient082_case01,IGM,IGM_patient051_0144.jpg,2,,off_target_fp,54,0,0.0,0.0,0.0,0.0,0,False
UNET_MTL_MASK_GUIDED,10,patient082,patient082_case01,IGM,IGM_patient051_0144.jpg,3,,off_target_fp,137,0,0.0,0.0,0.0,0.0,0,False
UNET_MTL_MASK_GUIDED,10,patient082,patient082_case01,IGM,IGM_patient051_0145.jpg,1,1.0,strong_75_plus,224,179,0.8136363636363636,0.7991071428571429,0.7991071428571429,0.6754716981132075,1,False
UNET_MTL_MASK_GUIDED,10,patient082,patient082_case01,IGM,IGM_patient051_0145.jpg,2,,off_target_fp,96,0,0.0,0.0,0.0,0.0,0,False
UNET_MTL_MASK_GUIDED,10,patient082,patient082_case01,IGM,IGM_patient051_0145.jpg,3,,off_target_fp,44,0,0.0,0.0,0.0,0.0,0,False
UNET_MTL_MASK_GUIDED,10,patient082,patient082_case01,IGM,IGM_patient051_0145.jpg,4,,off_target_fp,51,0,0.0,0.0,0.0,0.0,0,False
UNET_MTL_MASK_GUIDED,10,patient082,patient082_case01,IGM,IGM_patient051_0146.jpg,1,1.0,moderate_50_to_75,180,154,0.7403846153846154,0.8555555555555555,0.7403846153846154,0.6581196581196581,1,False
UNET_MTL_MASK_GUIDED,10,patient082,patient082_case01,IGM,IGM_patient051_0146.jpg,2,,off_target_fp,100,0,0.0,0.0,0.0,0.0,0,False
UNET_MTL_MASK_GUIDED,10,patient082,patient082_case01,IGM,IGM_patient051_0146.jpg,3,,off_target_fp,35,0,0.0,0.0,0.0,0.0,0,False
UNET_MTL_MASK_GUIDED,10,patient082,patient082_case01,IGM,IGM_patient051_0147.jpg,1,1.0,moderate_50_to_75,72,67,0.6203703703703703,0.9305555555555556,0.6203703703703703,0.5929203539823009,1,False
UNET_MTL_MASK_GUIDED,10,patient084,patient084_case01,IBC,IBC_patient052_0047.jpg,1,,off_target_fp,23,0,0.0,0.0,0.0,0.0,0,False
UNET_MTL_MASK_GUIDED,10,patient084,patient084_case01,IBC,IBC_patient052_0047.jpg,2,,off_target_fp,83,0,0.0,0.0,0.0,0.0,0,False
UNET_MTL_MASK_GUIDED,10,patient084,patient084_case01,IBC,IBC_patient052_0047.jpg,3,,off_target_fp,80,0,0.0,0.0,0.0,0.0,0,False
UNET_MTL_MASK_GUIDED,10,patient084,patient084_case01,IBC,IBC_patient052_0047.jpg,4,1.0,strong_75_plus,217,167,0.9709302325581395,0.7695852534562212,0.7695852534562212,0.7522522522522522,1,False
UNET_MTL_MASK_GUIDED,10,patient084,patient084_case01,IBC,IBC_patient052_0048.jpg,1,,off_target_fp,20,0,0.0,0.0,0.0,0.0,0,False
UNET_MTL_MASK_GUIDED,10,patient084,patient084_case01,IBC,IBC_patient052_0048.jpg,2,,off_target_fp,23,0,0.0,0.0,0.0,0.0,0,False
UNET_MTL_MASK_GUIDED,10,patient084,patient084_case01,IBC,IBC_patient052_0048.jpg,3,,off_target_fp,37,0,0.0,0.0,0.0,0.0,0,False
UNET_MTL_MASK_GUIDED,10,patient084,patient084_case01,IBC,IBC_patient052_0048.jpg,4,,off_target_fp,243,0,0.0,0.0,0.0,0.0,0,False
UNET_MTL_MASK_GUIDED,10,patient084,patient084_case01,IBC,IBC_patient052_0048.jpg,5,1.0,moderate_50_to_75,317,214,0.9727272727272728,0.6750788643533123,0.6750788643533123,0.6625386996904025,1,False
UNET_MTL_MASK_GUIDED,10,patient084,patient084_case01,IBC,IBC_patient052_0048.jpg,6,,off_target_fp,16,0,0.0,0.0,0.0,0.0,0,False
UNET_MTL_MASK_GUIDED,10,patient084,patient084_case01,IBC,IBC_patient052_0049.jpg,1,,off_target_fp,142,0,0.0,0.0,0.0,0.0,0,False
UNET_MTL_MASK_GUIDED,10,patient084,patient084_case01,IBC,IBC_patient052_0049.jpg,2,,off_target_fp,84,0,0.0,0.0,0.0,0.0,0,False
UNET_MTL_MASK_GUIDED,10,patient084,patient084_case01,IBC,IBC_patient052_0049.jpg,3,,off_target_fp,42,0,0.0,0.0,0.0,0.0,0,False
UNET_MTL_MASK_GUIDED,10,patient084,patient084_case01,IBC,IBC_patient052_0049.jpg,4,1.0,moderate_50_to_75,363,196,1.0,0.5399449035812672,0.5399449035812672,0.5399449035812672,1,False
UNET_MTL_MASK_GUIDED,10,patient084,patient084_case01,IBC,IBC_patient052_0049.jpg,5,,off_target_fp,12,0,0.0,0.0,0.0,0.0,0,False
UNET_MTL_MASK_GUIDED,10,patient084,patient084_case01,IBC,IBC_patient052_0050.jpg,1,,off_target_fp,145,0,0.0,0.0,0.0,0.0,0,False
UNET_MTL_MASK_GUIDED,10,patient084,patient084_case01,IBC,IBC_patient052_0050.jpg,2,,off_target_fp,21,0,0.0,0.0,0.0,0.0,0,False
UNET_MTL_MASK_GUIDED,10,patient084,patient084_case01,IBC,IBC_patient052_0050.jpg,3,,off_target_fp,29,0,0.0,0.0,0.0,0.0,0,False
UNET_MTL_MASK_GUIDED,10,patient084,patient084_case01,IBC,IBC_patient052_0050.jpg,4,,off_target_fp,27,0,0.0,0.0,0.0,0.0,0,False
UNET_MTL_MASK_GUIDED,10,patient084,patient084_case01,IBC,IBC_patient052_0050.jpg,5,,off_target_fp,42,0,0.0,0.0,0.0,0.0,0,False
UNET_MTL_MASK_GUIDED,10,patient084,patient084_case01,IBC,IBC_patient052_0050.jpg,6,1.0,moderate_50_to_75,414,232,1.0,0.5603864734299517,0.5603864734299517,0.5603864734299517,1,False
UNET_MTL_MASK_GUIDED,10,patient084,patient084_case01,IBC,IBC_patient052_0051.jpg,1,,off_target_fp,180,0,0.0,0.0,0.0,0.0,0,False
UNET_MTL_MASK_GUIDED,10,patient084,patient084_case01,IBC,IBC_patient052_0051.jpg,2,,off_target_fp,43,0,0.0,0.0,0.0,0.0,0,False
UNET_MTL_MASK_GUIDED,10,patient084,patient084_case01,IBC,IBC_patient052_0051.jpg,3,,off_target_fp,57,0,0.0,0.0,0.0,0.0,0,False
UNET_MTL_MASK_GUIDED,10,patient084,patient084_case01,IBC,IBC_patient052_0051.jpg,4,1.0,strong_75_plus,299,232,1.0,0.7759197324414716,0.7759197324414716,0.7759197324414716,1,False
UNET_MTL_MASK_GUIDED,10,patient084,patient084_case01,IBC,IBC_patient052_0051.jpg,5,,off_target_fp,17,0,0.0,0.0,0.0,0.0,0,False
UNET_MTL_MASK_GUIDED,10,patient084,patient084_case01,IBC,IBC_patient052_0051.jpg,6,,off_target_fp,42,0,0.0,0.0,0.0,0.0,0,False
UNET_MTL_MASK_GUIDED,10,patient084,patient084_case01,IBC,IBC_patient052_0052.jpg,1,,off_target_fp,165,0,0.0,0.0,0.0,0.0,0,False
UNET_MTL_MASK_GUIDED,10,patient084,patient084_case01,IBC,IBC_patient052_0052.jpg,2,,off_target_fp,65,0,0.0,0.0,0.0,0.0,0,False
UNET_MTL_MASK_GUIDED,10,patient084,patient084_case01,IBC,IBC_patient052_0052.jpg,3,,off_target_fp,26,0,0.0,0.0,0.0,0.0,0,False
UNET_MTL_MASK_GUIDED,10,patient084,patient084_case01,IBC,IBC_patient052_0052.jpg,4,1.0,moderate_50_to_75,327,214,0.9907407407407407,0.654434250764526,0.654434250764526,0.6504559270516718,1,False
UNET_MTL_MASK_GUIDED,10,patient084,patient084_case01,IBC,IBC_patient052_0053.jpg,1,,off_target_fp,42,0,0.0,0.0,0.0,0.0,0,False
UNET_MTL_MASK_GUIDED,10,patient084,patient084_case01,IBC,IBC_patient052_0053.jpg,2,,off_target_fp,27,0,0.0,0.0,0.0,0.0,0,False
UNET_MTL_MASK_GUIDED,10,patient084,patient084_case01,IBC,IBC_patient052_0053.jpg,3,,off_target_fp,116,0,0.0,0.0,0.0,0.0,0,False
UNET_MTL_MASK_GUIDED,10,patient084,patient084_case01,IBC,IBC_patient052_0053.jpg,4,1.0,moderate_50_to_75,386,289,0.9763513513513513,0.7487046632124352,0.7487046632124352,0.7353689567430025,1,False
UNET_MTL_MASK_GUIDED,10,patient084,patient084_case01,IBC,IBC_patient052_0054.jpg,1,,off_target_fp,44,0,0.0,0.0,0.0,0.0,0,False
UNET_MTL_MASK_GUIDED,10,patient084,patient084_case01,IBC,IBC_patient052_0054.jpg,2,,off_target_fp,37,0,0.0,0.0,0.0,0.0,0,False
UNET_MTL_MASK_GUIDED,10,patient084,patient084_case01,IBC,IBC_patient052_0054.jpg,3,,off_target_fp,96,0,0.0,0.0,0.0,0.0,0,False
UNET_MTL_MASK_GUIDED,10,patient084,patient084_case01,IBC,IBC_patient052_0054.jpg,4,1.0,strong_75_plus,455,410,0.9761904761904762,0.9010989010989011,0.9010989010989011,0.8817204301075269,1,False
UNET_MTL_MASK_GUIDED,10,patient084,patient084_case01,IBC,IBC_patient052_0054.jpg,5,,off_target_fp,21,0,0.0,0.0,0.0,0.0,0,False
UNET_MTL_MASK_GUIDED,10,patient084,patient084_case01,IBC,IBC_patient052_0054.jpg,6,,off_target_fp,10,0,0.0,0.0,0.0,0.0,0,False
UNET_MTL_MASK_GUIDED,10,patient084,patient084_case01,IBC,IBC_patient052_0055.jpg,1,,off_target_fp,38,0,0.0,0.0,0.0,0.0,0,False
UNET_MTL_MASK_GUIDED,10,patient084,patient084_case01,IBC,IBC_patient052_0055.jpg,2,1.0,strong_75_plus,515,433,0.9931192660550459,0.8407766990291262,0.8407766990291262,0.8359073359073359,1,False
UNET_MTL_MASK_GUIDED,10,patient084,patient084_case01,IBC,IBC_patient052_0055.jpg,3,,off_target_fp,23,0,0.0,0.0,0.0,0.0,0,False
UNET_MTL_MASK_GUIDED,10,patient084,patient084_case01,IBC,IBC_patient052_0056.jpg,1,,off_target_fp,31,0,0.0,0.0,0.0,0.0,0,False
UNET_MTL_MASK_GUIDED,10,patient084,patient084_case01,IBC,IBC_patient052_0056.jpg,2,1.0,strong_75_plus,505,388,0.9897959183673469,0.7683168316831683,0.7683168316831683,0.762278978388998,1,False
UNET_MTL_MASK_GUIDED,10,patient084,patient084_case01,IBC,IBC_patient052_0056.jpg,3,,off_target_fp,25,0,0.0,0.0,0.0,0.0,0,False
UNET_MTL_MASK_GUIDED,10,patient084,patient084_case01,IBC,IBC_patient052_0056.jpg,4,,off_target_fp,16,0,0.0,0.0,0.0,0.0,0,False
UNET_MTL_MASK_GUIDED,10,patient084,patient084_case01,IBC,IBC_patient052_0057.jpg,1,1.0,moderate_50_to_75,465,304,1.0,0.6537634408602151,0.6537634408602151,0.6537634408602151,1,False
UNET_MTL_MASK_GUIDED,10,patient084,patient084_case01,IBC,IBC_patient052_0057.jpg,2,,off_target_fp,77,0,0.0,0.0,0.0,0.0,0,False
UNET_MTL_MASK_GUIDED,10,patient084,patient084_case01,IBC,IBC_patient052_0058.jpg,1,1.0,low_25_to_50,560,276,1.0,0.4928571428571429,0.4928571428571429,0.4928571428571429,1,False
UNET_MTL_MASK_GUIDED,10,patient084,patient084_case01,IBC,IBC_patient052_0059.jpg,1,,off_target_fp,29,0,0.0,0.0,0.0,0.0,0,False
UNET_MTL_MASK_GUIDED,10,patient084,patient084_case01,IBC,IBC_patient052_0059.jpg,2,1.0,moderate_50_to_75,527,287,0.9695945945945946,0.5445920303605313,0.5445920303605313,0.5354477611940298,1,False
UNET_MTL_MASK_GUIDED,10,patient084,patient084_case01,IBC,IBC_patient052_0059.jpg,3,,off_target_fp,68,0,0.0,0.0,0.0,0.0,0,False
UNET_MTL_MASK_GUIDED,10,patient084,patient084_case01,IBC,IBC_patient052_0060.jpg,1,,off_target_fp,165,0,0.0,0.0,0.0,0.0,0,False
UNET_MTL_MASK_GUIDED,10,patient084,patient084_case01,IBC,IBC_patient052_0060.jpg,2,,off_target_fp,78,0,0.0,0.0,0.0,0.0,0,False
UNET_MTL_MASK_GUIDED,10,patient084,patient084_case01,IBC,IBC_patient052_0060.jpg,3,1.0,strong_75_plus,239,188,0.8867924528301887,0.7866108786610879,0.7866108786610879,0.714828897338403,1,False
UNET_MTL_MASK_GUIDED,10,patient084,patient084_case01,IBC,IBC_patient052_0060.jpg,4,,off_target_fp,64,0,0.0,0.0,0.0,0.0,0,False
UNET_MTL_MASK_GUIDED,10,patient084,patient084_case01,IBC,IBC_patient052_0060.jpg,5,,off_target_fp,37,0,0.0,0.0,0.0,0.0,0,False
UNET_MTL_MASK_GUIDED,10,patient084,patient084_case01,IBC,IBC_patient052_0063.jpg,1,,off_target_fp,121,0,0.0,0.0,0.0,0.0,0,False
UNET_MTL_MASK_GUIDED,10,patient084,patient084_case01,IBC,IBC_patient052_0063.jpg,2,1.0,moderate_50_to_75,119,84,0.9545454545454546,0.7058823529411765,0.7058823529411765,0.6829268292682927,1,False
UNET_MTL_MASK_GUIDED,10,patient084,patient084_case01,IBC,IBC_patient052_0063.jpg,3,,off_target_fp,91,0,0.0,0.0,0.0,0.0,0,False
UNET_MTL_MASK_GUIDED,10,patient084,patient084_case01,IBC,IBC_patient052_0064.jpg,1,,off_target_fp,163,0,0.0,0.0,0.0,0.0,0,False
UNET_MTL_MASK_GUIDED,10,patient084,patient084_case01,IBC,IBC_patient052_0064.jpg,2,1.0,moderate_50_to_75,362,215,0.9598214285714286,0.5939226519337016,0.5939226519337016,0.5795148247978437,1,False
UNET_MTL_MASK_GUIDED,10,patient084,patient084_case01,IBC,IBC_patient052_0064.jpg,3,,off_target_fp,21,0,0.0,0.0,0.0,0.0,0,False
UNET_MTL_MASK_GUIDED,10,patient084,patient084_case01,IBC,IBC_patient052_0065.jpg,1,,off_target_fp,217,0,0.0,0.0,0.0,0.0,0,False
UNET_MTL_MASK_GUIDED,10,patient084,patient084_case01,IBC,IBC_patient052_0065.jpg,2,,off_target_fp,135,0,0.0,0.0,0.0,0.0,0,False
UNET_MTL_MASK_GUIDED,10,patient084,patient084_case01,IBC,IBC_patient052_0065.jpg,3,1.0,strong_75_plus,348,295,0.9577922077922078,0.8477011494252874,0.8477011494252874,0.817174515235457,1,False
UNET_MTL_MASK_GUIDED,10,patient084,patient084_case01,IBC,IBC_patient052_0066.jpg,1,,off_target_fp,296,0,0.0,0.0,0.0,0.0,0,False
UNET_MTL_MASK_GUIDED,10,patient084,patient084_case01,IBC,IBC_patient052_0066.jpg,2,,off_target_fp,110,0,0.0,0.0,0.0,0.0,0,False
UNET_MTL_MASK_GUIDED,10,patient084,patient084_case01,IBC,IBC_patient052_0066.jpg,3,1.0,strong_75_plus,324,280,0.8333333333333334,0.8641975308641975,0.8333333333333334,0.7368421052631579,1,False
UNET_MTL_MASK_GUIDED,10,patient084,patient084_case01,IBC,IBC_patient052_0067.jpg,1,,off_target_fp,150,0,0.0,0.0,0.0,0.0,0,False
UNET_MTL_MASK_GUIDED,10,patient084,patient084_case01,IBC,IBC_patient052_0067.jpg,2,,off_target_fp,174,0,0.0,0.0,0.0,0.0,0,False
UNET_MTL_MASK_GUIDED,10,patient084,patient084_case01,IBC,IBC_patient052_0067.jpg,3,1.0,moderate_50_to_75,168,158,0.5895522388059702,0.9404761904761905,0.5895522388059702,0.5683453237410072,1,False
UNET_MTL_MASK_GUIDED,10,patient084,patient084_case01,IBC,IBC_patient052_0067.jpg,4,,off_target_fp,32,0,0.0,0.0,0.0,0.0,0,False
UNET_MTL_MASK_GUIDED,10,patient092,patient092_case01,IBC,IBC_patient057_0042.jpg,1,,off_target_fp,48,0,0.0,0.0,0.0,0.0,0,False
UNET_MTL_MASK_GUIDED,10,patient092,patient092_case01,IBC,IBC_patient057_0043.jpg,1,,off_target_fp,36,0,0.0,0.0,0.0,0.0,0,False
UNET_MTL_MASK_GUIDED,10,patient092,patient092_case01,IBC,IBC_patient057_0043.jpg,2,1.0,strong_75_plus,278,244,0.8356164383561644,0.8776978417266187,0.8356164383561644,0.7484662576687117,1,False
UNET_MTL_MASK_GUIDED,10,patient092,patient092_case01,IBC,IBC_patient057_0044.jpg,1,,off_target_fp,44,0,0.0,0.0,0.0,0.0,0,False
UNET_MTL_MASK_GUIDED,10,patient092,patient092_case01,IBC,IBC_patient057_0044.jpg,2,1.0,moderate_50_to_75,480,304,0.987012987012987,0.6333333333333333,0.6333333333333333,0.628099173553719,1,False
UNET_MTL_MASK_GUIDED,10,patient092,patient092_case01,IBC,IBC_patient057_0045.jpg,1,,off_target_fp,104,0,0.0,0.0,0.0,0.0,0,False
UNET_MTL_MASK_GUIDED,10,patient092,patient092_case01,IBC,IBC_patient057_0045.jpg,2,,off_target_fp,40,0,0.0,0.0,0.0,0.0,0,False
UNET_MTL_MASK_GUIDED,10,patient092,patient092_case01,IBC,IBC_patient057_0045.jpg,3,1.0,moderate_50_to_75,578,394,0.9471153846153846,0.6816608996539792,0.6816608996539792,0.6566666666666666,1,False
UNET_MTL_MASK_GUIDED,10,patient092,patient092_case01,IBC,IBC_patient057_0046.jpg,1,,off_target_fp,12,0,0.0,0.0,0.0,0.0,0,False
UNET_MTL_MASK_GUIDED,10,patient092,patient092_case01,IBC,IBC_patient057_0046.jpg,2,,off_target_fp,181,0,0.0,0.0,0.0,0.0,0,False
UNET_MTL_MASK_GUIDED,10,patient092,patient092_case01,IBC,IBC_patient057_0046.jpg,3,,off_target_fp,133,0,0.0,0.0,0.0,0.0,0,False
UNET_MTL_MASK_GUIDED,10,patient092,patient092_case01,IBC,IBC_patient057_0046.jpg,4,1.0,strong_75_plus,476,407,0.925,0.8550420168067226,0.8550420168067226,0.7996070726915521,1,False
UNET_MTL_MASK_GUIDED,10,patient092,patient092_case01,IBC,IBC_patient057_0047.jpg,1,,off_target_fp,75,0,0.0,0.0,0.0,0.0,0,False
UNET_MTL_MASK_GUIDED,10,patient092,patient092_case01,IBC,IBC_patient057_0047.jpg,2,,off_target_fp,100,0,0.0,0.0,0.0,0.0,0,False
UNET_MTL_MASK_GUIDED,10,patient092,patient092_case01,IBC,IBC_patient057_0047.jpg,3,,off_target_fp,142,0,0.0,0.0,0.0,0.0,0,False
UNET_MTL_MASK_GUIDED,10,patient092,patient092_case01,IBC,IBC_patient057_0047.jpg,4,1.0,strong_75_plus,352,326,0.9367816091954023,0.9261363636363636,0.9261363636363636,0.8716577540106952,1,False
UNET_MTL_MASK_GUIDED,10,patient092,patient092_case01,IBC,IBC_patient057_0048.jpg,1,,off_target_fp,43,0,0.0,0.0,0.0,0.0,0,False
UNET_MTL_MASK_GUIDED,10,patient092,patient092_case01,IBC,IBC_patient057_0048.jpg,2,,off_target_fp,264,0,0.0,0.0,0.0,0.0,0,False
UNET_MTL_MASK_GUIDED,10,patient092,patient092_case01,IBC,IBC_patient057_0048.jpg,3,,off_target_fp,117,0,0.0,0.0,0.0,0.0,0,False
UNET_MTL_MASK_GUIDED,10,patient092,patient092_case01,IBC,IBC_patient057_0048.jpg,4,1.0,low_25_to_50,72,72,0.27692307692307694,1.0,0.27692307692307694,0.27692307692307694,1,False
UNET_MTL_MASK_GUIDED,10,patient099,patient099_case01,IGM,IGM_patient008_0049.jpg,1,,off_target_fp,107,0,0.0,0.0,0.0,0.0,0,False
UNET_MTL_MASK_GUIDED,10,patient099,patient099_case01,IGM,IGM_patient008_0049.jpg,2,1.0,partial_below_25,129,24,0.2857142857142857,0.18604651162790697,0.18604651162790697,0.12698412698412698,1,False
UNET_MTL_MASK_GUIDED,10,patient099,patient099_case01,IGM,IGM_patient008_0050.jpg,1,1.0,low_25_to_50,198,91,0.7844827586206896,0.4595959595959596,0.4595959595959596,0.4080717488789238,1,False
UNET_MTL_MASK_GUIDED,10,patient099,patient099_case01,IGM,IGM_patient008_0051.jpg,1,1.0,low_25_to_50,108,92,0.48936170212765956,0.8518518518518519,0.48936170212765956,0.45098039215686275,1,False
UNET_MTL_MASK_GUIDED,10,patient099,patient099_case01,IGM,IGM_patient008_0052.jpg,1,1.0,strong_75_plus,130,113,0.7635135135135135,0.8692307692307693,0.7635135135135135,0.6848484848484848,1,False
UNET_MTL_MASK_GUIDED,10,patient099,patient099_case01,IGM,IGM_patient008_0052.jpg,2,,off_target_fp,30,0,0.0,0.0,0.0,0.0,0,False
UNET_MTL_MASK_GUIDED,10,patient099,patient099_case01,IGM,IGM_patient008_0052.jpg,3,,off_target_fp,35,0,0.0,0.0,0.0,0.0,0,False
UNET_MTL_MASK_GUIDED,10,patient099,patient099_case01,IGM,IGM_patient008_0053.jpg,1,1.0,strong_75_plus,111,102,0.7727272727272727,0.918918918918919,0.7727272727272727,0.723404255319149,1,False
UNET_MTL_MASK_GUIDED,10,patient099,patient099_case01,IGM,IGM_patient008_0053.jpg,2,,off_target_fp,58,0,0.0,0.0,0.0,0.0,0,False
UNET_MTL_MASK_GUIDED,10,patient099,patient099_case01,IGM,IGM_patient008_0054.jpg,1,,off_target_fp,65,0,0.0,0.0,0.0,0.0,0,False
UNET_MTL_MASK_GUIDED,10,patient099,patient099_case01,IGM,IGM_patient008_0054.jpg,2,1.0,strong_75_plus,109,104,0.7878787878787878,0.9541284403669725,0.7878787878787878,0.7591240875912408,1,False
UNET_MTL_MASK_GUIDED,10,patient099,patient099_case01,IGM,IGM_patient008_0055.jpg,1,1.0,strong_75_plus,136,123,0.9044117647058824,0.9044117647058824,0.9044117647058824,0.825503355704698,1,False
UNET_MTL_MASK_GUIDED,10,patient099,patient099_case01,IGM,IGM_patient008_0055.jpg,2,,off_target_fp,68,0,0.0,0.0,0.0,0.0,0,False
UNET_MTL_MASK_GUIDED,10,patient099,patient099_case01,IGM,IGM_patient008_0056.jpg,1,,off_target_fp,84,0,0.0,0.0,0.0,0.0,0,False
UNET_MTL_MASK_GUIDED,10,patient099,patient099_case01,IGM,IGM_patient008_0056.jpg,2,,off_target_fp,49,0,0.0,0.0,0.0,0.0,0,False
UNET_MTL_MASK_GUIDED,10,patient099,patient099_case01,IGM,IGM_patient008_0056.jpg,3,1.0,moderate_50_to_75,126,110,0.6111111111111112,0.873015873015873,0.6111111111111112,0.5612244897959183,1,False
UNET_MTL_MASK_GUIDED,10,patient099,patient099_case01,IGM,IGM_patient008_0056.jpg,4,,off_target_fp,36,0,0.0,0.0,0.0,0.0,0,False
UNET_MTL_MASK_GUIDED,10,patient099,patient099_case01,IGM,IGM_patient008_0057.jpg,1,,off_target_fp,149,0,0.0,0.0,0.0,0.0,0,False
UNET_MTL_MASK_GUIDED,10,patient099,patient099_case01,IGM,IGM_patient008_0057.jpg,2,1.0,strong_75_plus,140,130,0.8125,0.9285714285714286,0.8125,0.7647058823529411,1,False
UNET_MTL_MASK_GUIDED,10,patient099,patient099_case01,IGM,IGM_patient008_0058.jpg,1,,off_target_fp,162,0,0.0,0.0,0.0,0.0,0,False
UNET_MTL_MASK_GUIDED,10,patient099,patient099_case01,IGM,IGM_patient008_0058.jpg,2,,off_target_fp,46,0,0.0,0.0,0.0,0.0,0,False
UNET_MTL_MASK_GUIDED,10,patient099,patient099_case01,IGM,IGM_patient008_0058.jpg,3,,off_target_fp,145,0,0.0,0.0,0.0,0.0,0,False
UNET_MTL_MASK_GUIDED,10,patient101,patient101_case01,IBC,IBC_patient009_0142.jpg,1,,off_target_fp,32,0,0.0,0.0,0.0,0.0,0,False
UNET_MTL_MASK_GUIDED,10,patient101,patient101_case01,IBC,IBC_patient009_0142.jpg,2,,off_target_fp,12,0,0.0,0.0,0.0,0.0,0,False
UNET_MTL_MASK_GUIDED,10,patient101,patient101_case01,IBC,IBC_patient009_0143.jpg,1,,off_target_fp,34,0,0.0,0.0,0.0,0.0,0,False
UNET_MTL_MASK_GUIDED,10,patient101,patient101_case01,IBC,IBC_patient009_0143.jpg,2,,off_target_fp,40,0,0.0,0.0,0.0,0.0,0,False
UNET_MTL_MASK_GUIDED,10,patient101,patient101_case01,IBC,IBC_patient009_0143.jpg,3,1.0,moderate_50_to_75,60,56,0.6666666666666666,0.9333333333333333,0.6666666666666666,0.6363636363636364,1,False
UNET_MTL_MASK_GUIDED,10,patient101,patient101_case01,IBC,IBC_patient009_0144.jpg,1,,off_target_fp,33,0,0.0,0.0,0.0,0.0,0,False
UNET_MTL_MASK_GUIDED,10,patient101,patient101_case01,IBC,IBC_patient009_0144.jpg,2,,off_target_fp,79,0,0.0,0.0,0.0,0.0,0,False
UNET_MTL_MASK_GUIDED,10,patient101,patient101_case01,IBC,IBC_patient009_0144.jpg,3,1.0,strong_75_plus,101,89,0.7946428571428571,0.8811881188118812,0.7946428571428571,0.717741935483871,1,False
UNET_MTL_MASK_GUIDED,10,patient101,patient101_case01,IBC,IBC_patient009_0145.jpg,1,,off_target_fp,30,0,0.0,0.0,0.0,0.0,0,False
UNET_MTL_MASK_GUIDED,10,patient101,patient101_case01,IBC,IBC_patient009_0145.jpg,2,,off_target_fp,70,0,0.0,0.0,0.0,0.0,0,False
UNET_MTL_MASK_GUIDED,10,patient101,patient101_case01,IBC,IBC_patient009_0145.jpg,3,1.0,moderate_50_to_75,123,91,0.875,0.7398373983739838,0.7398373983739838,0.6691176470588235,1,False
UNET_MTL_MASK_GUIDED,10,patient101,patient101_case01,IBC,IBC_patient009_0146.jpg,1,,off_target_fp,24,0,0.0,0.0,0.0,0.0,0,False
UNET_MTL_MASK_GUIDED,10,patient101,patient101_case01,IBC,IBC_patient009_0146.jpg,2,,off_target_fp,20,0,0.0,0.0,0.0,0.0,0,False
UNET_MTL_MASK_GUIDED,10,patient101,patient101_case01,IBC,IBC_patient009_0146.jpg,3,1.0,strong_75_plus,157,119,0.9296875,0.7579617834394905,0.7579617834394905,0.7168674698795181,1,False
UNET_MTL_MASK_GUIDED,10,patient101,patient101_case01,IBC,IBC_patient009_0147.jpg,1,,off_target_fp,35,0,0.0,0.0,0.0,0.0,0,False
UNET_MTL_MASK_GUIDED,10,patient101,patient101_case01,IBC,IBC_patient009_0147.jpg,2,1.0,moderate_50_to_75,188,127,0.9338235294117647,0.675531914893617,0.675531914893617,0.6446700507614214,1,False
UNET_MTL_MASK_GUIDED,10,patient101,patient101_case01,IBC,IBC_patient009_0148.jpg,1,,off_target_fp,189,0,0.0,0.0,0.0,0.0,0,False
UNET_MTL_MASK_GUIDED,10,patient101,patient101_case01,IBC,IBC_patient009_0148.jpg,2,1.0,moderate_50_to_75,214,155,0.9011627906976745,0.7242990654205608,0.7242990654205608,0.670995670995671,1,False
UNET_MTL_MASK_GUIDED,10,patient101,patient101_case01,IBC,IBC_patient009_0149.jpg,1,,off_target_fp,209,0,0.0,0.0,0.0,0.0,0,False
UNET_MTL_MASK_GUIDED,10,patient101,patient101_case01,IBC,IBC_patient009_0149.jpg,2,1.0,strong_75_plus,225,189,0.9086538461538461,0.84,0.84,0.7745901639344263,1,False
UNET_MTL_MASK_GUIDED,10,patient101,patient101_case01,IBC,IBC_patient009_0150.jpg,1,,off_target_fp,166,0,0.0,0.0,0.0,0.0,0,False
UNET_MTL_MASK_GUIDED,10,patient101,patient101_case01,IBC,IBC_patient009_0150.jpg,2,1.0,strong_75_plus,223,193,0.8935185185185185,0.8654708520179372,0.8654708520179372,0.7845528455284553,1,False
UNET_MTL_MASK_GUIDED,10,patient101,patient101_case01,IBC,IBC_patient009_0151.jpg,1,,off_target_fp,97,0,0.0,0.0,0.0,0.0,0,False
UNET_MTL_MASK_GUIDED,10,patient101,patient101_case01,IBC,IBC_patient009_0151.jpg,2,1.0,strong_75_plus,214,174,0.8877551020408163,0.8130841121495327,0.8130841121495327,0.7372881355932204,1,False
UNET_MTL_MASK_GUIDED,10,patient101,patient101_case01,IBC,IBC_patient009_0151.jpg,3,,off_target_fp,12,0,0.0,0.0,0.0,0.0,0,False
UNET_MTL_MASK_GUIDED,10,patient101,patient101_case01,IBC,IBC_patient009_0152.jpg,1,,off_target_fp,44,0,0.0,0.0,0.0,0.0,0,False
UNET_MTL_MASK_GUIDED,10,patient101,patient101_case01,IBC,IBC_patient009_0152.jpg,2,1.0,strong_75_plus,196,169,0.845,0.8622448979591837,0.845,0.7444933920704846,1,False
UNET_MTL_MASK_GUIDED,10,patient101,patient101_case01,IBC,IBC_patient009_0153.jpg,1,,off_target_fp,48,0,0.0,0.0,0.0,0.0,0,False
UNET_MTL_MASK_GUIDED,10,patient101,patient101_case01,IBC,IBC_patient009_0153.jpg,2,1.0,strong_75_plus,190,157,0.7548076923076923,0.8263157894736842,0.7548076923076923,0.6514522821576764,1,False
UNET_MTL_MASK_GUIDED,10,patient101,patient101_case01,IBC,IBC_patient009_0154.jpg,1,,off_target_fp,66,0,0.0,0.0,0.0,0.0,0,False
UNET_MTL_MASK_GUIDED,10,patient101,patient101_case01,IBC,IBC_patient009_0154.jpg,2,1.0,strong_75_plus,175,148,0.8604651162790697,0.8457142857142858,0.8457142857142858,0.7437185929648241,1,False
UNET_MTL_MASK_GUIDED,10,patient101,patient101_case01,IBC,IBC_patient009_0155.jpg,1,,off_target_fp,84,0,0.0,0.0,0.0,0.0,0,False
UNET_MTL_MASK_GUIDED,10,patient101,patient101_case01,IBC,IBC_patient009_0155.jpg,2,1.0,strong_75_plus,159,132,0.825,0.8301886792452831,0.825,0.7058823529411765,1,False
UNET_MTL_MASK_GUIDED,10,patient101,patient101_case01,IBC,IBC_patient009_0156.jpg,1,,off_target_fp,85,0,0.0,0.0,0.0,0.0,0,False
UNET_MTL_MASK_GUIDED,10,patient101,patient101_case01,IBC,IBC_patient009_0156.jpg,2,1.0,strong_75_plus,142,125,0.7621951219512195,0.8802816901408451,0.7621951219512195,0.6906077348066298,1,False
UNET_MTL_MASK_GUIDED,10,patient101,patient101_case01,IBC,IBC_patient009_0157.jpg,1,,off_target_fp,71,0,0.0,0.0,0.0,0.0,0,False
UNET_MTL_MASK_GUIDED,10,patient101,patient101_case01,IBC,IBC_patient009_0157.jpg,2,1.0,moderate_50_to_75,215,182,0.7109375,0.8465116279069768,0.7109375,0.629757785467128,1,False
UNET_MTL_MASK_GUIDED,10,patient101,patient101_case01,IBC,IBC_patient009_0158.jpg,1,,off_target_fp,46,0,0.0,0.0,0.0,0.0,0,False
UNET_MTL_MASK_GUIDED,10,patient101,patient101_case01,IBC,IBC_patient009_0158.jpg,2,1.0,strong_75_plus,268,238,0.8880597014925373,0.8880597014925373,0.8880597014925373,0.7986577181208053,1,False
UNET_MTL_MASK_GUIDED,10,patient101,patient101_case01,IBC,IBC_patient009_0158.jpg,3,,off_target_fp,28,0,0.0,0.0,0.0,0.0,0,False
UNET_MTL_MASK_GUIDED,10,patient101,patient101_case01,IBC,IBC_patient009_0159.jpg,1,,off_target_fp,10,0,0.0,0.0,0.0,0.0,0,False
UNET_MTL_MASK_GUIDED,10,patient101,patient101_case01,IBC,IBC_patient009_0159.jpg,2,1.0,strong_75_plus,293,239,0.93359375,0.8156996587030717,0.8156996587030717,0.7709677419354839,1,False
UNET_MTL_MASK_GUIDED,10,patient101,patient101_case01,IBC,IBC_patient009_0160.jpg,1,,off_target_fp,13,0,0.0,0.0,0.0,0.0,0,False
UNET_MTL_MASK_GUIDED,10,patient101,patient101_case01,IBC,IBC_patient009_0160.jpg,2,1.0,strong_75_plus,287,217,0.875,0.7560975609756098,0.7560975609756098,0.6823899371069182,1,False
UNET_MTL_MASK_GUIDED,10,patient101,patient101_case01,IBC,IBC_patient009_0161.jpg,1,1.0,strong_75_plus,259,211,0.8647540983606558,0.8146718146718147,0.8146718146718147,0.7226027397260274,1,False
UNET_MTL_MASK_GUIDED,10,patient101,patient101_case01,IBC,IBC_patient009_0162.jpg,1,1.0,strong_75_plus,264,243,0.8678571428571429,0.9204545454545454,0.8678571428571429,0.8073089700996677,1,False
UNET_MTL_MASK_GUIDED,10,patient101,patient101_case01,IBC,IBC_patient009_0163.jpg,1,1.0,strong_75_plus,230,219,0.8830645161290323,0.9521739130434783,0.8830645161290323,0.8455598455598455,1,False
UNET_MTL_MASK_GUIDED,10,patient101,patient101_case01,IBC,IBC_patient009_0163.jpg,2,,off_target_fp,10,0,0.0,0.0,0.0,0.0,0,False
UNET_MTL_MASK_GUIDED,10,patient101,patient101_case01,IBC,IBC_patient009_0164.jpg,1,1.0,moderate_50_to_75,185,181,0.7298387096774194,0.9783783783783784,0.7298387096774194,0.7182539682539683,1,False
UNET_MTL_MASK_GUIDED,10,patient101,patient101_case01,IBC,IBC_patient009_0165.jpg,1,1.0,strong_75_plus,125,122,0.782051282051282,0.976,0.782051282051282,0.7672955974842768,1,False
UNET_MTL_MASK_GUIDED,10,patient101,patient101_case01,IBC,IBC_patient009_0166.jpg,1,,off_target_fp,44,0,0.0,0.0,0.0,0.0,0,False
UNET_MTL_MASK_GUIDED,25,patient005,patient005_case01,IGM,IGM_patient011_0059.jpg,1,,off_target_fp,46,0,0.0,0.0,0.0,0.0,0,False
UNET_MTL_MASK_GUIDED,25,patient005,patient005_case01,IGM,IGM_patient011_0060.jpg,1,,off_target_fp,55,0,0.0,0.0,0.0,0.0,0,False
UNET_MTL_MASK_GUIDED,25,patient005,patient005_case01,IGM,IGM_patient011_0060.jpg,2,1.0,strong_75_plus,105,89,0.9270833333333334,0.8476190476190476,0.8476190476190476,0.7946428571428571,1,False
UNET_MTL_MASK_GUIDED,25,patient005,patient005_case01,IGM,IGM_patient011_0060.jpg,3,,off_target_fp,25,0,0.0,0.0,0.0,0.0,0,False
UNET_MTL_MASK_GUIDED,25,patient005,patient005_case01,IGM,IGM_patient011_0061.jpg,1,,off_target_fp,33,0,0.0,0.0,0.0,0.0,0,False
UNET_MTL_MASK_GUIDED,25,patient005,patient005_case01,IGM,IGM_patient011_0061.jpg,2,1.0,moderate_50_to_75,165,123,0.9609375,0.7454545454545455,0.7454545454545455,0.7235294117647059,1,False
UNET_MTL_MASK_GUIDED,25,patient005,patient005_case01,IGM,IGM_patient011_0062.jpg,1,1.0,moderate_50_to_75,104,74,0.6851851851851852,0.7115384615384616,0.6851851851851852,0.5362318840579711,1,False
UNET_MTL_MASK_GUIDED,25,patient005,patient005_case01,IGM,IGM_patient011_0063.jpg,1,1.0,moderate_50_to_75,57,44,0.5,0.7719298245614035,0.5,0.43564356435643564,1,False
UNET_MTL_MASK_GUIDED,25,patient005,patient005_case01,IGM,IGM_patient011_0064.jpg,1,1.0,low_25_to_50,54,39,0.42391304347826086,0.7222222222222222,0.42391304347826086,0.3644859813084112,1,False
UNET_MTL_MASK_GUIDED,25,patient005,patient005_case01,IGM,IGM_patient011_0065.jpg,1,,off_target_fp,136,0,0.0,0.0,0.0,0.0,0,False
UNET_MTL_MASK_GUIDED,25,patient005,patient005_case01,IGM,IGM_patient011_0065.jpg,2,1.0,strong_75_plus,77,59,0.8194444444444444,0.7662337662337663,0.7662337662337663,0.6555555555555556,1,False
UNET_MTL_MASK_GUIDED,25,patient005,patient005_case01,IGM,IGM_patient011_0066.jpg,1,,off_target_fp,230,0,0.0,0.0,0.0,0.0,0,False
UNET_MTL_MASK_GUIDED,25,patient008,patient008_case01,IGM,IGM_patient013_0079.jpg,1,,off_target_fp,56,0,0.0,0.0,0.0,0.0,0,False
UNET_MTL_MASK_GUIDED,25,patient008,patient008_case01,IGM,IGM_patient013_0080.jpg,1,,off_target_fp,60,0,0.0,0.0,0.0,0.0,0,False
UNET_MTL_MASK_GUIDED,25,patient008,patient008_case01,IGM,IGM_patient013_0080.jpg,2,,off_target_fp,69,0,0.0,0.0,0.0,0.0,0,False
UNET_MTL_MASK_GUIDED,25,patient008,patient008_case01,IGM,IGM_patient013_0080.jpg,3,,off_target_fp,60,0,0.0,0.0,0.0,0.0,0,False
UNET_MTL_MASK_GUIDED,25,patient008,patient008_case01,IGM,IGM_patient013_0081.jpg,1,,off_target_fp,49,0,0.0,0.0,0.0,0.0,0,False
UNET_MTL_MASK_GUIDED,25,patient008,patient008_case01,IGM,IGM_patient013_0081.jpg,2,,off_target_fp,42,0,0.0,0.0,0.0,0.0,0,False
UNET_MTL_MASK_GUIDED,25,patient008,patient008_case01,IGM,IGM_patient013_0082.jpg,1,,off_target_fp,84,0,0.0,0.0,0.0,0.0,0,False
UNET_MTL_MASK_GUIDED,25,patient014,patient014_case01,IBC,IBC_patient016_0135.jpg,1,,off_target_fp,59,0,0.0,0.0,0.0,0.0,0,False
UNET_MTL_MASK_GUIDED,25,patient014,patient014_case01,IBC,IBC_patient016_0135.jpg,2,1.0,strong_75_plus,108,93,0.775,0.8611111111111112,0.775,0.6888888888888889,1,False
UNET_MTL_MASK_GUIDED,25,patient014,patient014_case01,IBC,IBC_patient016_0136.jpg,1,,off_target_fp,127,0,0.0,0.0,0.0,0.0,0,False
UNET_MTL_MASK_GUIDED,25,patient014,patient014_case01,IBC,IBC_patient016_0136.jpg,2,1.0,strong_75_plus,166,155,0.842391304347826,0.9337349397590361,0.842391304347826,0.7948717948717948,1,False
UNET_MTL_MASK_GUIDED,25,patient014,patient014_case01,IBC,IBC_patient016_0137.jpg,1,,off_target_fp,153,0,0.0,0.0,0.0,0.0,0,False
UNET_MTL_MASK_GUIDED,25,patient014,patient014_case01,IBC,IBC_patient016_0137.jpg,2,1.0,strong_75_plus,209,200,0.9259259259259259,0.9569377990430622,0.9259259259259259,0.8888888888888888,1,False
UNET_MTL_MASK_GUIDED,25,patient014,patient014_case01,IBC,IBC_patient016_0138.jpg,1,,off_target_fp,155,0,0.0,0.0,0.0,0.0,0,False
UNET_MTL_MASK_GUIDED,25,patient014,patient014_case01,IBC,IBC_patient016_0138.jpg,2,1.0,strong_75_plus,226,195,0.9027777777777778,0.8628318584070797,0.8628318584070797,0.7894736842105263,1,False
UNET_MTL_MASK_GUIDED,25,patient014,patient014_case01,IBC,IBC_patient016_0138.jpg,3,,off_target_fp,53,0,0.0,0.0,0.0,0.0,0,False
UNET_MTL_MASK_GUIDED,25,patient014,patient014_case01,IBC,IBC_patient016_0139.jpg,1,,off_target_fp,154,0,0.0,0.0,0.0,0.0,0,False
UNET_MTL_MASK_GUIDED,25,patient014,patient014_case01,IBC,IBC_patient016_0139.jpg,2,1.0,strong_75_plus,257,240,0.8695652173913043,0.933852140077821,0.8695652173913043,0.8191126279863481,1,False
UNET_MTL_MASK_GUIDED,25,patient014,patient014_case01,IBC,IBC_patient016_0139.jpg,3,,off_target_fp,73,0,0.0,0.0,0.0,0.0,0,False
UNET_MTL_MASK_GUIDED,25,patient014,patient014_case01,IBC,IBC_patient016_0139.jpg,4,,off_target_fp,110,0,0.0,0.0,0.0,0.0,0,False
UNET_MTL_MASK_GUIDED,25,patient014,patient014_case01,IBC,IBC_patient016_0140.jpg,1,,off_target_fp,157,0,0.0,0.0,0.0,0.0,0,False
UNET_MTL_MASK_GUIDED,25,patient014,patient014_case01,IBC,IBC_patient016_0140.jpg,2,1.0,strong_75_plus,278,243,0.9642857142857143,0.8741007194244604,0.8741007194244604,0.8466898954703833,1,False
UNET_MTL_MASK_GUIDED,25,patient014,patient014_case01,IBC,IBC_patient016_0140.jpg,3,,off_target_fp,100,0,0.0,0.0,0.0,0.0,0,False
UNET_MTL_MASK_GUIDED,25,patient014,patient014_case01,IBC,IBC_patient016_0140.jpg,4,,off_target_fp,106,0,0.0,0.0,0.0,0.0,0,False
UNET_MTL_MASK_GUIDED,25,patient014,patient014_case01,IBC,IBC_patient016_0141.jpg,1,,off_target_fp,247,0,0.0,0.0,0.0,0.0,0,False
UNET_MTL_MASK_GUIDED,25,patient014,patient014_case01,IBC,IBC_patient016_0141.jpg,2,1.0,strong_75_plus,254,217,0.9194915254237288,0.8543307086614174,0.8543307086614174,0.7948717948717948,1,False
UNET_MTL_MASK_GUIDED,25,patient014,patient014_case01,IBC,IBC_patient016_0141.jpg,3,,off_target_fp,84,0,0.0,0.0,0.0,0.0,0,False
UNET_MTL_MASK_GUIDED,25,patient014,patient014_case01,IBC,IBC_patient016_0141.jpg,4,,off_target_fp,51,0,0.0,0.0,0.0,0.0,0,False
UNET_MTL_MASK_GUIDED,25,patient014,patient014_case01,IBC,IBC_patient016_0142.jpg,1,,off_target_fp,278,0,0.0,0.0,0.0,0.0,0,False
UNET_MTL_MASK_GUIDED,25,patient014,patient014_case01,IBC,IBC_patient016_0142.jpg,2,1.0,strong_75_plus,282,219,0.9605263157894737,0.776595744680851,0.776595744680851,0.7525773195876289,1,False
UNET_MTL_MASK_GUIDED,25,patient014,patient014_case01,IBC,IBC_patient016_0142.jpg,3,,off_target_fp,106,0,0.0,0.0,0.0,0.0,0,False
UNET_MTL_MASK_GUIDED,25,patient014,patient014_case01,IBC,IBC_patient016_0142.jpg,4,,off_target_fp,136,0,0.0,0.0,0.0,0.0,0,False
UNET_MTL_MASK_GUIDED,25,patient014,patient014_case01,IBC,IBC_patient016_0143.jpg,1,,off_target_fp,229,0,0.0,0.0,0.0,0.0,0,False
UNET_MTL_MASK_GUIDED,25,patient014,patient014_case01,IBC,IBC_patient016_0143.jpg,2,1.0,moderate_50_to_75,379,191,0.9744897959183674,0.503957783641161,0.503957783641161,0.4973958333333333,1,False
UNET_MTL_MASK_GUIDED,25,patient014,patient014_case01,IBC,IBC_patient016_0143.jpg,3,,off_target_fp,61,0,0.0,0.0,0.0,0.0,0,False
UNET_MTL_MASK_GUIDED,25,patient014,patient014_case01,IBC,IBC_patient016_0143.jpg,4,,off_target_fp,26,0,0.0,0.0,0.0,0.0,0,False
UNET_MTL_MASK_GUIDED,25,patient014,patient014_case01,IBC,IBC_patient016_0143.jpg,5,,off_target_fp,162,0,0.0,0.0,0.0,0.0,0,False
UNET_MTL_MASK_GUIDED,25,patient014,patient014_case01,IBC,IBC_patient016_0144.jpg,1,,off_target_fp,195,0,0.0,0.0,0.0,0.0,0,False
UNET_MTL_MASK_GUIDED,25,patient014,patient014_case01,IBC,IBC_patient016_0144.jpg,2,1.0,low_25_to_50,396,195,0.9948979591836735,0.49242424242424243,0.49242424242424243,0.491183879093199,1,False
UNET_MTL_MASK_GUIDED,25,patient014,patient014_case01,IBC,IBC_patient016_0144.jpg,3,,off_target_fp,90,0,0.0,0.0,0.0,0.0,0,False
UNET_MTL_MASK_GUIDED,25,patient014,patient014_case01,IBC,IBC_patient016_0145.jpg,1,,off_target_fp,83,0,0.0,0.0,0.0,0.0,0,False
UNET_MTL_MASK_GUIDED,25,patient014,patient014_case01,IBC,IBC_patient016_0145.jpg,2,,off_target_fp,235,0,0.0,0.0,0.0,0.0,0,False
UNET_MTL_MASK_GUIDED,25,patient014,patient014_case01,IBC,IBC_patient016_0145.jpg,3,1.0,moderate_50_to_75,319,233,0.9708333333333333,0.7304075235109718,0.7304075235109718,0.7147239263803681,1,False
UNET_MTL_MASK_GUIDED,25,patient014,patient014_case01,IBC,IBC_patient016_0146.jpg,1,,off_target_fp,132,0,0.0,0.0,0.0,0.0,0,False
UNET_MTL_MASK_GUIDED,25,patient014,patient014_case01,IBC,IBC_patient016_0146.jpg,2,,off_target_fp,256,0,0.0,0.0,0.0,0.0,0,False
UNET_MTL_MASK_GUIDED,25,patient014,patient014_case01,IBC,IBC_patient016_0146.jpg,3,1.0,strong_75_plus,288,225,0.9533898305084746,0.78125,0.78125,0.7525083612040134,1,False
UNET_MTL_MASK_GUIDED,25,patient014,patient014_case01,IBC,IBC_patient016_0147.jpg,1,,off_target_fp,161,0,0.0,0.0,0.0,0.0,0,False
UNET_MTL_MASK_GUIDED,25,patient014,patient014_case01,IBC,IBC_patient016_0147.jpg,2,,off_target_fp,253,0,0.0,0.0,0.0,0.0,0,False
UNET_MTL_MASK_GUIDED,25,patient014,patient014_case01,IBC,IBC_patient016_0147.jpg,3,1.0,strong_75_plus,221,190,0.8796296296296297,0.8597285067873304,0.8597285067873304,0.7692307692307693,1,False
UNET_MTL_MASK_GUIDED,25,patient014,patient014_case01,IBC,IBC_patient016_0148.jpg,1,,off_target_fp,181,0,0.0,0.0,0.0,0.0,0,False
UNET_MTL_MASK_GUIDED,25,patient014,patient014_case01,IBC,IBC_patient016_0148.jpg,2,,off_target_fp,122,0,0.0,0.0,0.0,0.0,0,False
UNET_MTL_MASK_GUIDED,25,patient014,patient014_case01,IBC,IBC_patient016_0148.jpg,3,1.0,moderate_50_to_75,144,135,0.703125,0.9375,0.703125,0.6716417910447762,1,False
UNET_MTL_MASK_GUIDED,25,patient014,patient014_case01,IBC,IBC_patient016_0149.jpg,1,,off_target_fp,179,0,0.0,0.0,0.0,0.0,0,False
UNET_MTL_MASK_GUIDED,25,patient014,patient014_case01,IBC,IBC_patient016_0149.jpg,2,1.0,partial_below_25,46,46,0.23469387755102042,1.0,0.23469387755102042,0.23469387755102042,1,False
UNET_MTL_MASK_GUIDED,25,patient014,patient014_case01,IBC,IBC_patient016_0149.jpg,3,,off_target_fp,50,0,0.0,0.0,0.0,0.0,0,False
UNET_MTL_MASK_GUIDED,25,patient014,patient014_case01,IBC,IBC_patient016_0150.jpg,1,,off_target_fp,143,0,0.0,0.0,0.0,0.0,0,False
UNET_MTL_MASK_GUIDED,25,patient014,patient014_case01,IBC,IBC_patient016_0150.jpg,2,,off_target_fp,42,0,0.0,0.0,0.0,0.0,0,False
UNET_MTL_MASK_GUIDED,25,patient014,patient014_case01,IBC,IBC_patient016_0151.jpg,1,,off_target_fp,117,0,0.0,0.0,0.0,0.0,0,False
UNET_MTL_MASK_GUIDED,25,patient014,patient014_case01,IBC,IBC_patient016_0151.jpg,2,,off_target_fp,37,0,0.0,0.0,0.0,0.0,0,False
UNET_MTL_MASK_GUIDED,25,patient014,patient014_case01,IBC,IBC_patient016_0151.jpg,3,,off_target_fp,70,0,0.0,0.0,0.0,0.0,0,False
UNET_MTL_MASK_GUIDED,25,patient015,patient015_case01,IGM,IGM_patient016_0051.jpg,1,,off_target_fp,125,0,0.0,0.0,0.0,0.0,0,False
UNET_MTL_MASK_GUIDED,25,patient015,patient015_case01,IGM,IGM_patient016_0051.jpg,2,,off_target_fp,461,0,0.0,0.0,0.0,0.0,0,False
UNET_MTL_MASK_GUIDED,25,patient015,patient015_case01,IGM,IGM_patient016_0051.jpg,3,,off_target_fp,291,0,0.0,0.0,0.0,0.0,0,False
UNET_MTL_MASK_GUIDED,25,patient015,patient015_case01,IGM,IGM_patient016_0051.jpg,4,1.0,strong_75_plus,101,83,0.8645833333333334,0.8217821782178217,0.8217821782178217,0.7280701754385965,1,False
UNET_MTL_MASK_GUIDED,25,patient015,patient015_case01,IGM,IGM_patient016_0051.jpg,5,,off_target_fp,30,0,0.0,0.0,0.0,0.0,0,False
UNET_MTL_MASK_GUIDED,25,patient015,patient015_case01,IGM,IGM_patient016_0052.jpg,1,,off_target_fp,153,0,0.0,0.0,0.0,0.0,0,False
UNET_MTL_MASK_GUIDED,25,patient015,patient015_case01,IGM,IGM_patient016_0052.jpg,2,,off_target_fp,569,0,0.0,0.0,0.0,0.0,0,False
UNET_MTL_MASK_GUIDED,25,patient015,patient015_case01,IGM,IGM_patient016_0052.jpg,3,1.0,moderate_50_to_75,187,122,0.9242424242424242,0.6524064171122995,0.6524064171122995,0.6192893401015228,1,False
UNET_MTL_MASK_GUIDED,25,patient015,patient015_case01,IGM,IGM_patient016_0053.jpg,1,,off_target_fp,94,0,0.0,0.0,0.0,0.0,0,False
UNET_MTL_MASK_GUIDED,25,patient015,patient015_case01,IGM,IGM_patient016_0053.jpg,2,,off_target_fp,568,0,0.0,0.0,0.0,0.0,0,False
UNET_MTL_MASK_GUIDED,25,patient015,patient015_case01,IGM,IGM_patient016_0053.jpg,3,1.0,strong_75_plus,191,172,0.7818181818181819,0.900523560209424,0.7818181818181819,0.7196652719665272,1,False
UNET_MTL_MASK_GUIDED,25,patient015,patient015_case01,IGM,IGM_patient016_0054.jpg,1,,off_target_fp,46,0,0.0,0.0,0.0,0.0,0,False
UNET_MTL_MASK_GUIDED,25,patient015,patient015_case01,IGM,IGM_patient016_0054.jpg,2,,off_target_fp,104,0,0.0,0.0,0.0,0.0,0,False
UNET_MTL_MASK_GUIDED,25,patient015,patient015_case01,IGM,IGM_patient016_0054.jpg,3,,off_target_fp,590,0,0.0,0.0,0.0,0.0,0,False
UNET_MTL_MASK_GUIDED,25,patient015,patient015_case01,IGM,IGM_patient016_0054.jpg,4,,off_target_fp,55,0,0.0,0.0,0.0,0.0,0,False
UNET_MTL_MASK_GUIDED,25,patient015,patient015_case01,IGM,IGM_patient016_0054.jpg,5,1.0,strong_75_plus,242,211,0.9254385964912281,0.871900826446281,0.871900826446281,0.8146718146718147,1,False
UNET_MTL_MASK_GUIDED,25,patient015,patient015_case01,IGM,IGM_patient016_0055.jpg,1,,off_target_fp,358,0,0.0,0.0,0.0,0.0,0,False
UNET_MTL_MASK_GUIDED,25,patient015,patient015_case01,IGM,IGM_patient016_0055.jpg,2,,off_target_fp,172,0,0.0,0.0,0.0,0.0,0,False
UNET_MTL_MASK_GUIDED,25,patient015,patient015_case01,IGM,IGM_patient016_0055.jpg,3,1.0,moderate_50_to_75,213,159,0.9244186046511628,0.7464788732394366,0.7464788732394366,0.7035398230088495,1,False
UNET_MTL_MASK_GUIDED,25,patient015,patient015_case01,IGM,IGM_patient016_0056.jpg,1,,off_target_fp,130,0,0.0,0.0,0.0,0.0,0,False
UNET_MTL_MASK_GUIDED,25,patient015,patient015_case01,IGM,IGM_patient016_0056.jpg,2,,off_target_fp,114,0,0.0,0.0,0.0,0.0,0,False
UNET_MTL_MASK_GUIDED,25,patient015,patient015_case01,IGM,IGM_patient016_0056.jpg,3,1.0,strong_75_plus,144,133,0.8525641025641025,0.9236111111111112,0.8525641025641025,0.7964071856287425,1,False
UNET_MTL_MASK_GUIDED,25,patient015,patient015_case01,IGM,IGM_patient016_0057.jpg,1,,off_target_fp,40,0,0.0,0.0,0.0,0.0,0,False
UNET_MTL_MASK_GUIDED,25,patient015,patient015_case01,IGM,IGM_patient016_0057.jpg,2,,off_target_fp,160,0,0.0,0.0,0.0,0.0,0,False
UNET_MTL_MASK_GUIDED,25,patient015,patient015_case01,IGM,IGM_patient016_0057.jpg,3,,off_target_fp,207,0,0.0,0.0,0.0,0.0,0,False
UNET_MTL_MASK_GUIDED,25,patient015,patient015_case01,IGM,IGM_patient016_0057.jpg,4,,off_target_fp,64,0,0.0,0.0,0.0,0.0,0,False
UNET_MTL_MASK_GUIDED,25,patient017,patient017_case01,IGM,IGM_patient017_0054.jpg,1,,off_target_fp,261,0,0.0,0.0,0.0,0.0,0,False
UNET_MTL_MASK_GUIDED,25,patient017,patient017_case01,IGM,IGM_patient017_0055.jpg,1,,off_target_fp,203,0,0.0,0.0,0.0,0.0,0,False
UNET_MTL_MASK_GUIDED,25,patient017,patient017_case01,IGM,IGM_patient017_0056.jpg,1,,off_target_fp,132,0,0.0,0.0,0.0,0.0,0,False
UNET_MTL_MASK_GUIDED,25,patient017,patient017_case01,IGM,IGM_patient017_0056.jpg,2,,off_target_fp,185,0,0.0,0.0,0.0,0.0,0,False
UNET_MTL_MASK_GUIDED,25,patient017,patient017_case01,IGM,IGM_patient017_0057.jpg,1,,off_target_fp,28,0,0.0,0.0,0.0,0.0,0,False
UNET_MTL_MASK_GUIDED,25,patient017,patient017_case01,IGM,IGM_patient017_0057.jpg,2,,off_target_fp,112,0,0.0,0.0,0.0,0.0,0,False
UNET_MTL_MASK_GUIDED,25,patient017,patient017_case01,IGM,IGM_patient017_0057.jpg,3,,off_target_fp,64,0,0.0,0.0,0.0,0.0,0,False
UNET_MTL_MASK_GUIDED,25,patient017,patient017_case01,IGM,IGM_patient017_0057.jpg,4,,off_target_fp,122,0,0.0,0.0,0.0,0.0,0,False
UNET_MTL_MASK_GUIDED,25,patient017,patient017_case01,IGM,IGM_patient017_0058.jpg,1,,off_target_fp,66,0,0.0,0.0,0.0,0.0,0,False
UNET_MTL_MASK_GUIDED,25,patient017,patient017_case01,IGM,IGM_patient017_0058.jpg,2,,off_target_fp,77,0,0.0,0.0,0.0,0.0,0,False
UNET_MTL_MASK_GUIDED,25,patient017,patient017_case01,IGM,IGM_patient017_0058.jpg,3,,off_target_fp,85,0,0.0,0.0,0.0,0.0,0,False
UNET_MTL_MASK_GUIDED,25,patient017,patient017_case01,IGM,IGM_patient017_0058.jpg,4,,off_target_fp,57,0,0.0,0.0,0.0,0.0,0,False
UNET_MTL_MASK_GUIDED,25,patient017,patient017_case01,IGM,IGM_patient017_0059.jpg,1,,off_target_fp,48,0,0.0,0.0,0.0,0.0,0,False
UNET_MTL_MASK_GUIDED,25,patient017,patient017_case01,IGM,IGM_patient017_0059.jpg,2,,off_target_fp,74,0,0.0,0.0,0.0,0.0,0,False
UNET_MTL_MASK_GUIDED,25,patient017,patient017_case01,IGM,IGM_patient017_0061.jpg,1,,off_target_fp,64,0,0.0,0.0,0.0,0.0,0,False
UNET_MTL_MASK_GUIDED,25,patient017,patient017_case01,IGM,IGM_patient017_0061.jpg,2,,off_target_fp,53,0,0.0,0.0,0.0,0.0,0,False
UNET_MTL_MASK_GUIDED,25,patient017,patient017_case01,IGM,IGM_patient017_0062.jpg,1,,off_target_fp,324,0,0.0,0.0,0.0,0.0,0,False
UNET_MTL_MASK_GUIDED,25,patient017,patient017_case01,IGM,IGM_patient017_0062.jpg,2,,off_target_fp,39,0,0.0,0.0,0.0,0.0,0,False
UNET_MTL_MASK_GUIDED,25,patient017,patient017_case01,IGM,IGM_patient017_0062.jpg,3,,off_target_fp,52,0,0.0,0.0,0.0,0.0,0,False
UNET_MTL_MASK_GUIDED,25,patient017,patient017_case01,IGM,IGM_patient017_0063.jpg,1,,off_target_fp,326,0,0.0,0.0,0.0,0.0,0,False
UNET_MTL_MASK_GUIDED,25,patient017,patient017_case01,IGM,IGM_patient017_0063.jpg,2,,off_target_fp,38,0,0.0,0.0,0.0,0.0,0,False
UNET_MTL_MASK_GUIDED,25,patient017,patient017_case01,IGM,IGM_patient017_0064.jpg,1,,off_target_fp,135,0,0.0,0.0,0.0,0.0,0,False
UNET_MTL_MASK_GUIDED,25,patient017,patient017_case01,IGM,IGM_patient017_0064.jpg,2,,off_target_fp,468,0,0.0,0.0,0.0,0.0,0,False
UNET_MTL_MASK_GUIDED,25,patient017,patient017_case01,IGM,IGM_patient017_0064.jpg,3,,off_target_fp,36,0,0.0,0.0,0.0,0.0,0,False
UNET_MTL_MASK_GUIDED,25,patient017,patient017_case01,IGM,IGM_patient017_0065.jpg,1,,off_target_fp,505,0,0.0,0.0,0.0,0.0,0,False
UNET_MTL_MASK_GUIDED,25,patient017,patient017_case01,IGM,IGM_patient017_0065.jpg,2,,off_target_fp,243,0,0.0,0.0,0.0,0.0,0,False
UNET_MTL_MASK_GUIDED,25,patient017,patient017_case01,IGM,IGM_patient017_0065.jpg,3,,off_target_fp,178,0,0.0,0.0,0.0,0.0,0,False
UNET_MTL_MASK_GUIDED,25,patient017,patient017_case01,IGM,IGM_patient017_0066.jpg,1,,off_target_fp,397,0,0.0,0.0,0.0,0.0,0,False
UNET_MTL_MASK_GUIDED,25,patient017,patient017_case01,IGM,IGM_patient017_0066.jpg,2,,off_target_fp,68,0,0.0,0.0,0.0,0.0,0,False
UNET_MTL_MASK_GUIDED,25,patient017,patient017_case01,IGM,IGM_patient017_0066.jpg,3,,off_target_fp,327,0,0.0,0.0,0.0,0.0,0,False
UNET_MTL_MASK_GUIDED,25,patient017,patient017_case01,IGM,IGM_patient017_0067.jpg,1,,off_target_fp,312,0,0.0,0.0,0.0,0.0,0,False
UNET_MTL_MASK_GUIDED,25,patient017,patient017_case01,IGM,IGM_patient017_0067.jpg,2,,off_target_fp,129,0,0.0,0.0,0.0,0.0,0,False
UNET_MTL_MASK_GUIDED,25,patient017,patient017_case01,IGM,IGM_patient017_0067.jpg,3,,off_target_fp,67,0,0.0,0.0,0.0,0.0,0,False
UNET_MTL_MASK_GUIDED,25,patient020,patient020_case01,IBC,IBC_patient019_0050.jpg,1,,off_target_fp,456,0,0.0,0.0,0.0,0.0,0,False
UNET_MTL_MASK_GUIDED,25,patient020,patient020_case01,IBC,IBC_patient019_0050.jpg,2,,off_target_fp,395,0,0.0,0.0,0.0,0.0,0,False
UNET_MTL_MASK_GUIDED,25,patient020,patient020_case01,IBC,IBC_patient019_0051.jpg,1,,off_target_fp,104,0,0.0,0.0,0.0,0.0,0,False
UNET_MTL_MASK_GUIDED,25,patient020,patient020_case01,IBC,IBC_patient019_0053.jpg,1,,off_target_fp,73,0,0.0,0.0,0.0,0.0,0,False
UNET_MTL_MASK_GUIDED,25,patient020,patient020_case01,IBC,IBC_patient019_0053.jpg,2,,off_target_fp,311,0,0.0,0.0,0.0,0.0,0,False
UNET_MTL_MASK_GUIDED,25,patient039,patient039_case01,IBC,IBC_patient002_0119.jpg,1,,off_target_fp,70,0,0.0,0.0,0.0,0.0,0,False
UNET_MTL_MASK_GUIDED,25,patient039,patient039_case01,IBC,IBC_patient002_0120.jpg,1,,off_target_fp,145,0,0.0,0.0,0.0,0.0,0,False
UNET_MTL_MASK_GUIDED,25,patient039,patient039_case01,IBC,IBC_patient002_0121.jpg,1,,off_target_fp,279,0,0.0,0.0,0.0,0.0,0,False
UNET_MTL_MASK_GUIDED,25,patient039,patient039_case01,IBC,IBC_patient002_0122.jpg,1,,off_target_fp,371,0,0.0,0.0,0.0,0.0,0,False
UNET_MTL_MASK_GUIDED,25,patient027,patient027_case01,IBC,IBC_patient022_0068.jpg,1,,off_target_fp,65,0,0.0,0.0,0.0,0.0,0,False
UNET_MTL_MASK_GUIDED,25,patient027,patient027_case01,IBC,IBC_patient022_0068.jpg,2,,off_target_fp,76,0,0.0,0.0,0.0,0.0,0,False
UNET_MTL_MASK_GUIDED,25,patient027,patient027_case01,IBC,IBC_patient022_0068.jpg,3,,off_target_fp,89,0,0.0,0.0,0.0,0.0,0,False
UNET_MTL_MASK_GUIDED,25,patient027,patient027_case01,IBC,IBC_patient022_0069.jpg,1,1.0,low_25_to_50,57,40,0.45454545454545453,0.7017543859649122,0.45454545454545453,0.38095238095238093,1,False
UNET_MTL_MASK_GUIDED,25,patient027,patient027_case01,IBC,IBC_patient022_0069.jpg,2,,off_target_fp,62,0,0.0,0.0,0.0,0.0,0,False
UNET_MTL_MASK_GUIDED,25,patient027,patient027_case01,IBC,IBC_patient022_0069.jpg,3,,off_target_fp,108,0,0.0,0.0,0.0,0.0,0,False
UNET_MTL_MASK_GUIDED,25,patient027,patient027_case01,IBC,IBC_patient022_0069.jpg,4,,off_target_fp,108,0,0.0,0.0,0.0,0.0,0,False
UNET_MTL_MASK_GUIDED,25,patient027,patient027_case01,IBC,IBC_patient022_0070.jpg,1,1.0,moderate_50_to_75,134,96,0.7058823529411765,0.7164179104477612,0.7058823529411765,0.5517241379310345,1,False
UNET_MTL_MASK_GUIDED,25,patient027,patient027_case01,IBC,IBC_patient022_0070.jpg,2,,off_target_fp,27,0,0.0,0.0,0.0,0.0,0,False
UNET_MTL_MASK_GUIDED,25,patient027,patient027_case01,IBC,IBC_patient022_0070.jpg,3,,off_target_fp,148,0,0.0,0.0,0.0,0.0,0,False
UNET_MTL_MASK_GUIDED,25,patient027,patient027_case01,IBC,IBC_patient022_0070.jpg,4,,off_target_fp,58,0,0.0,0.0,0.0,0.0,0,False
UNET_MTL_MASK_GUIDED,25,patient027,patient027_case01,IBC,IBC_patient022_0070.jpg,5,,off_target_fp,158,0,0.0,0.0,0.0,0.0,0,False
UNET_MTL_MASK_GUIDED,25,patient027,patient027_case01,IBC,IBC_patient022_0071.jpg,1,1.0,moderate_50_to_75,203,134,0.881578947368421,0.6600985221674877,0.6600985221674877,0.6063348416289592,1,False
UNET_MTL_MASK_GUIDED,25,patient027,patient027_case01,IBC,IBC_patient022_0071.jpg,2,,off_target_fp,56,0,0.0,0.0,0.0,0.0,0,False
UNET_MTL_MASK_GUIDED,25,patient027,patient027_case01,IBC,IBC_patient022_0071.jpg,3,,off_target_fp,124,0,0.0,0.0,0.0,0.0,0,False
UNET_MTL_MASK_GUIDED,25,patient027,patient027_case01,IBC,IBC_patient022_0072.jpg,1,1.0,strong_75_plus,176,133,0.9779411764705882,0.7556818181818182,0.7556818181818182,0.7430167597765364,1,False
UNET_MTL_MASK_GUIDED,25,patient027,patient027_case01,IBC,IBC_patient022_0072.jpg,2,,off_target_fp,52,0,0.0,0.0,0.0,0.0,0,False
UNET_MTL_MASK_GUIDED,25,patient027,patient027_case01,IBC,IBC_patient022_0073.jpg,1,1.0,strong_75_plus,79,66,0.7857142857142857,0.8354430379746836,0.7857142857142857,0.6804123711340206,1,False
UNET_MTL_MASK_GUIDED,25,patient027,patient027_case01,IBC,IBC_patient022_0073.jpg,2,,off_target_fp,44,0,0.0,0.0,0.0,0.0,0,False
UNET_MTL_MASK_GUIDED,25,patient027,patient027_case01,IBC,IBC_patient022_0074.jpg,1,,off_target_fp,51,0,0.0,0.0,0.0,0.0,0,False
UNET_MTL_MASK_GUIDED,25,patient027,patient027_case01,IBC,IBC_patient022_0074.jpg,2,,off_target_fp,33,0,0.0,0.0,0.0,0.0,0,False
UNET_MTL_MASK_GUIDED,25,patient027,patient027_case01,IBC,IBC_patient022_0074.jpg,3,,off_target_fp,107,0,0.0,0.0,0.0,0.0,0,False
UNET_MTL_MASK_GUIDED,25,patient027,patient027_case01,IBC,IBC_patient022_0074.jpg,4,,off_target_fp,531,0,0.0,0.0,0.0,0.0,0,False
UNET_MTL_MASK_GUIDED,25,patient032,patient032_case01,IBC,IBC_patient026_0064.jpg,1,,off_target_fp,61,0,0.0,0.0,0.0,0.0,0,False
UNET_MTL_MASK_GUIDED,25,patient032,patient032_case01,IBC,IBC_patient026_0064.jpg,2,1.0,moderate_50_to_75,468,251,0.996031746031746,0.5363247863247863,0.5363247863247863,0.535181236673774,1,False
UNET_MTL_MASK_GUIDED,25,patient032,patient032_case01,IBC,IBC_patient026_0064.jpg,3,,off_target_fp,81,0,0.0,0.0,0.0,0.0,0,False
UNET_MTL_MASK_GUIDED,25,patient032,patient032_case01,IBC,IBC_patient026_0065.jpg,1,,off_target_fp,192,0,0.0,0.0,0.0,0.0,0,False
UNET_MTL_MASK_GUIDED,25,patient032,patient032_case01,IBC,IBC_patient026_0065.jpg,2,1.0,moderate_50_to_75,548,399,0.9975,0.7281021897810219,0.7281021897810219,0.726775956284153,1,False
UNET_MTL_MASK_GUIDED,25,patient032,patient032_case01,IBC,IBC_patient026_0065.jpg,3,,off_target_fp,78,0,0.0,0.0,0.0,0.0,0,False
UNET_MTL_MASK_GUIDED,25,patient032,patient032_case01,IBC,IBC_patient026_0066.jpg,1,1.0,strong_75_plus,571,430,0.9953703703703703,0.7530647985989493,0.7530647985989493,0.7504363001745201,1,False
UNET_MTL_MASK_GUIDED,25,patient032,patient032_case01,IBC,IBC_patient026_0066.jpg,2,,off_target_fp,110,0,0.0,0.0,0.0,0.0,0,False
UNET_MTL_MASK_GUIDED,25,patient032,patient032_case01,IBC,IBC_patient026_0066.jpg,3,,off_target_fp,187,0,0.0,0.0,0.0,0.0,0,False
UNET_MTL_MASK_GUIDED,25,patient032,patient032_case01,IBC,IBC_patient026_0066.jpg,4,,off_target_fp,31,0,0.0,0.0,0.0,0.0,0,False
UNET_MTL_MASK_GUIDED,25,patient032,patient032_case01,IBC,IBC_patient026_0067.jpg,1,1.0,moderate_50_to_75,665,452,1.0,0.6796992481203008,0.6796992481203008,0.6796992481203008,1,False
UNET_MTL_MASK_GUIDED,25,patient032,patient032_case01,IBC,IBC_patient026_0067.jpg,2,,off_target_fp,48,0,0.0,0.0,0.0,0.0,0,False
UNET_MTL_MASK_GUIDED,25,patient032,patient032_case01,IBC,IBC_patient026_0067.jpg,3,,off_target_fp,93,0,0.0,0.0,0.0,0.0,0,False
UNET_MTL_MASK_GUIDED,25,patient032,patient032_case01,IBC,IBC_patient026_0067.jpg,4,,off_target_fp,33,0,0.0,0.0,0.0,0.0,0,False
UNET_MTL_MASK_GUIDED,25,patient032,patient032_case01,IBC,IBC_patient026_0067.jpg,5,,off_target_fp,162,0,0.0,0.0,0.0,0.0,0,False
UNET_MTL_MASK_GUIDED,25,patient032,patient032_case01,IBC,IBC_patient026_0068.jpg,1,1.0,strong_75_plus,618,482,0.9717741935483871,0.7799352750809061,0.7799352750809061,0.7626582278481012,1,False
UNET_MTL_MASK_GUIDED,25,patient032,patient032_case01,IBC,IBC_patient026_0068.jpg,2,,off_target_fp,58,0,0.0,0.0,0.0,0.0,0,False
UNET_MTL_MASK_GUIDED,25,patient032,patient032_case01,IBC,IBC_patient026_0068.jpg,3,,off_target_fp,31,0,0.0,0.0,0.0,0.0,0,False
UNET_MTL_MASK_GUIDED,25,patient032,patient032_case01,IBC,IBC_patient026_0068.jpg,4,,off_target_fp,137,0,0.0,0.0,0.0,0.0,0,False
UNET_MTL_MASK_GUIDED,25,patient032,patient032_case01,IBC,IBC_patient026_0069.jpg,1,1.0,strong_75_plus,390,336,0.9438202247191011,0.8615384615384616,0.8615384615384616,0.8195121951219512,1,False
UNET_MTL_MASK_GUIDED,25,patient032,patient032_case01,IBC,IBC_patient026_0069.jpg,2,,off_target_fp,36,0,0.0,0.0,0.0,0.0,0,False
UNET_MTL_MASK_GUIDED,25,patient032,patient032_case01,IBC,IBC_patient026_0069.jpg,3,,off_target_fp,147,0,0.0,0.0,0.0,0.0,0,False
UNET_MTL_MASK_GUIDED,25,patient032,patient032_case01,IBC,IBC_patient026_0070.jpg,1,,off_target_fp,59,0,0.0,0.0,0.0,0.0,0,False
UNET_MTL_MASK_GUIDED,25,patient032,patient032_case01,IBC,IBC_patient026_0070.jpg,2,1.0,strong_75_plus,130,105,0.9375,0.8076923076923077,0.8076923076923077,0.7664233576642335,1,False
UNET_MTL_MASK_GUIDED,25,patient032,patient032_case01,IBC,IBC_patient026_0070.jpg,3,,off_target_fp,157,0,0.0,0.0,0.0,0.0,0,False
UNET_MTL_MASK_GUIDED,25,patient035,patient035_case01,IBC,IBC_patient028_0114.jpg,1,,off_target_fp,121,0,0.0,0.0,0.0,0.0,0,False
UNET_MTL_MASK_GUIDED,25,patient035,patient035_case01,IBC,IBC_patient028_0115.jpg,1,,off_target_fp,82,0,0.0,0.0,0.0,0.0,0,False
UNET_MTL_MASK_GUIDED,25,patient035,patient035_case01,IBC,IBC_patient028_0115.jpg,2,1.0,strong_75_plus,451,418,0.9330357142857143,0.926829268292683,0.926829268292683,0.8690228690228691,1,False
UNET_MTL_MASK_GUIDED,25,patient035,patient035_case01,IBC,IBC_patient028_0116.jpg,1,,off_target_fp,181,0,0.0,0.0,0.0,0.0,0,False
UNET_MTL_MASK_GUIDED,25,patient035,patient035_case01,IBC,IBC_patient028_0116.jpg,2,1.0,moderate_50_to_75,747,560,0.9790209790209791,0.749665327978581,0.749665327978581,0.7378129117259552,1,False
UNET_MTL_MASK_GUIDED,25,patient035,patient035_case01,IBC,IBC_patient028_0117.jpg,1,1.0,moderate_50_to_75,1154,659,0.9806547619047619,0.57105719237435,0.57105719237435,0.5646958011996572,1,False
UNET_MTL_MASK_GUIDED,25,patient035,patient035_case01,IBC,IBC_patient028_0118.jpg,1,1.0,moderate_50_to_75,1372,793,0.99125,0.5779883381924198,0.5779883381924198,0.5750543872371283,1,False
UNET_MTL_MASK_GUIDED,25,patient035,patient035_case01,IBC,IBC_patient028_0119.jpg,1,1.0,moderate_50_to_75,1299,854,0.9660633484162896,0.657428791377983,0.657428791377983,0.6425884123401053,1,False
UNET_MTL_MASK_GUIDED,25,patient035,patient035_case01,IBC,IBC_patient028_0120.jpg,1,1.0,strong_75_plus,1359,1124,0.9183006535947712,0.8270787343635025,0.8270787343635025,0.77039067854695,1,False
UNET_MTL_MASK_GUIDED,25,patient035,patient035_case01,IBC,IBC_patient028_0120.jpg,2,,off_target_fp,99,0,0.0,0.0,0.0,0.0,0,False
UNET_MTL_MASK_GUIDED,25,patient035,patient035_case01,IBC,IBC_patient028_0121.jpg,1,1.0,strong_75_plus,1477,1188,0.954983922829582,0.8043331076506431,0.8043331076506431,0.7749510763209393,1,False
UNET_MTL_MASK_GUIDED,25,patient035,patient035_case01,IBC,IBC_patient028_0121.jpg,2,,off_target_fp,131,0,0.0,0.0,0.0,0.0,0,False
UNET_MTL_MASK_GUIDED,25,patient035,patient035_case01,IBC,IBC_patient028_0122.jpg,1,1.0,strong_75_plus,1596,1355,0.954225352112676,0.8489974937343359,0.8489974937343359,0.8157736303431667,1,False
UNET_MTL_MASK_GUIDED,25,patient035,patient035_case01,IBC,IBC_patient028_0122.jpg,2,,off_target_fp,164,0,0.0,0.0,0.0,0.0,0,False
UNET_MTL_MASK_GUIDED,25,patient035,patient035_case01,IBC,IBC_patient028_0123.jpg,1,1.0,strong_75_plus,1728,1515,0.7923640167364017,0.8767361111111112,0.7923640167364017,0.7129411764705882,1,False
UNET_MTL_MASK_GUIDED,25,patient035,patient035_case01,IBC,IBC_patient028_0123.jpg,2,,off_target_fp,165,0,0.0,0.0,0.0,0.0,0,False
UNET_MTL_MASK_GUIDED,25,patient035,patient035_case01,IBC,IBC_patient028_0124.jpg,1,1.0,strong_75_plus,1741,1481,0.7762054507337526,0.8506605399195865,0.7762054507337526,0.6831180811808119,1,False
UNET_MTL_MASK_GUIDED,25,patient035,patient035_case01,IBC,IBC_patient028_0124.jpg,2,,off_target_fp,149,0,0.0,0.0,0.0,0.0,0,False
UNET_MTL_MASK_GUIDED,25,patient035,patient035_case01,IBC,IBC_patient028_0125.jpg,1,1.0,moderate_50_to_75,1481,1360,0.6967213114754098,0.9182984469952734,0.6967213114754098,0.6560540279787748,1,False
UNET_MTL_MASK_GUIDED,25,patient035,patient035_case01,IBC,IBC_patient028_0125.jpg,2,,off_target_fp,121,0,0.0,0.0,0.0,0.0,0,False
UNET_MTL_MASK_GUIDED,25,patient035,patient035_case01,IBC,IBC_patient028_0126.jpg,1,1.0,low_25_to_50,923,886,0.43093385214007784,0.9599133261105092,0.43093385214007784,0.42331581462016243,1,False
UNET_MTL_MASK_GUIDED,25,patient035,patient035_case01,IBC,IBC_patient028_0126.jpg,2,,off_target_fp,135,0,0.0,0.0,0.0,0.0,0,False
UNET_MTL_MASK_GUIDED,25,patient035,patient035_case01,IBC,IBC_patient028_0126.jpg,3,,off_target_fp,104,0,0.0,0.0,0.0,0.0,0,False
UNET_MTL_MASK_GUIDED,25,patient035,patient035_case01,IBC,IBC_patient028_0127.jpg,1,1.0,low_25_to_50,647,647,0.27048494983277593,1.0,0.27048494983277593,0.27048494983277593,1,False
UNET_MTL_MASK_GUIDED,25,patient035,patient035_case01,IBC,IBC_patient028_0127.jpg,2,,off_target_fp,88,0,0.0,0.0,0.0,0.0,0,False
UNET_MTL_MASK_GUIDED,25,patient035,patient035_case01,IBC,IBC_patient028_0127.jpg,3,,off_target_fp,82,0,0.0,0.0,0.0,0.0,0,False
UNET_MTL_MASK_GUIDED,25,patient035,patient035_case01,IBC,IBC_patient028_0128.jpg,1,1.0,low_25_to_50,584,581,0.25393356643356646,0.9948630136986302,0.25393356643356646,0.2536010475774771,1,False
UNET_MTL_MASK_GUIDED,25,patient035,patient035_case01,IBC,IBC_patient028_0128.jpg,2,,off_target_fp,59,0,0.0,0.0,0.0,0.0,0,False
UNET_MTL_MASK_GUIDED,25,patient035,patient035_case01,IBC,IBC_patient028_0129.jpg,1,1.0,low_25_to_50,723,716,0.3134851138353765,0.9903181189488244,0.3134851138353765,0.31252728066346575,1,False
UNET_MTL_MASK_GUIDED,25,patient035,patient035_case01,IBC,IBC_patient028_0130.jpg,1,1.0,low_25_to_50,1012,982,0.44636363636363635,0.9703557312252964,0.44636363636363635,0.44035874439461886,1,False
UNET_MTL_MASK_GUIDED,25,patient035,patient035_case01,IBC,IBC_patient028_0131.jpg,1,1.0,low_25_to_50,1137,1097,0.47695652173913045,0.9648197009674582,0.47695652173913045,0.4688034188034188,1,False
UNET_MTL_MASK_GUIDED,25,patient035,patient035_case01,IBC,IBC_patient028_0131.jpg,2,1.0,partial_below_25,137,136,0.059130434782608696,0.9927007299270073,0.059130434782608696,0.05910473707083876,1,False
UNET_MTL_MASK_GUIDED,25,patient035,patient035_case01,IBC,IBC_patient028_0132.jpg,1,1.0,low_25_to_50,1022,1009,0.4349137931034483,0.987279843444227,0.4349137931034483,0.4324903557651093,1,False
UNET_MTL_MASK_GUIDED,25,patient035,patient035_case01,IBC,IBC_patient028_0132.jpg,2,1.0,partial_below_25,187,179,0.0771551724137931,0.9572192513368984,0.0771551724137931,0.07689003436426117,1,False
UNET_MTL_MASK_GUIDED,25,patient035,patient035_case01,IBC,IBC_patient028_0133.jpg,1,1.0,low_25_to_50,715,697,0.33381226053639845,0.9748251748251748,0.33381226053639845,0.3309591642924976,1,False
UNET_MTL_MASK_GUIDED,25,patient035,patient035_case01,IBC,IBC_patient028_0133.jpg,2,1.0,partial_below_25,146,145,0.06944444444444445,0.9931506849315068,0.06944444444444445,0.06941120153183342,1,False
UNET_MTL_MASK_GUIDED,25,patient035,patient035_case01,IBC,IBC_patient028_0134.jpg,1,1.0,partial_below_25,262,259,0.125484496124031,0.9885496183206107,0.125484496124031,0.12530237058538946,1,False
UNET_MTL_MASK_GUIDED,25,patient035,patient035_case01,IBC,IBC_patient028_0135.jpg,1,1.0,partial_below_25,154,137,0.06474480151228733,0.8896103896103896,0.06474480151228733,0.06422878574777309,1,False
UNET_MTL_MASK_GUIDED,25,patient035,patient035_case01,IBC,IBC_patient028_0136.jpg,1,1.0,partial_below_25,137,125,0.05661231884057971,0.9124087591240876,0.05661231884057971,0.05630630630630631,1,False
UNET_MTL_MASK_GUIDED,25,patient035,patient035_case01,IBC,IBC_patient028_0137.jpg,1,1.0,partial_below_25,181,180,0.08946322067594434,0.994475138121547,0.08946322067594434,0.08941877794336811,1,False
UNET_MTL_MASK_GUIDED,25,patient035,patient035_case01,IBC,IBC_patient028_0138.jpg,1,1.0,partial_below_25,211,195,0.09521484375,0.9241706161137441,0.09521484375,0.09447674418604651,1,False
UNET_MTL_MASK_GUIDED,25,patient035,patient035_case01,IBC,IBC_patient028_0142.jpg,1,1.0,partial_below_25,115,98,0.06464379947229551,0.8521739130434782,0.06464379947229551,0.0639269406392694,1,False
UNET_MTL_MASK_GUIDED,25,patient035,patient035_case01,IBC,IBC_patient028_0143.jpg,1,1.0,partial_below_25,96,68,0.050746268656716415,0.7083333333333334,0.050746268656716415,0.049707602339181284,1,False
UNET_MTL_MASK_GUIDED,25,patient035,patient035_case01,IBC,IBC_patient028_0144.jpg,1,1.0,partial_below_25,44,40,0.035211267605633804,0.9090909090909091,0.035211267605633804,0.03508771929824561,1,False
UNET_MTL_MASK_GUIDED,25,patient035,patient035_case01,IBC,IBC_patient028_0145.jpg,1,1.0,low_25_to_50,308,304,0.31020408163265306,0.987012987012987,0.31020408163265306,0.3089430894308943,1,False
UNET_MTL_MASK_GUIDED,25,patient035,patient035_case01,IBC,IBC_patient028_0146.jpg,1,1.0,low_25_to_50,476,476,0.4541984732824427,1.0,0.4541984732824427,0.4541984732824427,1,False
UNET_MTL_MASK_GUIDED,25,patient035,patient035_case01,IBC,IBC_patient028_0147.jpg,1,1.0,low_25_to_50,379,368,0.359375,0.9709762532981531,0.359375,0.35555555555555557,1,False
UNET_MTL_MASK_GUIDED,25,patient035,patient035_case01,IBC,IBC_patient028_0148.jpg,1,1.0,partial_below_25,217,207,0.23847926267281105,0.9539170506912442,0.23847926267281105,0.2357630979498861,1,False
UNET_MTL_MASK_GUIDED,25,patient035,patient035_case01,IBC,IBC_patient028_0150.jpg,1,,off_target_fp,92,0,0.0,0.0,0.0,0.0,0,False
UNET_MTL_MASK_GUIDED,25,patient034,patient034_case01,IGM,IGM_patient028_0050.jpg,1,1.0,strong_75_plus,266,221,0.86328125,0.8308270676691729,0.8308270676691729,0.7342192691029901,1,False
UNET_MTL_MASK_GUIDED,25,patient034,patient034_case01,IGM,IGM_patient028_0051.jpg,1,1.0,strong_75_plus,314,251,0.8595890410958904,0.7993630573248408,0.7993630573248408,0.7070422535211267,1,False
UNET_MTL_MASK_GUIDED,25,patient034,patient034_case01,IGM,IGM_patient028_0052.jpg,1,,off_target_fp,95,0,0.0,0.0,0.0,0.0,0,False
UNET_MTL_MASK_GUIDED,25,patient034,patient034_case01,IGM,IGM_patient028_0052.jpg,2,1.0,strong_75_plus,337,256,0.9142857142857143,0.7596439169139466,0.7596439169139466,0.7091412742382271,1,False
UNET_MTL_MASK_GUIDED,25,patient034,patient034_case01,IGM,IGM_patient028_0053.jpg,1,,off_target_fp,223,0,0.0,0.0,0.0,0.0,0,False
UNET_MTL_MASK_GUIDED,25,patient034,patient034_case01,IGM,IGM_patient028_0053.jpg,2,,off_target_fp,73,0,0.0,0.0,0.0,0.0,0,False
UNET_MTL_MASK_GUIDED,25,patient034,patient034_case01,IGM,IGM_patient028_0053.jpg,3,1.0,strong_75_plus,329,257,0.9589552238805971,0.7811550151975684,0.7811550151975684,0.7558823529411764,1,False
UNET_MTL_MASK_GUIDED,25,patient034,patient034_case01,IGM,IGM_patient028_0054.jpg,1,,off_target_fp,293,0,0.0,0.0,0.0,0.0,0,False
UNET_MTL_MASK_GUIDED,25,patient034,patient034_case01,IGM,IGM_patient028_0054.jpg,2,1.0,strong_75_plus,295,263,0.9528985507246377,0.8915254237288136,0.8915254237288136,0.8538961038961039,1,False
UNET_MTL_MASK_GUIDED,25,patient034,patient034_case01,IGM,IGM_patient028_0054.jpg,3,,off_target_fp,37,0,0.0,0.0,0.0,0.0,0,False
UNET_MTL_MASK_GUIDED,25,patient034,patient034_case01,IGM,IGM_patient028_0055.jpg,1,,off_target_fp,234,0,0.0,0.0,0.0,0.0,0,False
UNET_MTL_MASK_GUIDED,25,patient034,patient034_case01,IGM,IGM_patient028_0055.jpg,2,,off_target_fp,41,0,0.0,0.0,0.0,0.0,0,False
UNET_MTL_MASK_GUIDED,25,patient034,patient034_case01,IGM,IGM_patient028_0055.jpg,3,1.0,strong_75_plus,273,250,0.946969696969697,0.9157509157509157,0.9157509157509157,0.8710801393728222,1,False
UNET_MTL_MASK_GUIDED,25,patient034,patient034_case01,IGM,IGM_patient028_0055.jpg,4,,off_target_fp,165,0,0.0,0.0,0.0,0.0,0,False
UNET_MTL_MASK_GUIDED,25,patient034,patient034_case01,IGM,IGM_patient028_0056.jpg,1,,off_target_fp,222,0,0.0,0.0,0.0,0.0,0,False
UNET_MTL_MASK_GUIDED,25,patient034,patient034_case01,IGM,IGM_patient028_0056.jpg,2,,off_target_fp,42,0,0.0,0.0,0.0,0.0,0,False
UNET_MTL_MASK_GUIDED,25,patient034,patient034_case01,IGM,IGM_patient028_0056.jpg,3,,off_target_fp,93,0,0.0,0.0,0.0,0.0,0,False
UNET_MTL_MASK_GUIDED,25,patient034,patient034_case01,IGM,IGM_patient028_0056.jpg,4,1.0,strong_75_plus,241,219,0.9439655172413793,0.9087136929460581,0.9087136929460581,0.8622047244094488,1,False
UNET_MTL_MASK_GUIDED,25,patient034,patient034_case01,IGM,IGM_patient028_0057.jpg,1,,off_target_fp,188,0,0.0,0.0,0.0,0.0,0,False
UNET_MTL_MASK_GUIDED,25,patient034,patient034_case01,IGM,IGM_patient028_0057.jpg,2,,off_target_fp,722,0,0.0,0.0,0.0,0.0,0,False
UNET_MTL_MASK_GUIDED,25,patient034,patient034_case01,IGM,IGM_patient028_0057.jpg,3,1.0,moderate_50_to_75,166,117,0.9435483870967742,0.7048192771084337,0.7048192771084337,0.6763005780346821,1,False
UNET_MTL_MASK_GUIDED,25,patient034,patient034_case01,IGM,IGM_patient028_0058.jpg,1,,off_target_fp,97,0,0.0,0.0,0.0,0.0,0,False
UNET_MTL_MASK_GUIDED,25,patient034,patient034_case01,IGM,IGM_patient028_0058.jpg,2,,off_target_fp,79,0,0.0,0.0,0.0,0.0,0,False
UNET_MTL_MASK_GUIDED,25,patient034,patient034_case01,IGM,IGM_patient028_0058.jpg,3,1.0,strong_75_plus,78,68,0.8095238095238095,0.8717948717948718,0.8095238095238095,0.723404255319149,1,False
UNET_MTL_MASK_GUIDED,25,patient034,patient034_case01,IGM,IGM_patient028_0058.jpg,4,,off_target_fp,35,0,0.0,0.0,0.0,0.0,0,False
UNET_MTL_MASK_GUIDED,25,patient034,patient034_case01,IGM,IGM_patient028_0058.jpg,5,,off_target_fp,26,0,0.0,0.0,0.0,0.0,0,False
UNET_MTL_MASK_GUIDED,25,patient041,patient041_case01,IGM,IGM_patient031_0053.jpg,1,1.0,moderate_50_to_75,89,66,0.868421052631579,0.7415730337078652,0.7415730337078652,0.6666666666666666,1,False
UNET_MTL_MASK_GUIDED,25,patient041,patient041_case01,IGM,IGM_patient031_0054.jpg,1,1.0,strong_75_plus,197,177,0.9414893617021277,0.8984771573604061,0.8984771573604061,0.8509615384615384,1,False
UNET_MTL_MASK_GUIDED,25,patient041,patient041_case01,IGM,IGM_patient031_0054.jpg,2,,off_target_fp,91,0,0.0,0.0,0.0,0.0,0,False
UNET_MTL_MASK_GUIDED,25,patient041,patient041_case01,IGM,IGM_patient031_0055.jpg,1,1.0,strong_75_plus,267,257,0.8801369863013698,0.9625468164794008,0.8801369863013698,0.8509933774834437,1,False
UNET_MTL_MASK_GUIDED,25,patient041,patient041_case01,IGM,IGM_patient031_0055.jpg,2,,off_target_fp,140,0,0.0,0.0,0.0,0.0,0,False
UNET_MTL_MASK_GUIDED,25,patient041,patient041_case01,IGM,IGM_patient031_0056.jpg,1,1.0,moderate_50_to_75,213,182,0.7338709677419355,0.8544600938967136,0.7338709677419355,0.6523297491039427,1,False
UNET_MTL_MASK_GUIDED,25,patient041,patient041_case01,IGM,IGM_patient031_0056.jpg,2,,off_target_fp,36,0,0.0,0.0,0.0,0.0,0,False
UNET_MTL_MASK_GUIDED,25,patient041,patient041_case01,IGM,IGM_patient031_0056.jpg,3,,off_target_fp,29,0,0.0,0.0,0.0,0.0,0,False
UNET_MTL_MASK_GUIDED,25,patient041,patient041_case01,IGM,IGM_patient031_0057.jpg,1,1.0,moderate_50_to_75,218,203,0.7355072463768116,0.9311926605504587,0.7355072463768116,0.697594501718213,1,False
UNET_MTL_MASK_GUIDED,25,patient041,patient041_case01,IGM,IGM_patient031_0057.jpg,2,,off_target_fp,52,0,0.0,0.0,0.0,0.0,0,False
UNET_MTL_MASK_GUIDED,25,patient041,patient041_case01,IGM,IGM_patient031_0057.jpg,3,,off_target_fp,64,0,0.0,0.0,0.0,0.0,0,False
UNET_MTL_MASK_GUIDED,25,patient041,patient041_case01,IGM,IGM_patient031_0058.jpg,1,1.0,moderate_50_to_75,190,182,0.6691176470588235,0.9578947368421052,0.6691176470588235,0.65,1,False
UNET_MTL_MASK_GUIDED,25,patient041,patient041_case01,IGM,IGM_patient031_0058.jpg,2,,off_target_fp,104,0,0.0,0.0,0.0,0.0,0,False
UNET_MTL_MASK_GUIDED,25,patient041,patient041_case01,IGM,IGM_patient031_0058.jpg,3,,off_target_fp,56,0,0.0,0.0,0.0,0.0,0,False
UNET_MTL_MASK_GUIDED,25,patient047,patient047_case01,IBC,IBC_patient035_0130.jpg,1,,off_target_fp,114,0,0.0,0.0,0.0,0.0,0,False
UNET_MTL_MASK_GUIDED,25,patient047,patient047_case01,IBC,IBC_patient035_0131.jpg,1,,off_target_fp,112,0,0.0,0.0,0.0,0.0,0,False
UNET_MTL_MASK_GUIDED,25,patient047,patient047_case01,IBC,IBC_patient035_0132.jpg,1,,off_target_fp,104,0,0.0,0.0,0.0,0.0,0,False
UNET_MTL_MASK_GUIDED,25,patient047,patient047_case01,IBC,IBC_patient035_0134.jpg,1,,off_target_fp,65,0,0.0,0.0,0.0,0.0,0,False
UNET_MTL_MASK_GUIDED,25,patient047,patient047_case01,IBC,IBC_patient035_0134.jpg,2,1.0,partial_below_25,80,80,0.2,1.0,0.2,0.2,1,False
UNET_MTL_MASK_GUIDED,25,patient047,patient047_case01,IBC,IBC_patient035_0135.jpg,1,,off_target_fp,105,0,0.0,0.0,0.0,0.0,0,False
UNET_MTL_MASK_GUIDED,25,patient047,patient047_case01,IBC,IBC_patient035_0135.jpg,2,1.0,partial_below_25,58,58,0.14646464646464646,1.0,0.14646464646464646,0.14646464646464646,1,False
UNET_MTL_MASK_GUIDED,25,patient047,patient047_case01,IBC,IBC_patient035_0136.jpg,1,,off_target_fp,102,0,0.0,0.0,0.0,0.0,0,False
UNET_MTL_MASK_GUIDED,25,patient047,patient047_case01,IBC,IBC_patient035_0136.jpg,2,1.0,moderate_50_to_75,205,203,0.6041666666666666,0.9902439024390244,0.6041666666666666,0.6005917159763313,1,False
UNET_MTL_MASK_GUIDED,25,patient047,patient047_case01,IBC,IBC_patient035_0137.jpg,1,,off_target_fp,123,0,0.0,0.0,0.0,0.0,0,False
UNET_MTL_MASK_GUIDED,25,patient047,patient047_case01,IBC,IBC_patient035_0137.jpg,2,1.0,low_25_to_50,142,139,0.45723684210526316,0.9788732394366197,0.45723684210526316,0.4527687296416938,1,False
UNET_MTL_MASK_GUIDED,25,patient047,patient047_case01,IBC,IBC_patient035_0138.jpg,1,,off_target_fp,173,0,0.0,0.0,0.0,0.0,0,False
UNET_MTL_MASK_GUIDED,25,patient047,patient047_case01,IBC,IBC_patient035_0138.jpg,2,,off_target_fp,99,0,0.0,0.0,0.0,0.0,0,False
UNET_MTL_MASK_GUIDED,25,patient047,patient047_case01,IBC,IBC_patient035_0138.jpg,3,1.0,low_25_to_50,93,87,0.31985294117647056,0.9354838709677419,0.31985294117647056,0.3129496402877698,1,False
UNET_MTL_MASK_GUIDED,25,patient047,patient047_case01,IBC,IBC_patient035_0139.jpg,1,,off_target_fp,185,0,0.0,0.0,0.0,0.0,0,False
UNET_MTL_MASK_GUIDED,25,patient047,patient047_case01,IBC,IBC_patient035_0139.jpg,2,,off_target_fp,35,0,0.0,0.0,0.0,0.0,0,False
UNET_MTL_MASK_GUIDED,25,patient047,patient047_case01,IBC,IBC_patient035_0139.jpg,3,,off_target_fp,181,0,0.0,0.0,0.0,0.0,0,False
UNET_MTL_MASK_GUIDED,25,patient047,patient047_case01,IBC,IBC_patient035_0139.jpg,4,1.0,partial_below_25,48,48,0.21818181818181817,1.0,0.21818181818181817,0.21818181818181817,1,False
UNET_MTL_MASK_GUIDED,25,patient047,patient047_case01,IBC,IBC_patient035_0140.jpg,1,,off_target_fp,151,0,0.0,0.0,0.0,0.0,0,False
UNET_MTL_MASK_GUIDED,25,patient047,patient047_case01,IBC,IBC_patient035_0140.jpg,2,,off_target_fp,96,0,0.0,0.0,0.0,0.0,0,False
UNET_MTL_MASK_GUIDED,25,patient047,patient047_case01,IBC,IBC_patient035_0140.jpg,3,,off_target_fp,60,0,0.0,0.0,0.0,0.0,0,False
UNET_MTL_MASK_GUIDED,25,patient068,patient068_case01,IBC,IBC_patient045_0062.jpg,1,1.0,strong_75_plus,49,44,0.7857142857142857,0.8979591836734694,0.7857142857142857,0.7213114754098361,1,False
UNET_MTL_MASK_GUIDED,25,patient068,patient068_case01,IBC,IBC_patient045_0062.jpg,2,,off_target_fp,76,0,0.0,0.0,0.0,0.0,0,False
UNET_MTL_MASK_GUIDED,25,patient068,patient068_case01,IBC,IBC_patient045_0062.jpg,3,,off_target_fp,42,0,0.0,0.0,0.0,0.0,0,False
UNET_MTL_MASK_GUIDED,25,patient068,patient068_case01,IBC,IBC_patient045_0063.jpg,1,1.0,strong_75_plus,123,97,0.9326923076923077,0.7886178861788617,0.7886178861788617,0.7461538461538462,1,False
UNET_MTL_MASK_GUIDED,25,patient068,patient068_case01,IBC,IBC_patient045_0064.jpg,1,1.0,moderate_50_to_75,140,89,0.967391304347826,0.6357142857142857,0.6357142857142857,0.6223776223776224,1,False
UNET_MTL_MASK_GUIDED,25,patient068,patient068_case01,IBC,IBC_patient045_0064.jpg,2,,off_target_fp,26,0,0.0,0.0,0.0,0.0,0,False
UNET_MTL_MASK_GUIDED,25,patient068,patient068_case01,IBC,IBC_patient045_0065.jpg,1,,off_target_fp,75,0,0.0,0.0,0.0,0.0,0,False
UNET_MTL_MASK_GUIDED,25,patient068,patient068_case01,IBC,IBC_patient045_0065.jpg,2,1.0,moderate_50_to_75,124,64,1.0,0.5161290322580645,0.5161290322580645,0.5161290322580645,1,False
UNET_MTL_MASK_GUIDED,25,patient068,patient068_case01,IBC,IBC_patient045_0065.jpg,3,,off_target_fp,81,0,0.0,0.0,0.0,0.0,0,False
UNET_MTL_MASK_GUIDED,25,patient068,patient068_case01,IBC,IBC_patient045_0065.jpg,4,,off_target_fp,31,0,0.0,0.0,0.0,0.0,0,False
UNET_MTL_MASK_GUIDED,25,patient068,patient068_case01,IBC,IBC_patient045_0065.jpg,5,,off_target_fp,49,0,0.0,0.0,0.0,0.0,0,False
UNET_MTL_MASK_GUIDED,25,patient068,patient068_case01,IBC,IBC_patient045_0065.jpg,6,,off_target_fp,42,0,0.0,0.0,0.0,0.0,0,False
UNET_MTL_MASK_GUIDED,25,patient068,patient068_case01,IBC,IBC_patient045_0066.jpg,1,,off_target_fp,143,0,0.0,0.0,0.0,0.0,0,False
UNET_MTL_MASK_GUIDED,25,patient068,patient068_case01,IBC,IBC_patient045_0066.jpg,2,,off_target_fp,37,0,0.0,0.0,0.0,0.0,0,False
UNET_MTL_MASK_GUIDED,25,patient068,patient068_case01,IBC,IBC_patient045_0066.jpg,3,1.0,moderate_50_to_75,182,120,0.9090909090909091,0.6593406593406593,0.6593406593406593,0.6185567010309279,1,False
UNET_MTL_MASK_GUIDED,25,patient068,patient068_case01,IBC,IBC_patient045_0066.jpg,4,,off_target_fp,137,0,0.0,0.0,0.0,0.0,0,False
UNET_MTL_MASK_GUIDED,25,patient068,patient068_case01,IBC,IBC_patient045_0066.jpg,5,,off_target_fp,25,0,0.0,0.0,0.0,0.0,0,False
UNET_MTL_MASK_GUIDED,25,patient068,patient068_case01,IBC,IBC_patient045_0066.jpg,6,,off_target_fp,47,0,0.0,0.0,0.0,0.0,0,False
UNET_MTL_MASK_GUIDED,25,patient068,patient068_case01,IBC,IBC_patient045_0067.jpg,1,,off_target_fp,159,0,0.0,0.0,0.0,0.0,0,False
UNET_MTL_MASK_GUIDED,25,patient068,patient068_case01,IBC,IBC_patient045_0067.jpg,2,1.0,strong_75_plus,223,180,0.9183673469387755,0.8071748878923767,0.8071748878923767,0.7531380753138075,1,False
UNET_MTL_MASK_GUIDED,25,patient068,patient068_case01,IBC,IBC_patient045_0067.jpg,3,,off_target_fp,133,0,0.0,0.0,0.0,0.0,0,False
UNET_MTL_MASK_GUIDED,25,patient068,patient068_case01,IBC,IBC_patient045_0068.jpg,1,,off_target_fp,77,0,0.0,0.0,0.0,0.0,0,False
UNET_MTL_MASK_GUIDED,25,patient068,patient068_case01,IBC,IBC_patient045_0068.jpg,2,1.0,moderate_50_to_75,362,188,0.9038461538461539,0.5193370165745856,0.5193370165745856,0.49214659685863876,1,False
UNET_MTL_MASK_GUIDED,25,patient068,patient068_case01,IBC,IBC_patient045_0069.jpg,1,1.0,moderate_50_to_75,310,175,0.8928571428571429,0.5645161290322581,0.5645161290322581,0.5287009063444109,1,False
UNET_MTL_MASK_GUIDED,25,patient068,patient068_case01,IBC,IBC_patient045_0070.jpg,1,1.0,moderate_50_to_75,322,213,0.9681818181818181,0.6614906832298136,0.6614906832298136,0.6474164133738601,1,False
UNET_MTL_MASK_GUIDED,25,patient068,patient068_case01,IBC,IBC_patient045_0071.jpg,1,1.0,strong_75_plus,186,147,0.9932432432432432,0.7903225806451613,0.7903225806451613,0.786096256684492,1,False
UNET_MTL_MASK_GUIDED,25,patient068,patient068_case01,IBC,IBC_patient045_0071.jpg,2,,off_target_fp,71,0,0.0,0.0,0.0,0.0,0,False
UNET_MTL_MASK_GUIDED,25,patient068,patient068_case01,IBC,IBC_patient045_0072.jpg,1,,off_target_fp,152,0,0.0,0.0,0.0,0.0,0,False
UNET_MTL_MASK_GUIDED,25,patient068,patient068_case01,IBC,IBC_patient045_0072.jpg,2,1.0,strong_75_plus,214,198,0.9166666666666666,0.9252336448598131,0.9166666666666666,0.853448275862069,1,False
UNET_MTL_MASK_GUIDED,25,patient068,patient068_case01,IBC,IBC_patient045_0072.jpg,3,,off_target_fp,67,0,0.0,0.0,0.0,0.0,0,False
UNET_MTL_MASK_GUIDED,25,patient068,patient068_case01,IBC,IBC_patient045_0073.jpg,1,,off_target_fp,95,0,0.0,0.0,0.0,0.0,0,False
UNET_MTL_MASK_GUIDED,25,patient068,patient068_case01,IBC,IBC_patient045_0073.jpg,2,1.0,strong_75_plus,463,371,0.9561855670103093,0.8012958963282938,0.8012958963282938,0.7729166666666667,1,False
UNET_MTL_MASK_GUIDED,25,patient068,patient068_case01,IBC,IBC_patient045_0073.jpg,3,,off_target_fp,28,0,0.0,0.0,0.0,0.0,0,False
UNET_MTL_MASK_GUIDED,25,patient068,patient068_case01,IBC,IBC_patient045_0073.jpg,4,,off_target_fp,40,0,0.0,0.0,0.0,0.0,0,False
UNET_MTL_MASK_GUIDED,25,patient068,patient068_case01,IBC,IBC_patient045_0074.jpg,1,1.0,moderate_50_to_75,333,233,0.9395161290322581,0.6996996996996997,0.6996996996996997,0.6695402298850575,1,False
UNET_MTL_MASK_GUIDED,25,patient068,patient068_case01,IBC,IBC_patient045_0074.jpg,2,,off_target_fp,70,0,0.0,0.0,0.0,0.0,0,False
UNET_MTL_MASK_GUIDED,25,patient068,patient068_case01,IBC,IBC_patient045_0075.jpg,1,1.0,moderate_50_to_75,112,109,0.68125,0.9732142857142857,0.68125,0.6687116564417178,1,False
UNET_MTL_MASK_GUIDED,25,patient068,patient068_case01,IBC,IBC_patient045_0076.jpg,1,,off_target_fp,27,0,0.0,0.0,0.0,0.0,0,False
UNET_MTL_MASK_GUIDED,25,patient076,patient076_case01,IBC,IBC_patient049_0027.jpg,1,1.0,strong_75_plus,260,235,0.9631147540983607,0.9038461538461539,0.9038461538461539,0.8736059479553904,1,False
UNET_MTL_MASK_GUIDED,25,patient076,patient076_case01,IBC,IBC_patient049_0027.jpg,2,,off_target_fp,81,0,0.0,0.0,0.0,0.0,0,False
UNET_MTL_MASK_GUIDED,25,patient076,patient076_case01,IBC,IBC_patient049_0027.jpg,3,,off_target_fp,42,0,0.0,0.0,0.0,0.0,0,False
UNET_MTL_MASK_GUIDED,25,patient076,patient076_case01,IBC,IBC_patient049_0028.jpg,1,1.0,strong_75_plus,507,486,0.9274809160305344,0.9585798816568047,0.9274809160305344,0.8917431192660551,1,False
UNET_MTL_MASK_GUIDED,25,patient076,patient076_case01,IBC,IBC_patient049_0028.jpg,2,,off_target_fp,80,0,0.0,0.0,0.0,0.0,0,False
UNET_MTL_MASK_GUIDED,25,patient076,patient076_case01,IBC,IBC_patient049_0029.jpg,1,1.0,strong_75_plus,654,525,0.9943181818181818,0.8027522935779816,0.8027522935779816,0.7990867579908676,1,False
UNET_MTL_MASK_GUIDED,25,patient076,patient076_case01,IBC,IBC_patient049_0029.jpg,2,,off_target_fp,270,0,0.0,0.0,0.0,0.0,0,False
UNET_MTL_MASK_GUIDED,25,patient076,patient076_case01,IBC,IBC_patient049_0030.jpg,1,1.0,strong_75_plus,535,426,0.9342105263157895,0.7962616822429907,0.7962616822429907,0.7539823008849558,1,False
UNET_MTL_MASK_GUIDED,25,patient076,patient076_case01,IBC,IBC_patient049_0030.jpg,2,,off_target_fp,182,0,0.0,0.0,0.0,0.0,0,False
UNET_MTL_MASK_GUIDED,25,patient076,patient076_case01,IBC,IBC_patient049_0030.jpg,3,,off_target_fp,27,0,0.0,0.0,0.0,0.0,0,False
UNET_MTL_MASK_GUIDED,25,patient076,patient076_case01,IBC,IBC_patient049_0031.jpg,1,1.0,moderate_50_to_75,520,375,0.9868421052631579,0.7211538461538461,0.7211538461538461,0.7142857142857143,1,False
UNET_MTL_MASK_GUIDED,25,patient076,patient076_case01,IBC,IBC_patient049_0031.jpg,2,,off_target_fp,58,0,0.0,0.0,0.0,0.0,0,False
UNET_MTL_MASK_GUIDED,25,patient076,patient076_case01,IBC,IBC_patient049_0031.jpg,3,,off_target_fp,326,0,0.0,0.0,0.0,0.0,0,False
UNET_MTL_MASK_GUIDED,25,patient076,patient076_case01,IBC,IBC_patient049_0031.jpg,4,,off_target_fp,293,0,0.0,0.0,0.0,0.0,0,False
UNET_MTL_MASK_GUIDED,25,patient076,patient076_case01,IBC,IBC_patient049_0031.jpg,5,,off_target_fp,57,0,0.0,0.0,0.0,0.0,0,False
UNET_MTL_MASK_GUIDED,25,patient076,patient076_case01,IBC,IBC_patient049_0032.jpg,1,1.0,moderate_50_to_75,512,322,0.9698795180722891,0.62890625,0.62890625,0.6168582375478927,1,False
UNET_MTL_MASK_GUIDED,25,patient076,patient076_case01,IBC,IBC_patient049_0032.jpg,2,,off_target_fp,538,0,0.0,0.0,0.0,0.0,0,False
UNET_MTL_MASK_GUIDED,25,patient076,patient076_case01,IBC,IBC_patient049_0032.jpg,3,,off_target_fp,448,0,0.0,0.0,0.0,0.0,0,False
UNET_MTL_MASK_GUIDED,25,patient076,patient076_case01,IBC,IBC_patient049_0032.jpg,4,,off_target_fp,128,0,0.0,0.0,0.0,0.0,0,False
UNET_MTL_MASK_GUIDED,25,patient076,patient076_case01,IBC,IBC_patient049_0033.jpg,1,1.0,moderate_50_to_75,463,338,0.9285714285714286,0.7300215982721382,0.7300215982721382,0.6912065439672802,1,False
UNET_MTL_MASK_GUIDED,25,patient076,patient076_case01,IBC,IBC_patient049_0033.jpg,2,,off_target_fp,434,0,0.0,0.0,0.0,0.0,0,False
UNET_MTL_MASK_GUIDED,25,patient076,patient076_case01,IBC,IBC_patient049_0033.jpg,3,,off_target_fp,379,0,0.0,0.0,0.0,0.0,0,False
UNET_MTL_MASK_GUIDED,25,patient076,patient076_case01,IBC,IBC_patient049_0033.jpg,4,,off_target_fp,82,0,0.0,0.0,0.0,0.0,0,False
UNET_MTL_MASK_GUIDED,25,patient076,patient076_case01,IBC,IBC_patient049_0034.jpg,1,,off_target_fp,80,0,0.0,0.0,0.0,0.0,0,False
UNET_MTL_MASK_GUIDED,25,patient076,patient076_case01,IBC,IBC_patient049_0034.jpg,2,1.0,moderate_50_to_75,440,257,0.9884615384615385,0.5840909090909091,0.5840909090909091,0.5801354401805869,1,False
UNET_MTL_MASK_GUIDED,25,patient076,patient076_case01,IBC,IBC_patient049_0034.jpg,3,,off_target_fp,416,0,0.0,0.0,0.0,0.0,0,False
UNET_MTL_MASK_GUIDED,25,patient076,patient076_case01,IBC,IBC_patient049_0034.jpg,4,,off_target_fp,229,0,0.0,0.0,0.0,0.0,0,False
UNET_MTL_MASK_GUIDED,25,patient076,patient076_case01,IBC,IBC_patient049_0034.jpg,5,,off_target_fp,30,0,0.0,0.0,0.0,0.0,0,False
UNET_MTL_MASK_GUIDED,25,patient076,patient076_case01,IBC,IBC_patient049_0034.jpg,6,,off_target_fp,68,0,0.0,0.0,0.0,0.0,0,False
UNET_MTL_MASK_GUIDED,25,patient076,patient076_case01,IBC,IBC_patient049_0035.jpg,1,1.0,moderate_50_to_75,212,132,0.9166666666666666,0.6226415094339622,0.6226415094339622,0.5892857142857143,1,False
UNET_MTL_MASK_GUIDED,25,patient076,patient076_case01,IBC,IBC_patient049_0035.jpg,2,,off_target_fp,145,0,0.0,0.0,0.0,0.0,0,False
UNET_MTL_MASK_GUIDED,25,patient076,patient076_case01,IBC,IBC_patient049_0035.jpg,3,,off_target_fp,145,0,0.0,0.0,0.0,0.0,0,False
UNET_MTL_MASK_GUIDED,25,patient076,patient076_case01,IBC,IBC_patient049_0035.jpg,4,,off_target_fp,226,0,0.0,0.0,0.0,0.0,0,False
UNET_MTL_MASK_GUIDED,25,patient076,patient076_case01,IBC,IBC_patient049_0035.jpg,5,,off_target_fp,54,0,0.0,0.0,0.0,0.0,0,False
UNET_MTL_MASK_GUIDED,25,patient080,patient080_case01,IGM,IGM_patient050_0047.jpg,1,,off_target_fp,383,0,0.0,0.0,0.0,0.0,0,False
UNET_MTL_MASK_GUIDED,25,patient080,patient080_case01,IGM,IGM_patient050_0047.jpg,2,,off_target_fp,172,0,0.0,0.0,0.0,0.0,0,False
UNET_MTL_MASK_GUIDED,25,patient080,patient080_case01,IGM,IGM_patient050_0048.jpg,1,,off_target_fp,373,0,0.0,0.0,0.0,0.0,0,False
UNET_MTL_MASK_GUIDED,25,patient080,patient080_case01,IGM,IGM_patient050_0048.jpg,2,1.0,strong_75_plus,150,139,0.9391891891891891,0.9266666666666666,0.9266666666666666,0.8742138364779874,1,False
UNET_MTL_MASK_GUIDED,25,patient080,patient080_case01,IGM,IGM_patient050_0048.jpg,3,,off_target_fp,119,0,0.0,0.0,0.0,0.0,0,False
UNET_MTL_MASK_GUIDED,25,patient080,patient080_case01,IGM,IGM_patient050_0049.jpg,1,,off_target_fp,220,0,0.0,0.0,0.0,0.0,0,False
UNET_MTL_MASK_GUIDED,25,patient080,patient080_case01,IGM,IGM_patient050_0049.jpg,2,,off_target_fp,79,0,0.0,0.0,0.0,0.0,0,False
UNET_MTL_MASK_GUIDED,25,patient080,patient080_case01,IGM,IGM_patient050_0049.jpg,3,1.0,strong_75_plus,201,189,0.8915094339622641,0.9402985074626866,0.8915094339622641,0.84375,1,False
UNET_MTL_MASK_GUIDED,25,patient080,patient080_case01,IGM,IGM_patient050_0049.jpg,4,,off_target_fp,103,0,0.0,0.0,0.0,0.0,0,False
UNET_MTL_MASK_GUIDED,25,patient080,patient080_case01,IGM,IGM_patient050_0050.jpg,1,,off_target_fp,69,0,0.0,0.0,0.0,0.0,0,False
UNET_MTL_MASK_GUIDED,25,patient080,patient080_case01,IGM,IGM_patient050_0050.jpg,2,,off_target_fp,30,0,0.0,0.0,0.0,0.0,0,False
UNET_MTL_MASK_GUIDED,25,patient080,patient080_case01,IGM,IGM_patient050_0050.jpg,3,1.0,low_25_to_50,387,181,0.9427083333333334,0.46770025839793283,0.46770025839793283,0.4547738693467337,1,False
UNET_MTL_MASK_GUIDED,25,patient080,patient080_case01,IGM,IGM_patient050_0050.jpg,4,,off_target_fp,238,0,0.0,0.0,0.0,0.0,0,False
UNET_MTL_MASK_GUIDED,25,patient080,patient080_case01,IGM,IGM_patient050_0051.jpg,1,,off_target_fp,83,0,0.0,0.0,0.0,0.0,0,False
UNET_MTL_MASK_GUIDED,25,patient080,patient080_case01,IGM,IGM_patient050_0051.jpg,2,1.0,strong_75_plus,300,276,0.9324324324324325,0.92,0.92,0.8625,1,False
UNET_MTL_MASK_GUIDED,25,patient080,patient080_case01,IGM,IGM_patient050_0051.jpg,3,,off_target_fp,156,0,0.0,0.0,0.0,0.0,0,False
UNET_MTL_MASK_GUIDED,25,patient080,patient080_case01,IGM,IGM_patient050_0052.jpg,1,,off_target_fp,111,0,0.0,0.0,0.0,0.0,0,False
UNET_MTL_MASK_GUIDED,25,patient080,patient080_case01,IGM,IGM_patient050_0052.jpg,2,1.0,strong_75_plus,449,406,0.90625,0.9042316258351893,0.9042316258351893,0.8268839103869654,1,False
UNET_MTL_MASK_GUIDED,25,patient080,patient080_case01,IGM,IGM_patient050_0052.jpg,3,,off_target_fp,31,0,0.0,0.0,0.0,0.0,0,False
UNET_MTL_MASK_GUIDED,25,patient080,patient080_case01,IGM,IGM_patient050_0052.jpg,4,,off_target_fp,65,0,0.0,0.0,0.0,0.0,0,False
UNET_MTL_MASK_GUIDED,25,patient080,patient080_case01,IGM,IGM_patient050_0053.jpg,1,,off_target_fp,131,0,0.0,0.0,0.0,0.0,0,False
UNET_MTL_MASK_GUIDED,25,patient080,patient080_case01,IGM,IGM_patient050_0053.jpg,2,,off_target_fp,211,0,0.0,0.0,0.0,0.0,0,False
UNET_MTL_MASK_GUIDED,25,patient080,patient080_case01,IGM,IGM_patient050_0053.jpg,3,1.0,moderate_50_to_75,707,505,0.9711538461538461,0.7142857142857143,0.7142857142857143,0.6994459833795014,1,False
UNET_MTL_MASK_GUIDED,25,patient080,patient080_case01,IGM,IGM_patient050_0054.jpg,1,,off_target_fp,119,0,0.0,0.0,0.0,0.0,0,False
UNET_MTL_MASK_GUIDED,25,patient080,patient080_case01,IGM,IGM_patient050_0054.jpg,2,1.0,strong_75_plus,791,704,0.9943502824858758,0.8900126422250316,0.8900126422250316,0.8855345911949686,1,False
UNET_MTL_MASK_GUIDED,25,patient080,patient080_case01,IGM,IGM_patient050_0055.jpg,1,1.0,strong_75_plus,760,688,0.9885057471264368,0.9052631578947369,0.9052631578947369,0.8958333333333334,1,False
UNET_MTL_MASK_GUIDED,25,patient080,patient080_case01,IGM,IGM_patient050_0056.jpg,1,1.0,strong_75_plus,616,529,0.9943609022556391,0.8587662337662337,0.8587662337662337,0.8546042003231018,1,False
UNET_MTL_MASK_GUIDED,25,patient080,patient080_case01,IGM,IGM_patient050_0057.jpg,1,,off_target_fp,52,0,0.0,0.0,0.0,0.0,0,False
UNET_MTL_MASK_GUIDED,25,patient080,patient080_case01,IGM,IGM_patient050_0057.jpg,2,,off_target_fp,79,0,0.0,0.0,0.0,0.0,0,False
UNET_MTL_MASK_GUIDED,25,patient080,patient080_case01,IGM,IGM_patient050_0057.jpg,3,,off_target_fp,77,0,0.0,0.0,0.0,0.0,0,False
UNET_MTL_MASK_GUIDED,25,patient080,patient080_case01,IGM,IGM_patient050_0057.jpg,4,1.0,moderate_50_to_75,326,280,0.7291666666666666,0.8588957055214724,0.7291666666666666,0.6511627906976745,1,False
UNET_MTL_MASK_GUIDED,25,patient080,patient080_case01,IGM,IGM_patient050_0058.jpg,1,,off_target_fp,163,0,0.0,0.0,0.0,0.0,0,False
UNET_MTL_MASK_GUIDED,25,patient080,patient080_case01,IGM,IGM_patient050_0058.jpg,2,,off_target_fp,217,0,0.0,0.0,0.0,0.0,0,False
UNET_MTL_MASK_GUIDED,25,patient080,patient080_case01,IGM,IGM_patient050_0058.jpg,3,1.0,strong_75_plus,234,203,0.8903508771929824,0.8675213675213675,0.8675213675213675,0.7837837837837838,1,False
UNET_MTL_MASK_GUIDED,25,patient082,patient082_case01,IGM,IGM_patient051_0135.jpg,1,,off_target_fp,89,0,0.0,0.0,0.0,0.0,0,False
UNET_MTL_MASK_GUIDED,25,patient082,patient082_case01,IGM,IGM_patient051_0135.jpg,2,1.0,moderate_50_to_75,211,146,0.9125,0.6919431279620853,0.6919431279620853,0.6488888888888888,1,False
UNET_MTL_MASK_GUIDED,25,patient082,patient082_case01,IGM,IGM_patient051_0136.jpg,1,,off_target_fp,99,0,0.0,0.0,0.0,0.0,0,False
UNET_MTL_MASK_GUIDED,25,patient082,patient082_case01,IGM,IGM_patient051_0136.jpg,2,1.0,strong_75_plus,306,269,0.9212328767123288,0.8790849673202614,0.8790849673202614,0.817629179331307,1,False
UNET_MTL_MASK_GUIDED,25,patient082,patient082_case01,IGM,IGM_patient051_0136.jpg,3,,off_target_fp,68,0,0.0,0.0,0.0,0.0,0,False
UNET_MTL_MASK_GUIDED,25,patient082,patient082_case01,IGM,IGM_patient051_0137.jpg,1,,off_target_fp,106,0,0.0,0.0,0.0,0.0,0,False
UNET_MTL_MASK_GUIDED,25,patient082,patient082_case01,IGM,IGM_patient051_0137.jpg,2,1.0,strong_75_plus,354,267,0.996268656716418,0.7542372881355932,0.7542372881355932,0.752112676056338,1,False
UNET_MTL_MASK_GUIDED,25,patient082,patient082_case01,IGM,IGM_patient051_0137.jpg,3,,off_target_fp,69,0,0.0,0.0,0.0,0.0,0,False
UNET_MTL_MASK_GUIDED,25,patient082,patient082_case01,IGM,IGM_patient051_0138.jpg,1,,off_target_fp,135,0,0.0,0.0,0.0,0.0,0,False
UNET_MTL_MASK_GUIDED,25,patient082,patient082_case01,IGM,IGM_patient051_0138.jpg,2,1.0,strong_75_plus,369,360,0.9090909090909091,0.975609756097561,0.9090909090909091,0.8888888888888888,1,False
UNET_MTL_MASK_GUIDED,25,patient082,patient082_case01,IGM,IGM_patient051_0138.jpg,3,,off_target_fp,25,0,0.0,0.0,0.0,0.0,0,False
UNET_MTL_MASK_GUIDED,25,patient082,patient082_case01,IGM,IGM_patient051_0139.jpg,1,,off_target_fp,159,0,0.0,0.0,0.0,0.0,0,False
UNET_MTL_MASK_GUIDED,25,patient082,patient082_case01,IGM,IGM_patient051_0139.jpg,2,1.0,strong_75_plus,343,338,0.845,0.9854227405247813,0.845,0.8345679012345679,1,False
UNET_MTL_MASK_GUIDED,25,patient082,patient082_case01,IGM,IGM_patient051_0139.jpg,3,,off_target_fp,47,0,0.0,0.0,0.0,0.0,0,False
UNET_MTL_MASK_GUIDED,25,patient082,patient082_case01,IGM,IGM_patient051_0140.jpg,1,,off_target_fp,140,0,0.0,0.0,0.0,0.0,0,False
UNET_MTL_MASK_GUIDED,25,patient082,patient082_case01,IGM,IGM_patient051_0140.jpg,2,1.0,strong_75_plus,313,292,0.8111111111111111,0.9329073482428115,0.8111111111111111,0.7664041994750657,1,False
UNET_MTL_MASK_GUIDED,25,patient082,patient082_case01,IGM,IGM_patient051_0141.jpg,1,1.0,moderate_50_to_75,252,246,0.615,0.9761904761904762,0.615,0.6059113300492611,1,False
UNET_MTL_MASK_GUIDED,25,patient082,patient082_case01,IGM,IGM_patient051_0142.jpg,1,1.0,moderate_50_to_75,229,217,0.7331081081081081,0.9475982532751092,0.7331081081081081,0.7045454545454546,1,False
UNET_MTL_MASK_GUIDED,25,patient082,patient082_case01,IGM,IGM_patient051_0144.jpg,1,1.0,strong_75_plus,207,197,0.8347457627118644,0.9516908212560387,0.8347457627118644,0.8008130081300813,1,False
UNET_MTL_MASK_GUIDED,25,patient082,patient082_case01,IGM,IGM_patient051_0144.jpg,2,,off_target_fp,54,0,0.0,0.0,0.0,0.0,0,False
UNET_MTL_MASK_GUIDED,25,patient082,patient082_case01,IGM,IGM_patient051_0144.jpg,3,,off_target_fp,137,0,0.0,0.0,0.0,0.0,0,False
UNET_MTL_MASK_GUIDED,25,patient082,patient082_case01,IGM,IGM_patient051_0145.jpg,1,1.0,strong_75_plus,224,179,0.8136363636363636,0.7991071428571429,0.7991071428571429,0.6754716981132075,1,False
UNET_MTL_MASK_GUIDED,25,patient082,patient082_case01,IGM,IGM_patient051_0145.jpg,2,,off_target_fp,96,0,0.0,0.0,0.0,0.0,0,False
UNET_MTL_MASK_GUIDED,25,patient082,patient082_case01,IGM,IGM_patient051_0145.jpg,3,,off_target_fp,44,0,0.0,0.0,0.0,0.0,0,False
UNET_MTL_MASK_GUIDED,25,patient082,patient082_case01,IGM,IGM_patient051_0145.jpg,4,,off_target_fp,51,0,0.0,0.0,0.0,0.0,0,False
UNET_MTL_MASK_GUIDED,25,patient082,patient082_case01,IGM,IGM_patient051_0146.jpg,1,1.0,moderate_50_to_75,180,154,0.7403846153846154,0.8555555555555555,0.7403846153846154,0.6581196581196581,1,False
UNET_MTL_MASK_GUIDED,25,patient082,patient082_case01,IGM,IGM_patient051_0146.jpg,2,,off_target_fp,100,0,0.0,0.0,0.0,0.0,0,False
UNET_MTL_MASK_GUIDED,25,patient082,patient082_case01,IGM,IGM_patient051_0146.jpg,3,,off_target_fp,35,0,0.0,0.0,0.0,0.0,0,False
UNET_MTL_MASK_GUIDED,25,patient082,patient082_case01,IGM,IGM_patient051_0147.jpg,1,1.0,moderate_50_to_75,72,67,0.6203703703703703,0.9305555555555556,0.6203703703703703,0.5929203539823009,1,False
UNET_MTL_MASK_GUIDED,25,patient084,patient084_case01,IBC,IBC_patient052_0047.jpg,1,,off_target_fp,83,0,0.0,0.0,0.0,0.0,0,False
UNET_MTL_MASK_GUIDED,25,patient084,patient084_case01,IBC,IBC_patient052_0047.jpg,2,,off_target_fp,80,0,0.0,0.0,0.0,0.0,0,False
UNET_MTL_MASK_GUIDED,25,patient084,patient084_case01,IBC,IBC_patient052_0047.jpg,3,1.0,strong_75_plus,217,167,0.9709302325581395,0.7695852534562212,0.7695852534562212,0.7522522522522522,1,False
UNET_MTL_MASK_GUIDED,25,patient084,patient084_case01,IBC,IBC_patient052_0048.jpg,1,,off_target_fp,37,0,0.0,0.0,0.0,0.0,0,False
UNET_MTL_MASK_GUIDED,25,patient084,patient084_case01,IBC,IBC_patient052_0048.jpg,2,,off_target_fp,243,0,0.0,0.0,0.0,0.0,0,False
UNET_MTL_MASK_GUIDED,25,patient084,patient084_case01,IBC,IBC_patient052_0048.jpg,3,1.0,moderate_50_to_75,317,214,0.9727272727272728,0.6750788643533123,0.6750788643533123,0.6625386996904025,1,False
UNET_MTL_MASK_GUIDED,25,patient084,patient084_case01,IBC,IBC_patient052_0049.jpg,1,,off_target_fp,142,0,0.0,0.0,0.0,0.0,0,False
UNET_MTL_MASK_GUIDED,25,patient084,patient084_case01,IBC,IBC_patient052_0049.jpg,2,,off_target_fp,84,0,0.0,0.0,0.0,0.0,0,False
UNET_MTL_MASK_GUIDED,25,patient084,patient084_case01,IBC,IBC_patient052_0049.jpg,3,,off_target_fp,42,0,0.0,0.0,0.0,0.0,0,False
UNET_MTL_MASK_GUIDED,25,patient084,patient084_case01,IBC,IBC_patient052_0049.jpg,4,1.0,moderate_50_to_75,363,196,1.0,0.5399449035812672,0.5399449035812672,0.5399449035812672,1,False
UNET_MTL_MASK_GUIDED,25,patient084,patient084_case01,IBC,IBC_patient052_0050.jpg,1,,off_target_fp,145,0,0.0,0.0,0.0,0.0,0,False
UNET_MTL_MASK_GUIDED,25,patient084,patient084_case01,IBC,IBC_patient052_0050.jpg,2,,off_target_fp,29,0,0.0,0.0,0.0,0.0,0,False
UNET_MTL_MASK_GUIDED,25,patient084,patient084_case01,IBC,IBC_patient052_0050.jpg,3,,off_target_fp,27,0,0.0,0.0,0.0,0.0,0,False
UNET_MTL_MASK_GUIDED,25,patient084,patient084_case01,IBC,IBC_patient052_0050.jpg,4,,off_target_fp,42,0,0.0,0.0,0.0,0.0,0,False
UNET_MTL_MASK_GUIDED,25,patient084,patient084_case01,IBC,IBC_patient052_0050.jpg,5,1.0,moderate_50_to_75,414,232,1.0,0.5603864734299517,0.5603864734299517,0.5603864734299517,1,False
UNET_MTL_MASK_GUIDED,25,patient084,patient084_case01,IBC,IBC_patient052_0051.jpg,1,,off_target_fp,180,0,0.0,0.0,0.0,0.0,0,False
UNET_MTL_MASK_GUIDED,25,patient084,patient084_case01,IBC,IBC_patient052_0051.jpg,2,,off_target_fp,43,0,0.0,0.0,0.0,0.0,0,False
UNET_MTL_MASK_GUIDED,25,patient084,patient084_case01,IBC,IBC_patient052_0051.jpg,3,,off_target_fp,57,0,0.0,0.0,0.0,0.0,0,False
UNET_MTL_MASK_GUIDED,25,patient084,patient084_case01,IBC,IBC_patient052_0051.jpg,4,1.0,strong_75_plus,299,232,1.0,0.7759197324414716,0.7759197324414716,0.7759197324414716,1,False
UNET_MTL_MASK_GUIDED,25,patient084,patient084_case01,IBC,IBC_patient052_0051.jpg,5,,off_target_fp,42,0,0.0,0.0,0.0,0.0,0,False
UNET_MTL_MASK_GUIDED,25,patient084,patient084_case01,IBC,IBC_patient052_0052.jpg,1,,off_target_fp,165,0,0.0,0.0,0.0,0.0,0,False
UNET_MTL_MASK_GUIDED,25,patient084,patient084_case01,IBC,IBC_patient052_0052.jpg,2,,off_target_fp,65,0,0.0,0.0,0.0,0.0,0,False
UNET_MTL_MASK_GUIDED,25,patient084,patient084_case01,IBC,IBC_patient052_0052.jpg,3,,off_target_fp,26,0,0.0,0.0,0.0,0.0,0,False
UNET_MTL_MASK_GUIDED,25,patient084,patient084_case01,IBC,IBC_patient052_0052.jpg,4,1.0,moderate_50_to_75,327,214,0.9907407407407407,0.654434250764526,0.654434250764526,0.6504559270516718,1,False
UNET_MTL_MASK_GUIDED,25,patient084,patient084_case01,IBC,IBC_patient052_0053.jpg,1,,off_target_fp,42,0,0.0,0.0,0.0,0.0,0,False
UNET_MTL_MASK_GUIDED,25,patient084,patient084_case01,IBC,IBC_patient052_0053.jpg,2,,off_target_fp,27,0,0.0,0.0,0.0,0.0,0,False
UNET_MTL_MASK_GUIDED,25,patient084,patient084_case01,IBC,IBC_patient052_0053.jpg,3,,off_target_fp,116,0,0.0,0.0,0.0,0.0,0,False
UNET_MTL_MASK_GUIDED,25,patient084,patient084_case01,IBC,IBC_patient052_0053.jpg,4,1.0,moderate_50_to_75,386,289,0.9763513513513513,0.7487046632124352,0.7487046632124352,0.7353689567430025,1,False
UNET_MTL_MASK_GUIDED,25,patient084,patient084_case01,IBC,IBC_patient052_0054.jpg,1,,off_target_fp,44,0,0.0,0.0,0.0,0.0,0,False
UNET_MTL_MASK_GUIDED,25,patient084,patient084_case01,IBC,IBC_patient052_0054.jpg,2,,off_target_fp,37,0,0.0,0.0,0.0,0.0,0,False
UNET_MTL_MASK_GUIDED,25,patient084,patient084_case01,IBC,IBC_patient052_0054.jpg,3,,off_target_fp,96,0,0.0,0.0,0.0,0.0,0,False
UNET_MTL_MASK_GUIDED,25,patient084,patient084_case01,IBC,IBC_patient052_0054.jpg,4,1.0,strong_75_plus,455,410,0.9761904761904762,0.9010989010989011,0.9010989010989011,0.8817204301075269,1,False
UNET_MTL_MASK_GUIDED,25,patient084,patient084_case01,IBC,IBC_patient052_0055.jpg,1,,off_target_fp,38,0,0.0,0.0,0.0,0.0,0,False
UNET_MTL_MASK_GUIDED,25,patient084,patient084_case01,IBC,IBC_patient052_0055.jpg,2,1.0,strong_75_plus,515,433,0.9931192660550459,0.8407766990291262,0.8407766990291262,0.8359073359073359,1,False
UNET_MTL_MASK_GUIDED,25,patient084,patient084_case01,IBC,IBC_patient052_0056.jpg,1,,off_target_fp,31,0,0.0,0.0,0.0,0.0,0,False
UNET_MTL_MASK_GUIDED,25,patient084,patient084_case01,IBC,IBC_patient052_0056.jpg,2,1.0,strong_75_plus,505,388,0.9897959183673469,0.7683168316831683,0.7683168316831683,0.762278978388998,1,False
UNET_MTL_MASK_GUIDED,25,patient084,patient084_case01,IBC,IBC_patient052_0056.jpg,3,,off_target_fp,25,0,0.0,0.0,0.0,0.0,0,False
UNET_MTL_MASK_GUIDED,25,patient084,patient084_case01,IBC,IBC_patient052_0057.jpg,1,1.0,moderate_50_to_75,465,304,1.0,0.6537634408602151,0.6537634408602151,0.6537634408602151,1,False
UNET_MTL_MASK_GUIDED,25,patient084,patient084_case01,IBC,IBC_patient052_0057.jpg,2,,off_target_fp,77,0,0.0,0.0,0.0,0.0,0,False
UNET_MTL_MASK_GUIDED,25,patient084,patient084_case01,IBC,IBC_patient052_0058.jpg,1,1.0,low_25_to_50,560,276,1.0,0.4928571428571429,0.4928571428571429,0.4928571428571429,1,False
UNET_MTL_MASK_GUIDED,25,patient084,patient084_case01,IBC,IBC_patient052_0059.jpg,1,,off_target_fp,29,0,0.0,0.0,0.0,0.0,0,False
UNET_MTL_MASK_GUIDED,25,patient084,patient084_case01,IBC,IBC_patient052_0059.jpg,2,1.0,moderate_50_to_75,527,287,0.9695945945945946,0.5445920303605313,0.5445920303605313,0.5354477611940298,1,False
UNET_MTL_MASK_GUIDED,25,patient084,patient084_case01,IBC,IBC_patient052_0059.jpg,3,,off_target_fp,68,0,0.0,0.0,0.0,0.0,0,False
UNET_MTL_MASK_GUIDED,25,patient084,patient084_case01,IBC,IBC_patient052_0060.jpg,1,,off_target_fp,165,0,0.0,0.0,0.0,0.0,0,False
UNET_MTL_MASK_GUIDED,25,patient084,patient084_case01,IBC,IBC_patient052_0060.jpg,2,,off_target_fp,78,0,0.0,0.0,0.0,0.0,0,False
UNET_MTL_MASK_GUIDED,25,patient084,patient084_case01,IBC,IBC_patient052_0060.jpg,3,1.0,strong_75_plus,239,188,0.8867924528301887,0.7866108786610879,0.7866108786610879,0.714828897338403,1,False
UNET_MTL_MASK_GUIDED,25,patient084,patient084_case01,IBC,IBC_patient052_0060.jpg,4,,off_target_fp,64,0,0.0,0.0,0.0,0.0,0,False
UNET_MTL_MASK_GUIDED,25,patient084,patient084_case01,IBC,IBC_patient052_0060.jpg,5,,off_target_fp,37,0,0.0,0.0,0.0,0.0,0,False
UNET_MTL_MASK_GUIDED,25,patient084,patient084_case01,IBC,IBC_patient052_0063.jpg,1,,off_target_fp,121,0,0.0,0.0,0.0,0.0,0,False
UNET_MTL_MASK_GUIDED,25,patient084,patient084_case01,IBC,IBC_patient052_0063.jpg,2,1.0,moderate_50_to_75,119,84,0.9545454545454546,0.7058823529411765,0.7058823529411765,0.6829268292682927,1,False
UNET_MTL_MASK_GUIDED,25,patient084,patient084_case01,IBC,IBC_patient052_0063.jpg,3,,off_target_fp,91,0,0.0,0.0,0.0,0.0,0,False
UNET_MTL_MASK_GUIDED,25,patient084,patient084_case01,IBC,IBC_patient052_0064.jpg,1,,off_target_fp,163,0,0.0,0.0,0.0,0.0,0,False
UNET_MTL_MASK_GUIDED,25,patient084,patient084_case01,IBC,IBC_patient052_0064.jpg,2,1.0,moderate_50_to_75,362,215,0.9598214285714286,0.5939226519337016,0.5939226519337016,0.5795148247978437,1,False
UNET_MTL_MASK_GUIDED,25,patient084,patient084_case01,IBC,IBC_patient052_0065.jpg,1,,off_target_fp,217,0,0.0,0.0,0.0,0.0,0,False
UNET_MTL_MASK_GUIDED,25,patient084,patient084_case01,IBC,IBC_patient052_0065.jpg,2,,off_target_fp,135,0,0.0,0.0,0.0,0.0,0,False
UNET_MTL_MASK_GUIDED,25,patient084,patient084_case01,IBC,IBC_patient052_0065.jpg,3,1.0,strong_75_plus,348,295,0.9577922077922078,0.8477011494252874,0.8477011494252874,0.817174515235457,1,False
UNET_MTL_MASK_GUIDED,25,patient084,patient084_case01,IBC,IBC_patient052_0066.jpg,1,,off_target_fp,296,0,0.0,0.0,0.0,0.0,0,False
UNET_MTL_MASK_GUIDED,25,patient084,patient084_case01,IBC,IBC_patient052_0066.jpg,2,,off_target_fp,110,0,0.0,0.0,0.0,0.0,0,False
UNET_MTL_MASK_GUIDED,25,patient084,patient084_case01,IBC,IBC_patient052_0066.jpg,3,1.0,strong_75_plus,324,280,0.8333333333333334,0.8641975308641975,0.8333333333333334,0.7368421052631579,1,False
UNET_MTL_MASK_GUIDED,25,patient084,patient084_case01,IBC,IBC_patient052_0067.jpg,1,,off_target_fp,150,0,0.0,0.0,0.0,0.0,0,False
UNET_MTL_MASK_GUIDED,25,patient084,patient084_case01,IBC,IBC_patient052_0067.jpg,2,,off_target_fp,174,0,0.0,0.0,0.0,0.0,0,False
UNET_MTL_MASK_GUIDED,25,patient084,patient084_case01,IBC,IBC_patient052_0067.jpg,3,1.0,moderate_50_to_75,168,158,0.5895522388059702,0.9404761904761905,0.5895522388059702,0.5683453237410072,1,False
UNET_MTL_MASK_GUIDED,25,patient084,patient084_case01,IBC,IBC_patient052_0067.jpg,4,,off_target_fp,32,0,0.0,0.0,0.0,0.0,0,False
UNET_MTL_MASK_GUIDED,25,patient092,patient092_case01,IBC,IBC_patient057_0042.jpg,1,,off_target_fp,48,0,0.0,0.0,0.0,0.0,0,False
UNET_MTL_MASK_GUIDED,25,patient092,patient092_case01,IBC,IBC_patient057_0043.jpg,1,,off_target_fp,36,0,0.0,0.0,0.0,0.0,0,False
UNET_MTL_MASK_GUIDED,25,patient092,patient092_case01,IBC,IBC_patient057_0043.jpg,2,1.0,strong_75_plus,278,244,0.8356164383561644,0.8776978417266187,0.8356164383561644,0.7484662576687117,1,False
UNET_MTL_MASK_GUIDED,25,patient092,patient092_case01,IBC,IBC_patient057_0044.jpg,1,,off_target_fp,44,0,0.0,0.0,0.0,0.0,0,False
UNET_MTL_MASK_GUIDED,25,patient092,patient092_case01,IBC,IBC_patient057_0044.jpg,2,1.0,moderate_50_to_75,480,304,0.987012987012987,0.6333333333333333,0.6333333333333333,0.628099173553719,1,False
UNET_MTL_MASK_GUIDED,25,patient092,patient092_case01,IBC,IBC_patient057_0045.jpg,1,,off_target_fp,104,0,0.0,0.0,0.0,0.0,0,False
UNET_MTL_MASK_GUIDED,25,patient092,patient092_case01,IBC,IBC_patient057_0045.jpg,2,,off_target_fp,40,0,0.0,0.0,0.0,0.0,0,False
UNET_MTL_MASK_GUIDED,25,patient092,patient092_case01,IBC,IBC_patient057_0045.jpg,3,1.0,moderate_50_to_75,578,394,0.9471153846153846,0.6816608996539792,0.6816608996539792,0.6566666666666666,1,False
UNET_MTL_MASK_GUIDED,25,patient092,patient092_case01,IBC,IBC_patient057_0046.jpg,1,,off_target_fp,181,0,0.0,0.0,0.0,0.0,0,False
UNET_MTL_MASK_GUIDED,25,patient092,patient092_case01,IBC,IBC_patient057_0046.jpg,2,,off_target_fp,133,0,0.0,0.0,0.0,0.0,0,False
UNET_MTL_MASK_GUIDED,25,patient092,patient092_case01,IBC,IBC_patient057_0046.jpg,3,1.0,strong_75_plus,476,407,0.925,0.8550420168067226,0.8550420168067226,0.7996070726915521,1,False
UNET_MTL_MASK_GUIDED,25,patient092,patient092_case01,IBC,IBC_patient057_0047.jpg,1,,off_target_fp,75,0,0.0,0.0,0.0,0.0,0,False
UNET_MTL_MASK_GUIDED,25,patient092,patient092_case01,IBC,IBC_patient057_0047.jpg,2,,off_target_fp,100,0,0.0,0.0,0.0,0.0,0,False
UNET_MTL_MASK_GUIDED,25,patient092,patient092_case01,IBC,IBC_patient057_0047.jpg,3,,off_target_fp,142,0,0.0,0.0,0.0,0.0,0,False
UNET_MTL_MASK_GUIDED,25,patient092,patient092_case01,IBC,IBC_patient057_0047.jpg,4,1.0,strong_75_plus,352,326,0.9367816091954023,0.9261363636363636,0.9261363636363636,0.8716577540106952,1,False
UNET_MTL_MASK_GUIDED,25,patient092,patient092_case01,IBC,IBC_patient057_0048.jpg,1,,off_target_fp,43,0,0.0,0.0,0.0,0.0,0,False
UNET_MTL_MASK_GUIDED,25,patient092,patient092_case01,IBC,IBC_patient057_0048.jpg,2,,off_target_fp,264,0,0.0,0.0,0.0,0.0,0,False
UNET_MTL_MASK_GUIDED,25,patient092,patient092_case01,IBC,IBC_patient057_0048.jpg,3,,off_target_fp,117,0,0.0,0.0,0.0,0.0,0,False
UNET_MTL_MASK_GUIDED,25,patient092,patient092_case01,IBC,IBC_patient057_0048.jpg,4,1.0,low_25_to_50,72,72,0.27692307692307694,1.0,0.27692307692307694,0.27692307692307694,1,False
UNET_MTL_MASK_GUIDED,25,patient099,patient099_case01,IGM,IGM_patient008_0049.jpg,1,,off_target_fp,107,0,0.0,0.0,0.0,0.0,0,False
UNET_MTL_MASK_GUIDED,25,patient099,patient099_case01,IGM,IGM_patient008_0049.jpg,2,1.0,partial_below_25,129,24,0.2857142857142857,0.18604651162790697,0.18604651162790697,0.12698412698412698,1,False
UNET_MTL_MASK_GUIDED,25,patient099,patient099_case01,IGM,IGM_patient008_0050.jpg,1,1.0,low_25_to_50,198,91,0.7844827586206896,0.4595959595959596,0.4595959595959596,0.4080717488789238,1,False
UNET_MTL_MASK_GUIDED,25,patient099,patient099_case01,IGM,IGM_patient008_0051.jpg,1,1.0,low_25_to_50,108,92,0.48936170212765956,0.8518518518518519,0.48936170212765956,0.45098039215686275,1,False
UNET_MTL_MASK_GUIDED,25,patient099,patient099_case01,IGM,IGM_patient008_0052.jpg,1,1.0,strong_75_plus,130,113,0.7635135135135135,0.8692307692307693,0.7635135135135135,0.6848484848484848,1,False
UNET_MTL_MASK_GUIDED,25,patient099,patient099_case01,IGM,IGM_patient008_0052.jpg,2,,off_target_fp,30,0,0.0,0.0,0.0,0.0,0,False
UNET_MTL_MASK_GUIDED,25,patient099,patient099_case01,IGM,IGM_patient008_0052.jpg,3,,off_target_fp,35,0,0.0,0.0,0.0,0.0,0,False
UNET_MTL_MASK_GUIDED,25,patient099,patient099_case01,IGM,IGM_patient008_0053.jpg,1,1.0,strong_75_plus,111,102,0.7727272727272727,0.918918918918919,0.7727272727272727,0.723404255319149,1,False
UNET_MTL_MASK_GUIDED,25,patient099,patient099_case01,IGM,IGM_patient008_0053.jpg,2,,off_target_fp,58,0,0.0,0.0,0.0,0.0,0,False
UNET_MTL_MASK_GUIDED,25,patient099,patient099_case01,IGM,IGM_patient008_0054.jpg,1,,off_target_fp,65,0,0.0,0.0,0.0,0.0,0,False
UNET_MTL_MASK_GUIDED,25,patient099,patient099_case01,IGM,IGM_patient008_0054.jpg,2,1.0,strong_75_plus,109,104,0.7878787878787878,0.9541284403669725,0.7878787878787878,0.7591240875912408,1,False
UNET_MTL_MASK_GUIDED,25,patient099,patient099_case01,IGM,IGM_patient008_0055.jpg,1,1.0,strong_75_plus,136,123,0.9044117647058824,0.9044117647058824,0.9044117647058824,0.825503355704698,1,False
UNET_MTL_MASK_GUIDED,25,patient099,patient099_case01,IGM,IGM_patient008_0055.jpg,2,,off_target_fp,68,0,0.0,0.0,0.0,0.0,0,False
UNET_MTL_MASK_GUIDED,25,patient099,patient099_case01,IGM,IGM_patient008_0056.jpg,1,,off_target_fp,84,0,0.0,0.0,0.0,0.0,0,False
UNET_MTL_MASK_GUIDED,25,patient099,patient099_case01,IGM,IGM_patient008_0056.jpg,2,,off_target_fp,49,0,0.0,0.0,0.0,0.0,0,False
UNET_MTL_MASK_GUIDED,25,patient099,patient099_case01,IGM,IGM_patient008_0056.jpg,3,1.0,moderate_50_to_75,126,110,0.6111111111111112,0.873015873015873,0.6111111111111112,0.5612244897959183,1,False
UNET_MTL_MASK_GUIDED,25,patient099,patient099_case01,IGM,IGM_patient008_0056.jpg,4,,off_target_fp,36,0,0.0,0.0,0.0,0.0,0,False
UNET_MTL_MASK_GUIDED,25,patient099,patient099_case01,IGM,IGM_patient008_0057.jpg,1,,off_target_fp,149,0,0.0,0.0,0.0,0.0,0,False
UNET_MTL_MASK_GUIDED,25,patient099,patient099_case01,IGM,IGM_patient008_0057.jpg,2,1.0,strong_75_plus,140,130,0.8125,0.9285714285714286,0.8125,0.7647058823529411,1,False
UNET_MTL_MASK_GUIDED,25,patient099,patient099_case01,IGM,IGM_patient008_0058.jpg,1,,off_target_fp,162,0,0.0,0.0,0.0,0.0,0,False
UNET_MTL_MASK_GUIDED,25,patient099,patient099_case01,IGM,IGM_patient008_0058.jpg,2,,off_target_fp,46,0,0.0,0.0,0.0,0.0,0,False
UNET_MTL_MASK_GUIDED,25,patient099,patient099_case01,IGM,IGM_patient008_0058.jpg,3,,off_target_fp,145,0,0.0,0.0,0.0,0.0,0,False
UNET_MTL_MASK_GUIDED,25,patient101,patient101_case01,IBC,IBC_patient009_0142.jpg,1,,off_target_fp,32,0,0.0,0.0,0.0,0.0,0,False
UNET_MTL_MASK_GUIDED,25,patient101,patient101_case01,IBC,IBC_patient009_0143.jpg,1,,off_target_fp,34,0,0.0,0.0,0.0,0.0,0,False
UNET_MTL_MASK_GUIDED,25,patient101,patient101_case01,IBC,IBC_patient009_0143.jpg,2,,off_target_fp,40,0,0.0,0.0,0.0,0.0,0,False
UNET_MTL_MASK_GUIDED,25,patient101,patient101_case01,IBC,IBC_patient009_0143.jpg,3,1.0,moderate_50_to_75,60,56,0.6666666666666666,0.9333333333333333,0.6666666666666666,0.6363636363636364,1,False
UNET_MTL_MASK_GUIDED,25,patient101,patient101_case01,IBC,IBC_patient009_0144.jpg,1,,off_target_fp,33,0,0.0,0.0,0.0,0.0,0,False
UNET_MTL_MASK_GUIDED,25,patient101,patient101_case01,IBC,IBC_patient009_0144.jpg,2,,off_target_fp,79,0,0.0,0.0,0.0,0.0,0,False
UNET_MTL_MASK_GUIDED,25,patient101,patient101_case01,IBC,IBC_patient009_0144.jpg,3,1.0,strong_75_plus,101,89,0.7946428571428571,0.8811881188118812,0.7946428571428571,0.717741935483871,1,False
UNET_MTL_MASK_GUIDED,25,patient101,patient101_case01,IBC,IBC_patient009_0145.jpg,1,,off_target_fp,30,0,0.0,0.0,0.0,0.0,0,False
UNET_MTL_MASK_GUIDED,25,patient101,patient101_case01,IBC,IBC_patient009_0145.jpg,2,,off_target_fp,70,0,0.0,0.0,0.0,0.0,0,False
UNET_MTL_MASK_GUIDED,25,patient101,patient101_case01,IBC,IBC_patient009_0145.jpg,3,1.0,moderate_50_to_75,123,91,0.875,0.7398373983739838,0.7398373983739838,0.6691176470588235,1,False
UNET_MTL_MASK_GUIDED,25,patient101,patient101_case01,IBC,IBC_patient009_0146.jpg,1,1.0,strong_75_plus,157,119,0.9296875,0.7579617834394905,0.7579617834394905,0.7168674698795181,1,False
UNET_MTL_MASK_GUIDED,25,patient101,patient101_case01,IBC,IBC_patient009_0147.jpg,1,,off_target_fp,35,0,0.0,0.0,0.0,0.0,0,False
UNET_MTL_MASK_GUIDED,25,patient101,patient101_case01,IBC,IBC_patient009_0147.jpg,2,1.0,moderate_50_to_75,188,127,0.9338235294117647,0.675531914893617,0.675531914893617,0.6446700507614214,1,False
UNET_MTL_MASK_GUIDED,25,patient101,patient101_case01,IBC,IBC_patient009_0148.jpg,1,,off_target_fp,189,0,0.0,0.0,0.0,0.0,0,False
UNET_MTL_MASK_GUIDED,25,patient101,patient101_case01,IBC,IBC_patient009_0148.jpg,2,1.0,moderate_50_to_75,214,155,0.9011627906976745,0.7242990654205608,0.7242990654205608,0.670995670995671,1,False
UNET_MTL_MASK_GUIDED,25,patient101,patient101_case01,IBC,IBC_patient009_0149.jpg,1,,off_target_fp,209,0,0.0,0.0,0.0,0.0,0,False
UNET_MTL_MASK_GUIDED,25,patient101,patient101_case01,IBC,IBC_patient009_0149.jpg,2,1.0,strong_75_plus,225,189,0.9086538461538461,0.84,0.84,0.7745901639344263,1,False
UNET_MTL_MASK_GUIDED,25,patient101,patient101_case01,IBC,IBC_patient009_0150.jpg,1,,off_target_fp,166,0,0.0,0.0,0.0,0.0,0,False
UNET_MTL_MASK_GUIDED,25,patient101,patient101_case01,IBC,IBC_patient009_0150.jpg,2,1.0,strong_75_plus,223,193,0.8935185185185185,0.8654708520179372,0.8654708520179372,0.7845528455284553,1,False
UNET_MTL_MASK_GUIDED,25,patient101,patient101_case01,IBC,IBC_patient009_0151.jpg,1,,off_target_fp,97,0,0.0,0.0,0.0,0.0,0,False
UNET_MTL_MASK_GUIDED,25,patient101,patient101_case01,IBC,IBC_patient009_0151.jpg,2,1.0,strong_75_plus,214,174,0.8877551020408163,0.8130841121495327,0.8130841121495327,0.7372881355932204,1,False
UNET_MTL_MASK_GUIDED,25,patient101,patient101_case01,IBC,IBC_patient009_0152.jpg,1,,off_target_fp,44,0,0.0,0.0,0.0,0.0,0,False
UNET_MTL_MASK_GUIDED,25,patient101,patient101_case01,IBC,IBC_patient009_0152.jpg,2,1.0,strong_75_plus,196,169,0.845,0.8622448979591837,0.845,0.7444933920704846,1,False
UNET_MTL_MASK_GUIDED,25,patient101,patient101_case01,IBC,IBC_patient009_0153.jpg,1,,off_target_fp,48,0,0.0,0.0,0.0,0.0,0,False
UNET_MTL_MASK_GUIDED,25,patient101,patient101_case01,IBC,IBC_patient009_0153.jpg,2,1.0,strong_75_plus,190,157,0.7548076923076923,0.8263157894736842,0.7548076923076923,0.6514522821576764,1,False
UNET_MTL_MASK_GUIDED,25,patient101,patient101_case01,IBC,IBC_patient009_0154.jpg,1,,off_target_fp,66,0,0.0,0.0,0.0,0.0,0,False
UNET_MTL_MASK_GUIDED,25,patient101,patient101_case01,IBC,IBC_patient009_0154.jpg,2,1.0,strong_75_plus,175,148,0.8604651162790697,0.8457142857142858,0.8457142857142858,0.7437185929648241,1,False
UNET_MTL_MASK_GUIDED,25,patient101,patient101_case01,IBC,IBC_patient009_0155.jpg,1,,off_target_fp,84,0,0.0,0.0,0.0,0.0,0,False
UNET_MTL_MASK_GUIDED,25,patient101,patient101_case01,IBC,IBC_patient009_0155.jpg,2,1.0,strong_75_plus,159,132,0.825,0.8301886792452831,0.825,0.7058823529411765,1,False
UNET_MTL_MASK_GUIDED,25,patient101,patient101_case01,IBC,IBC_patient009_0156.jpg,1,,off_target_fp,85,0,0.0,0.0,0.0,0.0,0,False
UNET_MTL_MASK_GUIDED,25,patient101,patient101_case01,IBC,IBC_patient009_0156.jpg,2,1.0,strong_75_plus,142,125,0.7621951219512195,0.8802816901408451,0.7621951219512195,0.6906077348066298,1,False
UNET_MTL_MASK_GUIDED,25,patient101,patient101_case01,IBC,IBC_patient009_0157.jpg,1,,off_target_fp,71,0,0.0,0.0,0.0,0.0,0,False
UNET_MTL_MASK_GUIDED,25,patient101,patient101_case01,IBC,IBC_patient009_0157.jpg,2,1.0,moderate_50_to_75,215,182,0.7109375,0.8465116279069768,0.7109375,0.629757785467128,1,False
UNET_MTL_MASK_GUIDED,25,patient101,patient101_case01,IBC,IBC_patient009_0158.jpg,1,,off_target_fp,46,0,0.0,0.0,0.0,0.0,0,False
UNET_MTL_MASK_GUIDED,25,patient101,patient101_case01,IBC,IBC_patient009_0158.jpg,2,1.0,strong_75_plus,268,238,0.8880597014925373,0.8880597014925373,0.8880597014925373,0.7986577181208053,1,False
UNET_MTL_MASK_GUIDED,25,patient101,patient101_case01,IBC,IBC_patient009_0158.jpg,3,,off_target_fp,28,0,0.0,0.0,0.0,0.0,0,False
UNET_MTL_MASK_GUIDED,25,patient101,patient101_case01,IBC,IBC_patient009_0159.jpg,1,1.0,strong_75_plus,293,239,0.93359375,0.8156996587030717,0.8156996587030717,0.7709677419354839,1,False
UNET_MTL_MASK_GUIDED,25,patient101,patient101_case01,IBC,IBC_patient009_0160.jpg,1,1.0,strong_75_plus,287,217,0.875,0.7560975609756098,0.7560975609756098,0.6823899371069182,1,False
UNET_MTL_MASK_GUIDED,25,patient101,patient101_case01,IBC,IBC_patient009_0161.jpg,1,1.0,strong_75_plus,259,211,0.8647540983606558,0.8146718146718147,0.8146718146718147,0.7226027397260274,1,False
UNET_MTL_MASK_GUIDED,25,patient101,patient101_case01,IBC,IBC_patient009_0162.jpg,1,1.0,strong_75_plus,264,243,0.8678571428571429,0.9204545454545454,0.8678571428571429,0.8073089700996677,1,False
UNET_MTL_MASK_GUIDED,25,patient101,patient101_case01,IBC,IBC_patient009_0163.jpg,1,1.0,strong_75_plus,230,219,0.8830645161290323,0.9521739130434783,0.8830645161290323,0.8455598455598455,1,False
UNET_MTL_MASK_GUIDED,25,patient101,patient101_case01,IBC,IBC_patient009_0164.jpg,1,1.0,moderate_50_to_75,185,181,0.7298387096774194,0.9783783783783784,0.7298387096774194,0.7182539682539683,1,False
UNET_MTL_MASK_GUIDED,25,patient101,patient101_case01,IBC,IBC_patient009_0165.jpg,1,1.0,strong_75_plus,125,122,0.782051282051282,0.976,0.782051282051282,0.7672955974842768,1,False
UNET_MTL_MASK_GUIDED,25,patient101,patient101_case01,IBC,IBC_patient009_0166.jpg,1,,off_target_fp,44,0,0.0,0.0,0.0,0.0,0,False
