model,minimum_area_px,SubjectID,CaseID,ClassName,ImageName,pred_component_id,best_gt_component_id,category,area_px,intersection_px,gt_coverage,prediction_purity,quality_min,iou,intersecting_gt_count,is_merge
HYBRID_TALON,1,patient004,patient004_case01,IBC,IBC_patient011_0074.jpg,1,,off_target_fp,317,0,0.0,0.0,0.0,0.0,0,False
HYBRID_TALON,1,patient004,patient004_case01,IBC,IBC_patient011_0074.jpg,2,,off_target_fp,534,0,0.0,0.0,0.0,0.0,0,False
HYBRID_TALON,1,patient004,patient004_case01,IBC,IBC_patient011_0074.jpg,3,,off_target_fp,58,0,0.0,0.0,0.0,0.0,0,False
HYBRID_TALON,1,patient004,patient004_case01,IBC,IBC_patient011_0075.jpg,1,,off_target_fp,549,0,0.0,0.0,0.0,0.0,0,False
HYBRID_TALON,1,patient004,patient004_case01,IBC,IBC_patient011_0075.jpg,2,,off_target_fp,6,0,0.0,0.0,0.0,0.0,0,False
HYBRID_TALON,1,patient004,patient004_case01,IBC,IBC_patient011_0075.jpg,3,,off_target_fp,52,0,0.0,0.0,0.0,0.0,0,False
HYBRID_TALON,1,patient004,patient004_case01,IBC,IBC_patient011_0076.jpg,1,,off_target_fp,650,0,0.0,0.0,0.0,0.0,0,False
HYBRID_TALON,1,patient004,patient004_case01,IBC,IBC_patient011_0076.jpg,2,,off_target_fp,105,0,0.0,0.0,0.0,0.0,0,False
HYBRID_TALON,1,patient004,patient004_case01,IBC,IBC_patient011_0077.jpg,1,,off_target_fp,705,0,0.0,0.0,0.0,0.0,0,False
HYBRID_TALON,1,patient004,patient004_case01,IBC,IBC_patient011_0077.jpg,2,,off_target_fp,84,0,0.0,0.0,0.0,0.0,0,False
HYBRID_TALON,1,patient004,patient004_case01,IBC,IBC_patient011_0078.jpg,1,,off_target_fp,749,0,0.0,0.0,0.0,0.0,0,False
HYBRID_TALON,1,patient004,patient004_case01,IBC,IBC_patient011_0078.jpg,2,,off_target_fp,37,0,0.0,0.0,0.0,0.0,0,False
HYBRID_TALON,1,patient004,patient004_case01,IBC,IBC_patient011_0079.jpg,1,,off_target_fp,715,0,0.0,0.0,0.0,0.0,0,False
HYBRID_TALON,1,patient004,patient004_case01,IBC,IBC_patient011_0080.jpg,1,,off_target_fp,599,0,0.0,0.0,0.0,0.0,0,False
HYBRID_TALON,1,patient004,patient004_case01,IBC,IBC_patient011_0081.jpg,1,,off_target_fp,526,0,0.0,0.0,0.0,0.0,0,False
HYBRID_TALON,1,patient004,patient004_case01,IBC,IBC_patient011_0081.jpg,2,,off_target_fp,23,0,0.0,0.0,0.0,0.0,0,False
HYBRID_TALON,1,patient004,patient004_case01,IBC,IBC_patient011_0082.jpg,1,,off_target_fp,37,0,0.0,0.0,0.0,0.0,0,False
HYBRID_TALON,1,patient004,patient004_case01,IBC,IBC_patient011_0082.jpg,2,,off_target_fp,484,0,0.0,0.0,0.0,0.0,0,False
HYBRID_TALON,1,patient004,patient004_case01,IBC,IBC_patient011_0082.jpg,3,,off_target_fp,95,0,0.0,0.0,0.0,0.0,0,False
HYBRID_TALON,1,patient004,patient004_case01,IBC,IBC_patient011_0083.jpg,1,,off_target_fp,34,0,0.0,0.0,0.0,0.0,0,False
HYBRID_TALON,1,patient004,patient004_case01,IBC,IBC_patient011_0083.jpg,2,,off_target_fp,478,0,0.0,0.0,0.0,0.0,0,False
HYBRID_TALON,1,patient004,patient004_case01,IBC,IBC_patient011_0084.jpg,1,,off_target_fp,15,0,0.0,0.0,0.0,0.0,0,False
HYBRID_TALON,1,patient004,patient004_case01,IBC,IBC_patient011_0084.jpg,2,,off_target_fp,548,0,0.0,0.0,0.0,0.0,0,False
HYBRID_TALON,1,patient004,patient004_case01,IBC,IBC_patient011_0085.jpg,1,,off_target_fp,9,0,0.0,0.0,0.0,0.0,0,False
HYBRID_TALON,1,patient004,patient004_case01,IBC,IBC_patient011_0085.jpg,2,,off_target_fp,616,0,0.0,0.0,0.0,0.0,0,False
HYBRID_TALON,1,patient004,patient004_case01,IBC,IBC_patient011_0086.jpg,1,,off_target_fp,530,0,0.0,0.0,0.0,0.0,0,False
HYBRID_TALON,1,patient004,patient004_case01,IBC,IBC_patient011_0087.jpg,1,,off_target_fp,2,0,0.0,0.0,0.0,0.0,0,False
HYBRID_TALON,1,patient004,patient004_case01,IBC,IBC_patient011_0087.jpg,2,,off_target_fp,434,0,0.0,0.0,0.0,0.0,0,False
HYBRID_TALON,1,patient004,patient004_case01,IBC,IBC_patient011_0088.jpg,1,,off_target_fp,290,0,0.0,0.0,0.0,0.0,0,False
HYBRID_TALON,1,patient004,patient004_case01,IBC,IBC_patient011_0089.jpg,1,,off_target_fp,301,0,0.0,0.0,0.0,0.0,0,False
HYBRID_TALON,1,patient004,patient004_case01,IBC,IBC_patient011_0090.jpg,1,,off_target_fp,306,0,0.0,0.0,0.0,0.0,0,False
HYBRID_TALON,1,patient004,patient004_case01,IBC,IBC_patient011_0091.jpg,1,,off_target_fp,309,0,0.0,0.0,0.0,0.0,0,False
HYBRID_TALON,1,patient004,patient004_case01,IBC,IBC_patient011_0092.jpg,1,,off_target_fp,328,0,0.0,0.0,0.0,0.0,0,False
HYBRID_TALON,1,patient004,patient004_case01,IBC,IBC_patient011_0092.jpg,2,,off_target_fp,6,0,0.0,0.0,0.0,0.0,0,False
HYBRID_TALON,1,patient004,patient004_case01,IBC,IBC_patient011_0092.jpg,3,,off_target_fp,67,0,0.0,0.0,0.0,0.0,0,False
HYBRID_TALON,1,patient004,patient004_case01,IBC,IBC_patient011_0093.jpg,1,,off_target_fp,189,0,0.0,0.0,0.0,0.0,0,False
HYBRID_TALON,1,patient004,patient004_case01,IBC,IBC_patient011_0093.jpg,2,,off_target_fp,128,0,0.0,0.0,0.0,0.0,0,False
HYBRID_TALON,1,patient004,patient004_case01,IBC,IBC_patient011_0094.jpg,1,,off_target_fp,25,0,0.0,0.0,0.0,0.0,0,False
HYBRID_TALON,1,patient004,patient004_case01,IBC,IBC_patient011_0094.jpg,2,,off_target_fp,5,0,0.0,0.0,0.0,0.0,0,False
HYBRID_TALON,1,patient004,patient004_case01,IBC,IBC_patient011_0094.jpg,3,,off_target_fp,129,0,0.0,0.0,0.0,0.0,0,False
HYBRID_TALON,1,patient004,patient004_case01,IBC,IBC_patient011_0094.jpg,4,,off_target_fp,9,0,0.0,0.0,0.0,0.0,0,False
HYBRID_TALON,1,patient004,patient004_case01,IBC,IBC_patient011_0095.jpg,1,,off_target_fp,7,0,0.0,0.0,0.0,0.0,0,False
HYBRID_TALON,1,patient004,patient004_case01,IBC,IBC_patient011_0095.jpg,2,,off_target_fp,58,0,0.0,0.0,0.0,0.0,0,False
HYBRID_TALON,1,patient004,patient004_case01,IBC,IBC_patient011_0095.jpg,3,,off_target_fp,7,0,0.0,0.0,0.0,0.0,0,False
HYBRID_TALON,1,patient005,patient005_case01,IGM,IGM_patient011_0059.jpg,1,,off_target_fp,47,0,0.0,0.0,0.0,0.0,0,False
HYBRID_TALON,1,patient005,patient005_case01,IGM,IGM_patient011_0059.jpg,2,,off_target_fp,48,0,0.0,0.0,0.0,0.0,0,False
HYBRID_TALON,1,patient005,patient005_case01,IGM,IGM_patient011_0059.jpg,3,,off_target_fp,43,0,0.0,0.0,0.0,0.0,0,False
HYBRID_TALON,1,patient005,patient005_case01,IGM,IGM_patient011_0059.jpg,4,,off_target_fp,4,0,0.0,0.0,0.0,0.0,0,False
HYBRID_TALON,1,patient005,patient005_case01,IGM,IGM_patient011_0060.jpg,1,,off_target_fp,62,0,0.0,0.0,0.0,0.0,0,False
HYBRID_TALON,1,patient005,patient005_case01,IGM,IGM_patient011_0060.jpg,2,,off_target_fp,91,0,0.0,0.0,0.0,0.0,0,False
HYBRID_TALON,1,patient005,patient005_case01,IGM,IGM_patient011_0060.jpg,3,,off_target_fp,35,0,0.0,0.0,0.0,0.0,0,False
HYBRID_TALON,1,patient005,patient005_case01,IGM,IGM_patient011_0060.jpg,4,1.0,strong_75_plus,80,75,0.78125,0.9375,0.78125,0.7425742574257426,1,False
HYBRID_TALON,1,patient005,patient005_case01,IGM,IGM_patient011_0061.jpg,1,,off_target_fp,77,0,0.0,0.0,0.0,0.0,0,False
HYBRID_TALON,1,patient005,patient005_case01,IGM,IGM_patient011_0061.jpg,2,,off_target_fp,11,0,0.0,0.0,0.0,0.0,0,False
HYBRID_TALON,1,patient005,patient005_case01,IGM,IGM_patient011_0061.jpg,3,1.0,moderate_50_to_75,80,75,0.5859375,0.9375,0.5859375,0.5639097744360902,1,False
HYBRID_TALON,1,patient005,patient005_case01,IGM,IGM_patient011_0062.jpg,1,,off_target_fp,49,0,0.0,0.0,0.0,0.0,0,False
HYBRID_TALON,1,patient005,patient005_case01,IGM,IGM_patient011_0062.jpg,2,1.0,partial_below_25,5,5,0.046296296296296294,1.0,0.046296296296296294,0.046296296296296294,1,False
HYBRID_TALON,1,patient005,patient005_case01,IGM,IGM_patient011_0062.jpg,3,1.0,partial_below_25,1,1,0.009259259259259259,1.0,0.009259259259259259,0.009259259259259259,1,False
HYBRID_TALON,1,patient005,patient005_case01,IGM,IGM_patient011_0063.jpg,1,,off_target_fp,34,0,0.0,0.0,0.0,0.0,0,False
HYBRID_TALON,1,patient005,patient005_case01,IGM,IGM_patient011_0063.jpg,2,1.0,partial_below_25,2,1,0.011363636363636364,0.5,0.011363636363636364,0.011235955056179775,1,False
HYBRID_TALON,1,patient005,patient005_case01,IGM,IGM_patient011_0064.jpg,1,,off_target_fp,34,0,0.0,0.0,0.0,0.0,0,False
HYBRID_TALON,1,patient005,patient005_case01,IGM,IGM_patient011_0064.jpg,2,1.0,low_25_to_50,36,31,0.33695652173913043,0.8611111111111112,0.33695652173913043,0.31958762886597936,1,False
HYBRID_TALON,1,patient005,patient005_case01,IGM,IGM_patient011_0065.jpg,1,,off_target_fp,4,0,0.0,0.0,0.0,0.0,0,False
HYBRID_TALON,1,patient005,patient005_case01,IGM,IGM_patient011_0065.jpg,2,1.0,strong_75_plus,63,55,0.7638888888888888,0.873015873015873,0.7638888888888888,0.6875,1,False
HYBRID_TALON,1,patient005,patient005_case01,IGM,IGM_patient011_0066.jpg,1,,off_target_fp,11,0,0.0,0.0,0.0,0.0,0,False
HYBRID_TALON,1,patient005,patient005_case01,IGM,IGM_patient011_0066.jpg,2,,off_target_fp,7,0,0.0,0.0,0.0,0.0,0,False
HYBRID_TALON,1,patient005,patient005_case01,IGM,IGM_patient011_0066.jpg,3,,off_target_fp,55,0,0.0,0.0,0.0,0.0,0,False
HYBRID_TALON,1,patient005,patient005_case01,IGM,IGM_patient011_0066.jpg,4,1.0,moderate_50_to_75,18,16,0.5,0.8888888888888888,0.5,0.47058823529411764,1,False
HYBRID_TALON,1,patient015,patient015_case01,IGM,IGM_patient016_0051.jpg,1,1.0,partial_below_25,1,1,0.010416666666666666,1.0,0.010416666666666666,0.010416666666666666,1,False
HYBRID_TALON,1,patient015,patient015_case01,IGM,IGM_patient016_0052.jpg,1,1.0,moderate_50_to_75,155,115,0.8712121212121212,0.7419354838709677,0.7419354838709677,0.6686046511627907,1,False
HYBRID_TALON,1,patient015,patient015_case01,IGM,IGM_patient016_0053.jpg,1,1.0,moderate_50_to_75,184,155,0.7045454545454546,0.842391304347826,0.7045454545454546,0.6224899598393574,1,False
HYBRID_TALON,1,patient015,patient015_case01,IGM,IGM_patient016_0054.jpg,1,1.0,strong_75_plus,235,209,0.9166666666666666,0.8893617021276595,0.8893617021276595,0.8228346456692913,1,False
HYBRID_TALON,1,patient015,patient015_case01,IGM,IGM_patient016_0055.jpg,1,1.0,strong_75_plus,196,152,0.8837209302325582,0.7755102040816326,0.7755102040816326,0.7037037037037037,1,False
HYBRID_TALON,1,patient015,patient015_case01,IGM,IGM_patient016_0056.jpg,1,1.0,strong_75_plus,144,131,0.8397435897435898,0.9097222222222222,0.8397435897435898,0.7751479289940828,1,False
HYBRID_TALON,1,patient015,patient015_case01,IGM,IGM_patient016_0057.jpg,1,1.0,moderate_50_to_75,60,60,0.625,1.0,0.625,0.625,1,False
HYBRID_TALON,1,patient015,patient015_case01,IGM,IGM_patient016_0057.jpg,2,,off_target_fp,19,0,0.0,0.0,0.0,0.0,0,False
HYBRID_TALON,1,patient017,patient017_case01,IGM,IGM_patient017_0055.jpg,1,,off_target_fp,9,0,0.0,0.0,0.0,0.0,0,False
HYBRID_TALON,1,patient017,patient017_case01,IGM,IGM_patient017_0057.jpg,1,,off_target_fp,22,0,0.0,0.0,0.0,0.0,0,False
HYBRID_TALON,1,patient017,patient017_case01,IGM,IGM_patient017_0058.jpg,1,,off_target_fp,13,0,0.0,0.0,0.0,0.0,0,False
HYBRID_TALON,1,patient017,patient017_case01,IGM,IGM_patient017_0063.jpg,1,,off_target_fp,61,0,0.0,0.0,0.0,0.0,0,False
HYBRID_TALON,1,patient017,patient017_case01,IGM,IGM_patient017_0063.jpg,2,,off_target_fp,2,0,0.0,0.0,0.0,0.0,0,False
HYBRID_TALON,1,patient017,patient017_case01,IGM,IGM_patient017_0064.jpg,1,,off_target_fp,37,0,0.0,0.0,0.0,0.0,0,False
HYBRID_TALON,1,patient017,patient017_case01,IGM,IGM_patient017_0065.jpg,1,,off_target_fp,205,0,0.0,0.0,0.0,0.0,0,False
HYBRID_TALON,1,patient017,patient017_case01,IGM,IGM_patient017_0066.jpg,1,,off_target_fp,3,0,0.0,0.0,0.0,0.0,0,False
HYBRID_TALON,1,patient017,patient017_case01,IGM,IGM_patient017_0066.jpg,2,,off_target_fp,22,0,0.0,0.0,0.0,0.0,0,False
HYBRID_TALON,1,patient018,patient018_case01,IBC,IBC_patient018_0057.jpg,1,1.0,strong_75_plus,288,270,0.8132530120481928,0.9375,0.8132530120481928,0.7714285714285715,1,False
HYBRID_TALON,1,patient018,patient018_case01,IBC,IBC_patient018_0058.jpg,1,1.0,strong_75_plus,409,396,0.9,0.9682151589242054,0.9,0.8741721854304636,1,False
HYBRID_TALON,1,patient018,patient018_case01,IBC,IBC_patient018_0059.jpg,1,1.0,strong_75_plus,430,407,0.8925438596491229,0.9465116279069767,0.8925438596491229,0.8496868475991649,1,False
HYBRID_TALON,1,patient018,patient018_case01,IBC,IBC_patient018_0060.jpg,1,1.0,strong_75_plus,424,375,0.9868421052631579,0.8844339622641509,0.8844339622641509,0.8741258741258742,1,False
HYBRID_TALON,1,patient018,patient018_case01,IBC,IBC_patient018_0061.jpg,1,1.0,strong_75_plus,424,376,0.9791666666666666,0.8867924528301887,0.8867924528301887,0.8703703703703703,1,False
HYBRID_TALON,1,patient018,patient018_case01,IBC,IBC_patient018_0062.jpg,1,1.0,strong_75_plus,459,345,0.9583333333333334,0.7516339869281046,0.7516339869281046,0.7278481012658228,1,False
HYBRID_TALON,1,patient018,patient018_case01,IBC,IBC_patient018_0062.jpg,2,,off_target_fp,8,0,0.0,0.0,0.0,0.0,0,False
HYBRID_TALON,1,patient018,patient018_case01,IBC,IBC_patient018_0063.jpg,1,1.0,moderate_50_to_75,438,252,0.9545454545454546,0.5753424657534246,0.5753424657534246,0.56,1,False
HYBRID_TALON,1,patient018,patient018_case01,IBC,IBC_patient018_0063.jpg,2,,off_target_fp,29,0,0.0,0.0,0.0,0.0,0,False
HYBRID_TALON,1,patient018,patient018_case01,IBC,IBC_patient018_0064.jpg,1,1.0,low_25_to_50,442,146,0.9864864864864865,0.33031674208144796,0.33031674208144796,0.32882882882882886,1,False
HYBRID_TALON,1,patient103,patient103_case01,IGM,IGM_patient019_0053.jpg,1,,off_target_fp,314,0,0.0,0.0,0.0,0.0,0,False
HYBRID_TALON,1,patient103,patient103_case01,IGM,IGM_patient019_0053.jpg,2,,off_target_fp,76,0,0.0,0.0,0.0,0.0,0,False
HYBRID_TALON,1,patient103,patient103_case01,IGM,IGM_patient019_0053.jpg,3,1.0,strong_75_plus,111,108,0.7714285714285715,0.972972972972973,0.7714285714285715,0.7552447552447552,1,False
HYBRID_TALON,1,patient103,patient103_case01,IGM,IGM_patient019_0053.jpg,4,,off_target_fp,4,0,0.0,0.0,0.0,0.0,0,False
HYBRID_TALON,1,patient103,patient103_case01,IGM,IGM_patient019_0054.jpg,1,,off_target_fp,290,0,0.0,0.0,0.0,0.0,0,False
HYBRID_TALON,1,patient103,patient103_case01,IGM,IGM_patient019_0054.jpg,2,1.0,strong_75_plus,203,154,0.9390243902439024,0.7586206896551724,0.7586206896551724,0.7230046948356808,1,False
HYBRID_TALON,1,patient103,patient103_case01,IGM,IGM_patient019_0054.jpg,3,,off_target_fp,6,0,0.0,0.0,0.0,0.0,0,False
HYBRID_TALON,1,patient103,patient103_case01,IGM,IGM_patient019_0055.jpg,1,,off_target_fp,232,0,0.0,0.0,0.0,0.0,0,False
HYBRID_TALON,1,patient103,patient103_case01,IGM,IGM_patient019_0055.jpg,2,1.0,strong_75_plus,267,238,0.9444444444444444,0.8913857677902621,0.8913857677902621,0.8469750889679716,1,False
HYBRID_TALON,1,patient103,patient103_case01,IGM,IGM_patient019_0056.jpg,1,,off_target_fp,5,0,0.0,0.0,0.0,0.0,0,False
HYBRID_TALON,1,patient103,patient103_case01,IGM,IGM_patient019_0056.jpg,2,,off_target_fp,1,0,0.0,0.0,0.0,0.0,0,False
HYBRID_TALON,1,patient103,patient103_case01,IGM,IGM_patient019_0056.jpg,3,,off_target_fp,112,0,0.0,0.0,0.0,0.0,0,False
HYBRID_TALON,1,patient103,patient103_case01,IGM,IGM_patient019_0056.jpg,4,,off_target_fp,1,0,0.0,0.0,0.0,0.0,0,False
HYBRID_TALON,1,patient103,patient103_case01,IGM,IGM_patient019_0056.jpg,5,,off_target_fp,2,0,0.0,0.0,0.0,0.0,0,False
HYBRID_TALON,1,patient103,patient103_case01,IGM,IGM_patient019_0056.jpg,6,1.0,strong_75_plus,226,187,0.9540816326530612,0.827433628318584,0.827433628318584,0.7957446808510639,1,False
HYBRID_TALON,1,patient103,patient103_case01,IGM,IGM_patient019_0057.jpg,1,,off_target_fp,63,0,0.0,0.0,0.0,0.0,0,False
HYBRID_TALON,1,patient103,patient103_case01,IGM,IGM_patient019_0057.jpg,2,,off_target_fp,41,0,0.0,0.0,0.0,0.0,0,False
HYBRID_TALON,1,patient103,patient103_case01,IGM,IGM_patient019_0057.jpg,3,,off_target_fp,2,0,0.0,0.0,0.0,0.0,0,False
HYBRID_TALON,1,patient103,patient103_case01,IGM,IGM_patient019_0057.jpg,4,,off_target_fp,8,0,0.0,0.0,0.0,0.0,0,False
HYBRID_TALON,1,patient103,patient103_case01,IGM,IGM_patient019_0057.jpg,5,1.0,strong_75_plus,165,154,0.8369565217391305,0.9333333333333333,0.8369565217391305,0.7897435897435897,1,False
HYBRID_TALON,1,patient039,patient039_case01,IBC,IBC_patient002_0118.jpg,1,1.0,partial_below_25,16,16,0.027777777777777776,1.0,0.027777777777777776,0.027777777777777776,1,False
HYBRID_TALON,1,patient039,patient039_case01,IBC,IBC_patient002_0118.jpg,2,1.0,low_25_to_50,229,208,0.3611111111111111,0.9082969432314411,0.3611111111111111,0.34840871021775544,1,False
HYBRID_TALON,1,patient039,patient039_case01,IBC,IBC_patient002_0119.jpg,1,1.0,strong_75_plus,690,641,0.9157142857142857,0.9289855072463769,0.9157142857142857,0.855807743658211,1,False
HYBRID_TALON,1,patient039,patient039_case01,IBC,IBC_patient002_0120.jpg,1,1.0,strong_75_plus,855,742,0.9228855721393034,0.8678362573099415,0.8678362573099415,0.8091603053435115,1,False
HYBRID_TALON,1,patient039,patient039_case01,IBC,IBC_patient002_0121.jpg,1,1.0,strong_75_plus,989,904,0.9262295081967213,0.9140546006066734,0.9140546006066734,0.8520263901979265,1,False
HYBRID_TALON,1,patient039,patient039_case01,IBC,IBC_patient002_0122.jpg,1,1.0,strong_75_plus,1120,1036,0.9487179487179487,0.925,0.925,0.8809523809523809,1,False
HYBRID_TALON,1,patient039,patient039_case01,IBC,IBC_patient002_0123.jpg,1,1.0,strong_75_plus,1233,1144,0.9407894736842105,0.9278183292781833,0.9278183292781833,0.8766283524904215,1,False
HYBRID_TALON,1,patient039,patient039_case01,IBC,IBC_patient002_0124.jpg,1,1.0,strong_75_plus,1306,1221,0.9509345794392523,0.9349157733537519,0.9349157733537519,0.8918918918918919,1,False
HYBRID_TALON,1,patient039,patient039_case01,IBC,IBC_patient002_0125.jpg,1,1.0,strong_75_plus,1325,1238,0.9493865030674846,0.9343396226415094,0.9343396226415094,0.8900071890726097,1,False
HYBRID_TALON,1,patient039,patient039_case01,IBC,IBC_patient002_0125.jpg,2,1.0,partial_below_25,3,3,0.0023006134969325155,1.0,0.0023006134969325155,0.0023006134969325155,1,False
HYBRID_TALON,1,patient039,patient039_case01,IBC,IBC_patient002_0126.jpg,1,1.0,strong_75_plus,1294,1198,0.9021084337349398,0.9258114374034003,0.9021084337349398,0.8412921348314607,1,False
HYBRID_TALON,1,patient039,patient039_case01,IBC,IBC_patient002_0127.jpg,1,1.0,strong_75_plus,1346,1303,0.9280626780626781,0.9680534918276374,0.9280626780626781,0.9004837595024188,1,False
HYBRID_TALON,1,patient039,patient039_case01,IBC,IBC_patient002_0128.jpg,1,1.0,strong_75_plus,1374,1316,0.9619883040935673,0.9577874818049491,0.9577874818049491,0.9228611500701263,1,False
HYBRID_TALON,1,patient039,patient039_case01,IBC,IBC_patient002_0129.jpg,1,1.0,strong_75_plus,1367,1284,0.9469026548672567,0.9392831016825165,0.9392831016825165,0.8922863099374566,1,False
HYBRID_TALON,1,patient039,patient039_case01,IBC,IBC_patient002_0130.jpg,1,1.0,strong_75_plus,1323,1260,0.9545454545454546,0.9523809523809523,0.9523809523809523,0.911062906724512,1,False
HYBRID_TALON,1,patient039,patient039_case01,IBC,IBC_patient002_0131.jpg,1,1.0,strong_75_plus,1245,1196,0.9614147909967846,0.9606425702811245,0.9606425702811245,0.9249806651198763,1,False
HYBRID_TALON,1,patient039,patient039_case01,IBC,IBC_patient002_0132.jpg,1,1.0,strong_75_plus,1135,1088,0.8859934853420195,0.958590308370044,0.8859934853420195,0.8533333333333334,1,False
HYBRID_TALON,1,patient039,patient039_case01,IBC,IBC_patient002_0133.jpg,1,1.0,strong_75_plus,1062,1044,0.8338658146964856,0.9830508474576272,0.8338658146964856,0.8220472440944881,1,False
HYBRID_TALON,1,patient039,patient039_case01,IBC,IBC_patient002_0134.jpg,1,1.0,strong_75_plus,1016,1013,0.8065286624203821,0.9970472440944882,0.8065286624203821,0.8046068308181096,1,False
HYBRID_TALON,1,patient039,patient039_case01,IBC,IBC_patient002_0135.jpg,1,1.0,strong_75_plus,966,956,0.7966666666666666,0.989648033126294,0.7966666666666666,0.7900826446280992,1,False
HYBRID_TALON,1,patient039,patient039_case01,IBC,IBC_patient002_0136.jpg,1,1.0,strong_75_plus,884,829,0.8707983193277311,0.9377828054298643,0.8707983193277311,0.8232373386295928,1,False
HYBRID_TALON,1,patient039,patient039_case01,IBC,IBC_patient002_0137.jpg,1,1.0,moderate_50_to_75,687,655,0.7213656387665198,0.9534206695778749,0.7213656387665198,0.6968085106382979,1,False
HYBRID_TALON,1,patient039,patient039_case01,IBC,IBC_patient002_0138.jpg,1,1.0,low_25_to_50,455,423,0.4895833333333333,0.9296703296703297,0.4895833333333333,0.4720982142857143,1,False
HYBRID_TALON,1,patient039,patient039_case01,IBC,IBC_patient002_0138.jpg,2,1.0,partial_below_25,29,29,0.03356481481481482,1.0,0.03356481481481482,0.03356481481481482,1,False
HYBRID_TALON,1,patient039,patient039_case01,IBC,IBC_patient002_0138.jpg,3,1.0,partial_below_25,7,7,0.008101851851851851,1.0,0.008101851851851851,0.008101851851851851,1,False
HYBRID_TALON,1,patient039,patient039_case01,IBC,IBC_patient002_0139.jpg,1,1.0,low_25_to_50,355,354,0.4097222222222222,0.9971830985915493,0.4097222222222222,0.4092485549132948,1,False
HYBRID_TALON,1,patient039,patient039_case01,IBC,IBC_patient002_0140.jpg,1,1.0,partial_below_25,4,4,0.005681818181818182,1.0,0.005681818181818182,0.005681818181818182,1,False
HYBRID_TALON,1,patient039,patient039_case01,IBC,IBC_patient002_0140.jpg,2,1.0,low_25_to_50,321,303,0.4303977272727273,0.9439252336448598,0.4303977272727273,0.4196675900277008,1,False
HYBRID_TALON,1,patient039,patient039_case01,IBC,IBC_patient002_0141.jpg,1,1.0,low_25_to_50,260,254,0.4703703703703704,0.9769230769230769,0.4703703703703704,0.4652014652014652,1,False
HYBRID_TALON,1,patient039,patient039_case01,IBC,IBC_patient002_0142.jpg,1,,off_target_fp,21,0,0.0,0.0,0.0,0.0,0,False
HYBRID_TALON,1,patient039,patient039_case01,IBC,IBC_patient002_0142.jpg,2,1.0,partial_below_25,21,21,0.0860655737704918,1.0,0.0860655737704918,0.0860655737704918,1,False
HYBRID_TALON,1,patient103,patient103_case02,IGM,IGM_patient020_0051.jpg,1,,off_target_fp,4,0,0.0,0.0,0.0,0.0,0,False
HYBRID_TALON,1,patient103,patient103_case02,IGM,IGM_patient020_0051.jpg,2,,off_target_fp,3,0,0.0,0.0,0.0,0.0,0,False
HYBRID_TALON,1,patient103,patient103_case02,IGM,IGM_patient020_0051.jpg,3,1.0,strong_75_plus,147,137,0.85625,0.9319727891156463,0.85625,0.8058823529411765,1,False
HYBRID_TALON,1,patient103,patient103_case02,IGM,IGM_patient020_0051.jpg,4,,off_target_fp,127,0,0.0,0.0,0.0,0.0,0,False
HYBRID_TALON,1,patient103,patient103_case02,IGM,IGM_patient020_0052.jpg,1,1.0,strong_75_plus,268,243,0.9204545454545454,0.9067164179104478,0.9067164179104478,0.8408304498269896,1,False
HYBRID_TALON,1,patient103,patient103_case02,IGM,IGM_patient020_0052.jpg,2,,off_target_fp,116,0,0.0,0.0,0.0,0.0,0,False
HYBRID_TALON,1,patient103,patient103_case02,IGM,IGM_patient020_0053.jpg,1,1.0,strong_75_plus,314,291,0.9448051948051948,0.9267515923566879,0.9267515923566879,0.879154078549849,1,False
HYBRID_TALON,1,patient103,patient103_case02,IGM,IGM_patient020_0053.jpg,2,,off_target_fp,76,0,0.0,0.0,0.0,0.0,0,False
HYBRID_TALON,1,patient103,patient103_case02,IGM,IGM_patient020_0053.jpg,3,,off_target_fp,111,0,0.0,0.0,0.0,0.0,0,False
HYBRID_TALON,1,patient103,patient103_case02,IGM,IGM_patient020_0053.jpg,4,,off_target_fp,4,0,0.0,0.0,0.0,0.0,0,False
HYBRID_TALON,1,patient103,patient103_case02,IGM,IGM_patient020_0054.jpg,1,1.0,strong_75_plus,290,258,0.9485294117647058,0.8896551724137931,0.8896551724137931,0.8486842105263158,1,False
HYBRID_TALON,1,patient103,patient103_case02,IGM,IGM_patient020_0054.jpg,2,,off_target_fp,203,0,0.0,0.0,0.0,0.0,0,False
HYBRID_TALON,1,patient103,patient103_case02,IGM,IGM_patient020_0054.jpg,3,,off_target_fp,6,0,0.0,0.0,0.0,0.0,0,False
HYBRID_TALON,1,patient103,patient103_case02,IGM,IGM_patient020_0055.jpg,1,1.0,strong_75_plus,232,209,0.9330357142857143,0.9008620689655172,0.9008620689655172,0.8461538461538461,1,False
HYBRID_TALON,1,patient103,patient103_case02,IGM,IGM_patient020_0055.jpg,2,,off_target_fp,267,0,0.0,0.0,0.0,0.0,0,False
HYBRID_TALON,1,patient103,patient103_case02,IGM,IGM_patient020_0056.jpg,1,,off_target_fp,5,0,0.0,0.0,0.0,0.0,0,False
HYBRID_TALON,1,patient103,patient103_case02,IGM,IGM_patient020_0056.jpg,2,,off_target_fp,1,0,0.0,0.0,0.0,0.0,0,False
HYBRID_TALON,1,patient103,patient103_case02,IGM,IGM_patient020_0056.jpg,3,1.0,strong_75_plus,112,98,0.9074074074074074,0.875,0.875,0.8032786885245902,1,False
HYBRID_TALON,1,patient103,patient103_case02,IGM,IGM_patient020_0056.jpg,4,,off_target_fp,1,0,0.0,0.0,0.0,0.0,0,False
HYBRID_TALON,1,patient103,patient103_case02,IGM,IGM_patient020_0056.jpg,5,,off_target_fp,2,0,0.0,0.0,0.0,0.0,0,False
HYBRID_TALON,1,patient103,patient103_case02,IGM,IGM_patient020_0056.jpg,6,,off_target_fp,226,0,0.0,0.0,0.0,0.0,0,False
HYBRID_TALON,1,patient026,patient026_case01,IGM,IGM_patient022_0054.jpg,1,1.0,strong_75_plus,91,90,0.8333333333333334,0.989010989010989,0.8333333333333334,0.8256880733944955,1,False
HYBRID_TALON,1,patient026,patient026_case01,IGM,IGM_patient022_0054.jpg,2,,off_target_fp,6,0,0.0,0.0,0.0,0.0,0,False
HYBRID_TALON,1,patient026,patient026_case01,IGM,IGM_patient022_0055.jpg,1,,off_target_fp,1,0,0.0,0.0,0.0,0.0,0,False
HYBRID_TALON,1,patient026,patient026_case01,IGM,IGM_patient022_0055.jpg,2,1.0,strong_75_plus,178,168,0.9130434782608695,0.9438202247191011,0.9130434782608695,0.865979381443299,1,False
HYBRID_TALON,1,patient026,patient026_case01,IGM,IGM_patient022_0055.jpg,3,,off_target_fp,66,0,0.0,0.0,0.0,0.0,0,False
HYBRID_TALON,1,patient026,patient026_case01,IGM,IGM_patient022_0056.jpg,1,1.0,strong_75_plus,194,176,0.88,0.9072164948453608,0.88,0.8073394495412844,1,False
HYBRID_TALON,1,patient026,patient026_case01,IGM,IGM_patient022_0056.jpg,2,,off_target_fp,110,0,0.0,0.0,0.0,0.0,0,False
HYBRID_TALON,1,patient026,patient026_case01,IGM,IGM_patient022_0056.jpg,3,,off_target_fp,38,0,0.0,0.0,0.0,0.0,0,False
HYBRID_TALON,1,patient026,patient026_case01,IGM,IGM_patient022_0057.jpg,1,1.0,strong_75_plus,159,151,0.8388888888888889,0.949685534591195,0.8388888888888889,0.8031914893617021,1,False
HYBRID_TALON,1,patient026,patient026_case01,IGM,IGM_patient022_0057.jpg,2,,off_target_fp,131,0,0.0,0.0,0.0,0.0,0,False
HYBRID_TALON,1,patient026,patient026_case01,IGM,IGM_patient022_0057.jpg,3,,off_target_fp,6,0,0.0,0.0,0.0,0.0,0,False
HYBRID_TALON,1,patient026,patient026_case01,IGM,IGM_patient022_0057.jpg,4,,off_target_fp,89,0,0.0,0.0,0.0,0.0,0,False
HYBRID_TALON,1,patient026,patient026_case01,IGM,IGM_patient022_0058.jpg,1,1.0,moderate_50_to_75,73,69,0.6634615384615384,0.9452054794520548,0.6634615384615384,0.6388888888888888,1,False
HYBRID_TALON,1,patient026,patient026_case01,IGM,IGM_patient022_0058.jpg,2,,off_target_fp,3,0,0.0,0.0,0.0,0.0,0,False
HYBRID_TALON,1,patient026,patient026_case01,IGM,IGM_patient022_0058.jpg,3,,off_target_fp,91,0,0.0,0.0,0.0,0.0,0,False
HYBRID_TALON,1,patient026,patient026_case01,IGM,IGM_patient022_0058.jpg,4,,off_target_fp,8,0,0.0,0.0,0.0,0.0,0,False
HYBRID_TALON,1,patient026,patient026_case01,IGM,IGM_patient022_0058.jpg,5,,off_target_fp,125,0,0.0,0.0,0.0,0.0,0,False
HYBRID_TALON,1,patient026,patient026_case01,IGM,IGM_patient022_0059.jpg,1,,off_target_fp,45,0,0.0,0.0,0.0,0.0,0,False
HYBRID_TALON,1,patient026,patient026_case01,IGM,IGM_patient022_0059.jpg,2,,off_target_fp,18,0,0.0,0.0,0.0,0.0,0,False
HYBRID_TALON,1,patient026,patient026_case01,IGM,IGM_patient022_0059.jpg,3,,off_target_fp,128,0,0.0,0.0,0.0,0.0,0,False
HYBRID_TALON,1,patient030,patient030_case01,IBC,IBC_patient025_0056.jpg,1,1.0,strong_75_plus,346,282,0.94,0.815028901734104,0.815028901734104,0.7747252747252747,1,False
HYBRID_TALON,1,patient030,patient030_case01,IBC,IBC_patient025_0057.jpg,1,1.0,strong_75_plus,1094,1031,0.9305054151624549,0.9424131627056673,0.9305054151624549,0.8804440649017934,1,False
HYBRID_TALON,1,patient030,patient030_case01,IBC,IBC_patient025_0058.jpg,1,1.0,strong_75_plus,1357,1277,0.9389705882352941,0.9410464259395726,0.9389705882352941,0.8868055555555555,1,False
HYBRID_TALON,1,patient030,patient030_case01,IBC,IBC_patient025_0058.jpg,2,,off_target_fp,22,0,0.0,0.0,0.0,0.0,0,False
HYBRID_TALON,1,patient030,patient030_case01,IBC,IBC_patient025_0059.jpg,1,1.0,strong_75_plus,1562,1529,0.9323170731707318,0.9788732394366197,0.9323170731707318,0.9139270771069934,1,False
HYBRID_TALON,1,patient030,patient030_case01,IBC,IBC_patient025_0060.jpg,1,1.0,strong_75_plus,1681,1632,0.9379310344827586,0.9708506841165973,0.9379310344827586,0.9122414756847401,1,False
HYBRID_TALON,1,patient030,patient030_case01,IBC,IBC_patient025_0061.jpg,1,1.0,strong_75_plus,1646,1568,0.9560975609756097,0.9526123936816525,0.9526123936816525,0.9126891734575088,1,False
HYBRID_TALON,1,patient030,patient030_case01,IBC,IBC_patient025_0061.jpg,2,,off_target_fp,2,0,0.0,0.0,0.0,0.0,0,False
HYBRID_TALON,1,patient030,patient030_case01,IBC,IBC_patient025_0061.jpg,3,,off_target_fp,9,0,0.0,0.0,0.0,0.0,0,False
HYBRID_TALON,1,patient030,patient030_case01,IBC,IBC_patient025_0061.jpg,4,,off_target_fp,4,0,0.0,0.0,0.0,0.0,0,False
HYBRID_TALON,1,patient030,patient030_case01,IBC,IBC_patient025_0062.jpg,1,1.0,strong_75_plus,1509,1473,0.9540155440414507,0.9761431411530815,0.9540155440414507,0.9322784810126582,1,False
HYBRID_TALON,1,patient030,patient030_case01,IBC,IBC_patient025_0062.jpg,2,,off_target_fp,4,0,0.0,0.0,0.0,0.0,0,False
HYBRID_TALON,1,patient030,patient030_case01,IBC,IBC_patient025_0062.jpg,3,,off_target_fp,6,0,0.0,0.0,0.0,0.0,0,False
HYBRID_TALON,1,patient030,patient030_case01,IBC,IBC_patient025_0062.jpg,4,,off_target_fp,1,0,0.0,0.0,0.0,0.0,0,False
HYBRID_TALON,1,patient030,patient030_case01,IBC,IBC_patient025_0063.jpg,1,1.0,strong_75_plus,1324,1278,0.9537313432835821,0.9652567975830816,0.9537313432835821,0.922077922077922,1,False
HYBRID_TALON,1,patient030,patient030_case01,IBC,IBC_patient025_0063.jpg,2,,off_target_fp,13,0,0.0,0.0,0.0,0.0,0,False
HYBRID_TALON,1,patient030,patient030_case01,IBC,IBC_patient025_0063.jpg,3,,off_target_fp,3,0,0.0,0.0,0.0,0.0,0,False
HYBRID_TALON,1,patient030,patient030_case01,IBC,IBC_patient025_0064.jpg,1,1.0,strong_75_plus,990,977,0.884963768115942,0.9868686868686869,0.884963768115942,0.8746642793196061,1,False
HYBRID_TALON,1,patient030,patient030_case01,IBC,IBC_patient025_0064.jpg,2,,off_target_fp,2,0,0.0,0.0,0.0,0.0,0,False
HYBRID_TALON,1,patient030,patient030_case01,IBC,IBC_patient025_0064.jpg,3,,off_target_fp,10,0,0.0,0.0,0.0,0.0,0,False
HYBRID_TALON,1,patient030,patient030_case01,IBC,IBC_patient025_0064.jpg,4,,off_target_fp,8,0,0.0,0.0,0.0,0.0,0,False
HYBRID_TALON,1,patient030,patient030_case01,IBC,IBC_patient025_0065.jpg,1,1.0,strong_75_plus,729,706,0.9540540540540541,0.9684499314128944,0.9540540540540541,0.9252948885976409,1,False
HYBRID_TALON,1,patient030,patient030_case01,IBC,IBC_patient025_0066.jpg,1,1.0,strong_75_plus,692,682,0.9166666666666666,0.9855491329479769,0.9166666666666666,0.9045092838196287,1,False
HYBRID_TALON,1,patient030,patient030_case01,IBC,IBC_patient025_0066.jpg,2,,off_target_fp,10,0,0.0,0.0,0.0,0.0,0,False
HYBRID_TALON,1,patient030,patient030_case01,IBC,IBC_patient025_0066.jpg,3,,off_target_fp,6,0,0.0,0.0,0.0,0.0,0,False
HYBRID_TALON,1,patient030,patient030_case01,IBC,IBC_patient025_0067.jpg,1,1.0,strong_75_plus,612,569,0.9358552631578947,0.9297385620915033,0.9297385620915033,0.8740399385560675,1,False
HYBRID_TALON,1,patient030,patient030_case01,IBC,IBC_patient025_0067.jpg,2,,off_target_fp,4,0,0.0,0.0,0.0,0.0,0,False
HYBRID_TALON,1,patient030,patient030_case01,IBC,IBC_patient025_0067.jpg,3,,off_target_fp,22,0,0.0,0.0,0.0,0.0,0,False
HYBRID_TALON,1,patient030,patient030_case01,IBC,IBC_patient025_0068.jpg,1,,off_target_fp,1,0,0.0,0.0,0.0,0.0,0,False
HYBRID_TALON,1,patient030,patient030_case01,IBC,IBC_patient025_0068.jpg,2,1.0,strong_75_plus,466,446,0.8991935483870968,0.9570815450643777,0.8991935483870968,0.8643410852713178,1,False
HYBRID_TALON,1,patient030,patient030_case01,IBC,IBC_patient025_0068.jpg,3,,off_target_fp,10,0,0.0,0.0,0.0,0.0,0,False
HYBRID_TALON,1,patient030,patient030_case01,IBC,IBC_patient025_0069.jpg,1,,off_target_fp,3,0,0.0,0.0,0.0,0.0,0,False
HYBRID_TALON,1,patient030,patient030_case01,IBC,IBC_patient025_0069.jpg,2,,off_target_fp,50,0,0.0,0.0,0.0,0.0,0,False
HYBRID_TALON,1,patient030,patient030_case01,IBC,IBC_patient025_0069.jpg,3,1.0,moderate_50_to_75,114,111,0.676829268292683,0.9736842105263158,0.676829268292683,0.6646706586826348,1,False
HYBRID_TALON,1,patient033,patient033_case01,IBC,IBC_patient027_0056.jpg,1,1.0,partial_below_25,10,10,0.16666666666666666,1.0,0.16666666666666666,0.16666666666666666,1,False
HYBRID_TALON,1,patient033,patient033_case01,IBC,IBC_patient027_0057.jpg,1,1.0,strong_75_plus,218,174,0.9666666666666667,0.7981651376146789,0.7981651376146789,0.7767857142857143,1,False
HYBRID_TALON,1,patient033,patient033_case01,IBC,IBC_patient027_0058.jpg,1,,off_target_fp,6,0,0.0,0.0,0.0,0.0,0,False
HYBRID_TALON,1,patient033,patient033_case01,IBC,IBC_patient027_0058.jpg,2,,off_target_fp,3,0,0.0,0.0,0.0,0.0,0,False
HYBRID_TALON,1,patient033,patient033_case01,IBC,IBC_patient027_0058.jpg,3,1.0,strong_75_plus,267,245,0.9722222222222222,0.9176029962546817,0.9176029962546817,0.8941605839416058,1,False
HYBRID_TALON,1,patient033,patient033_case01,IBC,IBC_patient027_0058.jpg,4,,off_target_fp,11,0,0.0,0.0,0.0,0.0,0,False
HYBRID_TALON,1,patient033,patient033_case01,IBC,IBC_patient027_0059.jpg,1,,off_target_fp,3,0,0.0,0.0,0.0,0.0,0,False
HYBRID_TALON,1,patient033,patient033_case01,IBC,IBC_patient027_0059.jpg,2,,off_target_fp,7,0,0.0,0.0,0.0,0.0,0,False
HYBRID_TALON,1,patient033,patient033_case01,IBC,IBC_patient027_0059.jpg,3,,off_target_fp,17,0,0.0,0.0,0.0,0.0,0,False
HYBRID_TALON,1,patient033,patient033_case01,IBC,IBC_patient027_0059.jpg,4,1.0,strong_75_plus,336,307,0.959375,0.9136904761904762,0.9136904761904762,0.8796561604584527,1,False
HYBRID_TALON,1,patient033,patient033_case01,IBC,IBC_patient027_0059.jpg,5,,off_target_fp,22,0,0.0,0.0,0.0,0.0,0,False
HYBRID_TALON,1,patient033,patient033_case01,IBC,IBC_patient027_0060.jpg,1,,off_target_fp,14,0,0.0,0.0,0.0,0.0,0,False
HYBRID_TALON,1,patient033,patient033_case01,IBC,IBC_patient027_0060.jpg,2,1.0,strong_75_plus,384,316,0.9753086419753086,0.8229166666666666,0.8229166666666666,0.8061224489795918,1,False
HYBRID_TALON,1,patient033,patient033_case01,IBC,IBC_patient027_0060.jpg,3,,off_target_fp,30,0,0.0,0.0,0.0,0.0,0,False
HYBRID_TALON,1,patient033,patient033_case01,IBC,IBC_patient027_0061.jpg,1,,off_target_fp,6,0,0.0,0.0,0.0,0.0,0,False
HYBRID_TALON,1,patient033,patient033_case01,IBC,IBC_patient027_0061.jpg,2,,off_target_fp,22,0,0.0,0.0,0.0,0.0,0,False
HYBRID_TALON,1,patient033,patient033_case01,IBC,IBC_patient027_0061.jpg,3,1.0,strong_75_plus,339,285,0.95,0.8407079646017699,0.8407079646017699,0.8050847457627118,1,False
HYBRID_TALON,1,patient033,patient033_case01,IBC,IBC_patient027_0061.jpg,4,,off_target_fp,38,0,0.0,0.0,0.0,0.0,0,False
HYBRID_TALON,1,patient033,patient033_case01,IBC,IBC_patient027_0062.jpg,1,,off_target_fp,156,0,0.0,0.0,0.0,0.0,0,False
HYBRID_TALON,1,patient033,patient033_case01,IBC,IBC_patient027_0062.jpg,2,1.0,moderate_50_to_75,258,140,0.9722222222222222,0.5426356589147286,0.5426356589147286,0.5343511450381679,1,False
HYBRID_TALON,1,patient033,patient033_case01,IBC,IBC_patient027_0063.jpg,1,,off_target_fp,23,0,0.0,0.0,0.0,0.0,0,False
HYBRID_TALON,1,patient033,patient033_case01,IBC,IBC_patient027_0063.jpg,2,1.0,low_25_to_50,179,63,0.984375,0.35195530726256985,0.35195530726256985,0.35,1,False
HYBRID_TALON,1,patient036,patient036_case01,IGM,IGM_patient029_0052.jpg,1,,off_target_fp,45,0,0.0,0.0,0.0,0.0,0,False
HYBRID_TALON,1,patient036,patient036_case01,IGM,IGM_patient029_0053.jpg,1,1.0,partial_below_25,1,1,0.007575757575757576,1.0,0.007575757575757576,0.007575757575757576,1,False
HYBRID_TALON,1,patient036,patient036_case01,IGM,IGM_patient029_0053.jpg,2,,off_target_fp,1,0,0.0,0.0,0.0,0.0,0,False
HYBRID_TALON,1,patient036,patient036_case01,IGM,IGM_patient029_0053.jpg,3,,off_target_fp,3,0,0.0,0.0,0.0,0.0,0,False
HYBRID_TALON,1,patient036,patient036_case01,IGM,IGM_patient029_0054.jpg,1,1.0,moderate_50_to_75,113,101,0.7426470588235294,0.8938053097345132,0.7426470588235294,0.6824324324324325,1,False
HYBRID_TALON,1,patient036,patient036_case01,IGM,IGM_patient029_0054.jpg,2,,off_target_fp,5,0,0.0,0.0,0.0,0.0,0,False
HYBRID_TALON,1,patient036,patient036_case01,IGM,IGM_patient029_0055.jpg,1,1.0,strong_75_plus,115,107,0.8359375,0.9304347826086956,0.8359375,0.7867647058823529,1,False
HYBRID_TALON,1,patient036,patient036_case01,IGM,IGM_patient029_0056.jpg,1,1.0,partial_below_25,1,1,0.011904761904761904,1.0,0.011904761904761904,0.011904761904761904,1,False
HYBRID_TALON,1,patient058,patient058_case01,IBC,IBC_patient003_0151.jpg,1,1.0,moderate_50_to_75,379,293,0.6659090909090909,0.7730870712401056,0.6659090909090909,0.5570342205323194,1,False
HYBRID_TALON,1,patient058,patient058_case01,IBC,IBC_patient003_0152.jpg,1,1.0,low_25_to_50,364,350,0.46296296296296297,0.9615384615384616,0.46296296296296297,0.45454545454545453,1,False
HYBRID_TALON,1,patient058,patient058_case01,IBC,IBC_patient003_0152.jpg,2,,off_target_fp,99,0,0.0,0.0,0.0,0.0,0,False
HYBRID_TALON,1,patient058,patient058_case01,IBC,IBC_patient003_0153.jpg,1,1.0,low_25_to_50,504,481,0.3611111111111111,0.9543650793650794,0.3611111111111111,0.3549815498154982,1,False
HYBRID_TALON,1,patient058,patient058_case01,IBC,IBC_patient003_0153.jpg,2,,off_target_fp,138,0,0.0,0.0,0.0,0.0,0,False
HYBRID_TALON,1,patient058,patient058_case01,IBC,IBC_patient003_0154.jpg,1,1.0,low_25_to_50,657,606,0.41735537190082644,0.9223744292237442,0.41735537190082644,0.4031936127744511,1,False
HYBRID_TALON,1,patient058,patient058_case01,IBC,IBC_patient003_0154.jpg,2,,off_target_fp,146,0,0.0,0.0,0.0,0.0,0,False
HYBRID_TALON,1,patient058,patient058_case01,IBC,IBC_patient003_0155.jpg,1,1.0,moderate_50_to_75,900,857,0.517512077294686,0.9522222222222222,0.517512077294686,0.5044143613890524,1,False
HYBRID_TALON,1,patient058,patient058_case01,IBC,IBC_patient003_0155.jpg,2,,off_target_fp,58,0,0.0,0.0,0.0,0.0,0,False
HYBRID_TALON,1,patient058,patient058_case01,IBC,IBC_patient003_0155.jpg,3,,off_target_fp,11,0,0.0,0.0,0.0,0.0,0,False
HYBRID_TALON,1,patient058,patient058_case01,IBC,IBC_patient003_0156.jpg,1,1.0,moderate_50_to_75,1152,1086,0.6557971014492754,0.9427083333333334,0.6557971014492754,0.6306620209059234,1,False
HYBRID_TALON,1,patient058,patient058_case01,IBC,IBC_patient003_0156.jpg,2,,off_target_fp,64,0,0.0,0.0,0.0,0.0,0,False
HYBRID_TALON,1,patient058,patient058_case01,IBC,IBC_patient003_0156.jpg,3,,off_target_fp,20,0,0.0,0.0,0.0,0.0,0,False
HYBRID_TALON,1,patient058,patient058_case01,IBC,IBC_patient003_0157.jpg,1,1.0,moderate_50_to_75,1421,1270,0.7298850574712644,0.8937368050668544,0.7298850574712644,0.671602326811211,1,False
HYBRID_TALON,1,patient058,patient058_case01,IBC,IBC_patient003_0157.jpg,2,,off_target_fp,1,0,0.0,0.0,0.0,0.0,0,False
HYBRID_TALON,1,patient058,patient058_case01,IBC,IBC_patient003_0157.jpg,3,,off_target_fp,28,0,0.0,0.0,0.0,0.0,0,False
HYBRID_TALON,1,patient058,patient058_case01,IBC,IBC_patient003_0157.jpg,4,,off_target_fp,12,0,0.0,0.0,0.0,0.0,0,False
HYBRID_TALON,1,patient058,patient058_case01,IBC,IBC_patient003_0157.jpg,5,,off_target_fp,20,0,0.0,0.0,0.0,0.0,0,False
HYBRID_TALON,1,patient058,patient058_case01,IBC,IBC_patient003_0158.jpg,1,1.0,moderate_50_to_75,1476,1323,0.7221615720524017,0.8963414634146342,0.7221615720524017,0.6664987405541561,1,False
HYBRID_TALON,1,patient058,patient058_case01,IBC,IBC_patient003_0158.jpg,2,,off_target_fp,19,0,0.0,0.0,0.0,0.0,0,False
HYBRID_TALON,1,patient058,patient058_case01,IBC,IBC_patient003_0159.jpg,1,1.0,moderate_50_to_75,1503,1381,0.7207724425887265,0.9188290086493679,0.7207724425887265,0.6776251226692837,1,False
HYBRID_TALON,1,patient058,patient058_case01,IBC,IBC_patient003_0159.jpg,2,,off_target_fp,3,0,0.0,0.0,0.0,0.0,0,False
HYBRID_TALON,1,patient058,patient058_case01,IBC,IBC_patient003_0159.jpg,3,,off_target_fp,84,0,0.0,0.0,0.0,0.0,0,False
HYBRID_TALON,1,patient058,patient058_case01,IBC,IBC_patient003_0160.jpg,1,1.0,moderate_50_to_75,1385,1232,0.6099009900990099,0.8895306859205776,0.6099009900990099,0.5669581224114127,1,False
HYBRID_TALON,1,patient058,patient058_case01,IBC,IBC_patient003_0160.jpg,2,,off_target_fp,91,0,0.0,0.0,0.0,0.0,0,False
HYBRID_TALON,1,patient058,patient058_case01,IBC,IBC_patient003_0160.jpg,3,,off_target_fp,5,0,0.0,0.0,0.0,0.0,0,False
HYBRID_TALON,1,patient058,patient058_case01,IBC,IBC_patient003_0161.jpg,1,1.0,moderate_50_to_75,1205,1068,0.5276679841897233,0.8863070539419087,0.5276679841897233,0.4942156409069875,1,False
HYBRID_TALON,1,patient058,patient058_case01,IBC,IBC_patient003_0161.jpg,2,,off_target_fp,160,0,0.0,0.0,0.0,0.0,0,False
HYBRID_TALON,1,patient058,patient058_case01,IBC,IBC_patient003_0162.jpg,1,1.0,low_25_to_50,894,851,0.41552734375,0.9519015659955258,0.41552734375,0.4069823051171688,1,False
HYBRID_TALON,1,patient058,patient058_case01,IBC,IBC_patient003_0162.jpg,2,,off_target_fp,199,0,0.0,0.0,0.0,0.0,0,False
HYBRID_TALON,1,patient058,patient058_case01,IBC,IBC_patient003_0163.jpg,1,1.0,low_25_to_50,786,725,0.3413370998116761,0.9223918575063613,0.3413370998116761,0.3318077803203661,1,False
HYBRID_TALON,1,patient058,patient058_case01,IBC,IBC_patient003_0163.jpg,2,,off_target_fp,202,0,0.0,0.0,0.0,0.0,0,False
HYBRID_TALON,1,patient058,patient058_case01,IBC,IBC_patient003_0164.jpg,1,1.0,low_25_to_50,643,625,0.28617216117216115,0.9720062208398134,0.28617216117216115,0.28383287920072664,1,False
HYBRID_TALON,1,patient058,patient058_case01,IBC,IBC_patient003_0164.jpg,2,,off_target_fp,189,0,0.0,0.0,0.0,0.0,0,False
HYBRID_TALON,1,patient058,patient058_case01,IBC,IBC_patient003_0165.jpg,1,1.0,partial_below_25,1,1,0.0004570383912248629,1.0,0.0004570383912248629,0.0004570383912248629,1,False
HYBRID_TALON,1,patient058,patient058_case01,IBC,IBC_patient003_0165.jpg,2,1.0,partial_below_25,1,1,0.0004570383912248629,1.0,0.0004570383912248629,0.0004570383912248629,1,False
HYBRID_TALON,1,patient058,patient058_case01,IBC,IBC_patient003_0165.jpg,3,,off_target_fp,151,0,0.0,0.0,0.0,0.0,0,False
HYBRID_TALON,1,patient058,patient058_case01,IBC,IBC_patient003_0166.jpg,1,,off_target_fp,46,0,0.0,0.0,0.0,0.0,0,False
HYBRID_TALON,1,patient041,patient041_case01,IGM,IGM_patient031_0054.jpg,1,1.0,low_25_to_50,75,74,0.39361702127659576,0.9866666666666667,0.39361702127659576,0.3915343915343915,1,False
HYBRID_TALON,1,patient041,patient041_case01,IGM,IGM_patient031_0055.jpg,1,1.0,partial_below_25,18,18,0.06164383561643835,1.0,0.06164383561643835,0.06164383561643835,1,False
HYBRID_TALON,1,patient041,patient041_case01,IGM,IGM_patient031_0055.jpg,2,,off_target_fp,9,0,0.0,0.0,0.0,0.0,0,False
HYBRID_TALON,1,patient041,patient041_case01,IGM,IGM_patient031_0058.jpg,1,,off_target_fp,12,0,0.0,0.0,0.0,0.0,0,False
HYBRID_TALON,1,patient047,patient047_case01,IBC,IBC_patient035_0130.jpg,1,,off_target_fp,8,0,0.0,0.0,0.0,0.0,0,False
HYBRID_TALON,1,patient047,patient047_case01,IBC,IBC_patient035_0130.jpg,2,,off_target_fp,6,0,0.0,0.0,0.0,0.0,0,False
HYBRID_TALON,1,patient047,patient047_case01,IBC,IBC_patient035_0131.jpg,1,,off_target_fp,67,0,0.0,0.0,0.0,0.0,0,False
HYBRID_TALON,1,patient047,patient047_case01,IBC,IBC_patient035_0131.jpg,2,1.0,strong_75_plus,319,296,0.8604651162790697,0.9278996865203761,0.8604651162790697,0.8065395095367848,1,False
HYBRID_TALON,1,patient047,patient047_case01,IBC,IBC_patient035_0131.jpg,3,,off_target_fp,6,0,0.0,0.0,0.0,0.0,0,False
HYBRID_TALON,1,patient047,patient047_case01,IBC,IBC_patient035_0132.jpg,1,1.0,strong_75_plus,367,321,0.9553571428571429,0.8746594005449592,0.8746594005449592,0.8403141361256544,1,False
HYBRID_TALON,1,patient047,patient047_case01,IBC,IBC_patient035_0132.jpg,2,,off_target_fp,5,0,0.0,0.0,0.0,0.0,0,False
HYBRID_TALON,1,patient047,patient047_case01,IBC,IBC_patient035_0132.jpg,3,,off_target_fp,3,0,0.0,0.0,0.0,0.0,0,False
HYBRID_TALON,1,patient047,patient047_case01,IBC,IBC_patient035_0133.jpg,1,1.0,strong_75_plus,398,373,0.8966346153846154,0.9371859296482412,0.8966346153846154,0.8458049886621315,1,False
HYBRID_TALON,1,patient047,patient047_case01,IBC,IBC_patient035_0133.jpg,2,,off_target_fp,88,0,0.0,0.0,0.0,0.0,0,False
HYBRID_TALON,1,patient047,patient047_case01,IBC,IBC_patient035_0134.jpg,1,1.0,strong_75_plus,406,361,0.9025,0.8891625615763546,0.8891625615763546,0.8112359550561797,1,False
HYBRID_TALON,1,patient047,patient047_case01,IBC,IBC_patient035_0134.jpg,2,,off_target_fp,200,0,0.0,0.0,0.0,0.0,0,False
HYBRID_TALON,1,patient047,patient047_case01,IBC,IBC_patient035_0134.jpg,3,,off_target_fp,5,0,0.0,0.0,0.0,0.0,0,False
HYBRID_TALON,1,patient047,patient047_case01,IBC,IBC_patient035_0135.jpg,1,1.0,strong_75_plus,347,302,0.7626262626262627,0.8703170028818443,0.7626262626262627,0.6848072562358276,1,False
HYBRID_TALON,1,patient047,patient047_case01,IBC,IBC_patient035_0135.jpg,2,,off_target_fp,187,0,0.0,0.0,0.0,0.0,0,False
HYBRID_TALON,1,patient047,patient047_case01,IBC,IBC_patient035_0136.jpg,1,1.0,moderate_50_to_75,269,224,0.6666666666666666,0.8327137546468402,0.6666666666666666,0.5879265091863517,1,False
HYBRID_TALON,1,patient047,patient047_case01,IBC,IBC_patient035_0136.jpg,2,,off_target_fp,188,0,0.0,0.0,0.0,0.0,0,False
HYBRID_TALON,1,patient047,patient047_case01,IBC,IBC_patient035_0136.jpg,3,,off_target_fp,10,0,0.0,0.0,0.0,0.0,0,False
HYBRID_TALON,1,patient047,patient047_case01,IBC,IBC_patient035_0137.jpg,1,1.0,low_25_to_50,179,146,0.48026315789473684,0.8156424581005587,0.48026315789473684,0.4332344213649852,1,False
HYBRID_TALON,1,patient047,patient047_case01,IBC,IBC_patient035_0137.jpg,2,,off_target_fp,197,0,0.0,0.0,0.0,0.0,0,False
HYBRID_TALON,1,patient047,patient047_case01,IBC,IBC_patient035_0138.jpg,1,1.0,low_25_to_50,82,70,0.25735294117647056,0.8536585365853658,0.25735294117647056,0.24647887323943662,1,False
HYBRID_TALON,1,patient047,patient047_case01,IBC,IBC_patient035_0138.jpg,2,,off_target_fp,39,0,0.0,0.0,0.0,0.0,0,False
HYBRID_TALON,1,patient047,patient047_case01,IBC,IBC_patient035_0139.jpg,1,1.0,partial_below_25,54,50,0.22727272727272727,0.9259259259259259,0.22727272727272727,0.22321428571428573,1,False
HYBRID_TALON,1,patient047,patient047_case01,IBC,IBC_patient035_0140.jpg,1,1.0,partial_below_25,6,6,0.04411764705882353,1.0,0.04411764705882353,0.04411764705882353,1,False
HYBRID_TALON,1,patient055,patient055_case01,IBC,IBC_patient039_0065.jpg,1,,off_target_fp,964,0,0.0,0.0,0.0,0.0,0,False
HYBRID_TALON,1,patient055,patient055_case01,IBC,IBC_patient039_0065.jpg,2,,off_target_fp,116,0,0.0,0.0,0.0,0.0,0,False
HYBRID_TALON,1,patient055,patient055_case01,IBC,IBC_patient039_0065.jpg,3,,off_target_fp,115,0,0.0,0.0,0.0,0.0,0,False
HYBRID_TALON,1,patient055,patient055_case01,IBC,IBC_patient039_0065.jpg,4,,off_target_fp,2,0,0.0,0.0,0.0,0.0,0,False
HYBRID_TALON,1,patient055,patient055_case01,IBC,IBC_patient039_0066.jpg,1,,off_target_fp,840,0,0.0,0.0,0.0,0.0,0,False
HYBRID_TALON,1,patient055,patient055_case01,IBC,IBC_patient039_0066.jpg,2,,off_target_fp,208,0,0.0,0.0,0.0,0.0,0,False
HYBRID_TALON,1,patient055,patient055_case01,IBC,IBC_patient039_0067.jpg,1,,off_target_fp,231,0,0.0,0.0,0.0,0.0,0,False
HYBRID_TALON,1,patient055,patient055_case01,IBC,IBC_patient039_0067.jpg,2,,off_target_fp,493,0,0.0,0.0,0.0,0.0,0,False
HYBRID_TALON,1,patient055,patient055_case01,IBC,IBC_patient039_0068.jpg,1,,off_target_fp,251,0,0.0,0.0,0.0,0.0,0,False
HYBRID_TALON,1,patient055,patient055_case01,IBC,IBC_patient039_0068.jpg,2,,off_target_fp,1,0,0.0,0.0,0.0,0.0,0,False
HYBRID_TALON,1,patient055,patient055_case01,IBC,IBC_patient039_0068.jpg,3,,off_target_fp,9,0,0.0,0.0,0.0,0.0,0,False
HYBRID_TALON,1,patient055,patient055_case01,IBC,IBC_patient039_0068.jpg,4,,off_target_fp,45,0,0.0,0.0,0.0,0.0,0,False
HYBRID_TALON,1,patient055,patient055_case01,IBC,IBC_patient039_0068.jpg,5,,off_target_fp,16,0,0.0,0.0,0.0,0.0,0,False
HYBRID_TALON,1,patient055,patient055_case01,IBC,IBC_patient039_0069.jpg,1,,off_target_fp,141,0,0.0,0.0,0.0,0.0,0,False
HYBRID_TALON,1,patient055,patient055_case01,IBC,IBC_patient039_0069.jpg,2,,off_target_fp,29,0,0.0,0.0,0.0,0.0,0,False
HYBRID_TALON,1,patient055,patient055_case01,IBC,IBC_patient039_0069.jpg,3,,off_target_fp,189,0,0.0,0.0,0.0,0.0,0,False
HYBRID_TALON,1,patient055,patient055_case01,IBC,IBC_patient039_0070.jpg,1,,off_target_fp,12,0,0.0,0.0,0.0,0.0,0,False
HYBRID_TALON,1,patient055,patient055_case01,IBC,IBC_patient039_0070.jpg,2,,off_target_fp,83,0,0.0,0.0,0.0,0.0,0,False
HYBRID_TALON,1,patient055,patient055_case01,IBC,IBC_patient039_0070.jpg,3,,off_target_fp,39,0,0.0,0.0,0.0,0.0,0,False
HYBRID_TALON,1,patient055,patient055_case01,IBC,IBC_patient039_0070.jpg,4,,off_target_fp,4,0,0.0,0.0,0.0,0.0,0,False
HYBRID_TALON,1,patient055,patient055_case01,IBC,IBC_patient039_0070.jpg,5,,off_target_fp,240,0,0.0,0.0,0.0,0.0,0,False
HYBRID_TALON,1,patient055,patient055_case01,IBC,IBC_patient039_0071.jpg,1,,off_target_fp,61,0,0.0,0.0,0.0,0.0,0,False
HYBRID_TALON,1,patient055,patient055_case01,IBC,IBC_patient039_0071.jpg,2,,off_target_fp,2,0,0.0,0.0,0.0,0.0,0,False
HYBRID_TALON,1,patient055,patient055_case01,IBC,IBC_patient039_0071.jpg,3,,off_target_fp,153,0,0.0,0.0,0.0,0.0,0,False
HYBRID_TALON,1,patient055,patient055_case01,IBC,IBC_patient039_0072.jpg,1,,off_target_fp,59,0,0.0,0.0,0.0,0.0,0,False
HYBRID_TALON,1,patient055,patient055_case01,IBC,IBC_patient039_0072.jpg,2,,off_target_fp,96,0,0.0,0.0,0.0,0.0,0,False
HYBRID_TALON,1,patient055,patient055_case01,IBC,IBC_patient039_0073.jpg,1,,off_target_fp,52,0,0.0,0.0,0.0,0.0,0,False
HYBRID_TALON,1,patient055,patient055_case01,IBC,IBC_patient039_0073.jpg,2,,off_target_fp,94,0,0.0,0.0,0.0,0.0,0,False
HYBRID_TALON,1,patient055,patient055_case01,IBC,IBC_patient039_0073.jpg,3,,off_target_fp,81,0,0.0,0.0,0.0,0.0,0,False
HYBRID_TALON,1,patient055,patient055_case01,IBC,IBC_patient039_0074.jpg,1,,off_target_fp,59,0,0.0,0.0,0.0,0.0,0,False
HYBRID_TALON,1,patient059,patient059_case01,IBC,IBC_patient040_0059.jpg,1,,off_target_fp,116,0,0.0,0.0,0.0,0.0,0,False
HYBRID_TALON,1,patient059,patient059_case01,IBC,IBC_patient040_0059.jpg,2,,off_target_fp,1,0,0.0,0.0,0.0,0.0,0,False
HYBRID_TALON,1,patient059,patient059_case01,IBC,IBC_patient040_0060.jpg,1,,off_target_fp,14,0,0.0,0.0,0.0,0.0,0,False
HYBRID_TALON,1,patient059,patient059_case01,IBC,IBC_patient040_0060.jpg,2,1.0,strong_75_plus,125,101,0.9711538461538461,0.808,0.808,0.7890625,1,False
HYBRID_TALON,1,patient059,patient059_case01,IBC,IBC_patient040_0061.jpg,1,,off_target_fp,2,0,0.0,0.0,0.0,0.0,0,False
HYBRID_TALON,1,patient059,patient059_case01,IBC,IBC_patient040_0061.jpg,2,,off_target_fp,11,0,0.0,0.0,0.0,0.0,0,False
HYBRID_TALON,1,patient059,patient059_case01,IBC,IBC_patient040_0061.jpg,3,1.0,strong_75_plus,143,126,0.875,0.8811188811188811,0.875,0.782608695652174,1,False
HYBRID_TALON,1,patient059,patient059_case01,IBC,IBC_patient040_0062.jpg,1,,off_target_fp,19,0,0.0,0.0,0.0,0.0,0,False
HYBRID_TALON,1,patient059,patient059_case01,IBC,IBC_patient040_0062.jpg,2,1.0,strong_75_plus,166,144,0.782608695652174,0.8674698795180723,0.782608695652174,0.6990291262135923,1,False
HYBRID_TALON,1,patient059,patient059_case01,IBC,IBC_patient040_0062.jpg,3,,off_target_fp,4,0,0.0,0.0,0.0,0.0,0,False
HYBRID_TALON,1,patient059,patient059_case01,IBC,IBC_patient040_0063.jpg,1,,off_target_fp,63,0,0.0,0.0,0.0,0.0,0,False
HYBRID_TALON,1,patient059,patient059_case01,IBC,IBC_patient040_0063.jpg,2,,off_target_fp,14,0,0.0,0.0,0.0,0.0,0,False
HYBRID_TALON,1,patient059,patient059_case01,IBC,IBC_patient040_0063.jpg,3,1.0,strong_75_plus,208,200,0.7936507936507936,0.9615384615384616,0.7936507936507936,0.7692307692307693,1,False
HYBRID_TALON,1,patient059,patient059_case01,IBC,IBC_patient040_0064.jpg,1,,off_target_fp,53,0,0.0,0.0,0.0,0.0,0,False
HYBRID_TALON,1,patient059,patient059_case01,IBC,IBC_patient040_0064.jpg,2,,off_target_fp,7,0,0.0,0.0,0.0,0.0,0,False
HYBRID_TALON,1,patient059,patient059_case01,IBC,IBC_patient040_0064.jpg,3,1.0,strong_75_plus,213,175,0.8413461538461539,0.8215962441314554,0.8215962441314554,0.7113821138211383,1,False
HYBRID_TALON,1,patient059,patient059_case01,IBC,IBC_patient040_0064.jpg,4,,off_target_fp,7,0,0.0,0.0,0.0,0.0,0,False
HYBRID_TALON,1,patient059,patient059_case01,IBC,IBC_patient040_0065.jpg,1,,off_target_fp,31,0,0.0,0.0,0.0,0.0,0,False
HYBRID_TALON,1,patient059,patient059_case01,IBC,IBC_patient040_0065.jpg,2,,off_target_fp,15,0,0.0,0.0,0.0,0.0,0,False
HYBRID_TALON,1,patient059,patient059_case01,IBC,IBC_patient040_0065.jpg,3,1.0,strong_75_plus,258,233,0.8090277777777778,0.9031007751937985,0.8090277777777778,0.744408945686901,1,False
HYBRID_TALON,1,patient059,patient059_case01,IBC,IBC_patient040_0065.jpg,4,,off_target_fp,12,0,0.0,0.0,0.0,0.0,0,False
HYBRID_TALON,1,patient059,patient059_case01,IBC,IBC_patient040_0066.jpg,1,,off_target_fp,158,0,0.0,0.0,0.0,0.0,0,False
HYBRID_TALON,1,patient059,patient059_case01,IBC,IBC_patient040_0066.jpg,2,,off_target_fp,16,0,0.0,0.0,0.0,0.0,0,False
HYBRID_TALON,1,patient059,patient059_case01,IBC,IBC_patient040_0066.jpg,3,1.0,strong_75_plus,313,259,0.9119718309859155,0.8274760383386581,0.8274760383386581,0.7662721893491125,1,False
HYBRID_TALON,1,patient059,patient059_case01,IBC,IBC_patient040_0067.jpg,1,,off_target_fp,298,0,0.0,0.0,0.0,0.0,0,False
HYBRID_TALON,1,patient059,patient059_case01,IBC,IBC_patient040_0067.jpg,2,1.0,strong_75_plus,310,262,0.9632352941176471,0.8451612903225807,0.8451612903225807,0.81875,1,False
HYBRID_TALON,1,patient059,patient059_case01,IBC,IBC_patient040_0068.jpg,1,,off_target_fp,354,0,0.0,0.0,0.0,0.0,0,False
HYBRID_TALON,1,patient059,patient059_case01,IBC,IBC_patient040_0068.jpg,2,,off_target_fp,30,0,0.0,0.0,0.0,0.0,0,False
HYBRID_TALON,1,patient059,patient059_case01,IBC,IBC_patient040_0068.jpg,3,1.0,strong_75_plus,225,194,0.8220338983050848,0.8622222222222222,0.8220338983050848,0.7265917602996255,1,False
HYBRID_TALON,1,patient059,patient059_case01,IBC,IBC_patient040_0069.jpg,1,,off_target_fp,155,0,0.0,0.0,0.0,0.0,0,False
HYBRID_TALON,1,patient059,patient059_case01,IBC,IBC_patient040_0069.jpg,2,,off_target_fp,15,0,0.0,0.0,0.0,0.0,0,False
HYBRID_TALON,1,patient059,patient059_case01,IBC,IBC_patient040_0069.jpg,3,1.0,strong_75_plus,285,266,0.8012048192771084,0.9333333333333333,0.8012048192771084,0.7578347578347578,1,False
HYBRID_TALON,1,patient059,patient059_case01,IBC,IBC_patient040_0069.jpg,4,,off_target_fp,1,0,0.0,0.0,0.0,0.0,0,False
HYBRID_TALON,1,patient059,patient059_case01,IBC,IBC_patient040_0070.jpg,1,,off_target_fp,144,0,0.0,0.0,0.0,0.0,0,False
HYBRID_TALON,1,patient059,patient059_case01,IBC,IBC_patient040_0070.jpg,2,,off_target_fp,16,0,0.0,0.0,0.0,0.0,0,False
HYBRID_TALON,1,patient059,patient059_case01,IBC,IBC_patient040_0070.jpg,3,1.0,strong_75_plus,160,123,0.9609375,0.76875,0.76875,0.7454545454545455,1,False
HYBRID_TALON,1,patient059,patient059_case01,IBC,IBC_patient040_0070.jpg,4,,off_target_fp,10,0,0.0,0.0,0.0,0.0,0,False
HYBRID_TALON,1,patient064,patient064_case01,IGM,IGM_patient043_0054.jpg,1,1.0,moderate_50_to_75,369,293,0.7043269230769231,0.7940379403794038,0.7043269230769231,0.5955284552845529,1,False
HYBRID_TALON,1,patient064,patient064_case01,IGM,IGM_patient043_0054.jpg,2,,off_target_fp,12,0,0.0,0.0,0.0,0.0,0,False
HYBRID_TALON,1,patient064,patient064_case01,IGM,IGM_patient043_0054.jpg,3,1.0,partial_below_25,3,3,0.007211538461538462,1.0,0.007211538461538462,0.007211538461538462,1,False
HYBRID_TALON,1,patient064,patient064_case01,IGM,IGM_patient043_0055.jpg,1,1.0,moderate_50_to_75,498,459,0.7308917197452229,0.9216867469879518,0.7308917197452229,0.6881559220389805,1,False
HYBRID_TALON,1,patient064,patient064_case01,IGM,IGM_patient043_0056.jpg,1,1.0,moderate_50_to_75,554,453,0.6947852760736196,0.8176895306859205,0.6947852760736196,0.601593625498008,1,False
HYBRID_TALON,1,patient064,patient064_case01,IGM,IGM_patient043_0057.jpg,1,1.0,strong_75_plus,488,441,0.75,0.9036885245901639,0.75,0.694488188976378,1,False
HYBRID_TALON,1,patient064,patient064_case01,IGM,IGM_patient043_0058.jpg,1,1.0,strong_75_plus,544,456,0.8142857142857143,0.8382352941176471,0.8142857142857143,0.7037037037037037,1,False
HYBRID_TALON,1,patient064,patient064_case01,IGM,IGM_patient043_0059.jpg,1,,off_target_fp,125,0,0.0,0.0,0.0,0.0,0,False
HYBRID_TALON,1,patient064,patient064_case01,IGM,IGM_patient043_0059.jpg,2,1.0,moderate_50_to_75,488,432,0.6,0.8852459016393442,0.6,0.5567010309278351,1,False
HYBRID_TALON,1,patient064,patient064_case01,IGM,IGM_patient043_0060.jpg,1,,off_target_fp,181,0,0.0,0.0,0.0,0.0,0,False
HYBRID_TALON,1,patient064,patient064_case01,IGM,IGM_patient043_0060.jpg,2,,off_target_fp,203,0,0.0,0.0,0.0,0.0,0,False
HYBRID_TALON,1,patient064,patient064_case01,IGM,IGM_patient043_0060.jpg,3,1.0,low_25_to_50,318,275,0.4493464052287582,0.8647798742138365,0.4493464052287582,0.4198473282442748,1,False
HYBRID_TALON,1,patient064,patient064_case01,IGM,IGM_patient043_0061.jpg,1,,off_target_fp,175,0,0.0,0.0,0.0,0.0,0,False
HYBRID_TALON,1,patient064,patient064_case01,IGM,IGM_patient043_0061.jpg,2,,off_target_fp,220,0,0.0,0.0,0.0,0.0,0,False
HYBRID_TALON,1,patient068,patient068_case01,IBC,IBC_patient045_0009.jpg,1,,off_target_fp,365,0,0.0,0.0,0.0,0.0,0,False
HYBRID_TALON,1,patient068,patient068_case01,IBC,IBC_patient045_0010.jpg,1,,off_target_fp,537,0,0.0,0.0,0.0,0.0,0,False
HYBRID_TALON,1,patient068,patient068_case01,IBC,IBC_patient045_0062.jpg,1,,off_target_fp,12,0,0.0,0.0,0.0,0.0,0,False
HYBRID_TALON,1,patient068,patient068_case01,IBC,IBC_patient045_0062.jpg,2,1.0,moderate_50_to_75,41,40,0.7142857142857143,0.975609756097561,0.7142857142857143,0.7017543859649122,1,False
HYBRID_TALON,1,patient068,patient068_case01,IBC,IBC_patient045_0063.jpg,1,,off_target_fp,6,0,0.0,0.0,0.0,0.0,0,False
HYBRID_TALON,1,patient068,patient068_case01,IBC,IBC_patient045_0063.jpg,2,1.0,strong_75_plus,113,98,0.9423076923076923,0.8672566371681416,0.8672566371681416,0.8235294117647058,1,False
HYBRID_TALON,1,patient068,patient068_case01,IBC,IBC_patient045_0064.jpg,1,1.0,moderate_50_to_75,123,91,0.9891304347826086,0.7398373983739838,0.7398373983739838,0.7338709677419355,1,False
HYBRID_TALON,1,patient068,patient068_case01,IBC,IBC_patient045_0065.jpg,1,,off_target_fp,2,0,0.0,0.0,0.0,0.0,0,False
HYBRID_TALON,1,patient068,patient068_case01,IBC,IBC_patient045_0065.jpg,2,,off_target_fp,1,0,0.0,0.0,0.0,0.0,0,False
HYBRID_TALON,1,patient068,patient068_case01,IBC,IBC_patient045_0065.jpg,3,1.0,moderate_50_to_75,86,61,0.953125,0.7093023255813954,0.7093023255813954,0.6853932584269663,1,False
HYBRID_TALON,1,patient068,patient068_case01,IBC,IBC_patient045_0066.jpg,1,,off_target_fp,53,0,0.0,0.0,0.0,0.0,0,False
HYBRID_TALON,1,patient068,patient068_case01,IBC,IBC_patient045_0066.jpg,2,,off_target_fp,27,0,0.0,0.0,0.0,0.0,0,False
HYBRID_TALON,1,patient068,patient068_case01,IBC,IBC_patient045_0066.jpg,3,,off_target_fp,2,0,0.0,0.0,0.0,0.0,0,False
HYBRID_TALON,1,patient068,patient068_case01,IBC,IBC_patient045_0066.jpg,4,1.0,low_25_to_50,74,65,0.49242424242424243,0.8783783783783784,0.49242424242424243,0.46099290780141844,1,False
HYBRID_TALON,1,patient068,patient068_case01,IBC,IBC_patient045_0066.jpg,5,1.0,partial_below_25,5,5,0.03787878787878788,1.0,0.03787878787878788,0.03787878787878788,1,False
HYBRID_TALON,1,patient068,patient068_case01,IBC,IBC_patient045_0067.jpg,1,,off_target_fp,85,0,0.0,0.0,0.0,0.0,0,False
HYBRID_TALON,1,patient068,patient068_case01,IBC,IBC_patient045_0067.jpg,2,1.0,moderate_50_to_75,136,109,0.5561224489795918,0.8014705882352942,0.5561224489795918,0.48878923766816146,1,False
HYBRID_TALON,1,patient068,patient068_case01,IBC,IBC_patient045_0067.jpg,3,1.0,partial_below_25,22,22,0.11224489795918367,1.0,0.11224489795918367,0.11224489795918367,1,False
HYBRID_TALON,1,patient068,patient068_case01,IBC,IBC_patient045_0068.jpg,1,,off_target_fp,63,0,0.0,0.0,0.0,0.0,0,False
HYBRID_TALON,1,patient068,patient068_case01,IBC,IBC_patient045_0068.jpg,2,,off_target_fp,10,0,0.0,0.0,0.0,0.0,0,False
HYBRID_TALON,1,patient068,patient068_case01,IBC,IBC_patient045_0068.jpg,3,1.0,low_25_to_50,123,91,0.4375,0.7398373983739838,0.4375,0.37916666666666665,1,False
HYBRID_TALON,1,patient068,patient068_case01,IBC,IBC_patient045_0068.jpg,4,,off_target_fp,1,0,0.0,0.0,0.0,0.0,0,False
HYBRID_TALON,1,patient068,patient068_case01,IBC,IBC_patient045_0068.jpg,5,1.0,partial_below_25,5,5,0.02403846153846154,1.0,0.02403846153846154,0.02403846153846154,1,False
HYBRID_TALON,1,patient068,patient068_case01,IBC,IBC_patient045_0068.jpg,6,1.0,partial_below_25,1,1,0.004807692307692308,1.0,0.004807692307692308,0.004807692307692308,1,False
HYBRID_TALON,1,patient068,patient068_case01,IBC,IBC_patient045_0069.jpg,1,,off_target_fp,24,0,0.0,0.0,0.0,0.0,0,False
HYBRID_TALON,1,patient068,patient068_case01,IBC,IBC_patient045_0069.jpg,2,,off_target_fp,11,0,0.0,0.0,0.0,0.0,0,False
HYBRID_TALON,1,patient068,patient068_case01,IBC,IBC_patient045_0069.jpg,3,1.0,low_25_to_50,69,64,0.32653061224489793,0.927536231884058,0.32653061224489793,0.31840796019900497,1,False
HYBRID_TALON,1,patient068,patient068_case01,IBC,IBC_patient045_0069.jpg,4,,off_target_fp,5,0,0.0,0.0,0.0,0.0,0,False
HYBRID_TALON,1,patient068,patient068_case01,IBC,IBC_patient045_0069.jpg,5,1.0,partial_below_25,24,24,0.12244897959183673,1.0,0.12244897959183673,0.12244897959183673,1,False
HYBRID_TALON,1,patient068,patient068_case01,IBC,IBC_patient045_0070.jpg,1,,off_target_fp,26,0,0.0,0.0,0.0,0.0,0,False
HYBRID_TALON,1,patient068,patient068_case01,IBC,IBC_patient045_0070.jpg,2,,off_target_fp,5,0,0.0,0.0,0.0,0.0,0,False
HYBRID_TALON,1,patient068,patient068_case01,IBC,IBC_patient045_0070.jpg,3,1.0,moderate_50_to_75,137,120,0.5454545454545454,0.8759124087591241,0.5454545454545454,0.5063291139240507,1,False
HYBRID_TALON,1,patient068,patient068_case01,IBC,IBC_patient045_0070.jpg,4,,off_target_fp,5,0,0.0,0.0,0.0,0.0,0,False
HYBRID_TALON,1,patient068,patient068_case01,IBC,IBC_patient045_0070.jpg,5,1.0,partial_below_25,61,53,0.2409090909090909,0.8688524590163934,0.2409090909090909,0.2324561403508772,1,False
HYBRID_TALON,1,patient068,patient068_case01,IBC,IBC_patient045_0071.jpg,1,1.0,strong_75_plus,154,138,0.9324324324324325,0.8961038961038961,0.8961038961038961,0.8414634146341463,1,False
HYBRID_TALON,1,patient068,patient068_case01,IBC,IBC_patient045_0071.jpg,2,,off_target_fp,3,0,0.0,0.0,0.0,0.0,0,False
HYBRID_TALON,1,patient068,patient068_case01,IBC,IBC_patient045_0071.jpg,3,,off_target_fp,54,0,0.0,0.0,0.0,0.0,0,False
HYBRID_TALON,1,patient068,patient068_case01,IBC,IBC_patient045_0072.jpg,1,1.0,strong_75_plus,185,177,0.8194444444444444,0.9567567567567568,0.8194444444444444,0.7901785714285714,1,False
HYBRID_TALON,1,patient068,patient068_case01,IBC,IBC_patient045_0072.jpg,2,,off_target_fp,28,0,0.0,0.0,0.0,0.0,0,False
HYBRID_TALON,1,patient068,patient068_case01,IBC,IBC_patient045_0072.jpg,3,,off_target_fp,41,0,0.0,0.0,0.0,0.0,0,False
HYBRID_TALON,1,patient068,patient068_case01,IBC,IBC_patient045_0072.jpg,4,,off_target_fp,1,0,0.0,0.0,0.0,0.0,0,False
HYBRID_TALON,1,patient068,patient068_case01,IBC,IBC_patient045_0073.jpg,1,,off_target_fp,79,0,0.0,0.0,0.0,0.0,0,False
HYBRID_TALON,1,patient068,patient068_case01,IBC,IBC_patient045_0073.jpg,2,,off_target_fp,9,0,0.0,0.0,0.0,0.0,0,False
HYBRID_TALON,1,patient068,patient068_case01,IBC,IBC_patient045_0073.jpg,3,1.0,low_25_to_50,184,163,0.42010309278350516,0.8858695652173914,0.42010309278350516,0.39853300733496333,1,False
HYBRID_TALON,1,patient068,patient068_case01,IBC,IBC_patient045_0073.jpg,4,,off_target_fp,78,0,0.0,0.0,0.0,0.0,0,False
HYBRID_TALON,1,patient068,patient068_case01,IBC,IBC_patient045_0073.jpg,5,,off_target_fp,6,0,0.0,0.0,0.0,0.0,0,False
HYBRID_TALON,1,patient068,patient068_case01,IBC,IBC_patient045_0073.jpg,6,,off_target_fp,39,0,0.0,0.0,0.0,0.0,0,False
HYBRID_TALON,1,patient068,patient068_case01,IBC,IBC_patient045_0074.jpg,1,,off_target_fp,27,0,0.0,0.0,0.0,0.0,0,False
HYBRID_TALON,1,patient068,patient068_case01,IBC,IBC_patient045_0074.jpg,2,,off_target_fp,75,0,0.0,0.0,0.0,0.0,0,False
HYBRID_TALON,1,patient068,patient068_case01,IBC,IBC_patient045_0074.jpg,3,1.0,low_25_to_50,144,117,0.4717741935483871,0.8125,0.4717741935483871,0.4254545454545455,1,False
HYBRID_TALON,1,patient068,patient068_case01,IBC,IBC_patient045_0074.jpg,4,,off_target_fp,64,0,0.0,0.0,0.0,0.0,0,False
HYBRID_TALON,1,patient068,patient068_case01,IBC,IBC_patient045_0074.jpg,5,,off_target_fp,45,0,0.0,0.0,0.0,0.0,0,False
HYBRID_TALON,1,patient068,patient068_case01,IBC,IBC_patient045_0075.jpg,1,,off_target_fp,41,0,0.0,0.0,0.0,0.0,0,False
HYBRID_TALON,1,patient068,patient068_case01,IBC,IBC_patient045_0075.jpg,2,,off_target_fp,30,0,0.0,0.0,0.0,0.0,0,False
HYBRID_TALON,1,patient068,patient068_case01,IBC,IBC_patient045_0075.jpg,3,1.0,strong_75_plus,152,135,0.84375,0.8881578947368421,0.84375,0.7627118644067796,1,False
HYBRID_TALON,1,patient068,patient068_case01,IBC,IBC_patient045_0075.jpg,4,,off_target_fp,41,0,0.0,0.0,0.0,0.0,0,False
HYBRID_TALON,1,patient068,patient068_case01,IBC,IBC_patient045_0075.jpg,5,,off_target_fp,2,0,0.0,0.0,0.0,0.0,0,False
HYBRID_TALON,1,patient068,patient068_case01,IBC,IBC_patient045_0075.jpg,6,,off_target_fp,10,0,0.0,0.0,0.0,0.0,0,False
HYBRID_TALON,1,patient068,patient068_case01,IBC,IBC_patient045_0076.jpg,1,,off_target_fp,42,0,0.0,0.0,0.0,0.0,0,False
HYBRID_TALON,1,patient068,patient068_case01,IBC,IBC_patient045_0076.jpg,2,,off_target_fp,6,0,0.0,0.0,0.0,0.0,0,False
HYBRID_TALON,1,patient068,patient068_case01,IBC,IBC_patient045_0076.jpg,3,1.0,moderate_50_to_75,159,111,0.9568965517241379,0.6981132075471698,0.6981132075471698,0.676829268292683,1,False
HYBRID_TALON,1,patient068,patient068_case01,IBC,IBC_patient045_0076.jpg,4,,off_target_fp,41,0,0.0,0.0,0.0,0.0,0,False
HYBRID_TALON,1,patient068,patient068_case01,IBC,IBC_patient045_0076.jpg,5,,off_target_fp,20,0,0.0,0.0,0.0,0.0,0,False
HYBRID_TALON,1,patient068,patient068_case01,IBC,IBC_patient045_0077.jpg,1,,off_target_fp,10,0,0.0,0.0,0.0,0.0,0,False
HYBRID_TALON,1,patient068,patient068_case01,IBC,IBC_patient045_0077.jpg,2,1.0,strong_75_plus,123,101,0.9017857142857143,0.8211382113821138,0.8211382113821138,0.753731343283582,1,False
HYBRID_TALON,1,patient068,patient068_case01,IBC,IBC_patient045_0077.jpg,3,,off_target_fp,49,0,0.0,0.0,0.0,0.0,0,False
HYBRID_TALON,1,patient068,patient068_case01,IBC,IBC_patient045_0077.jpg,4,,off_target_fp,24,0,0.0,0.0,0.0,0.0,0,False
HYBRID_TALON,1,patient068,patient068_case01,IBC,IBC_patient045_0078.jpg,1,,off_target_fp,7,0,0.0,0.0,0.0,0.0,0,False
HYBRID_TALON,1,patient068,patient068_case01,IBC,IBC_patient045_0078.jpg,2,,off_target_fp,19,0,0.0,0.0,0.0,0.0,0,False
HYBRID_TALON,1,patient068,patient068_case01,IBC,IBC_patient045_0078.jpg,3,1.0,strong_75_plus,40,33,0.75,0.825,0.75,0.6470588235294118,1,False
HYBRID_TALON,1,patient068,patient068_case01,IBC,IBC_patient045_0078.jpg,4,,off_target_fp,55,0,0.0,0.0,0.0,0.0,0,False
HYBRID_TALON,1,patient076,patient076_case01,IBC,IBC_patient049_0027.jpg,1,1.0,strong_75_plus,227,218,0.8934426229508197,0.960352422907489,0.8934426229508197,0.8616600790513834,1,False
HYBRID_TALON,1,patient076,patient076_case01,IBC,IBC_patient049_0027.jpg,2,,off_target_fp,58,0,0.0,0.0,0.0,0.0,0,False
HYBRID_TALON,1,patient076,patient076_case01,IBC,IBC_patient049_0027.jpg,3,,off_target_fp,9,0,0.0,0.0,0.0,0.0,0,False
HYBRID_TALON,1,patient076,patient076_case01,IBC,IBC_patient049_0028.jpg,1,1.0,strong_75_plus,478,473,0.9026717557251909,0.9895397489539749,0.9026717557251909,0.8941398865784499,1,False
HYBRID_TALON,1,patient076,patient076_case01,IBC,IBC_patient049_0028.jpg,2,,off_target_fp,13,0,0.0,0.0,0.0,0.0,0,False
HYBRID_TALON,1,patient076,patient076_case01,IBC,IBC_patient049_0028.jpg,3,,off_target_fp,21,0,0.0,0.0,0.0,0.0,0,False
HYBRID_TALON,1,patient076,patient076_case01,IBC,IBC_patient049_0028.jpg,4,,off_target_fp,26,0,0.0,0.0,0.0,0.0,0,False
HYBRID_TALON,1,patient076,patient076_case01,IBC,IBC_patient049_0029.jpg,1,1.0,strong_75_plus,538,463,0.8768939393939394,0.8605947955390335,0.8605947955390335,0.7678275290215588,1,False
HYBRID_TALON,1,patient076,patient076_case01,IBC,IBC_patient049_0029.jpg,2,,off_target_fp,15,0,0.0,0.0,0.0,0.0,0,False
HYBRID_TALON,1,patient076,patient076_case01,IBC,IBC_patient049_0029.jpg,3,,off_target_fp,1,0,0.0,0.0,0.0,0.0,0,False
HYBRID_TALON,1,patient076,patient076_case01,IBC,IBC_patient049_0030.jpg,1,1.0,strong_75_plus,406,372,0.8157894736842105,0.916256157635468,0.8157894736842105,0.7591836734693878,1,False
HYBRID_TALON,1,patient076,patient076_case01,IBC,IBC_patient049_0030.jpg,2,,off_target_fp,5,0,0.0,0.0,0.0,0.0,0,False
HYBRID_TALON,1,patient076,patient076_case01,IBC,IBC_patient049_0030.jpg,3,,off_target_fp,45,0,0.0,0.0,0.0,0.0,0,False
HYBRID_TALON,1,patient076,patient076_case01,IBC,IBC_patient049_0031.jpg,1,1.0,strong_75_plus,344,327,0.8605263157894737,0.9505813953488372,0.8605263157894737,0.8236775818639799,1,False
HYBRID_TALON,1,patient076,patient076_case01,IBC,IBC_patient049_0031.jpg,2,,off_target_fp,14,0,0.0,0.0,0.0,0.0,0,False
HYBRID_TALON,1,patient076,patient076_case01,IBC,IBC_patient049_0031.jpg,3,,off_target_fp,16,0,0.0,0.0,0.0,0.0,0,False
HYBRID_TALON,1,patient076,patient076_case01,IBC,IBC_patient049_0031.jpg,4,,off_target_fp,289,0,0.0,0.0,0.0,0.0,0,False
HYBRID_TALON,1,patient076,patient076_case01,IBC,IBC_patient049_0032.jpg,1,1.0,strong_75_plus,311,286,0.8614457831325302,0.9196141479099679,0.8614457831325302,0.8011204481792717,1,False
HYBRID_TALON,1,patient076,patient076_case01,IBC,IBC_patient049_0032.jpg,2,,off_target_fp,71,0,0.0,0.0,0.0,0.0,0,False
HYBRID_TALON,1,patient076,patient076_case01,IBC,IBC_patient049_0032.jpg,3,,off_target_fp,8,0,0.0,0.0,0.0,0.0,0,False
HYBRID_TALON,1,patient076,patient076_case01,IBC,IBC_patient049_0032.jpg,4,,off_target_fp,4,0,0.0,0.0,0.0,0.0,0,False
HYBRID_TALON,1,patient076,patient076_case01,IBC,IBC_patient049_0032.jpg,5,,off_target_fp,212,0,0.0,0.0,0.0,0.0,0,False
HYBRID_TALON,1,patient076,patient076_case01,IBC,IBC_patient049_0032.jpg,6,,off_target_fp,188,0,0.0,0.0,0.0,0.0,0,False
HYBRID_TALON,1,patient076,patient076_case01,IBC,IBC_patient049_0032.jpg,7,,off_target_fp,21,0,0.0,0.0,0.0,0.0,0,False
HYBRID_TALON,1,patient076,patient076_case01,IBC,IBC_patient049_0032.jpg,8,,off_target_fp,32,0,0.0,0.0,0.0,0.0,0,False
HYBRID_TALON,1,patient076,patient076_case01,IBC,IBC_patient049_0033.jpg,1,1.0,strong_75_plus,313,274,0.7527472527472527,0.8753993610223643,0.7527472527472527,0.6799007444168734,1,False
HYBRID_TALON,1,patient076,patient076_case01,IBC,IBC_patient049_0033.jpg,2,1.0,partial_below_25,28,18,0.04945054945054945,0.6428571428571429,0.04945054945054945,0.0481283422459893,1,False
HYBRID_TALON,1,patient076,patient076_case01,IBC,IBC_patient049_0033.jpg,3,,off_target_fp,14,0,0.0,0.0,0.0,0.0,0,False
HYBRID_TALON,1,patient076,patient076_case01,IBC,IBC_patient049_0033.jpg,4,,off_target_fp,81,0,0.0,0.0,0.0,0.0,0,False
HYBRID_TALON,1,patient076,patient076_case01,IBC,IBC_patient049_0033.jpg,5,,off_target_fp,16,0,0.0,0.0,0.0,0.0,0,False
HYBRID_TALON,1,patient076,patient076_case01,IBC,IBC_patient049_0033.jpg,6,,off_target_fp,13,0,0.0,0.0,0.0,0.0,0,False
HYBRID_TALON,1,patient076,patient076_case01,IBC,IBC_patient049_0033.jpg,7,,off_target_fp,5,0,0.0,0.0,0.0,0.0,0,False
HYBRID_TALON,1,patient076,patient076_case01,IBC,IBC_patient049_0033.jpg,8,,off_target_fp,28,0,0.0,0.0,0.0,0.0,0,False
HYBRID_TALON,1,patient076,patient076_case01,IBC,IBC_patient049_0033.jpg,9,,off_target_fp,1,0,0.0,0.0,0.0,0.0,0,False
HYBRID_TALON,1,patient076,patient076_case01,IBC,IBC_patient049_0034.jpg,1,,off_target_fp,212,0,0.0,0.0,0.0,0.0,0,False
HYBRID_TALON,1,patient076,patient076_case01,IBC,IBC_patient049_0034.jpg,2,1.0,strong_75_plus,309,243,0.9346153846153846,0.7864077669902912,0.7864077669902912,0.745398773006135,1,False
HYBRID_TALON,1,patient076,patient076_case01,IBC,IBC_patient049_0034.jpg,3,,off_target_fp,6,0,0.0,0.0,0.0,0.0,0,False
HYBRID_TALON,1,patient076,patient076_case01,IBC,IBC_patient049_0034.jpg,4,,off_target_fp,28,0,0.0,0.0,0.0,0.0,0,False
HYBRID_TALON,1,patient076,patient076_case01,IBC,IBC_patient049_0034.jpg,5,,off_target_fp,1,0,0.0,0.0,0.0,0.0,0,False
HYBRID_TALON,1,patient076,patient076_case01,IBC,IBC_patient049_0034.jpg,6,,off_target_fp,16,0,0.0,0.0,0.0,0.0,0,False
HYBRID_TALON,1,patient076,patient076_case01,IBC,IBC_patient049_0034.jpg,7,,off_target_fp,3,0,0.0,0.0,0.0,0.0,0,False
HYBRID_TALON,1,patient076,patient076_case01,IBC,IBC_patient049_0035.jpg,1,,off_target_fp,8,0,0.0,0.0,0.0,0.0,0,False
HYBRID_TALON,1,patient076,patient076_case01,IBC,IBC_patient049_0035.jpg,2,,off_target_fp,138,0,0.0,0.0,0.0,0.0,0,False
HYBRID_TALON,1,patient076,patient076_case01,IBC,IBC_patient049_0035.jpg,3,1.0,low_25_to_50,46,42,0.2916666666666667,0.9130434782608695,0.2916666666666667,0.28378378378378377,1,False
HYBRID_TALON,1,patient076,patient076_case01,IBC,IBC_patient049_0035.jpg,4,,off_target_fp,60,0,0.0,0.0,0.0,0.0,0,False
HYBRID_TALON,1,patient076,patient076_case01,IBC,IBC_patient049_0035.jpg,5,,off_target_fp,3,0,0.0,0.0,0.0,0.0,0,False
HYBRID_TALON,1,patient076,patient076_case01,IBC,IBC_patient049_0035.jpg,6,,off_target_fp,47,0,0.0,0.0,0.0,0.0,0,False
HYBRID_TALON,1,patient076,patient076_case01,IBC,IBC_patient049_0035.jpg,7,,off_target_fp,126,0,0.0,0.0,0.0,0.0,0,False
HYBRID_TALON,1,patient081,patient081_case01,IBC,IBC_patient051_0058.jpg,1,,off_target_fp,45,0,0.0,0.0,0.0,0.0,0,False
HYBRID_TALON,1,patient081,patient081_case01,IBC,IBC_patient051_0058.jpg,2,,off_target_fp,64,0,0.0,0.0,0.0,0.0,0,False
HYBRID_TALON,1,patient081,patient081_case01,IBC,IBC_patient051_0059.jpg,1,,off_target_fp,16,0,0.0,0.0,0.0,0.0,0,False
HYBRID_TALON,1,patient081,patient081_case01,IBC,IBC_patient051_0059.jpg,2,1.0,low_25_to_50,202,57,0.5277777777777778,0.28217821782178215,0.28217821782178215,0.22529644268774704,1,False
HYBRID_TALON,1,patient081,patient081_case01,IBC,IBC_patient051_0059.jpg,3,,off_target_fp,25,0,0.0,0.0,0.0,0.0,0,False
HYBRID_TALON,1,patient081,patient081_case01,IBC,IBC_patient051_0059.jpg,4,,off_target_fp,31,0,0.0,0.0,0.0,0.0,0,False
HYBRID_TALON,1,patient081,patient081_case01,IBC,IBC_patient051_0060.jpg,1,,off_target_fp,285,0,0.0,0.0,0.0,0.0,0,False
HYBRID_TALON,1,patient081,patient081_case01,IBC,IBC_patient051_0060.jpg,2,1.0,moderate_50_to_75,234,137,0.9513888888888888,0.5854700854700855,0.5854700854700855,0.5684647302904564,1,False
HYBRID_TALON,1,patient081,patient081_case01,IBC,IBC_patient051_0060.jpg,3,,off_target_fp,10,0,0.0,0.0,0.0,0.0,0,False
HYBRID_TALON,1,patient081,patient081_case01,IBC,IBC_patient051_0061.jpg,1,,off_target_fp,261,0,0.0,0.0,0.0,0.0,0,False
HYBRID_TALON,1,patient081,patient081_case01,IBC,IBC_patient051_0061.jpg,2,1.0,strong_75_plus,167,132,1.0,0.7904191616766467,0.7904191616766467,0.7904191616766467,1,False
HYBRID_TALON,1,patient081,patient081_case01,IBC,IBC_patient051_0061.jpg,3,,off_target_fp,14,0,0.0,0.0,0.0,0.0,0,False
HYBRID_TALON,1,patient081,patient081_case01,IBC,IBC_patient051_0062.jpg,1,1.0,strong_75_plus,99,91,0.91,0.9191919191919192,0.91,0.8425925925925926,1,False
HYBRID_TALON,1,patient081,patient081_case01,IBC,IBC_patient051_0062.jpg,2,,off_target_fp,1,0,0.0,0.0,0.0,0.0,0,False
HYBRID_TALON,1,patient081,patient081_case01,IBC,IBC_patient051_0062.jpg,3,,off_target_fp,89,0,0.0,0.0,0.0,0.0,0,False
HYBRID_TALON,1,patient081,patient081_case01,IBC,IBC_patient051_0062.jpg,4,,off_target_fp,8,0,0.0,0.0,0.0,0.0,0,False
HYBRID_TALON,1,patient081,patient081_case01,IBC,IBC_patient051_0062.jpg,5,,off_target_fp,9,0,0.0,0.0,0.0,0.0,0,False
HYBRID_TALON,1,patient081,patient081_case01,IBC,IBC_patient051_0063.jpg,1,,off_target_fp,146,0,0.0,0.0,0.0,0.0,0,False
HYBRID_TALON,1,patient081,patient081_case01,IBC,IBC_patient051_0063.jpg,2,,off_target_fp,2,0,0.0,0.0,0.0,0.0,0,False
HYBRID_TALON,1,patient081,patient081_case01,IBC,IBC_patient051_0063.jpg,3,,off_target_fp,5,0,0.0,0.0,0.0,0.0,0,False
HYBRID_TALON,1,patient081,patient081_case01,IBC,IBC_patient051_0063.jpg,4,,off_target_fp,71,0,0.0,0.0,0.0,0.0,0,False
HYBRID_TALON,1,patient081,patient081_case01,IBC,IBC_patient051_0063.jpg,5,,off_target_fp,56,0,0.0,0.0,0.0,0.0,0,False
HYBRID_TALON,1,patient081,patient081_case01,IBC,IBC_patient051_0063.jpg,6,,off_target_fp,4,0,0.0,0.0,0.0,0.0,0,False
HYBRID_TALON,1,patient081,patient081_case01,IBC,IBC_patient051_0063.jpg,7,,off_target_fp,10,0,0.0,0.0,0.0,0.0,0,False
HYBRID_TALON,1,patient090,patient090_case01,IGM,IGM_patient055_0057.jpg,1,1.0,strong_75_plus,348,317,0.8430851063829787,0.9109195402298851,0.8430851063829787,0.7788697788697788,1,False
HYBRID_TALON,1,patient090,patient090_case01,IGM,IGM_patient055_0057.jpg,2,,off_target_fp,21,0,0.0,0.0,0.0,0.0,0,False
HYBRID_TALON,1,patient090,patient090_case01,IGM,IGM_patient055_0057.jpg,3,,off_target_fp,11,0,0.0,0.0,0.0,0.0,0,False
HYBRID_TALON,1,patient090,patient090_case01,IGM,IGM_patient055_0057.jpg,4,,off_target_fp,28,0,0.0,0.0,0.0,0.0,0,False
HYBRID_TALON,1,patient090,patient090_case01,IGM,IGM_patient055_0058.jpg,1,1.0,strong_75_plus,338,316,0.8404255319148937,0.9349112426035503,0.8404255319148937,0.7939698492462312,1,False
HYBRID_TALON,1,patient090,patient090_case01,IGM,IGM_patient055_0058.jpg,2,,off_target_fp,17,0,0.0,0.0,0.0,0.0,0,False
HYBRID_TALON,1,patient090,patient090_case01,IGM,IGM_patient055_0059.jpg,1,1.0,low_25_to_50,98,96,0.27586206896551724,0.9795918367346939,0.27586206896551724,0.2742857142857143,1,False
HYBRID_TALON,1,patient090,patient090_case01,IGM,IGM_patient055_0059.jpg,2,1.0,moderate_50_to_75,205,185,0.5316091954022989,0.9024390243902439,0.5316091954022989,0.5027173913043478,1,False
HYBRID_TALON,1,patient090,patient090_case01,IGM,IGM_patient055_0059.jpg,3,,off_target_fp,2,0,0.0,0.0,0.0,0.0,0,False
HYBRID_TALON,1,patient090,patient090_case01,IGM,IGM_patient055_0060.jpg,1,,off_target_fp,12,0,0.0,0.0,0.0,0.0,0,False
HYBRID_TALON,1,patient090,patient090_case01,IGM,IGM_patient055_0060.jpg,2,1.0,low_25_to_50,100,89,0.26176470588235295,0.89,0.26176470588235295,0.2535612535612536,1,False
HYBRID_TALON,1,patient090,patient090_case01,IGM,IGM_patient055_0060.jpg,3,1.0,moderate_50_to_75,197,189,0.5558823529411765,0.9593908629441624,0.5558823529411765,0.5431034482758621,1,False
HYBRID_TALON,1,patient090,patient090_case01,IGM,IGM_patient055_0060.jpg,4,,off_target_fp,109,0,0.0,0.0,0.0,0.0,0,False
HYBRID_TALON,1,patient090,patient090_case01,IGM,IGM_patient055_0061.jpg,1,1.0,strong_75_plus,286,268,0.881578947368421,0.9370629370629371,0.881578947368421,0.8322981366459627,1,False
HYBRID_TALON,1,patient090,patient090_case01,IGM,IGM_patient055_0061.jpg,2,,off_target_fp,162,0,0.0,0.0,0.0,0.0,0,False
HYBRID_TALON,1,patient090,patient090_case01,IGM,IGM_patient055_0061.jpg,3,,off_target_fp,7,0,0.0,0.0,0.0,0.0,0,False
HYBRID_TALON,1,patient090,patient090_case01,IGM,IGM_patient055_0062.jpg,1,1.0,strong_75_plus,242,219,0.8171641791044776,0.9049586776859504,0.8171641791044776,0.7525773195876289,1,False
HYBRID_TALON,1,patient090,patient090_case01,IGM,IGM_patient055_0062.jpg,2,,off_target_fp,7,0,0.0,0.0,0.0,0.0,0,False
HYBRID_TALON,1,patient090,patient090_case01,IGM,IGM_patient055_0062.jpg,3,,off_target_fp,158,0,0.0,0.0,0.0,0.0,0,False
HYBRID_TALON,1,patient090,patient090_case01,IGM,IGM_patient055_0062.jpg,4,,off_target_fp,2,0,0.0,0.0,0.0,0.0,0,False
HYBRID_TALON,1,patient090,patient090_case01,IGM,IGM_patient055_0063.jpg,1,,off_target_fp,10,0,0.0,0.0,0.0,0.0,0,False
HYBRID_TALON,1,patient090,patient090_case01,IGM,IGM_patient055_0063.jpg,2,1.0,moderate_50_to_75,104,69,0.71875,0.6634615384615384,0.6634615384615384,0.5267175572519084,1,False
HYBRID_TALON,1,patient090,patient090_case01,IGM,IGM_patient055_0063.jpg,3,,off_target_fp,132,0,0.0,0.0,0.0,0.0,0,False
HYBRID_TALON,1,patient090,patient090_case01,IGM,IGM_patient055_0063.jpg,4,,off_target_fp,27,0,0.0,0.0,0.0,0.0,0,False
HYBRID_TALON,1,patient090,patient090_case01,IGM,IGM_patient055_0064.jpg,1,1.0,moderate_50_to_75,88,84,0.6774193548387096,0.9545454545454546,0.6774193548387096,0.65625,1,False
HYBRID_TALON,1,patient090,patient090_case01,IGM,IGM_patient055_0064.jpg,2,,off_target_fp,30,0,0.0,0.0,0.0,0.0,0,False
HYBRID_TALON,1,patient090,patient090_case01,IGM,IGM_patient055_0064.jpg,3,,off_target_fp,12,0,0.0,0.0,0.0,0.0,0,False
HYBRID_TALON,1,patient090,patient090_case01,IGM,IGM_patient055_0064.jpg,4,,off_target_fp,74,0,0.0,0.0,0.0,0.0,0,False
HYBRID_TALON,1,patient090,patient090_case01,IGM,IGM_patient055_0064.jpg,5,,off_target_fp,72,0,0.0,0.0,0.0,0.0,0,False
HYBRID_TALON,1,patient090,patient090_case01,IGM,IGM_patient055_0065.jpg,1,1.0,moderate_50_to_75,104,93,0.58125,0.8942307692307693,0.58125,0.543859649122807,1,False
HYBRID_TALON,1,patient090,patient090_case01,IGM,IGM_patient055_0065.jpg,2,,off_target_fp,2,0,0.0,0.0,0.0,0.0,0,False
HYBRID_TALON,1,patient090,patient090_case01,IGM,IGM_patient055_0065.jpg,3,,off_target_fp,6,0,0.0,0.0,0.0,0.0,0,False
HYBRID_TALON,1,patient090,patient090_case01,IGM,IGM_patient055_0065.jpg,4,,off_target_fp,9,0,0.0,0.0,0.0,0.0,0,False
HYBRID_TALON,1,patient090,patient090_case01,IGM,IGM_patient055_0065.jpg,5,,off_target_fp,49,0,0.0,0.0,0.0,0.0,0,False
HYBRID_TALON,1,patient090,patient090_case01,IGM,IGM_patient055_0066.jpg,1,1.0,strong_75_plus,206,173,0.8317307692307693,0.8398058252427184,0.8317307692307693,0.7178423236514523,1,False
HYBRID_TALON,1,patient090,patient090_case01,IGM,IGM_patient055_0066.jpg,2,,off_target_fp,8,0,0.0,0.0,0.0,0.0,0,False
HYBRID_TALON,1,patient090,patient090_case01,IGM,IGM_patient055_0066.jpg,3,,off_target_fp,2,0,0.0,0.0,0.0,0.0,0,False
HYBRID_TALON,1,patient090,patient090_case01,IGM,IGM_patient055_0067.jpg,1,,off_target_fp,1,0,0.0,0.0,0.0,0.0,0,False
HYBRID_TALON,1,patient090,patient090_case01,IGM,IGM_patient055_0067.jpg,2,1.0,strong_75_plus,190,172,0.8775510204081632,0.9052631578947369,0.8775510204081632,0.8037383177570093,1,False
HYBRID_TALON,1,patient090,patient090_case01,IGM,IGM_patient055_0067.jpg,3,,off_target_fp,1,0,0.0,0.0,0.0,0.0,0,False
HYBRID_TALON,1,patient090,patient090_case01,IGM,IGM_patient055_0067.jpg,4,,off_target_fp,11,0,0.0,0.0,0.0,0.0,0,False
HYBRID_TALON,1,patient090,patient090_case01,IGM,IGM_patient055_0067.jpg,5,,off_target_fp,2,0,0.0,0.0,0.0,0.0,0,False
HYBRID_TALON,1,patient090,patient090_case01,IGM,IGM_patient055_0067.jpg,6,,off_target_fp,5,0,0.0,0.0,0.0,0.0,0,False
HYBRID_TALON,1,patient090,patient090_case01,IGM,IGM_patient055_0068.jpg,1,1.0,strong_75_plus,190,164,0.9318181818181818,0.8631578947368421,0.8631578947368421,0.8118811881188119,1,False
HYBRID_TALON,1,patient090,patient090_case01,IGM,IGM_patient055_0068.jpg,2,,off_target_fp,107,0,0.0,0.0,0.0,0.0,0,False
HYBRID_TALON,1,patient090,patient090_case01,IGM,IGM_patient055_0069.jpg,1,1.0,strong_75_plus,143,120,0.9090909090909091,0.8391608391608392,0.8391608391608392,0.7741935483870968,1,False
HYBRID_TALON,1,patient090,patient090_case01,IGM,IGM_patient055_0069.jpg,2,,off_target_fp,156,0,0.0,0.0,0.0,0.0,0,False
HYBRID_TALON,1,patient090,patient090_case01,IGM,IGM_patient055_0070.jpg,1,1.0,partial_below_25,14,14,0.1,1.0,0.1,0.1,1,False
HYBRID_TALON,1,patient090,patient090_case01,IGM,IGM_patient055_0070.jpg,2,1.0,partial_below_25,15,15,0.10714285714285714,1.0,0.10714285714285714,0.10714285714285714,1,False
HYBRID_TALON,1,patient090,patient090_case01,IGM,IGM_patient055_0070.jpg,3,,off_target_fp,5,0,0.0,0.0,0.0,0.0,0,False
HYBRID_TALON,1,patient090,patient090_case01,IGM,IGM_patient055_0070.jpg,4,,off_target_fp,96,0,0.0,0.0,0.0,0.0,0,False
HYBRID_TALON,1,patient090,patient090_case01,IGM,IGM_patient055_0071.jpg,1,1.0,strong_75_plus,177,159,0.8112244897959183,0.8983050847457628,0.8112244897959183,0.7429906542056075,1,False
HYBRID_TALON,1,patient090,patient090_case01,IGM,IGM_patient055_0071.jpg,2,,off_target_fp,11,0,0.0,0.0,0.0,0.0,0,False
HYBRID_TALON,1,patient090,patient090_case01,IGM,IGM_patient055_0072.jpg,1,1.0,moderate_50_to_75,185,161,0.6708333333333333,0.8702702702702703,0.6708333333333333,0.6098484848484849,1,False
HYBRID_TALON,1,patient090,patient090_case01,IGM,IGM_patient055_0072.jpg,2,,off_target_fp,1,0,0.0,0.0,0.0,0.0,0,False
HYBRID_TALON,1,patient090,patient090_case01,IGM,IGM_patient055_0072.jpg,3,,off_target_fp,14,0,0.0,0.0,0.0,0.0,0,False
HYBRID_TALON,1,patient090,patient090_case01,IGM,IGM_patient055_0072.jpg,4,,off_target_fp,8,0,0.0,0.0,0.0,0.0,0,False
HYBRID_TALON,1,patient090,patient090_case01,IGM,IGM_patient055_0073.jpg,1,,off_target_fp,85,0,0.0,0.0,0.0,0.0,0,False
HYBRID_TALON,1,patient090,patient090_case01,IGM,IGM_patient055_0073.jpg,2,1.0,strong_75_plus,231,220,0.8208955223880597,0.9523809523809523,0.8208955223880597,0.7885304659498208,1,False
HYBRID_TALON,1,patient090,patient090_case01,IGM,IGM_patient055_0073.jpg,3,,off_target_fp,62,0,0.0,0.0,0.0,0.0,0,False
HYBRID_TALON,1,patient090,patient090_case01,IGM,IGM_patient055_0073.jpg,4,,off_target_fp,7,0,0.0,0.0,0.0,0.0,0,False
HYBRID_TALON,1,patient090,patient090_case01,IGM,IGM_patient055_0074.jpg,1,,off_target_fp,146,0,0.0,0.0,0.0,0.0,0,False
HYBRID_TALON,1,patient090,patient090_case01,IGM,IGM_patient055_0074.jpg,2,,off_target_fp,1,0,0.0,0.0,0.0,0.0,0,False
HYBRID_TALON,1,patient090,patient090_case01,IGM,IGM_patient055_0074.jpg,3,,off_target_fp,63,0,0.0,0.0,0.0,0.0,0,False
HYBRID_TALON,1,patient090,patient090_case01,IGM,IGM_patient055_0074.jpg,4,,off_target_fp,7,0,0.0,0.0,0.0,0.0,0,False
HYBRID_TALON,1,patient090,patient090_case01,IGM,IGM_patient055_0074.jpg,5,,off_target_fp,6,0,0.0,0.0,0.0,0.0,0,False
HYBRID_TALON,1,patient090,patient090_case01,IGM,IGM_patient055_0075.jpg,1,,off_target_fp,8,0,0.0,0.0,0.0,0.0,0,False
HYBRID_TALON,1,patient090,patient090_case01,IGM,IGM_patient055_0076.jpg,1,,off_target_fp,9,0,0.0,0.0,0.0,0.0,0,False
HYBRID_TALON,1,patient090,patient090_case01,IGM,IGM_patient055_0076.jpg,2,,off_target_fp,10,0,0.0,0.0,0.0,0.0,0,False
HYBRID_TALON,1,patient090,patient090_case01,IGM,IGM_patient055_0077.jpg,1,,off_target_fp,38,0,0.0,0.0,0.0,0.0,0,False
HYBRID_TALON,1,patient090,patient090_case01,IGM,IGM_patient055_0077.jpg,2,,off_target_fp,13,0,0.0,0.0,0.0,0.0,0,False
HYBRID_TALON,1,patient090,patient090_case01,IGM,IGM_patient055_0078.jpg,1,,off_target_fp,52,0,0.0,0.0,0.0,0.0,0,False
HYBRID_TALON,1,patient090,patient090_case01,IGM,IGM_patient055_0078.jpg,2,,off_target_fp,15,0,0.0,0.0,0.0,0.0,0,False
HYBRID_TALON,1,patient090,patient090_case01,IGM,IGM_patient055_0079.jpg,1,,off_target_fp,1,0,0.0,0.0,0.0,0.0,0,False
HYBRID_TALON,1,patient090,patient090_case01,IGM,IGM_patient055_0079.jpg,2,,off_target_fp,23,0,0.0,0.0,0.0,0.0,0,False
HYBRID_TALON,1,patient090,patient090_case01,IGM,IGM_patient055_0079.jpg,3,,off_target_fp,21,0,0.0,0.0,0.0,0.0,0,False
HYBRID_TALON,10,patient004,patient004_case01,IBC,IBC_patient011_0074.jpg,1,,off_target_fp,317,0,0.0,0.0,0.0,0.0,0,False
HYBRID_TALON,10,patient004,patient004_case01,IBC,IBC_patient011_0074.jpg,2,,off_target_fp,534,0,0.0,0.0,0.0,0.0,0,False
HYBRID_TALON,10,patient004,patient004_case01,IBC,IBC_patient011_0074.jpg,3,,off_target_fp,58,0,0.0,0.0,0.0,0.0,0,False
HYBRID_TALON,10,patient004,patient004_case01,IBC,IBC_patient011_0075.jpg,1,,off_target_fp,549,0,0.0,0.0,0.0,0.0,0,False
HYBRID_TALON,10,patient004,patient004_case01,IBC,IBC_patient011_0075.jpg,2,,off_target_fp,52,0,0.0,0.0,0.0,0.0,0,False
HYBRID_TALON,10,patient004,patient004_case01,IBC,IBC_patient011_0076.jpg,1,,off_target_fp,650,0,0.0,0.0,0.0,0.0,0,False
HYBRID_TALON,10,patient004,patient004_case01,IBC,IBC_patient011_0076.jpg,2,,off_target_fp,105,0,0.0,0.0,0.0,0.0,0,False
HYBRID_TALON,10,patient004,patient004_case01,IBC,IBC_patient011_0077.jpg,1,,off_target_fp,705,0,0.0,0.0,0.0,0.0,0,False
HYBRID_TALON,10,patient004,patient004_case01,IBC,IBC_patient011_0077.jpg,2,,off_target_fp,84,0,0.0,0.0,0.0,0.0,0,False
HYBRID_TALON,10,patient004,patient004_case01,IBC,IBC_patient011_0078.jpg,1,,off_target_fp,749,0,0.0,0.0,0.0,0.0,0,False
HYBRID_TALON,10,patient004,patient004_case01,IBC,IBC_patient011_0078.jpg,2,,off_target_fp,37,0,0.0,0.0,0.0,0.0,0,False
HYBRID_TALON,10,patient004,patient004_case01,IBC,IBC_patient011_0079.jpg,1,,off_target_fp,715,0,0.0,0.0,0.0,0.0,0,False
HYBRID_TALON,10,patient004,patient004_case01,IBC,IBC_patient011_0080.jpg,1,,off_target_fp,599,0,0.0,0.0,0.0,0.0,0,False
HYBRID_TALON,10,patient004,patient004_case01,IBC,IBC_patient011_0081.jpg,1,,off_target_fp,526,0,0.0,0.0,0.0,0.0,0,False
HYBRID_TALON,10,patient004,patient004_case01,IBC,IBC_patient011_0081.jpg,2,,off_target_fp,23,0,0.0,0.0,0.0,0.0,0,False
HYBRID_TALON,10,patient004,patient004_case01,IBC,IBC_patient011_0082.jpg,1,,off_target_fp,37,0,0.0,0.0,0.0,0.0,0,False
HYBRID_TALON,10,patient004,patient004_case01,IBC,IBC_patient011_0082.jpg,2,,off_target_fp,484,0,0.0,0.0,0.0,0.0,0,False
HYBRID_TALON,10,patient004,patient004_case01,IBC,IBC_patient011_0082.jpg,3,,off_target_fp,95,0,0.0,0.0,0.0,0.0,0,False
HYBRID_TALON,10,patient004,patient004_case01,IBC,IBC_patient011_0083.jpg,1,,off_target_fp,34,0,0.0,0.0,0.0,0.0,0,False
HYBRID_TALON,10,patient004,patient004_case01,IBC,IBC_patient011_0083.jpg,2,,off_target_fp,478,0,0.0,0.0,0.0,0.0,0,False
HYBRID_TALON,10,patient004,patient004_case01,IBC,IBC_patient011_0084.jpg,1,,off_target_fp,15,0,0.0,0.0,0.0,0.0,0,False
HYBRID_TALON,10,patient004,patient004_case01,IBC,IBC_patient011_0084.jpg,2,,off_target_fp,548,0,0.0,0.0,0.0,0.0,0,False
HYBRID_TALON,10,patient004,patient004_case01,IBC,IBC_patient011_0085.jpg,1,,off_target_fp,616,0,0.0,0.0,0.0,0.0,0,False
HYBRID_TALON,10,patient004,patient004_case01,IBC,IBC_patient011_0086.jpg,1,,off_target_fp,530,0,0.0,0.0,0.0,0.0,0,False
HYBRID_TALON,10,patient004,patient004_case01,IBC,IBC_patient011_0087.jpg,1,,off_target_fp,434,0,0.0,0.0,0.0,0.0,0,False
HYBRID_TALON,10,patient004,patient004_case01,IBC,IBC_patient011_0088.jpg,1,,off_target_fp,290,0,0.0,0.0,0.0,0.0,0,False
HYBRID_TALON,10,patient004,patient004_case01,IBC,IBC_patient011_0089.jpg,1,,off_target_fp,301,0,0.0,0.0,0.0,0.0,0,False
HYBRID_TALON,10,patient004,patient004_case01,IBC,IBC_patient011_0090.jpg,1,,off_target_fp,306,0,0.0,0.0,0.0,0.0,0,False
HYBRID_TALON,10,patient004,patient004_case01,IBC,IBC_patient011_0091.jpg,1,,off_target_fp,309,0,0.0,0.0,0.0,0.0,0,False
HYBRID_TALON,10,patient004,patient004_case01,IBC,IBC_patient011_0092.jpg,1,,off_target_fp,328,0,0.0,0.0,0.0,0.0,0,False
HYBRID_TALON,10,patient004,patient004_case01,IBC,IBC_patient011_0092.jpg,2,,off_target_fp,67,0,0.0,0.0,0.0,0.0,0,False
HYBRID_TALON,10,patient004,patient004_case01,IBC,IBC_patient011_0093.jpg,1,,off_target_fp,189,0,0.0,0.0,0.0,0.0,0,False
HYBRID_TALON,10,patient004,patient004_case01,IBC,IBC_patient011_0093.jpg,2,,off_target_fp,128,0,0.0,0.0,0.0,0.0,0,False
HYBRID_TALON,10,patient004,patient004_case01,IBC,IBC_patient011_0094.jpg,1,,off_target_fp,25,0,0.0,0.0,0.0,0.0,0,False
HYBRID_TALON,10,patient004,patient004_case01,IBC,IBC_patient011_0094.jpg,2,,off_target_fp,129,0,0.0,0.0,0.0,0.0,0,False
HYBRID_TALON,10,patient004,patient004_case01,IBC,IBC_patient011_0095.jpg,1,,off_target_fp,58,0,0.0,0.0,0.0,0.0,0,False
HYBRID_TALON,10,patient005,patient005_case01,IGM,IGM_patient011_0059.jpg,1,,off_target_fp,47,0,0.0,0.0,0.0,0.0,0,False
HYBRID_TALON,10,patient005,patient005_case01,IGM,IGM_patient011_0059.jpg,2,,off_target_fp,48,0,0.0,0.0,0.0,0.0,0,False
HYBRID_TALON,10,patient005,patient005_case01,IGM,IGM_patient011_0059.jpg,3,,off_target_fp,43,0,0.0,0.0,0.0,0.0,0,False
HYBRID_TALON,10,patient005,patient005_case01,IGM,IGM_patient011_0060.jpg,1,,off_target_fp,62,0,0.0,0.0,0.0,0.0,0,False
HYBRID_TALON,10,patient005,patient005_case01,IGM,IGM_patient011_0060.jpg,2,,off_target_fp,91,0,0.0,0.0,0.0,0.0,0,False
HYBRID_TALON,10,patient005,patient005_case01,IGM,IGM_patient011_0060.jpg,3,,off_target_fp,35,0,0.0,0.0,0.0,0.0,0,False
HYBRID_TALON,10,patient005,patient005_case01,IGM,IGM_patient011_0060.jpg,4,1.0,strong_75_plus,80,75,0.78125,0.9375,0.78125,0.7425742574257426,1,False
HYBRID_TALON,10,patient005,patient005_case01,IGM,IGM_patient011_0061.jpg,1,,off_target_fp,77,0,0.0,0.0,0.0,0.0,0,False
HYBRID_TALON,10,patient005,patient005_case01,IGM,IGM_patient011_0061.jpg,2,,off_target_fp,11,0,0.0,0.0,0.0,0.0,0,False
HYBRID_TALON,10,patient005,patient005_case01,IGM,IGM_patient011_0061.jpg,3,1.0,moderate_50_to_75,80,75,0.5859375,0.9375,0.5859375,0.5639097744360902,1,False
HYBRID_TALON,10,patient005,patient005_case01,IGM,IGM_patient011_0062.jpg,1,,off_target_fp,49,0,0.0,0.0,0.0,0.0,0,False
HYBRID_TALON,10,patient005,patient005_case01,IGM,IGM_patient011_0063.jpg,1,,off_target_fp,34,0,0.0,0.0,0.0,0.0,0,False
HYBRID_TALON,10,patient005,patient005_case01,IGM,IGM_patient011_0064.jpg,1,,off_target_fp,34,0,0.0,0.0,0.0,0.0,0,False
HYBRID_TALON,10,patient005,patient005_case01,IGM,IGM_patient011_0064.jpg,2,1.0,low_25_to_50,36,31,0.33695652173913043,0.8611111111111112,0.33695652173913043,0.31958762886597936,1,False
HYBRID_TALON,10,patient005,patient005_case01,IGM,IGM_patient011_0065.jpg,1,1.0,strong_75_plus,63,55,0.7638888888888888,0.873015873015873,0.7638888888888888,0.6875,1,False
HYBRID_TALON,10,patient005,patient005_case01,IGM,IGM_patient011_0066.jpg,1,,off_target_fp,11,0,0.0,0.0,0.0,0.0,0,False
HYBRID_TALON,10,patient005,patient005_case01,IGM,IGM_patient011_0066.jpg,2,,off_target_fp,55,0,0.0,0.0,0.0,0.0,0,False
HYBRID_TALON,10,patient005,patient005_case01,IGM,IGM_patient011_0066.jpg,3,1.0,moderate_50_to_75,18,16,0.5,0.8888888888888888,0.5,0.47058823529411764,1,False
HYBRID_TALON,10,patient015,patient015_case01,IGM,IGM_patient016_0052.jpg,1,1.0,moderate_50_to_75,155,115,0.8712121212121212,0.7419354838709677,0.7419354838709677,0.6686046511627907,1,False
HYBRID_TALON,10,patient015,patient015_case01,IGM,IGM_patient016_0053.jpg,1,1.0,moderate_50_to_75,184,155,0.7045454545454546,0.842391304347826,0.7045454545454546,0.6224899598393574,1,False
HYBRID_TALON,10,patient015,patient015_case01,IGM,IGM_patient016_0054.jpg,1,1.0,strong_75_plus,235,209,0.9166666666666666,0.8893617021276595,0.8893617021276595,0.8228346456692913,1,False
HYBRID_TALON,10,patient015,patient015_case01,IGM,IGM_patient016_0055.jpg,1,1.0,strong_75_plus,196,152,0.8837209302325582,0.7755102040816326,0.7755102040816326,0.7037037037037037,1,False
HYBRID_TALON,10,patient015,patient015_case01,IGM,IGM_patient016_0056.jpg,1,1.0,strong_75_plus,144,131,0.8397435897435898,0.9097222222222222,0.8397435897435898,0.7751479289940828,1,False
HYBRID_TALON,10,patient015,patient015_case01,IGM,IGM_patient016_0057.jpg,1,1.0,moderate_50_to_75,60,60,0.625,1.0,0.625,0.625,1,False
HYBRID_TALON,10,patient015,patient015_case01,IGM,IGM_patient016_0057.jpg,2,,off_target_fp,19,0,0.0,0.0,0.0,0.0,0,False
HYBRID_TALON,10,patient017,patient017_case01,IGM,IGM_patient017_0057.jpg,1,,off_target_fp,22,0,0.0,0.0,0.0,0.0,0,False
HYBRID_TALON,10,patient017,patient017_case01,IGM,IGM_patient017_0058.jpg,1,,off_target_fp,13,0,0.0,0.0,0.0,0.0,0,False
HYBRID_TALON,10,patient017,patient017_case01,IGM,IGM_patient017_0063.jpg,1,,off_target_fp,61,0,0.0,0.0,0.0,0.0,0,False
HYBRID_TALON,10,patient017,patient017_case01,IGM,IGM_patient017_0064.jpg,1,,off_target_fp,37,0,0.0,0.0,0.0,0.0,0,False
HYBRID_TALON,10,patient017,patient017_case01,IGM,IGM_patient017_0065.jpg,1,,off_target_fp,205,0,0.0,0.0,0.0,0.0,0,False
HYBRID_TALON,10,patient017,patient017_case01,IGM,IGM_patient017_0066.jpg,1,,off_target_fp,22,0,0.0,0.0,0.0,0.0,0,False
HYBRID_TALON,10,patient018,patient018_case01,IBC,IBC_patient018_0057.jpg,1,1.0,strong_75_plus,288,270,0.8132530120481928,0.9375,0.8132530120481928,0.7714285714285715,1,False
HYBRID_TALON,10,patient018,patient018_case01,IBC,IBC_patient018_0058.jpg,1,1.0,strong_75_plus,409,396,0.9,0.9682151589242054,0.9,0.8741721854304636,1,False
HYBRID_TALON,10,patient018,patient018_case01,IBC,IBC_patient018_0059.jpg,1,1.0,strong_75_plus,430,407,0.8925438596491229,0.9465116279069767,0.8925438596491229,0.8496868475991649,1,False
HYBRID_TALON,10,patient018,patient018_case01,IBC,IBC_patient018_0060.jpg,1,1.0,strong_75_plus,424,375,0.9868421052631579,0.8844339622641509,0.8844339622641509,0.8741258741258742,1,False
HYBRID_TALON,10,patient018,patient018_case01,IBC,IBC_patient018_0061.jpg,1,1.0,strong_75_plus,424,376,0.9791666666666666,0.8867924528301887,0.8867924528301887,0.8703703703703703,1,False
HYBRID_TALON,10,patient018,patient018_case01,IBC,IBC_patient018_0062.jpg,1,1.0,strong_75_plus,459,345,0.9583333333333334,0.7516339869281046,0.7516339869281046,0.7278481012658228,1,False
HYBRID_TALON,10,patient018,patient018_case01,IBC,IBC_patient018_0063.jpg,1,1.0,moderate_50_to_75,438,252,0.9545454545454546,0.5753424657534246,0.5753424657534246,0.56,1,False
HYBRID_TALON,10,patient018,patient018_case01,IBC,IBC_patient018_0063.jpg,2,,off_target_fp,29,0,0.0,0.0,0.0,0.0,0,False
HYBRID_TALON,10,patient018,patient018_case01,IBC,IBC_patient018_0064.jpg,1,1.0,low_25_to_50,442,146,0.9864864864864865,0.33031674208144796,0.33031674208144796,0.32882882882882886,1,False
HYBRID_TALON,10,patient103,patient103_case01,IGM,IGM_patient019_0053.jpg,1,,off_target_fp,314,0,0.0,0.0,0.0,0.0,0,False
HYBRID_TALON,10,patient103,patient103_case01,IGM,IGM_patient019_0053.jpg,2,,off_target_fp,76,0,0.0,0.0,0.0,0.0,0,False
HYBRID_TALON,10,patient103,patient103_case01,IGM,IGM_patient019_0053.jpg,3,1.0,strong_75_plus,111,108,0.7714285714285715,0.972972972972973,0.7714285714285715,0.7552447552447552,1,False
HYBRID_TALON,10,patient103,patient103_case01,IGM,IGM_patient019_0054.jpg,1,,off_target_fp,290,0,0.0,0.0,0.0,0.0,0,False
HYBRID_TALON,10,patient103,patient103_case01,IGM,IGM_patient019_0054.jpg,2,1.0,strong_75_plus,203,154,0.9390243902439024,0.7586206896551724,0.7586206896551724,0.7230046948356808,1,False
HYBRID_TALON,10,patient103,patient103_case01,IGM,IGM_patient019_0055.jpg,1,,off_target_fp,232,0,0.0,0.0,0.0,0.0,0,False
HYBRID_TALON,10,patient103,patient103_case01,IGM,IGM_patient019_0055.jpg,2,1.0,strong_75_plus,267,238,0.9444444444444444,0.8913857677902621,0.8913857677902621,0.8469750889679716,1,False
HYBRID_TALON,10,patient103,patient103_case01,IGM,IGM_patient019_0056.jpg,1,,off_target_fp,112,0,0.0,0.0,0.0,0.0,0,False
HYBRID_TALON,10,patient103,patient103_case01,IGM,IGM_patient019_0056.jpg,2,1.0,strong_75_plus,226,187,0.9540816326530612,0.827433628318584,0.827433628318584,0.7957446808510639,1,False
HYBRID_TALON,10,patient103,patient103_case01,IGM,IGM_patient019_0057.jpg,1,,off_target_fp,63,0,0.0,0.0,0.0,0.0,0,False
HYBRID_TALON,10,patient103,patient103_case01,IGM,IGM_patient019_0057.jpg,2,,off_target_fp,41,0,0.0,0.0,0.0,0.0,0,False
HYBRID_TALON,10,patient103,patient103_case01,IGM,IGM_patient019_0057.jpg,3,1.0,strong_75_plus,165,154,0.8369565217391305,0.9333333333333333,0.8369565217391305,0.7897435897435897,1,False
HYBRID_TALON,10,patient039,patient039_case01,IBC,IBC_patient002_0118.jpg,1,1.0,partial_below_25,16,16,0.027777777777777776,1.0,0.027777777777777776,0.027777777777777776,1,False
HYBRID_TALON,10,patient039,patient039_case01,IBC,IBC_patient002_0118.jpg,2,1.0,low_25_to_50,229,208,0.3611111111111111,0.9082969432314411,0.3611111111111111,0.34840871021775544,1,False
HYBRID_TALON,10,patient039,patient039_case01,IBC,IBC_patient002_0119.jpg,1,1.0,strong_75_plus,690,641,0.9157142857142857,0.9289855072463769,0.9157142857142857,0.855807743658211,1,False
HYBRID_TALON,10,patient039,patient039_case01,IBC,IBC_patient002_0120.jpg,1,1.0,strong_75_plus,855,742,0.9228855721393034,0.8678362573099415,0.8678362573099415,0.8091603053435115,1,False
HYBRID_TALON,10,patient039,patient039_case01,IBC,IBC_patient002_0121.jpg,1,1.0,strong_75_plus,989,904,0.9262295081967213,0.9140546006066734,0.9140546006066734,0.8520263901979265,1,False
HYBRID_TALON,10,patient039,patient039_case01,IBC,IBC_patient002_0122.jpg,1,1.0,strong_75_plus,1120,1036,0.9487179487179487,0.925,0.925,0.8809523809523809,1,False
HYBRID_TALON,10,patient039,patient039_case01,IBC,IBC_patient002_0123.jpg,1,1.0,strong_75_plus,1233,1144,0.9407894736842105,0.9278183292781833,0.9278183292781833,0.8766283524904215,1,False
HYBRID_TALON,10,patient039,patient039_case01,IBC,IBC_patient002_0124.jpg,1,1.0,strong_75_plus,1306,1221,0.9509345794392523,0.9349157733537519,0.9349157733537519,0.8918918918918919,1,False
HYBRID_TALON,10,patient039,patient039_case01,IBC,IBC_patient002_0125.jpg,1,1.0,strong_75_plus,1325,1238,0.9493865030674846,0.9343396226415094,0.9343396226415094,0.8900071890726097,1,False
HYBRID_TALON,10,patient039,patient039_case01,IBC,IBC_patient002_0126.jpg,1,1.0,strong_75_plus,1294,1198,0.9021084337349398,0.9258114374034003,0.9021084337349398,0.8412921348314607,1,False
HYBRID_TALON,10,patient039,patient039_case01,IBC,IBC_patient002_0127.jpg,1,1.0,strong_75_plus,1346,1303,0.9280626780626781,0.9680534918276374,0.9280626780626781,0.9004837595024188,1,False
HYBRID_TALON,10,patient039,patient039_case01,IBC,IBC_patient002_0128.jpg,1,1.0,strong_75_plus,1374,1316,0.9619883040935673,0.9577874818049491,0.9577874818049491,0.9228611500701263,1,False
HYBRID_TALON,10,patient039,patient039_case01,IBC,IBC_patient002_0129.jpg,1,1.0,strong_75_plus,1367,1284,0.9469026548672567,0.9392831016825165,0.9392831016825165,0.8922863099374566,1,False
HYBRID_TALON,10,patient039,patient039_case01,IBC,IBC_patient002_0130.jpg,1,1.0,strong_75_plus,1323,1260,0.9545454545454546,0.9523809523809523,0.9523809523809523,0.911062906724512,1,False
HYBRID_TALON,10,patient039,patient039_case01,IBC,IBC_patient002_0131.jpg,1,1.0,strong_75_plus,1245,1196,0.9614147909967846,0.9606425702811245,0.9606425702811245,0.9249806651198763,1,False
HYBRID_TALON,10,patient039,patient039_case01,IBC,IBC_patient002_0132.jpg,1,1.0,strong_75_plus,1135,1088,0.8859934853420195,0.958590308370044,0.8859934853420195,0.8533333333333334,1,False
HYBRID_TALON,10,patient039,patient039_case01,IBC,IBC_patient002_0133.jpg,1,1.0,strong_75_plus,1062,1044,0.8338658146964856,0.9830508474576272,0.8338658146964856,0.8220472440944881,1,False
HYBRID_TALON,10,patient039,patient039_case01,IBC,IBC_patient002_0134.jpg,1,1.0,strong_75_plus,1016,1013,0.8065286624203821,0.9970472440944882,0.8065286624203821,0.8046068308181096,1,False
HYBRID_TALON,10,patient039,patient039_case01,IBC,IBC_patient002_0135.jpg,1,1.0,strong_75_plus,966,956,0.7966666666666666,0.989648033126294,0.7966666666666666,0.7900826446280992,1,False
HYBRID_TALON,10,patient039,patient039_case01,IBC,IBC_patient002_0136.jpg,1,1.0,strong_75_plus,884,829,0.8707983193277311,0.9377828054298643,0.8707983193277311,0.8232373386295928,1,False
HYBRID_TALON,10,patient039,patient039_case01,IBC,IBC_patient002_0137.jpg,1,1.0,moderate_50_to_75,687,655,0.7213656387665198,0.9534206695778749,0.7213656387665198,0.6968085106382979,1,False
HYBRID_TALON,10,patient039,patient039_case01,IBC,IBC_patient002_0138.jpg,1,1.0,low_25_to_50,455,423,0.4895833333333333,0.9296703296703297,0.4895833333333333,0.4720982142857143,1,False
HYBRID_TALON,10,patient039,patient039_case01,IBC,IBC_patient002_0138.jpg,2,1.0,partial_below_25,29,29,0.03356481481481482,1.0,0.03356481481481482,0.03356481481481482,1,False
HYBRID_TALON,10,patient039,patient039_case01,IBC,IBC_patient002_0139.jpg,1,1.0,low_25_to_50,355,354,0.4097222222222222,0.9971830985915493,0.4097222222222222,0.4092485549132948,1,False
HYBRID_TALON,10,patient039,patient039_case01,IBC,IBC_patient002_0140.jpg,1,1.0,low_25_to_50,321,303,0.4303977272727273,0.9439252336448598,0.4303977272727273,0.4196675900277008,1,False
HYBRID_TALON,10,patient039,patient039_case01,IBC,IBC_patient002_0141.jpg,1,1.0,low_25_to_50,260,254,0.4703703703703704,0.9769230769230769,0.4703703703703704,0.4652014652014652,1,False
HYBRID_TALON,10,patient039,patient039_case01,IBC,IBC_patient002_0142.jpg,1,,off_target_fp,21,0,0.0,0.0,0.0,0.0,0,False
HYBRID_TALON,10,patient039,patient039_case01,IBC,IBC_patient002_0142.jpg,2,1.0,partial_below_25,21,21,0.0860655737704918,1.0,0.0860655737704918,0.0860655737704918,1,False
HYBRID_TALON,10,patient103,patient103_case02,IGM,IGM_patient020_0051.jpg,1,1.0,strong_75_plus,147,137,0.85625,0.9319727891156463,0.85625,0.8058823529411765,1,False
HYBRID_TALON,10,patient103,patient103_case02,IGM,IGM_patient020_0051.jpg,2,,off_target_fp,127,0,0.0,0.0,0.0,0.0,0,False
HYBRID_TALON,10,patient103,patient103_case02,IGM,IGM_patient020_0052.jpg,1,1.0,strong_75_plus,268,243,0.9204545454545454,0.9067164179104478,0.9067164179104478,0.8408304498269896,1,False
HYBRID_TALON,10,patient103,patient103_case02,IGM,IGM_patient020_0052.jpg,2,,off_target_fp,116,0,0.0,0.0,0.0,0.0,0,False
HYBRID_TALON,10,patient103,patient103_case02,IGM,IGM_patient020_0053.jpg,1,1.0,strong_75_plus,314,291,0.9448051948051948,0.9267515923566879,0.9267515923566879,0.879154078549849,1,False
HYBRID_TALON,10,patient103,patient103_case02,IGM,IGM_patient020_0053.jpg,2,,off_target_fp,76,0,0.0,0.0,0.0,0.0,0,False
HYBRID_TALON,10,patient103,patient103_case02,IGM,IGM_patient020_0053.jpg,3,,off_target_fp,111,0,0.0,0.0,0.0,0.0,0,False
HYBRID_TALON,10,patient103,patient103_case02,IGM,IGM_patient020_0054.jpg,1,1.0,strong_75_plus,290,258,0.9485294117647058,0.8896551724137931,0.8896551724137931,0.8486842105263158,1,False
HYBRID_TALON,10,patient103,patient103_case02,IGM,IGM_patient020_0054.jpg,2,,off_target_fp,203,0,0.0,0.0,0.0,0.0,0,False
HYBRID_TALON,10,patient103,patient103_case02,IGM,IGM_patient020_0055.jpg,1,1.0,strong_75_plus,232,209,0.9330357142857143,0.9008620689655172,0.9008620689655172,0.8461538461538461,1,False
HYBRID_TALON,10,patient103,patient103_case02,IGM,IGM_patient020_0055.jpg,2,,off_target_fp,267,0,0.0,0.0,0.0,0.0,0,False
HYBRID_TALON,10,patient103,patient103_case02,IGM,IGM_patient020_0056.jpg,1,1.0,strong_75_plus,112,98,0.9074074074074074,0.875,0.875,0.8032786885245902,1,False
HYBRID_TALON,10,patient103,patient103_case02,IGM,IGM_patient020_0056.jpg,2,,off_target_fp,226,0,0.0,0.0,0.0,0.0,0,False
HYBRID_TALON,10,patient026,patient026_case01,IGM,IGM_patient022_0054.jpg,1,1.0,strong_75_plus,91,90,0.8333333333333334,0.989010989010989,0.8333333333333334,0.8256880733944955,1,False
HYBRID_TALON,10,patient026,patient026_case01,IGM,IGM_patient022_0055.jpg,1,1.0,strong_75_plus,178,168,0.9130434782608695,0.9438202247191011,0.9130434782608695,0.865979381443299,1,False
HYBRID_TALON,10,patient026,patient026_case01,IGM,IGM_patient022_0055.jpg,2,,off_target_fp,66,0,0.0,0.0,0.0,0.0,0,False
HYBRID_TALON,10,patient026,patient026_case01,IGM,IGM_patient022_0056.jpg,1,1.0,strong_75_plus,194,176,0.88,0.9072164948453608,0.88,0.8073394495412844,1,False
HYBRID_TALON,10,patient026,patient026_case01,IGM,IGM_patient022_0056.jpg,2,,off_target_fp,110,0,0.0,0.0,0.0,0.0,0,False
HYBRID_TALON,10,patient026,patient026_case01,IGM,IGM_patient022_0056.jpg,3,,off_target_fp,38,0,0.0,0.0,0.0,0.0,0,False
HYBRID_TALON,10,patient026,patient026_case01,IGM,IGM_patient022_0057.jpg,1,1.0,strong_75_plus,159,151,0.8388888888888889,0.949685534591195,0.8388888888888889,0.8031914893617021,1,False
HYBRID_TALON,10,patient026,patient026_case01,IGM,IGM_patient022_0057.jpg,2,,off_target_fp,131,0,0.0,0.0,0.0,0.0,0,False
HYBRID_TALON,10,patient026,patient026_case01,IGM,IGM_patient022_0057.jpg,3,,off_target_fp,89,0,0.0,0.0,0.0,0.0,0,False
HYBRID_TALON,10,patient026,patient026_case01,IGM,IGM_patient022_0058.jpg,1,1.0,moderate_50_to_75,73,69,0.6634615384615384,0.9452054794520548,0.6634615384615384,0.6388888888888888,1,False
HYBRID_TALON,10,patient026,patient026_case01,IGM,IGM_patient022_0058.jpg,2,,off_target_fp,91,0,0.0,0.0,0.0,0.0,0,False
HYBRID_TALON,10,patient026,patient026_case01,IGM,IGM_patient022_0058.jpg,3,,off_target_fp,125,0,0.0,0.0,0.0,0.0,0,False
HYBRID_TALON,10,patient026,patient026_case01,IGM,IGM_patient022_0059.jpg,1,,off_target_fp,45,0,0.0,0.0,0.0,0.0,0,False
HYBRID_TALON,10,patient026,patient026_case01,IGM,IGM_patient022_0059.jpg,2,,off_target_fp,18,0,0.0,0.0,0.0,0.0,0,False
HYBRID_TALON,10,patient026,patient026_case01,IGM,IGM_patient022_0059.jpg,3,,off_target_fp,128,0,0.0,0.0,0.0,0.0,0,False
HYBRID_TALON,10,patient030,patient030_case01,IBC,IBC_patient025_0056.jpg,1,1.0,strong_75_plus,346,282,0.94,0.815028901734104,0.815028901734104,0.7747252747252747,1,False
HYBRID_TALON,10,patient030,patient030_case01,IBC,IBC_patient025_0057.jpg,1,1.0,strong_75_plus,1094,1031,0.9305054151624549,0.9424131627056673,0.9305054151624549,0.8804440649017934,1,False
HYBRID_TALON,10,patient030,patient030_case01,IBC,IBC_patient025_0058.jpg,1,1.0,strong_75_plus,1357,1277,0.9389705882352941,0.9410464259395726,0.9389705882352941,0.8868055555555555,1,False
HYBRID_TALON,10,patient030,patient030_case01,IBC,IBC_patient025_0058.jpg,2,,off_target_fp,22,0,0.0,0.0,0.0,0.0,0,False
HYBRID_TALON,10,patient030,patient030_case01,IBC,IBC_patient025_0059.jpg,1,1.0,strong_75_plus,1562,1529,0.9323170731707318,0.9788732394366197,0.9323170731707318,0.9139270771069934,1,False
HYBRID_TALON,10,patient030,patient030_case01,IBC,IBC_patient025_0060.jpg,1,1.0,strong_75_plus,1681,1632,0.9379310344827586,0.9708506841165973,0.9379310344827586,0.9122414756847401,1,False
HYBRID_TALON,10,patient030,patient030_case01,IBC,IBC_patient025_0061.jpg,1,1.0,strong_75_plus,1646,1568,0.9560975609756097,0.9526123936816525,0.9526123936816525,0.9126891734575088,1,False
HYBRID_TALON,10,patient030,patient030_case01,IBC,IBC_patient025_0062.jpg,1,1.0,strong_75_plus,1509,1473,0.9540155440414507,0.9761431411530815,0.9540155440414507,0.9322784810126582,1,False
HYBRID_TALON,10,patient030,patient030_case01,IBC,IBC_patient025_0063.jpg,1,1.0,strong_75_plus,1324,1278,0.9537313432835821,0.9652567975830816,0.9537313432835821,0.922077922077922,1,False
HYBRID_TALON,10,patient030,patient030_case01,IBC,IBC_patient025_0063.jpg,2,,off_target_fp,13,0,0.0,0.0,0.0,0.0,0,False
HYBRID_TALON,10,patient030,patient030_case01,IBC,IBC_patient025_0064.jpg,1,1.0,strong_75_plus,990,977,0.884963768115942,0.9868686868686869,0.884963768115942,0.8746642793196061,1,False
HYBRID_TALON,10,patient030,patient030_case01,IBC,IBC_patient025_0064.jpg,2,,off_target_fp,10,0,0.0,0.0,0.0,0.0,0,False
HYBRID_TALON,10,patient030,patient030_case01,IBC,IBC_patient025_0065.jpg,1,1.0,strong_75_plus,729,706,0.9540540540540541,0.9684499314128944,0.9540540540540541,0.9252948885976409,1,False
HYBRID_TALON,10,patient030,patient030_case01,IBC,IBC_patient025_0066.jpg,1,1.0,strong_75_plus,692,682,0.9166666666666666,0.9855491329479769,0.9166666666666666,0.9045092838196287,1,False
HYBRID_TALON,10,patient030,patient030_case01,IBC,IBC_patient025_0066.jpg,2,,off_target_fp,10,0,0.0,0.0,0.0,0.0,0,False
HYBRID_TALON,10,patient030,patient030_case01,IBC,IBC_patient025_0067.jpg,1,1.0,strong_75_plus,612,569,0.9358552631578947,0.9297385620915033,0.9297385620915033,0.8740399385560675,1,False
HYBRID_TALON,10,patient030,patient030_case01,IBC,IBC_patient025_0067.jpg,2,,off_target_fp,22,0,0.0,0.0,0.0,0.0,0,False
HYBRID_TALON,10,patient030,patient030_case01,IBC,IBC_patient025_0068.jpg,1,1.0,strong_75_plus,466,446,0.8991935483870968,0.9570815450643777,0.8991935483870968,0.8643410852713178,1,False
HYBRID_TALON,10,patient030,patient030_case01,IBC,IBC_patient025_0068.jpg,2,,off_target_fp,10,0,0.0,0.0,0.0,0.0,0,False
HYBRID_TALON,10,patient030,patient030_case01,IBC,IBC_patient025_0069.jpg,1,,off_target_fp,50,0,0.0,0.0,0.0,0.0,0,False
HYBRID_TALON,10,patient030,patient030_case01,IBC,IBC_patient025_0069.jpg,2,1.0,moderate_50_to_75,114,111,0.676829268292683,0.9736842105263158,0.676829268292683,0.6646706586826348,1,False
HYBRID_TALON,10,patient033,patient033_case01,IBC,IBC_patient027_0056.jpg,1,1.0,partial_below_25,10,10,0.16666666666666666,1.0,0.16666666666666666,0.16666666666666666,1,False
HYBRID_TALON,10,patient033,patient033_case01,IBC,IBC_patient027_0057.jpg,1,1.0,strong_75_plus,218,174,0.9666666666666667,0.7981651376146789,0.7981651376146789,0.7767857142857143,1,False
HYBRID_TALON,10,patient033,patient033_case01,IBC,IBC_patient027_0058.jpg,1,1.0,strong_75_plus,267,245,0.9722222222222222,0.9176029962546817,0.9176029962546817,0.8941605839416058,1,False
HYBRID_TALON,10,patient033,patient033_case01,IBC,IBC_patient027_0058.jpg,2,,off_target_fp,11,0,0.0,0.0,0.0,0.0,0,False
HYBRID_TALON,10,patient033,patient033_case01,IBC,IBC_patient027_0059.jpg,1,,off_target_fp,17,0,0.0,0.0,0.0,0.0,0,False
HYBRID_TALON,10,patient033,patient033_case01,IBC,IBC_patient027_0059.jpg,2,1.0,strong_75_plus,336,307,0.959375,0.9136904761904762,0.9136904761904762,0.8796561604584527,1,False
HYBRID_TALON,10,patient033,patient033_case01,IBC,IBC_patient027_0059.jpg,3,,off_target_fp,22,0,0.0,0.0,0.0,0.0,0,False
HYBRID_TALON,10,patient033,patient033_case01,IBC,IBC_patient027_0060.jpg,1,,off_target_fp,14,0,0.0,0.0,0.0,0.0,0,False
HYBRID_TALON,10,patient033,patient033_case01,IBC,IBC_patient027_0060.jpg,2,1.0,strong_75_plus,384,316,0.9753086419753086,0.8229166666666666,0.8229166666666666,0.8061224489795918,1,False
HYBRID_TALON,10,patient033,patient033_case01,IBC,IBC_patient027_0060.jpg,3,,off_target_fp,30,0,0.0,0.0,0.0,0.0,0,False
HYBRID_TALON,10,patient033,patient033_case01,IBC,IBC_patient027_0061.jpg,1,,off_target_fp,22,0,0.0,0.0,0.0,0.0,0,False
HYBRID_TALON,10,patient033,patient033_case01,IBC,IBC_patient027_0061.jpg,2,1.0,strong_75_plus,339,285,0.95,0.8407079646017699,0.8407079646017699,0.8050847457627118,1,False
HYBRID_TALON,10,patient033,patient033_case01,IBC,IBC_patient027_0061.jpg,3,,off_target_fp,38,0,0.0,0.0,0.0,0.0,0,False
HYBRID_TALON,10,patient033,patient033_case01,IBC,IBC_patient027_0062.jpg,1,,off_target_fp,156,0,0.0,0.0,0.0,0.0,0,False
HYBRID_TALON,10,patient033,patient033_case01,IBC,IBC_patient027_0062.jpg,2,1.0,moderate_50_to_75,258,140,0.9722222222222222,0.5426356589147286,0.5426356589147286,0.5343511450381679,1,False
HYBRID_TALON,10,patient033,patient033_case01,IBC,IBC_patient027_0063.jpg,1,,off_target_fp,23,0,0.0,0.0,0.0,0.0,0,False
HYBRID_TALON,10,patient033,patient033_case01,IBC,IBC_patient027_0063.jpg,2,1.0,low_25_to_50,179,63,0.984375,0.35195530726256985,0.35195530726256985,0.35,1,False
HYBRID_TALON,10,patient036,patient036_case01,IGM,IGM_patient029_0052.jpg,1,,off_target_fp,45,0,0.0,0.0,0.0,0.0,0,False
HYBRID_TALON,10,patient036,patient036_case01,IGM,IGM_patient029_0054.jpg,1,1.0,moderate_50_to_75,113,101,0.7426470588235294,0.8938053097345132,0.7426470588235294,0.6824324324324325,1,False
HYBRID_TALON,10,patient036,patient036_case01,IGM,IGM_patient029_0055.jpg,1,1.0,strong_75_plus,115,107,0.8359375,0.9304347826086956,0.8359375,0.7867647058823529,1,False
HYBRID_TALON,10,patient058,patient058_case01,IBC,IBC_patient003_0151.jpg,1,1.0,moderate_50_to_75,379,293,0.6659090909090909,0.7730870712401056,0.6659090909090909,0.5570342205323194,1,False
HYBRID_TALON,10,patient058,patient058_case01,IBC,IBC_patient003_0152.jpg,1,1.0,low_25_to_50,364,350,0.46296296296296297,0.9615384615384616,0.46296296296296297,0.45454545454545453,1,False
HYBRID_TALON,10,patient058,patient058_case01,IBC,IBC_patient003_0152.jpg,2,,off_target_fp,99,0,0.0,0.0,0.0,0.0,0,False
HYBRID_TALON,10,patient058,patient058_case01,IBC,IBC_patient003_0153.jpg,1,1.0,low_25_to_50,504,481,0.3611111111111111,0.9543650793650794,0.3611111111111111,0.3549815498154982,1,False
HYBRID_TALON,10,patient058,patient058_case01,IBC,IBC_patient003_0153.jpg,2,,off_target_fp,138,0,0.0,0.0,0.0,0.0,0,False
HYBRID_TALON,10,patient058,patient058_case01,IBC,IBC_patient003_0154.jpg,1,1.0,low_25_to_50,657,606,0.41735537190082644,0.9223744292237442,0.41735537190082644,0.4031936127744511,1,False
HYBRID_TALON,10,patient058,patient058_case01,IBC,IBC_patient003_0154.jpg,2,,off_target_fp,146,0,0.0,0.0,0.0,0.0,0,False
HYBRID_TALON,10,patient058,patient058_case01,IBC,IBC_patient003_0155.jpg,1,1.0,moderate_50_to_75,900,857,0.517512077294686,0.9522222222222222,0.517512077294686,0.5044143613890524,1,False
HYBRID_TALON,10,patient058,patient058_case01,IBC,IBC_patient003_0155.jpg,2,,off_target_fp,58,0,0.0,0.0,0.0,0.0,0,False
HYBRID_TALON,10,patient058,patient058_case01,IBC,IBC_patient003_0155.jpg,3,,off_target_fp,11,0,0.0,0.0,0.0,0.0,0,False
HYBRID_TALON,10,patient058,patient058_case01,IBC,IBC_patient003_0156.jpg,1,1.0,moderate_50_to_75,1152,1086,0.6557971014492754,0.9427083333333334,0.6557971014492754,0.6306620209059234,1,False
HYBRID_TALON,10,patient058,patient058_case01,IBC,IBC_patient003_0156.jpg,2,,off_target_fp,64,0,0.0,0.0,0.0,0.0,0,False
HYBRID_TALON,10,patient058,patient058_case01,IBC,IBC_patient003_0156.jpg,3,,off_target_fp,20,0,0.0,0.0,0.0,0.0,0,False
HYBRID_TALON,10,patient058,patient058_case01,IBC,IBC_patient003_0157.jpg,1,1.0,moderate_50_to_75,1421,1270,0.7298850574712644,0.8937368050668544,0.7298850574712644,0.671602326811211,1,False
HYBRID_TALON,10,patient058,patient058_case01,IBC,IBC_patient003_0157.jpg,2,,off_target_fp,28,0,0.0,0.0,0.0,0.0,0,False
HYBRID_TALON,10,patient058,patient058_case01,IBC,IBC_patient003_0157.jpg,3,,off_target_fp,12,0,0.0,0.0,0.0,0.0,0,False
HYBRID_TALON,10,patient058,patient058_case01,IBC,IBC_patient003_0157.jpg,4,,off_target_fp,20,0,0.0,0.0,0.0,0.0,0,False
HYBRID_TALON,10,patient058,patient058_case01,IBC,IBC_patient003_0158.jpg,1,1.0,moderate_50_to_75,1476,1323,0.7221615720524017,0.8963414634146342,0.7221615720524017,0.6664987405541561,1,False
HYBRID_TALON,10,patient058,patient058_case01,IBC,IBC_patient003_0158.jpg,2,,off_target_fp,19,0,0.0,0.0,0.0,0.0,0,False
HYBRID_TALON,10,patient058,patient058_case01,IBC,IBC_patient003_0159.jpg,1,1.0,moderate_50_to_75,1503,1381,0.7207724425887265,0.9188290086493679,0.7207724425887265,0.6776251226692837,1,False
HYBRID_TALON,10,patient058,patient058_case01,IBC,IBC_patient003_0159.jpg,2,,off_target_fp,84,0,0.0,0.0,0.0,0.0,0,False
HYBRID_TALON,10,patient058,patient058_case01,IBC,IBC_patient003_0160.jpg,1,1.0,moderate_50_to_75,1385,1232,0.6099009900990099,0.8895306859205776,0.6099009900990099,0.5669581224114127,1,False
HYBRID_TALON,10,patient058,patient058_case01,IBC,IBC_patient003_0160.jpg,2,,off_target_fp,91,0,0.0,0.0,0.0,0.0,0,False
HYBRID_TALON,10,patient058,patient058_case01,IBC,IBC_patient003_0161.jpg,1,1.0,moderate_50_to_75,1205,1068,0.5276679841897233,0.8863070539419087,0.5276679841897233,0.4942156409069875,1,False
HYBRID_TALON,10,patient058,patient058_case01,IBC,IBC_patient003_0161.jpg,2,,off_target_fp,160,0,0.0,0.0,0.0,0.0,0,False
HYBRID_TALON,10,patient058,patient058_case01,IBC,IBC_patient003_0162.jpg,1,1.0,low_25_to_50,894,851,0.41552734375,0.9519015659955258,0.41552734375,0.4069823051171688,1,False
HYBRID_TALON,10,patient058,patient058_case01,IBC,IBC_patient003_0162.jpg,2,,off_target_fp,199,0,0.0,0.0,0.0,0.0,0,False
HYBRID_TALON,10,patient058,patient058_case01,IBC,IBC_patient003_0163.jpg,1,1.0,low_25_to_50,786,725,0.3413370998116761,0.9223918575063613,0.3413370998116761,0.3318077803203661,1,False
HYBRID_TALON,10,patient058,patient058_case01,IBC,IBC_patient003_0163.jpg,2,,off_target_fp,202,0,0.0,0.0,0.0,0.0,0,False
HYBRID_TALON,10,patient058,patient058_case01,IBC,IBC_patient003_0164.jpg,1,1.0,low_25_to_50,643,625,0.28617216117216115,0.9720062208398134,0.28617216117216115,0.28383287920072664,1,False
HYBRID_TALON,10,patient058,patient058_case01,IBC,IBC_patient003_0164.jpg,2,,off_target_fp,189,0,0.0,0.0,0.0,0.0,0,False
HYBRID_TALON,10,patient058,patient058_case01,IBC,IBC_patient003_0165.jpg,1,,off_target_fp,151,0,0.0,0.0,0.0,0.0,0,False
HYBRID_TALON,10,patient058,patient058_case01,IBC,IBC_patient003_0166.jpg,1,,off_target_fp,46,0,0.0,0.0,0.0,0.0,0,False
HYBRID_TALON,10,patient041,patient041_case01,IGM,IGM_patient031_0054.jpg,1,1.0,low_25_to_50,75,74,0.39361702127659576,0.9866666666666667,0.39361702127659576,0.3915343915343915,1,False
HYBRID_TALON,10,patient041,patient041_case01,IGM,IGM_patient031_0055.jpg,1,1.0,partial_below_25,18,18,0.06164383561643835,1.0,0.06164383561643835,0.06164383561643835,1,False
HYBRID_TALON,10,patient041,patient041_case01,IGM,IGM_patient031_0058.jpg,1,,off_target_fp,12,0,0.0,0.0,0.0,0.0,0,False
HYBRID_TALON,10,patient047,patient047_case01,IBC,IBC_patient035_0131.jpg,1,,off_target_fp,67,0,0.0,0.0,0.0,0.0,0,False
HYBRID_TALON,10,patient047,patient047_case01,IBC,IBC_patient035_0131.jpg,2,1.0,strong_75_plus,319,296,0.8604651162790697,0.9278996865203761,0.8604651162790697,0.8065395095367848,1,False
HYBRID_TALON,10,patient047,patient047_case01,IBC,IBC_patient035_0132.jpg,1,1.0,strong_75_plus,367,321,0.9553571428571429,0.8746594005449592,0.8746594005449592,0.8403141361256544,1,False
HYBRID_TALON,10,patient047,patient047_case01,IBC,IBC_patient035_0133.jpg,1,1.0,strong_75_plus,398,373,0.8966346153846154,0.9371859296482412,0.8966346153846154,0.8458049886621315,1,False
HYBRID_TALON,10,patient047,patient047_case01,IBC,IBC_patient035_0133.jpg,2,,off_target_fp,88,0,0.0,0.0,0.0,0.0,0,False
HYBRID_TALON,10,patient047,patient047_case01,IBC,IBC_patient035_0134.jpg,1,1.0,strong_75_plus,406,361,0.9025,0.8891625615763546,0.8891625615763546,0.8112359550561797,1,False
HYBRID_TALON,10,patient047,patient047_case01,IBC,IBC_patient035_0134.jpg,2,,off_target_fp,200,0,0.0,0.0,0.0,0.0,0,False
HYBRID_TALON,10,patient047,patient047_case01,IBC,IBC_patient035_0135.jpg,1,1.0,strong_75_plus,347,302,0.7626262626262627,0.8703170028818443,0.7626262626262627,0.6848072562358276,1,False
HYBRID_TALON,10,patient047,patient047_case01,IBC,IBC_patient035_0135.jpg,2,,off_target_fp,187,0,0.0,0.0,0.0,0.0,0,False
HYBRID_TALON,10,patient047,patient047_case01,IBC,IBC_patient035_0136.jpg,1,1.0,moderate_50_to_75,269,224,0.6666666666666666,0.8327137546468402,0.6666666666666666,0.5879265091863517,1,False
HYBRID_TALON,10,patient047,patient047_case01,IBC,IBC_patient035_0136.jpg,2,,off_target_fp,188,0,0.0,0.0,0.0,0.0,0,False
HYBRID_TALON,10,patient047,patient047_case01,IBC,IBC_patient035_0136.jpg,3,,off_target_fp,10,0,0.0,0.0,0.0,0.0,0,False
HYBRID_TALON,10,patient047,patient047_case01,IBC,IBC_patient035_0137.jpg,1,1.0,low_25_to_50,179,146,0.48026315789473684,0.8156424581005587,0.48026315789473684,0.4332344213649852,1,False
HYBRID_TALON,10,patient047,patient047_case01,IBC,IBC_patient035_0137.jpg,2,,off_target_fp,197,0,0.0,0.0,0.0,0.0,0,False
HYBRID_TALON,10,patient047,patient047_case01,IBC,IBC_patient035_0138.jpg,1,1.0,low_25_to_50,82,70,0.25735294117647056,0.8536585365853658,0.25735294117647056,0.24647887323943662,1,False
HYBRID_TALON,10,patient047,patient047_case01,IBC,IBC_patient035_0138.jpg,2,,off_target_fp,39,0,0.0,0.0,0.0,0.0,0,False
HYBRID_TALON,10,patient047,patient047_case01,IBC,IBC_patient035_0139.jpg,1,1.0,partial_below_25,54,50,0.22727272727272727,0.9259259259259259,0.22727272727272727,0.22321428571428573,1,False
HYBRID_TALON,10,patient055,patient055_case01,IBC,IBC_patient039_0065.jpg,1,,off_target_fp,964,0,0.0,0.0,0.0,0.0,0,False
HYBRID_TALON,10,patient055,patient055_case01,IBC,IBC_patient039_0065.jpg,2,,off_target_fp,116,0,0.0,0.0,0.0,0.0,0,False
HYBRID_TALON,10,patient055,patient055_case01,IBC,IBC_patient039_0065.jpg,3,,off_target_fp,115,0,0.0,0.0,0.0,0.0,0,False
HYBRID_TALON,10,patient055,patient055_case01,IBC,IBC_patient039_0066.jpg,1,,off_target_fp,840,0,0.0,0.0,0.0,0.0,0,False
HYBRID_TALON,10,patient055,patient055_case01,IBC,IBC_patient039_0066.jpg,2,,off_target_fp,208,0,0.0,0.0,0.0,0.0,0,False
HYBRID_TALON,10,patient055,patient055_case01,IBC,IBC_patient039_0067.jpg,1,,off_target_fp,231,0,0.0,0.0,0.0,0.0,0,False
HYBRID_TALON,10,patient055,patient055_case01,IBC,IBC_patient039_0067.jpg,2,,off_target_fp,493,0,0.0,0.0,0.0,0.0,0,False
HYBRID_TALON,10,patient055,patient055_case01,IBC,IBC_patient039_0068.jpg,1,,off_target_fp,251,0,0.0,0.0,0.0,0.0,0,False
HYBRID_TALON,10,patient055,patient055_case01,IBC,IBC_patient039_0068.jpg,2,,off_target_fp,45,0,0.0,0.0,0.0,0.0,0,False
HYBRID_TALON,10,patient055,patient055_case01,IBC,IBC_patient039_0068.jpg,3,,off_target_fp,16,0,0.0,0.0,0.0,0.0,0,False
HYBRID_TALON,10,patient055,patient055_case01,IBC,IBC_patient039_0069.jpg,1,,off_target_fp,141,0,0.0,0.0,0.0,0.0,0,False
HYBRID_TALON,10,patient055,patient055_case01,IBC,IBC_patient039_0069.jpg,2,,off_target_fp,29,0,0.0,0.0,0.0,0.0,0,False
HYBRID_TALON,10,patient055,patient055_case01,IBC,IBC_patient039_0069.jpg,3,,off_target_fp,189,0,0.0,0.0,0.0,0.0,0,False
HYBRID_TALON,10,patient055,patient055_case01,IBC,IBC_patient039_0070.jpg,1,,off_target_fp,12,0,0.0,0.0,0.0,0.0,0,False
HYBRID_TALON,10,patient055,patient055_case01,IBC,IBC_patient039_0070.jpg,2,,off_target_fp,83,0,0.0,0.0,0.0,0.0,0,False
HYBRID_TALON,10,patient055,patient055_case01,IBC,IBC_patient039_0070.jpg,3,,off_target_fp,39,0,0.0,0.0,0.0,0.0,0,False
HYBRID_TALON,10,patient055,patient055_case01,IBC,IBC_patient039_0070.jpg,4,,off_target_fp,240,0,0.0,0.0,0.0,0.0,0,False
HYBRID_TALON,10,patient055,patient055_case01,IBC,IBC_patient039_0071.jpg,1,,off_target_fp,61,0,0.0,0.0,0.0,0.0,0,False
HYBRID_TALON,10,patient055,patient055_case01,IBC,IBC_patient039_0071.jpg,2,,off_target_fp,153,0,0.0,0.0,0.0,0.0,0,False
HYBRID_TALON,10,patient055,patient055_case01,IBC,IBC_patient039_0072.jpg,1,,off_target_fp,59,0,0.0,0.0,0.0,0.0,0,False
HYBRID_TALON,10,patient055,patient055_case01,IBC,IBC_patient039_0072.jpg,2,,off_target_fp,96,0,0.0,0.0,0.0,0.0,0,False
HYBRID_TALON,10,patient055,patient055_case01,IBC,IBC_patient039_0073.jpg,1,,off_target_fp,52,0,0.0,0.0,0.0,0.0,0,False
HYBRID_TALON,10,patient055,patient055_case01,IBC,IBC_patient039_0073.jpg,2,,off_target_fp,94,0,0.0,0.0,0.0,0.0,0,False
HYBRID_TALON,10,patient055,patient055_case01,IBC,IBC_patient039_0073.jpg,3,,off_target_fp,81,0,0.0,0.0,0.0,0.0,0,False
HYBRID_TALON,10,patient055,patient055_case01,IBC,IBC_patient039_0074.jpg,1,,off_target_fp,59,0,0.0,0.0,0.0,0.0,0,False
HYBRID_TALON,10,patient059,patient059_case01,IBC,IBC_patient040_0059.jpg,1,,off_target_fp,116,0,0.0,0.0,0.0,0.0,0,False
HYBRID_TALON,10,patient059,patient059_case01,IBC,IBC_patient040_0060.jpg,1,,off_target_fp,14,0,0.0,0.0,0.0,0.0,0,False
HYBRID_TALON,10,patient059,patient059_case01,IBC,IBC_patient040_0060.jpg,2,1.0,strong_75_plus,125,101,0.9711538461538461,0.808,0.808,0.7890625,1,False
HYBRID_TALON,10,patient059,patient059_case01,IBC,IBC_patient040_0061.jpg,1,,off_target_fp,11,0,0.0,0.0,0.0,0.0,0,False
HYBRID_TALON,10,patient059,patient059_case01,IBC,IBC_patient040_0061.jpg,2,1.0,strong_75_plus,143,126,0.875,0.8811188811188811,0.875,0.782608695652174,1,False
HYBRID_TALON,10,patient059,patient059_case01,IBC,IBC_patient040_0062.jpg,1,,off_target_fp,19,0,0.0,0.0,0.0,0.0,0,False
HYBRID_TALON,10,patient059,patient059_case01,IBC,IBC_patient040_0062.jpg,2,1.0,strong_75_plus,166,144,0.782608695652174,0.8674698795180723,0.782608695652174,0.6990291262135923,1,False
HYBRID_TALON,10,patient059,patient059_case01,IBC,IBC_patient040_0063.jpg,1,,off_target_fp,63,0,0.0,0.0,0.0,0.0,0,False
HYBRID_TALON,10,patient059,patient059_case01,IBC,IBC_patient040_0063.jpg,2,,off_target_fp,14,0,0.0,0.0,0.0,0.0,0,False
HYBRID_TALON,10,patient059,patient059_case01,IBC,IBC_patient040_0063.jpg,3,1.0,strong_75_plus,208,200,0.7936507936507936,0.9615384615384616,0.7936507936507936,0.7692307692307693,1,False
HYBRID_TALON,10,patient059,patient059_case01,IBC,IBC_patient040_0064.jpg,1,,off_target_fp,53,0,0.0,0.0,0.0,0.0,0,False
HYBRID_TALON,10,patient059,patient059_case01,IBC,IBC_patient040_0064.jpg,2,1.0,strong_75_plus,213,175,0.8413461538461539,0.8215962441314554,0.8215962441314554,0.7113821138211383,1,False
HYBRID_TALON,10,patient059,patient059_case01,IBC,IBC_patient040_0065.jpg,1,,off_target_fp,31,0,0.0,0.0,0.0,0.0,0,False
HYBRID_TALON,10,patient059,patient059_case01,IBC,IBC_patient040_0065.jpg,2,,off_target_fp,15,0,0.0,0.0,0.0,0.0,0,False
HYBRID_TALON,10,patient059,patient059_case01,IBC,IBC_patient040_0065.jpg,3,1.0,strong_75_plus,258,233,0.8090277777777778,0.9031007751937985,0.8090277777777778,0.744408945686901,1,False
HYBRID_TALON,10,patient059,patient059_case01,IBC,IBC_patient040_0065.jpg,4,,off_target_fp,12,0,0.0,0.0,0.0,0.0,0,False
HYBRID_TALON,10,patient059,patient059_case01,IBC,IBC_patient040_0066.jpg,1,,off_target_fp,158,0,0.0,0.0,0.0,0.0,0,False
HYBRID_TALON,10,patient059,patient059_case01,IBC,IBC_patient040_0066.jpg,2,,off_target_fp,16,0,0.0,0.0,0.0,0.0,0,False
HYBRID_TALON,10,patient059,patient059_case01,IBC,IBC_patient040_0066.jpg,3,1.0,strong_75_plus,313,259,0.9119718309859155,0.8274760383386581,0.8274760383386581,0.7662721893491125,1,False
HYBRID_TALON,10,patient059,patient059_case01,IBC,IBC_patient040_0067.jpg,1,,off_target_fp,298,0,0.0,0.0,0.0,0.0,0,False
HYBRID_TALON,10,patient059,patient059_case01,IBC,IBC_patient040_0067.jpg,2,1.0,strong_75_plus,310,262,0.9632352941176471,0.8451612903225807,0.8451612903225807,0.81875,1,False
HYBRID_TALON,10,patient059,patient059_case01,IBC,IBC_patient040_0068.jpg,1,,off_target_fp,354,0,0.0,0.0,0.0,0.0,0,False
HYBRID_TALON,10,patient059,patient059_case01,IBC,IBC_patient040_0068.jpg,2,,off_target_fp,30,0,0.0,0.0,0.0,0.0,0,False
HYBRID_TALON,10,patient059,patient059_case01,IBC,IBC_patient040_0068.jpg,3,1.0,strong_75_plus,225,194,0.8220338983050848,0.8622222222222222,0.8220338983050848,0.7265917602996255,1,False
HYBRID_TALON,10,patient059,patient059_case01,IBC,IBC_patient040_0069.jpg,1,,off_target_fp,155,0,0.0,0.0,0.0,0.0,0,False
HYBRID_TALON,10,patient059,patient059_case01,IBC,IBC_patient040_0069.jpg,2,,off_target_fp,15,0,0.0,0.0,0.0,0.0,0,False
HYBRID_TALON,10,patient059,patient059_case01,IBC,IBC_patient040_0069.jpg,3,1.0,strong_75_plus,285,266,0.8012048192771084,0.9333333333333333,0.8012048192771084,0.7578347578347578,1,False
HYBRID_TALON,10,patient059,patient059_case01,IBC,IBC_patient040_0070.jpg,1,,off_target_fp,144,0,0.0,0.0,0.0,0.0,0,False
HYBRID_TALON,10,patient059,patient059_case01,IBC,IBC_patient040_0070.jpg,2,,off_target_fp,16,0,0.0,0.0,0.0,0.0,0,False
HYBRID_TALON,10,patient059,patient059_case01,IBC,IBC_patient040_0070.jpg,3,1.0,strong_75_plus,160,123,0.9609375,0.76875,0.76875,0.7454545454545455,1,False
HYBRID_TALON,10,patient059,patient059_case01,IBC,IBC_patient040_0070.jpg,4,,off_target_fp,10,0,0.0,0.0,0.0,0.0,0,False
HYBRID_TALON,10,patient064,patient064_case01,IGM,IGM_patient043_0054.jpg,1,1.0,moderate_50_to_75,369,293,0.7043269230769231,0.7940379403794038,0.7043269230769231,0.5955284552845529,1,False
HYBRID_TALON,10,patient064,patient064_case01,IGM,IGM_patient043_0054.jpg,2,,off_target_fp,12,0,0.0,0.0,0.0,0.0,0,False
HYBRID_TALON,10,patient064,patient064_case01,IGM,IGM_patient043_0055.jpg,1,1.0,moderate_50_to_75,498,459,0.7308917197452229,0.9216867469879518,0.7308917197452229,0.6881559220389805,1,False
HYBRID_TALON,10,patient064,patient064_case01,IGM,IGM_patient043_0056.jpg,1,1.0,moderate_50_to_75,554,453,0.6947852760736196,0.8176895306859205,0.6947852760736196,0.601593625498008,1,False
HYBRID_TALON,10,patient064,patient064_case01,IGM,IGM_patient043_0057.jpg,1,1.0,strong_75_plus,488,441,0.75,0.9036885245901639,0.75,0.694488188976378,1,False
HYBRID_TALON,10,patient064,patient064_case01,IGM,IGM_patient043_0058.jpg,1,1.0,strong_75_plus,544,456,0.8142857142857143,0.8382352941176471,0.8142857142857143,0.7037037037037037,1,False
HYBRID_TALON,10,patient064,patient064_case01,IGM,IGM_patient043_0059.jpg,1,,off_target_fp,125,0,0.0,0.0,0.0,0.0,0,False
HYBRID_TALON,10,patient064,patient064_case01,IGM,IGM_patient043_0059.jpg,2,1.0,moderate_50_to_75,488,432,0.6,0.8852459016393442,0.6,0.5567010309278351,1,False
HYBRID_TALON,10,patient064,patient064_case01,IGM,IGM_patient043_0060.jpg,1,,off_target_fp,181,0,0.0,0.0,0.0,0.0,0,False
HYBRID_TALON,10,patient064,patient064_case01,IGM,IGM_patient043_0060.jpg,2,,off_target_fp,203,0,0.0,0.0,0.0,0.0,0,False
HYBRID_TALON,10,patient064,patient064_case01,IGM,IGM_patient043_0060.jpg,3,1.0,low_25_to_50,318,275,0.4493464052287582,0.8647798742138365,0.4493464052287582,0.4198473282442748,1,False
HYBRID_TALON,10,patient064,patient064_case01,IGM,IGM_patient043_0061.jpg,1,,off_target_fp,175,0,0.0,0.0,0.0,0.0,0,False
HYBRID_TALON,10,patient064,patient064_case01,IGM,IGM_patient043_0061.jpg,2,,off_target_fp,220,0,0.0,0.0,0.0,0.0,0,False
HYBRID_TALON,10,patient068,patient068_case01,IBC,IBC_patient045_0009.jpg,1,,off_target_fp,365,0,0.0,0.0,0.0,0.0,0,False
HYBRID_TALON,10,patient068,patient068_case01,IBC,IBC_patient045_0010.jpg,1,,off_target_fp,537,0,0.0,0.0,0.0,0.0,0,False
HYBRID_TALON,10,patient068,patient068_case01,IBC,IBC_patient045_0062.jpg,1,,off_target_fp,12,0,0.0,0.0,0.0,0.0,0,False
HYBRID_TALON,10,patient068,patient068_case01,IBC,IBC_patient045_0062.jpg,2,1.0,moderate_50_to_75,41,40,0.7142857142857143,0.975609756097561,0.7142857142857143,0.7017543859649122,1,False
HYBRID_TALON,10,patient068,patient068_case01,IBC,IBC_patient045_0063.jpg,1,1.0,strong_75_plus,113,98,0.9423076923076923,0.8672566371681416,0.8672566371681416,0.8235294117647058,1,False
HYBRID_TALON,10,patient068,patient068_case01,IBC,IBC_patient045_0064.jpg,1,1.0,moderate_50_to_75,123,91,0.9891304347826086,0.7398373983739838,0.7398373983739838,0.7338709677419355,1,False
HYBRID_TALON,10,patient068,patient068_case01,IBC,IBC_patient045_0065.jpg,1,1.0,moderate_50_to_75,86,61,0.953125,0.7093023255813954,0.7093023255813954,0.6853932584269663,1,False
HYBRID_TALON,10,patient068,patient068_case01,IBC,IBC_patient045_0066.jpg,1,,off_target_fp,53,0,0.0,0.0,0.0,0.0,0,False
HYBRID_TALON,10,patient068,patient068_case01,IBC,IBC_patient045_0066.jpg,2,,off_target_fp,27,0,0.0,0.0,0.0,0.0,0,False
HYBRID_TALON,10,patient068,patient068_case01,IBC,IBC_patient045_0066.jpg,3,1.0,low_25_to_50,74,65,0.49242424242424243,0.8783783783783784,0.49242424242424243,0.46099290780141844,1,False
HYBRID_TALON,10,patient068,patient068_case01,IBC,IBC_patient045_0067.jpg,1,,off_target_fp,85,0,0.0,0.0,0.0,0.0,0,False
HYBRID_TALON,10,patient068,patient068_case01,IBC,IBC_patient045_0067.jpg,2,1.0,moderate_50_to_75,136,109,0.5561224489795918,0.8014705882352942,0.5561224489795918,0.48878923766816146,1,False
HYBRID_TALON,10,patient068,patient068_case01,IBC,IBC_patient045_0067.jpg,3,1.0,partial_below_25,22,22,0.11224489795918367,1.0,0.11224489795918367,0.11224489795918367,1,False
HYBRID_TALON,10,patient068,patient068_case01,IBC,IBC_patient045_0068.jpg,1,,off_target_fp,63,0,0.0,0.0,0.0,0.0,0,False
HYBRID_TALON,10,patient068,patient068_case01,IBC,IBC_patient045_0068.jpg,2,,off_target_fp,10,0,0.0,0.0,0.0,0.0,0,False
HYBRID_TALON,10,patient068,patient068_case01,IBC,IBC_patient045_0068.jpg,3,1.0,low_25_to_50,123,91,0.4375,0.7398373983739838,0.4375,0.37916666666666665,1,False
HYBRID_TALON,10,patient068,patient068_case01,IBC,IBC_patient045_0069.jpg,1,,off_target_fp,24,0,0.0,0.0,0.0,0.0,0,False
HYBRID_TALON,10,patient068,patient068_case01,IBC,IBC_patient045_0069.jpg,2,,off_target_fp,11,0,0.0,0.0,0.0,0.0,0,False
HYBRID_TALON,10,patient068,patient068_case01,IBC,IBC_patient045_0069.jpg,3,1.0,low_25_to_50,69,64,0.32653061224489793,0.927536231884058,0.32653061224489793,0.31840796019900497,1,False
HYBRID_TALON,10,patient068,patient068_case01,IBC,IBC_patient045_0069.jpg,4,1.0,partial_below_25,24,24,0.12244897959183673,1.0,0.12244897959183673,0.12244897959183673,1,False
HYBRID_TALON,10,patient068,patient068_case01,IBC,IBC_patient045_0070.jpg,1,,off_target_fp,26,0,0.0,0.0,0.0,0.0,0,False
HYBRID_TALON,10,patient068,patient068_case01,IBC,IBC_patient045_0070.jpg,2,1.0,moderate_50_to_75,137,120,0.5454545454545454,0.8759124087591241,0.5454545454545454,0.5063291139240507,1,False
HYBRID_TALON,10,patient068,patient068_case01,IBC,IBC_patient045_0070.jpg,3,1.0,partial_below_25,61,53,0.2409090909090909,0.8688524590163934,0.2409090909090909,0.2324561403508772,1,False
HYBRID_TALON,10,patient068,patient068_case01,IBC,IBC_patient045_0071.jpg,1,1.0,strong_75_plus,154,138,0.9324324324324325,0.8961038961038961,0.8961038961038961,0.8414634146341463,1,False
HYBRID_TALON,10,patient068,patient068_case01,IBC,IBC_patient045_0071.jpg,2,,off_target_fp,54,0,0.0,0.0,0.0,0.0,0,False
HYBRID_TALON,10,patient068,patient068_case01,IBC,IBC_patient045_0072.jpg,1,1.0,strong_75_plus,185,177,0.8194444444444444,0.9567567567567568,0.8194444444444444,0.7901785714285714,1,False
HYBRID_TALON,10,patient068,patient068_case01,IBC,IBC_patient045_0072.jpg,2,,off_target_fp,28,0,0.0,0.0,0.0,0.0,0,False
HYBRID_TALON,10,patient068,patient068_case01,IBC,IBC_patient045_0072.jpg,3,,off_target_fp,41,0,0.0,0.0,0.0,0.0,0,False
HYBRID_TALON,10,patient068,patient068_case01,IBC,IBC_patient045_0073.jpg,1,,off_target_fp,79,0,0.0,0.0,0.0,0.0,0,False
HYBRID_TALON,10,patient068,patient068_case01,IBC,IBC_patient045_0073.jpg,2,1.0,low_25_to_50,184,163,0.42010309278350516,0.8858695652173914,0.42010309278350516,0.39853300733496333,1,False
HYBRID_TALON,10,patient068,patient068_case01,IBC,IBC_patient045_0073.jpg,3,,off_target_fp,78,0,0.0,0.0,0.0,0.0,0,False
HYBRID_TALON,10,patient068,patient068_case01,IBC,IBC_patient045_0073.jpg,4,,off_target_fp,39,0,0.0,0.0,0.0,0.0,0,False
HYBRID_TALON,10,patient068,patient068_case01,IBC,IBC_patient045_0074.jpg,1,,off_target_fp,27,0,0.0,0.0,0.0,0.0,0,False
HYBRID_TALON,10,patient068,patient068_case01,IBC,IBC_patient045_0074.jpg,2,,off_target_fp,75,0,0.0,0.0,0.0,0.0,0,False
HYBRID_TALON,10,patient068,patient068_case01,IBC,IBC_patient045_0074.jpg,3,1.0,low_25_to_50,144,117,0.4717741935483871,0.8125,0.4717741935483871,0.4254545454545455,1,False
HYBRID_TALON,10,patient068,patient068_case01,IBC,IBC_patient045_0074.jpg,4,,off_target_fp,64,0,0.0,0.0,0.0,0.0,0,False
HYBRID_TALON,10,patient068,patient068_case01,IBC,IBC_patient045_0074.jpg,5,,off_target_fp,45,0,0.0,0.0,0.0,0.0,0,False
HYBRID_TALON,10,patient068,patient068_case01,IBC,IBC_patient045_0075.jpg,1,,off_target_fp,41,0,0.0,0.0,0.0,0.0,0,False
HYBRID_TALON,10,patient068,patient068_case01,IBC,IBC_patient045_0075.jpg,2,,off_target_fp,30,0,0.0,0.0,0.0,0.0,0,False
HYBRID_TALON,10,patient068,patient068_case01,IBC,IBC_patient045_0075.jpg,3,1.0,strong_75_plus,152,135,0.84375,0.8881578947368421,0.84375,0.7627118644067796,1,False
HYBRID_TALON,10,patient068,patient068_case01,IBC,IBC_patient045_0075.jpg,4,,off_target_fp,41,0,0.0,0.0,0.0,0.0,0,False
HYBRID_TALON,10,patient068,patient068_case01,IBC,IBC_patient045_0075.jpg,5,,off_target_fp,10,0,0.0,0.0,0.0,0.0,0,False
HYBRID_TALON,10,patient068,patient068_case01,IBC,IBC_patient045_0076.jpg,1,,off_target_fp,42,0,0.0,0.0,0.0,0.0,0,False
HYBRID_TALON,10,patient068,patient068_case01,IBC,IBC_patient045_0076.jpg,2,1.0,moderate_50_to_75,159,111,0.9568965517241379,0.6981132075471698,0.6981132075471698,0.676829268292683,1,False
HYBRID_TALON,10,patient068,patient068_case01,IBC,IBC_patient045_0076.jpg,3,,off_target_fp,41,0,0.0,0.0,0.0,0.0,0,False
HYBRID_TALON,10,patient068,patient068_case01,IBC,IBC_patient045_0076.jpg,4,,off_target_fp,20,0,0.0,0.0,0.0,0.0,0,False
HYBRID_TALON,10,patient068,patient068_case01,IBC,IBC_patient045_0077.jpg,1,,off_target_fp,10,0,0.0,0.0,0.0,0.0,0,False
HYBRID_TALON,10,patient068,patient068_case01,IBC,IBC_patient045_0077.jpg,2,1.0,strong_75_plus,123,101,0.9017857142857143,0.8211382113821138,0.8211382113821138,0.753731343283582,1,False
HYBRID_TALON,10,patient068,patient068_case01,IBC,IBC_patient045_0077.jpg,3,,off_target_fp,49,0,0.0,0.0,0.0,0.0,0,False
HYBRID_TALON,10,patient068,patient068_case01,IBC,IBC_patient045_0077.jpg,4,,off_target_fp,24,0,0.0,0.0,0.0,0.0,0,False
HYBRID_TALON,10,patient068,patient068_case01,IBC,IBC_patient045_0078.jpg,1,,off_target_fp,19,0,0.0,0.0,0.0,0.0,0,False
HYBRID_TALON,10,patient068,patient068_case01,IBC,IBC_patient045_0078.jpg,2,1.0,strong_75_plus,40,33,0.75,0.825,0.75,0.6470588235294118,1,False
HYBRID_TALON,10,patient068,patient068_case01,IBC,IBC_patient045_0078.jpg,3,,off_target_fp,55,0,0.0,0.0,0.0,0.0,0,False
HYBRID_TALON,10,patient076,patient076_case01,IBC,IBC_patient049_0027.jpg,1,1.0,strong_75_plus,227,218,0.8934426229508197,0.960352422907489,0.8934426229508197,0.8616600790513834,1,False
HYBRID_TALON,10,patient076,patient076_case01,IBC,IBC_patient049_0027.jpg,2,,off_target_fp,58,0,0.0,0.0,0.0,0.0,0,False
HYBRID_TALON,10,patient076,patient076_case01,IBC,IBC_patient049_0028.jpg,1,1.0,strong_75_plus,478,473,0.9026717557251909,0.9895397489539749,0.9026717557251909,0.8941398865784499,1,False
HYBRID_TALON,10,patient076,patient076_case01,IBC,IBC_patient049_0028.jpg,2,,off_target_fp,13,0,0.0,0.0,0.0,0.0,0,False
HYBRID_TALON,10,patient076,patient076_case01,IBC,IBC_patient049_0028.jpg,3,,off_target_fp,21,0,0.0,0.0,0.0,0.0,0,False
HYBRID_TALON,10,patient076,patient076_case01,IBC,IBC_patient049_0028.jpg,4,,off_target_fp,26,0,0.0,0.0,0.0,0.0,0,False
HYBRID_TALON,10,patient076,patient076_case01,IBC,IBC_patient049_0029.jpg,1,1.0,strong_75_plus,538,463,0.8768939393939394,0.8605947955390335,0.8605947955390335,0.7678275290215588,1,False
HYBRID_TALON,10,patient076,patient076_case01,IBC,IBC_patient049_0029.jpg,2,,off_target_fp,15,0,0.0,0.0,0.0,0.0,0,False
HYBRID_TALON,10,patient076,patient076_case01,IBC,IBC_patient049_0030.jpg,1,1.0,strong_75_plus,406,372,0.8157894736842105,0.916256157635468,0.8157894736842105,0.7591836734693878,1,False
HYBRID_TALON,10,patient076,patient076_case01,IBC,IBC_patient049_0030.jpg,2,,off_target_fp,45,0,0.0,0.0,0.0,0.0,0,False
HYBRID_TALON,10,patient076,patient076_case01,IBC,IBC_patient049_0031.jpg,1,1.0,strong_75_plus,344,327,0.8605263157894737,0.9505813953488372,0.8605263157894737,0.8236775818639799,1,False
HYBRID_TALON,10,patient076,patient076_case01,IBC,IBC_patient049_0031.jpg,2,,off_target_fp,14,0,0.0,0.0,0.0,0.0,0,False
HYBRID_TALON,10,patient076,patient076_case01,IBC,IBC_patient049_0031.jpg,3,,off_target_fp,16,0,0.0,0.0,0.0,0.0,0,False
HYBRID_TALON,10,patient076,patient076_case01,IBC,IBC_patient049_0031.jpg,4,,off_target_fp,289,0,0.0,0.0,0.0,0.0,0,False
HYBRID_TALON,10,patient076,patient076_case01,IBC,IBC_patient049_0032.jpg,1,1.0,strong_75_plus,311,286,0.8614457831325302,0.9196141479099679,0.8614457831325302,0.8011204481792717,1,False
HYBRID_TALON,10,patient076,patient076_case01,IBC,IBC_patient049_0032.jpg,2,,off_target_fp,71,0,0.0,0.0,0.0,0.0,0,False
HYBRID_TALON,10,patient076,patient076_case01,IBC,IBC_patient049_0032.jpg,3,,off_target_fp,212,0,0.0,0.0,0.0,0.0,0,False
HYBRID_TALON,10,patient076,patient076_case01,IBC,IBC_patient049_0032.jpg,4,,off_target_fp,188,0,0.0,0.0,0.0,0.0,0,False
HYBRID_TALON,10,patient076,patient076_case01,IBC,IBC_patient049_0032.jpg,5,,off_target_fp,21,0,0.0,0.0,0.0,0.0,0,False
HYBRID_TALON,10,patient076,patient076_case01,IBC,IBC_patient049_0032.jpg,6,,off_target_fp,32,0,0.0,0.0,0.0,0.0,0,False
HYBRID_TALON,10,patient076,patient076_case01,IBC,IBC_patient049_0033.jpg,1,1.0,strong_75_plus,313,274,0.7527472527472527,0.8753993610223643,0.7527472527472527,0.6799007444168734,1,False
HYBRID_TALON,10,patient076,patient076_case01,IBC,IBC_patient049_0033.jpg,2,1.0,partial_below_25,28,18,0.04945054945054945,0.6428571428571429,0.04945054945054945,0.0481283422459893,1,False
HYBRID_TALON,10,patient076,patient076_case01,IBC,IBC_patient049_0033.jpg,3,,off_target_fp,14,0,0.0,0.0,0.0,0.0,0,False
HYBRID_TALON,10,patient076,patient076_case01,IBC,IBC_patient049_0033.jpg,4,,off_target_fp,81,0,0.0,0.0,0.0,0.0,0,False
HYBRID_TALON,10,patient076,patient076_case01,IBC,IBC_patient049_0033.jpg,5,,off_target_fp,16,0,0.0,0.0,0.0,0.0,0,False
HYBRID_TALON,10,patient076,patient076_case01,IBC,IBC_patient049_0033.jpg,6,,off_target_fp,13,0,0.0,0.0,0.0,0.0,0,False
HYBRID_TALON,10,patient076,patient076_case01,IBC,IBC_patient049_0033.jpg,7,,off_target_fp,28,0,0.0,0.0,0.0,0.0,0,False
HYBRID_TALON,10,patient076,patient076_case01,IBC,IBC_patient049_0034.jpg,1,,off_target_fp,212,0,0.0,0.0,0.0,0.0,0,False
HYBRID_TALON,10,patient076,patient076_case01,IBC,IBC_patient049_0034.jpg,2,1.0,strong_75_plus,309,243,0.9346153846153846,0.7864077669902912,0.7864077669902912,0.745398773006135,1,False
HYBRID_TALON,10,patient076,patient076_case01,IBC,IBC_patient049_0034.jpg,3,,off_target_fp,28,0,0.0,0.0,0.0,0.0,0,False
HYBRID_TALON,10,patient076,patient076_case01,IBC,IBC_patient049_0034.jpg,4,,off_target_fp,16,0,0.0,0.0,0.0,0.0,0,False
HYBRID_TALON,10,patient076,patient076_case01,IBC,IBC_patient049_0035.jpg,1,,off_target_fp,138,0,0.0,0.0,0.0,0.0,0,False
HYBRID_TALON,10,patient076,patient076_case01,IBC,IBC_patient049_0035.jpg,2,1.0,low_25_to_50,46,42,0.2916666666666667,0.9130434782608695,0.2916666666666667,0.28378378378378377,1,False
HYBRID_TALON,10,patient076,patient076_case01,IBC,IBC_patient049_0035.jpg,3,,off_target_fp,60,0,0.0,0.0,0.0,0.0,0,False
HYBRID_TALON,10,patient076,patient076_case01,IBC,IBC_patient049_0035.jpg,4,,off_target_fp,47,0,0.0,0.0,0.0,0.0,0,False
HYBRID_TALON,10,patient076,patient076_case01,IBC,IBC_patient049_0035.jpg,5,,off_target_fp,126,0,0.0,0.0,0.0,0.0,0,False
HYBRID_TALON,10,patient081,patient081_case01,IBC,IBC_patient051_0058.jpg,1,,off_target_fp,45,0,0.0,0.0,0.0,0.0,0,False
HYBRID_TALON,10,patient081,patient081_case01,IBC,IBC_patient051_0058.jpg,2,,off_target_fp,64,0,0.0,0.0,0.0,0.0,0,False
HYBRID_TALON,10,patient081,patient081_case01,IBC,IBC_patient051_0059.jpg,1,,off_target_fp,16,0,0.0,0.0,0.0,0.0,0,False
HYBRID_TALON,10,patient081,patient081_case01,IBC,IBC_patient051_0059.jpg,2,1.0,low_25_to_50,202,57,0.5277777777777778,0.28217821782178215,0.28217821782178215,0.22529644268774704,1,False
HYBRID_TALON,10,patient081,patient081_case01,IBC,IBC_patient051_0059.jpg,3,,off_target_fp,25,0,0.0,0.0,0.0,0.0,0,False
HYBRID_TALON,10,patient081,patient081_case01,IBC,IBC_patient051_0059.jpg,4,,off_target_fp,31,0,0.0,0.0,0.0,0.0,0,False
HYBRID_TALON,10,patient081,patient081_case01,IBC,IBC_patient051_0060.jpg,1,,off_target_fp,285,0,0.0,0.0,0.0,0.0,0,False
HYBRID_TALON,10,patient081,patient081_case01,IBC,IBC_patient051_0060.jpg,2,1.0,moderate_50_to_75,234,137,0.9513888888888888,0.5854700854700855,0.5854700854700855,0.5684647302904564,1,False
HYBRID_TALON,10,patient081,patient081_case01,IBC,IBC_patient051_0060.jpg,3,,off_target_fp,10,0,0.0,0.0,0.0,0.0,0,False
HYBRID_TALON,10,patient081,patient081_case01,IBC,IBC_patient051_0061.jpg,1,,off_target_fp,261,0,0.0,0.0,0.0,0.0,0,False
HYBRID_TALON,10,patient081,patient081_case01,IBC,IBC_patient051_0061.jpg,2,1.0,strong_75_plus,167,132,1.0,0.7904191616766467,0.7904191616766467,0.7904191616766467,1,False
HYBRID_TALON,10,patient081,patient081_case01,IBC,IBC_patient051_0061.jpg,3,,off_target_fp,14,0,0.0,0.0,0.0,0.0,0,False
HYBRID_TALON,10,patient081,patient081_case01,IBC,IBC_patient051_0062.jpg,1,1.0,strong_75_plus,99,91,0.91,0.9191919191919192,0.91,0.8425925925925926,1,False
HYBRID_TALON,10,patient081,patient081_case01,IBC,IBC_patient051_0062.jpg,2,,off_target_fp,89,0,0.0,0.0,0.0,0.0,0,False
HYBRID_TALON,10,patient081,patient081_case01,IBC,IBC_patient051_0063.jpg,1,,off_target_fp,146,0,0.0,0.0,0.0,0.0,0,False
HYBRID_TALON,10,patient081,patient081_case01,IBC,IBC_patient051_0063.jpg,2,,off_target_fp,71,0,0.0,0.0,0.0,0.0,0,False
HYBRID_TALON,10,patient081,patient081_case01,IBC,IBC_patient051_0063.jpg,3,,off_target_fp,56,0,0.0,0.0,0.0,0.0,0,False
HYBRID_TALON,10,patient081,patient081_case01,IBC,IBC_patient051_0063.jpg,4,,off_target_fp,10,0,0.0,0.0,0.0,0.0,0,False
HYBRID_TALON,10,patient090,patient090_case01,IGM,IGM_patient055_0057.jpg,1,1.0,strong_75_plus,348,317,0.8430851063829787,0.9109195402298851,0.8430851063829787,0.7788697788697788,1,False
HYBRID_TALON,10,patient090,patient090_case01,IGM,IGM_patient055_0057.jpg,2,,off_target_fp,21,0,0.0,0.0,0.0,0.0,0,False
HYBRID_TALON,10,patient090,patient090_case01,IGM,IGM_patient055_0057.jpg,3,,off_target_fp,11,0,0.0,0.0,0.0,0.0,0,False
HYBRID_TALON,10,patient090,patient090_case01,IGM,IGM_patient055_0057.jpg,4,,off_target_fp,28,0,0.0,0.0,0.0,0.0,0,False
HYBRID_TALON,10,patient090,patient090_case01,IGM,IGM_patient055_0058.jpg,1,1.0,strong_75_plus,338,316,0.8404255319148937,0.9349112426035503,0.8404255319148937,0.7939698492462312,1,False
HYBRID_TALON,10,patient090,patient090_case01,IGM,IGM_patient055_0058.jpg,2,,off_target_fp,17,0,0.0,0.0,0.0,0.0,0,False
HYBRID_TALON,10,patient090,patient090_case01,IGM,IGM_patient055_0059.jpg,1,1.0,low_25_to_50,98,96,0.27586206896551724,0.9795918367346939,0.27586206896551724,0.2742857142857143,1,False
HYBRID_TALON,10,patient090,patient090_case01,IGM,IGM_patient055_0059.jpg,2,1.0,moderate_50_to_75,205,185,0.5316091954022989,0.9024390243902439,0.5316091954022989,0.5027173913043478,1,False
HYBRID_TALON,10,patient090,patient090_case01,IGM,IGM_patient055_0060.jpg,1,,off_target_fp,12,0,0.0,0.0,0.0,0.0,0,False
HYBRID_TALON,10,patient090,patient090_case01,IGM,IGM_patient055_0060.jpg,2,1.0,low_25_to_50,100,89,0.26176470588235295,0.89,0.26176470588235295,0.2535612535612536,1,False
HYBRID_TALON,10,patient090,patient090_case01,IGM,IGM_patient055_0060.jpg,3,1.0,moderate_50_to_75,197,189,0.5558823529411765,0.9593908629441624,0.5558823529411765,0.5431034482758621,1,False
HYBRID_TALON,10,patient090,patient090_case01,IGM,IGM_patient055_0060.jpg,4,,off_target_fp,109,0,0.0,0.0,0.0,0.0,0,False
HYBRID_TALON,10,patient090,patient090_case01,IGM,IGM_patient055_0061.jpg,1,1.0,strong_75_plus,286,268,0.881578947368421,0.9370629370629371,0.881578947368421,0.8322981366459627,1,False
HYBRID_TALON,10,patient090,patient090_case01,IGM,IGM_patient055_0061.jpg,2,,off_target_fp,162,0,0.0,0.0,0.0,0.0,0,False
HYBRID_TALON,10,patient090,patient090_case01,IGM,IGM_patient055_0062.jpg,1,1.0,strong_75_plus,242,219,0.8171641791044776,0.9049586776859504,0.8171641791044776,0.7525773195876289,1,False
HYBRID_TALON,10,patient090,patient090_case01,IGM,IGM_patient055_0062.jpg,2,,off_target_fp,158,0,0.0,0.0,0.0,0.0,0,False
HYBRID_TALON,10,patient090,patient090_case01,IGM,IGM_patient055_0063.jpg,1,,off_target_fp,10,0,0.0,0.0,0.0,0.0,0,False
HYBRID_TALON,10,patient090,patient090_case01,IGM,IGM_patient055_0063.jpg,2,1.0,moderate_50_to_75,104,69,0.71875,0.6634615384615384,0.6634615384615384,0.5267175572519084,1,False
HYBRID_TALON,10,patient090,patient090_case01,IGM,IGM_patient055_0063.jpg,3,,off_target_fp,132,0,0.0,0.0,0.0,0.0,0,False
HYBRID_TALON,10,patient090,patient090_case01,IGM,IGM_patient055_0063.jpg,4,,off_target_fp,27,0,0.0,0.0,0.0,0.0,0,False
HYBRID_TALON,10,patient090,patient090_case01,IGM,IGM_patient055_0064.jpg,1,1.0,moderate_50_to_75,88,84,0.6774193548387096,0.9545454545454546,0.6774193548387096,0.65625,1,False
HYBRID_TALON,10,patient090,patient090_case01,IGM,IGM_patient055_0064.jpg,2,,off_target_fp,30,0,0.0,0.0,0.0,0.0,0,False
HYBRID_TALON,10,patient090,patient090_case01,IGM,IGM_patient055_0064.jpg,3,,off_target_fp,12,0,0.0,0.0,0.0,0.0,0,False
HYBRID_TALON,10,patient090,patient090_case01,IGM,IGM_patient055_0064.jpg,4,,off_target_fp,74,0,0.0,0.0,0.0,0.0,0,False
HYBRID_TALON,10,patient090,patient090_case01,IGM,IGM_patient055_0064.jpg,5,,off_target_fp,72,0,0.0,0.0,0.0,0.0,0,False
HYBRID_TALON,10,patient090,patient090_case01,IGM,IGM_patient055_0065.jpg,1,1.0,moderate_50_to_75,104,93,0.58125,0.8942307692307693,0.58125,0.543859649122807,1,False
HYBRID_TALON,10,patient090,patient090_case01,IGM,IGM_patient055_0065.jpg,2,,off_target_fp,49,0,0.0,0.0,0.0,0.0,0,False
HYBRID_TALON,10,patient090,patient090_case01,IGM,IGM_patient055_0066.jpg,1,1.0,strong_75_plus,206,173,0.8317307692307693,0.8398058252427184,0.8317307692307693,0.7178423236514523,1,False
HYBRID_TALON,10,patient090,patient090_case01,IGM,IGM_patient055_0067.jpg,1,1.0,strong_75_plus,190,172,0.8775510204081632,0.9052631578947369,0.8775510204081632,0.8037383177570093,1,False
HYBRID_TALON,10,patient090,patient090_case01,IGM,IGM_patient055_0067.jpg,2,,off_target_fp,11,0,0.0,0.0,0.0,0.0,0,False
HYBRID_TALON,10,patient090,patient090_case01,IGM,IGM_patient055_0068.jpg,1,1.0,strong_75_plus,190,164,0.9318181818181818,0.8631578947368421,0.8631578947368421,0.8118811881188119,1,False
HYBRID_TALON,10,patient090,patient090_case01,IGM,IGM_patient055_0068.jpg,2,,off_target_fp,107,0,0.0,0.0,0.0,0.0,0,False
HYBRID_TALON,10,patient090,patient090_case01,IGM,IGM_patient055_0069.jpg,1,1.0,strong_75_plus,143,120,0.9090909090909091,0.8391608391608392,0.8391608391608392,0.7741935483870968,1,False
HYBRID_TALON,10,patient090,patient090_case01,IGM,IGM_patient055_0069.jpg,2,,off_target_fp,156,0,0.0,0.0,0.0,0.0,0,False
HYBRID_TALON,10,patient090,patient090_case01,IGM,IGM_patient055_0070.jpg,1,1.0,partial_below_25,14,14,0.1,1.0,0.1,0.1,1,False
HYBRID_TALON,10,patient090,patient090_case01,IGM,IGM_patient055_0070.jpg,2,1.0,partial_below_25,15,15,0.10714285714285714,1.0,0.10714285714285714,0.10714285714285714,1,False
HYBRID_TALON,10,patient090,patient090_case01,IGM,IGM_patient055_0070.jpg,3,,off_target_fp,96,0,0.0,0.0,0.0,0.0,0,False
HYBRID_TALON,10,patient090,patient090_case01,IGM,IGM_patient055_0071.jpg,1,1.0,strong_75_plus,177,159,0.8112244897959183,0.8983050847457628,0.8112244897959183,0.7429906542056075,1,False
HYBRID_TALON,10,patient090,patient090_case01,IGM,IGM_patient055_0071.jpg,2,,off_target_fp,11,0,0.0,0.0,0.0,0.0,0,False
HYBRID_TALON,10,patient090,patient090_case01,IGM,IGM_patient055_0072.jpg,1,1.0,moderate_50_to_75,185,161,0.6708333333333333,0.8702702702702703,0.6708333333333333,0.6098484848484849,1,False
HYBRID_TALON,10,patient090,patient090_case01,IGM,IGM_patient055_0072.jpg,2,,off_target_fp,14,0,0.0,0.0,0.0,0.0,0,False
HYBRID_TALON,10,patient090,patient090_case01,IGM,IGM_patient055_0073.jpg,1,,off_target_fp,85,0,0.0,0.0,0.0,0.0,0,False
HYBRID_TALON,10,patient090,patient090_case01,IGM,IGM_patient055_0073.jpg,2,1.0,strong_75_plus,231,220,0.8208955223880597,0.9523809523809523,0.8208955223880597,0.7885304659498208,1,False
HYBRID_TALON,10,patient090,patient090_case01,IGM,IGM_patient055_0073.jpg,3,,off_target_fp,62,0,0.0,0.0,0.0,0.0,0,False
HYBRID_TALON,10,patient090,patient090_case01,IGM,IGM_patient055_0074.jpg,1,,off_target_fp,146,0,0.0,0.0,0.0,0.0,0,False
HYBRID_TALON,10,patient090,patient090_case01,IGM,IGM_patient055_0074.jpg,2,,off_target_fp,63,0,0.0,0.0,0.0,0.0,0,False
HYBRID_TALON,10,patient090,patient090_case01,IGM,IGM_patient055_0076.jpg,1,,off_target_fp,10,0,0.0,0.0,0.0,0.0,0,False
HYBRID_TALON,10,patient090,patient090_case01,IGM,IGM_patient055_0077.jpg,1,,off_target_fp,38,0,0.0,0.0,0.0,0.0,0,False
HYBRID_TALON,10,patient090,patient090_case01,IGM,IGM_patient055_0077.jpg,2,,off_target_fp,13,0,0.0,0.0,0.0,0.0,0,False
HYBRID_TALON,10,patient090,patient090_case01,IGM,IGM_patient055_0078.jpg,1,,off_target_fp,52,0,0.0,0.0,0.0,0.0,0,False
HYBRID_TALON,10,patient090,patient090_case01,IGM,IGM_patient055_0078.jpg,2,,off_target_fp,15,0,0.0,0.0,0.0,0.0,0,False
HYBRID_TALON,10,patient090,patient090_case01,IGM,IGM_patient055_0079.jpg,1,,off_target_fp,23,0,0.0,0.0,0.0,0.0,0,False
HYBRID_TALON,10,patient090,patient090_case01,IGM,IGM_patient055_0079.jpg,2,,off_target_fp,21,0,0.0,0.0,0.0,0.0,0,False
HYBRID_TALON,25,patient004,patient004_case01,IBC,IBC_patient011_0074.jpg,1,,off_target_fp,317,0,0.0,0.0,0.0,0.0,0,False
HYBRID_TALON,25,patient004,patient004_case01,IBC,IBC_patient011_0074.jpg,2,,off_target_fp,534,0,0.0,0.0,0.0,0.0,0,False
HYBRID_TALON,25,patient004,patient004_case01,IBC,IBC_patient011_0074.jpg,3,,off_target_fp,58,0,0.0,0.0,0.0,0.0,0,False
HYBRID_TALON,25,patient004,patient004_case01,IBC,IBC_patient011_0075.jpg,1,,off_target_fp,549,0,0.0,0.0,0.0,0.0,0,False
HYBRID_TALON,25,patient004,patient004_case01,IBC,IBC_patient011_0075.jpg,2,,off_target_fp,52,0,0.0,0.0,0.0,0.0,0,False
HYBRID_TALON,25,patient004,patient004_case01,IBC,IBC_patient011_0076.jpg,1,,off_target_fp,650,0,0.0,0.0,0.0,0.0,0,False
HYBRID_TALON,25,patient004,patient004_case01,IBC,IBC_patient011_0076.jpg,2,,off_target_fp,105,0,0.0,0.0,0.0,0.0,0,False
HYBRID_TALON,25,patient004,patient004_case01,IBC,IBC_patient011_0077.jpg,1,,off_target_fp,705,0,0.0,0.0,0.0,0.0,0,False
HYBRID_TALON,25,patient004,patient004_case01,IBC,IBC_patient011_0077.jpg,2,,off_target_fp,84,0,0.0,0.0,0.0,0.0,0,False
HYBRID_TALON,25,patient004,patient004_case01,IBC,IBC_patient011_0078.jpg,1,,off_target_fp,749,0,0.0,0.0,0.0,0.0,0,False
HYBRID_TALON,25,patient004,patient004_case01,IBC,IBC_patient011_0078.jpg,2,,off_target_fp,37,0,0.0,0.0,0.0,0.0,0,False
HYBRID_TALON,25,patient004,patient004_case01,IBC,IBC_patient011_0079.jpg,1,,off_target_fp,715,0,0.0,0.0,0.0,0.0,0,False
HYBRID_TALON,25,patient004,patient004_case01,IBC,IBC_patient011_0080.jpg,1,,off_target_fp,599,0,0.0,0.0,0.0,0.0,0,False
HYBRID_TALON,25,patient004,patient004_case01,IBC,IBC_patient011_0081.jpg,1,,off_target_fp,526,0,0.0,0.0,0.0,0.0,0,False
HYBRID_TALON,25,patient004,patient004_case01,IBC,IBC_patient011_0082.jpg,1,,off_target_fp,37,0,0.0,0.0,0.0,0.0,0,False
HYBRID_TALON,25,patient004,patient004_case01,IBC,IBC_patient011_0082.jpg,2,,off_target_fp,484,0,0.0,0.0,0.0,0.0,0,False
HYBRID_TALON,25,patient004,patient004_case01,IBC,IBC_patient011_0082.jpg,3,,off_target_fp,95,0,0.0,0.0,0.0,0.0,0,False
HYBRID_TALON,25,patient004,patient004_case01,IBC,IBC_patient011_0083.jpg,1,,off_target_fp,34,0,0.0,0.0,0.0,0.0,0,False
HYBRID_TALON,25,patient004,patient004_case01,IBC,IBC_patient011_0083.jpg,2,,off_target_fp,478,0,0.0,0.0,0.0,0.0,0,False
HYBRID_TALON,25,patient004,patient004_case01,IBC,IBC_patient011_0084.jpg,1,,off_target_fp,548,0,0.0,0.0,0.0,0.0,0,False
HYBRID_TALON,25,patient004,patient004_case01,IBC,IBC_patient011_0085.jpg,1,,off_target_fp,616,0,0.0,0.0,0.0,0.0,0,False
HYBRID_TALON,25,patient004,patient004_case01,IBC,IBC_patient011_0086.jpg,1,,off_target_fp,530,0,0.0,0.0,0.0,0.0,0,False
HYBRID_TALON,25,patient004,patient004_case01,IBC,IBC_patient011_0087.jpg,1,,off_target_fp,434,0,0.0,0.0,0.0,0.0,0,False
HYBRID_TALON,25,patient004,patient004_case01,IBC,IBC_patient011_0088.jpg,1,,off_target_fp,290,0,0.0,0.0,0.0,0.0,0,False
HYBRID_TALON,25,patient004,patient004_case01,IBC,IBC_patient011_0089.jpg,1,,off_target_fp,301,0,0.0,0.0,0.0,0.0,0,False
HYBRID_TALON,25,patient004,patient004_case01,IBC,IBC_patient011_0090.jpg,1,,off_target_fp,306,0,0.0,0.0,0.0,0.0,0,False
HYBRID_TALON,25,patient004,patient004_case01,IBC,IBC_patient011_0091.jpg,1,,off_target_fp,309,0,0.0,0.0,0.0,0.0,0,False
HYBRID_TALON,25,patient004,patient004_case01,IBC,IBC_patient011_0092.jpg,1,,off_target_fp,328,0,0.0,0.0,0.0,0.0,0,False
HYBRID_TALON,25,patient004,patient004_case01,IBC,IBC_patient011_0092.jpg,2,,off_target_fp,67,0,0.0,0.0,0.0,0.0,0,False
HYBRID_TALON,25,patient004,patient004_case01,IBC,IBC_patient011_0093.jpg,1,,off_target_fp,189,0,0.0,0.0,0.0,0.0,0,False
HYBRID_TALON,25,patient004,patient004_case01,IBC,IBC_patient011_0093.jpg,2,,off_target_fp,128,0,0.0,0.0,0.0,0.0,0,False
HYBRID_TALON,25,patient004,patient004_case01,IBC,IBC_patient011_0094.jpg,1,,off_target_fp,25,0,0.0,0.0,0.0,0.0,0,False
HYBRID_TALON,25,patient004,patient004_case01,IBC,IBC_patient011_0094.jpg,2,,off_target_fp,129,0,0.0,0.0,0.0,0.0,0,False
HYBRID_TALON,25,patient004,patient004_case01,IBC,IBC_patient011_0095.jpg,1,,off_target_fp,58,0,0.0,0.0,0.0,0.0,0,False
HYBRID_TALON,25,patient005,patient005_case01,IGM,IGM_patient011_0059.jpg,1,,off_target_fp,47,0,0.0,0.0,0.0,0.0,0,False
HYBRID_TALON,25,patient005,patient005_case01,IGM,IGM_patient011_0059.jpg,2,,off_target_fp,48,0,0.0,0.0,0.0,0.0,0,False
HYBRID_TALON,25,patient005,patient005_case01,IGM,IGM_patient011_0059.jpg,3,,off_target_fp,43,0,0.0,0.0,0.0,0.0,0,False
HYBRID_TALON,25,patient005,patient005_case01,IGM,IGM_patient011_0060.jpg,1,,off_target_fp,62,0,0.0,0.0,0.0,0.0,0,False
HYBRID_TALON,25,patient005,patient005_case01,IGM,IGM_patient011_0060.jpg,2,,off_target_fp,91,0,0.0,0.0,0.0,0.0,0,False
HYBRID_TALON,25,patient005,patient005_case01,IGM,IGM_patient011_0060.jpg,3,,off_target_fp,35,0,0.0,0.0,0.0,0.0,0,False
HYBRID_TALON,25,patient005,patient005_case01,IGM,IGM_patient011_0060.jpg,4,1.0,strong_75_plus,80,75,0.78125,0.9375,0.78125,0.7425742574257426,1,False
HYBRID_TALON,25,patient005,patient005_case01,IGM,IGM_patient011_0061.jpg,1,,off_target_fp,77,0,0.0,0.0,0.0,0.0,0,False
HYBRID_TALON,25,patient005,patient005_case01,IGM,IGM_patient011_0061.jpg,2,1.0,moderate_50_to_75,80,75,0.5859375,0.9375,0.5859375,0.5639097744360902,1,False
HYBRID_TALON,25,patient005,patient005_case01,IGM,IGM_patient011_0062.jpg,1,,off_target_fp,49,0,0.0,0.0,0.0,0.0,0,False
HYBRID_TALON,25,patient005,patient005_case01,IGM,IGM_patient011_0063.jpg,1,,off_target_fp,34,0,0.0,0.0,0.0,0.0,0,False
HYBRID_TALON,25,patient005,patient005_case01,IGM,IGM_patient011_0064.jpg,1,,off_target_fp,34,0,0.0,0.0,0.0,0.0,0,False
HYBRID_TALON,25,patient005,patient005_case01,IGM,IGM_patient011_0064.jpg,2,1.0,low_25_to_50,36,31,0.33695652173913043,0.8611111111111112,0.33695652173913043,0.31958762886597936,1,False
HYBRID_TALON,25,patient005,patient005_case01,IGM,IGM_patient011_0065.jpg,1,1.0,strong_75_plus,63,55,0.7638888888888888,0.873015873015873,0.7638888888888888,0.6875,1,False
HYBRID_TALON,25,patient005,patient005_case01,IGM,IGM_patient011_0066.jpg,1,,off_target_fp,55,0,0.0,0.0,0.0,0.0,0,False
HYBRID_TALON,25,patient015,patient015_case01,IGM,IGM_patient016_0052.jpg,1,1.0,moderate_50_to_75,155,115,0.8712121212121212,0.7419354838709677,0.7419354838709677,0.6686046511627907,1,False
HYBRID_TALON,25,patient015,patient015_case01,IGM,IGM_patient016_0053.jpg,1,1.0,moderate_50_to_75,184,155,0.7045454545454546,0.842391304347826,0.7045454545454546,0.6224899598393574,1,False
HYBRID_TALON,25,patient015,patient015_case01,IGM,IGM_patient016_0054.jpg,1,1.0,strong_75_plus,235,209,0.9166666666666666,0.8893617021276595,0.8893617021276595,0.8228346456692913,1,False
HYBRID_TALON,25,patient015,patient015_case01,IGM,IGM_patient016_0055.jpg,1,1.0,strong_75_plus,196,152,0.8837209302325582,0.7755102040816326,0.7755102040816326,0.7037037037037037,1,False
HYBRID_TALON,25,patient015,patient015_case01,IGM,IGM_patient016_0056.jpg,1,1.0,strong_75_plus,144,131,0.8397435897435898,0.9097222222222222,0.8397435897435898,0.7751479289940828,1,False
HYBRID_TALON,25,patient015,patient015_case01,IGM,IGM_patient016_0057.jpg,1,1.0,moderate_50_to_75,60,60,0.625,1.0,0.625,0.625,1,False
HYBRID_TALON,25,patient017,patient017_case01,IGM,IGM_patient017_0063.jpg,1,,off_target_fp,61,0,0.0,0.0,0.0,0.0,0,False
HYBRID_TALON,25,patient017,patient017_case01,IGM,IGM_patient017_0064.jpg,1,,off_target_fp,37,0,0.0,0.0,0.0,0.0,0,False
HYBRID_TALON,25,patient017,patient017_case01,IGM,IGM_patient017_0065.jpg,1,,off_target_fp,205,0,0.0,0.0,0.0,0.0,0,False
HYBRID_TALON,25,patient018,patient018_case01,IBC,IBC_patient018_0057.jpg,1,1.0,strong_75_plus,288,270,0.8132530120481928,0.9375,0.8132530120481928,0.7714285714285715,1,False
HYBRID_TALON,25,patient018,patient018_case01,IBC,IBC_patient018_0058.jpg,1,1.0,strong_75_plus,409,396,0.9,0.9682151589242054,0.9,0.8741721854304636,1,False
HYBRID_TALON,25,patient018,patient018_case01,IBC,IBC_patient018_0059.jpg,1,1.0,strong_75_plus,430,407,0.8925438596491229,0.9465116279069767,0.8925438596491229,0.8496868475991649,1,False
HYBRID_TALON,25,patient018,patient018_case01,IBC,IBC_patient018_0060.jpg,1,1.0,strong_75_plus,424,375,0.9868421052631579,0.8844339622641509,0.8844339622641509,0.8741258741258742,1,False
HYBRID_TALON,25,patient018,patient018_case01,IBC,IBC_patient018_0061.jpg,1,1.0,strong_75_plus,424,376,0.9791666666666666,0.8867924528301887,0.8867924528301887,0.8703703703703703,1,False
HYBRID_TALON,25,patient018,patient018_case01,IBC,IBC_patient018_0062.jpg,1,1.0,strong_75_plus,459,345,0.9583333333333334,0.7516339869281046,0.7516339869281046,0.7278481012658228,1,False
HYBRID_TALON,25,patient018,patient018_case01,IBC,IBC_patient018_0063.jpg,1,1.0,moderate_50_to_75,438,252,0.9545454545454546,0.5753424657534246,0.5753424657534246,0.56,1,False
HYBRID_TALON,25,patient018,patient018_case01,IBC,IBC_patient018_0063.jpg,2,,off_target_fp,29,0,0.0,0.0,0.0,0.0,0,False
HYBRID_TALON,25,patient018,patient018_case01,IBC,IBC_patient018_0064.jpg,1,1.0,low_25_to_50,442,146,0.9864864864864865,0.33031674208144796,0.33031674208144796,0.32882882882882886,1,False
HYBRID_TALON,25,patient103,patient103_case01,IGM,IGM_patient019_0053.jpg,1,,off_target_fp,314,0,0.0,0.0,0.0,0.0,0,False
HYBRID_TALON,25,patient103,patient103_case01,IGM,IGM_patient019_0053.jpg,2,,off_target_fp,76,0,0.0,0.0,0.0,0.0,0,False
HYBRID_TALON,25,patient103,patient103_case01,IGM,IGM_patient019_0053.jpg,3,1.0,strong_75_plus,111,108,0.7714285714285715,0.972972972972973,0.7714285714285715,0.7552447552447552,1,False
HYBRID_TALON,25,patient103,patient103_case01,IGM,IGM_patient019_0054.jpg,1,,off_target_fp,290,0,0.0,0.0,0.0,0.0,0,False
HYBRID_TALON,25,patient103,patient103_case01,IGM,IGM_patient019_0054.jpg,2,1.0,strong_75_plus,203,154,0.9390243902439024,0.7586206896551724,0.7586206896551724,0.7230046948356808,1,False
HYBRID_TALON,25,patient103,patient103_case01,IGM,IGM_patient019_0055.jpg,1,,off_target_fp,232,0,0.0,0.0,0.0,0.0,0,False
HYBRID_TALON,25,patient103,patient103_case01,IGM,IGM_patient019_0055.jpg,2,1.0,strong_75_plus,267,238,0.9444444444444444,0.8913857677902621,0.8913857677902621,0.8469750889679716,1,False
HYBRID_TALON,25,patient103,patient103_case01,IGM,IGM_patient019_0056.jpg,1,,off_target_fp,112,0,0.0,0.0,0.0,0.0,0,False
HYBRID_TALON,25,patient103,patient103_case01,IGM,IGM_patient019_0056.jpg,2,1.0,strong_75_plus,226,187,0.9540816326530612,0.827433628318584,0.827433628318584,0.7957446808510639,1,False
HYBRID_TALON,25,patient103,patient103_case01,IGM,IGM_patient019_0057.jpg,1,,off_target_fp,63,0,0.0,0.0,0.0,0.0,0,False
HYBRID_TALON,25,patient103,patient103_case01,IGM,IGM_patient019_0057.jpg,2,,off_target_fp,41,0,0.0,0.0,0.0,0.0,0,False
HYBRID_TALON,25,patient103,patient103_case01,IGM,IGM_patient019_0057.jpg,3,1.0,strong_75_plus,165,154,0.8369565217391305,0.9333333333333333,0.8369565217391305,0.7897435897435897,1,False
HYBRID_TALON,25,patient039,patient039_case01,IBC,IBC_patient002_0118.jpg,1,1.0,low_25_to_50,229,208,0.3611111111111111,0.9082969432314411,0.3611111111111111,0.34840871021775544,1,False
HYBRID_TALON,25,patient039,patient039_case01,IBC,IBC_patient002_0119.jpg,1,1.0,strong_75_plus,690,641,0.9157142857142857,0.9289855072463769,0.9157142857142857,0.855807743658211,1,False
HYBRID_TALON,25,patient039,patient039_case01,IBC,IBC_patient002_0120.jpg,1,1.0,strong_75_plus,855,742,0.9228855721393034,0.8678362573099415,0.8678362573099415,0.8091603053435115,1,False
HYBRID_TALON,25,patient039,patient039_case01,IBC,IBC_patient002_0121.jpg,1,1.0,strong_75_plus,989,904,0.9262295081967213,0.9140546006066734,0.9140546006066734,0.8520263901979265,1,False
HYBRID_TALON,25,patient039,patient039_case01,IBC,IBC_patient002_0122.jpg,1,1.0,strong_75_plus,1120,1036,0.9487179487179487,0.925,0.925,0.8809523809523809,1,False
HYBRID_TALON,25,patient039,patient039_case01,IBC,IBC_patient002_0123.jpg,1,1.0,strong_75_plus,1233,1144,0.9407894736842105,0.9278183292781833,0.9278183292781833,0.8766283524904215,1,False
HYBRID_TALON,25,patient039,patient039_case01,IBC,IBC_patient002_0124.jpg,1,1.0,strong_75_plus,1306,1221,0.9509345794392523,0.9349157733537519,0.9349157733537519,0.8918918918918919,1,False
HYBRID_TALON,25,patient039,patient039_case01,IBC,IBC_patient002_0125.jpg,1,1.0,strong_75_plus,1325,1238,0.9493865030674846,0.9343396226415094,0.9343396226415094,0.8900071890726097,1,False
HYBRID_TALON,25,patient039,patient039_case01,IBC,IBC_patient002_0126.jpg,1,1.0,strong_75_plus,1294,1198,0.9021084337349398,0.9258114374034003,0.9021084337349398,0.8412921348314607,1,False
HYBRID_TALON,25,patient039,patient039_case01,IBC,IBC_patient002_0127.jpg,1,1.0,strong_75_plus,1346,1303,0.9280626780626781,0.9680534918276374,0.9280626780626781,0.9004837595024188,1,False
HYBRID_TALON,25,patient039,patient039_case01,IBC,IBC_patient002_0128.jpg,1,1.0,strong_75_plus,1374,1316,0.9619883040935673,0.9577874818049491,0.9577874818049491,0.9228611500701263,1,False
HYBRID_TALON,25,patient039,patient039_case01,IBC,IBC_patient002_0129.jpg,1,1.0,strong_75_plus,1367,1284,0.9469026548672567,0.9392831016825165,0.9392831016825165,0.8922863099374566,1,False
HYBRID_TALON,25,patient039,patient039_case01,IBC,IBC_patient002_0130.jpg,1,1.0,strong_75_plus,1323,1260,0.9545454545454546,0.9523809523809523,0.9523809523809523,0.911062906724512,1,False
HYBRID_TALON,25,patient039,patient039_case01,IBC,IBC_patient002_0131.jpg,1,1.0,strong_75_plus,1245,1196,0.9614147909967846,0.9606425702811245,0.9606425702811245,0.9249806651198763,1,False
HYBRID_TALON,25,patient039,patient039_case01,IBC,IBC_patient002_0132.jpg,1,1.0,strong_75_plus,1135,1088,0.8859934853420195,0.958590308370044,0.8859934853420195,0.8533333333333334,1,False
HYBRID_TALON,25,patient039,patient039_case01,IBC,IBC_patient002_0133.jpg,1,1.0,strong_75_plus,1062,1044,0.8338658146964856,0.9830508474576272,0.8338658146964856,0.8220472440944881,1,False
HYBRID_TALON,25,patient039,patient039_case01,IBC,IBC_patient002_0134.jpg,1,1.0,strong_75_plus,1016,1013,0.8065286624203821,0.9970472440944882,0.8065286624203821,0.8046068308181096,1,False
HYBRID_TALON,25,patient039,patient039_case01,IBC,IBC_patient002_0135.jpg,1,1.0,strong_75_plus,966,956,0.7966666666666666,0.989648033126294,0.7966666666666666,0.7900826446280992,1,False
HYBRID_TALON,25,patient039,patient039_case01,IBC,IBC_patient002_0136.jpg,1,1.0,strong_75_plus,884,829,0.8707983193277311,0.9377828054298643,0.8707983193277311,0.8232373386295928,1,False
HYBRID_TALON,25,patient039,patient039_case01,IBC,IBC_patient002_0137.jpg,1,1.0,moderate_50_to_75,687,655,0.7213656387665198,0.9534206695778749,0.7213656387665198,0.6968085106382979,1,False
HYBRID_TALON,25,patient039,patient039_case01,IBC,IBC_patient002_0138.jpg,1,1.0,low_25_to_50,455,423,0.4895833333333333,0.9296703296703297,0.4895833333333333,0.4720982142857143,1,False
HYBRID_TALON,25,patient039,patient039_case01,IBC,IBC_patient002_0138.jpg,2,1.0,partial_below_25,29,29,0.03356481481481482,1.0,0.03356481481481482,0.03356481481481482,1,False
HYBRID_TALON,25,patient039,patient039_case01,IBC,IBC_patient002_0139.jpg,1,1.0,low_25_to_50,355,354,0.4097222222222222,0.9971830985915493,0.4097222222222222,0.4092485549132948,1,False
HYBRID_TALON,25,patient039,patient039_case01,IBC,IBC_patient002_0140.jpg,1,1.0,low_25_to_50,321,303,0.4303977272727273,0.9439252336448598,0.4303977272727273,0.4196675900277008,1,False
HYBRID_TALON,25,patient039,patient039_case01,IBC,IBC_patient002_0141.jpg,1,1.0,low_25_to_50,260,254,0.4703703703703704,0.9769230769230769,0.4703703703703704,0.4652014652014652,1,False
HYBRID_TALON,25,patient103,patient103_case02,IGM,IGM_patient020_0051.jpg,1,1.0,strong_75_plus,147,137,0.85625,0.9319727891156463,0.85625,0.8058823529411765,1,False
HYBRID_TALON,25,patient103,patient103_case02,IGM,IGM_patient020_0051.jpg,2,,off_target_fp,127,0,0.0,0.0,0.0,0.0,0,False
HYBRID_TALON,25,patient103,patient103_case02,IGM,IGM_patient020_0052.jpg,1,1.0,strong_75_plus,268,243,0.9204545454545454,0.9067164179104478,0.9067164179104478,0.8408304498269896,1,False
HYBRID_TALON,25,patient103,patient103_case02,IGM,IGM_patient020_0052.jpg,2,,off_target_fp,116,0,0.0,0.0,0.0,0.0,0,False
HYBRID_TALON,25,patient103,patient103_case02,IGM,IGM_patient020_0053.jpg,1,1.0,strong_75_plus,314,291,0.9448051948051948,0.9267515923566879,0.9267515923566879,0.879154078549849,1,False
HYBRID_TALON,25,patient103,patient103_case02,IGM,IGM_patient020_0053.jpg,2,,off_target_fp,76,0,0.0,0.0,0.0,0.0,0,False
HYBRID_TALON,25,patient103,patient103_case02,IGM,IGM_patient020_0053.jpg,3,,off_target_fp,111,0,0.0,0.0,0.0,0.0,0,False
HYBRID_TALON,25,patient103,patient103_case02,IGM,IGM_patient020_0054.jpg,1,1.0,strong_75_plus,290,258,0.9485294117647058,0.8896551724137931,0.8896551724137931,0.8486842105263158,1,False
HYBRID_TALON,25,patient103,patient103_case02,IGM,IGM_patient020_0054.jpg,2,,off_target_fp,203,0,0.0,0.0,0.0,0.0,0,False
HYBRID_TALON,25,patient103,patient103_case02,IGM,IGM_patient020_0055.jpg,1,1.0,strong_75_plus,232,209,0.9330357142857143,0.9008620689655172,0.9008620689655172,0.8461538461538461,1,False
HYBRID_TALON,25,patient103,patient103_case02,IGM,IGM_patient020_0055.jpg,2,,off_target_fp,267,0,0.0,0.0,0.0,0.0,0,False
HYBRID_TALON,25,patient103,patient103_case02,IGM,IGM_patient020_0056.jpg,1,1.0,strong_75_plus,112,98,0.9074074074074074,0.875,0.875,0.8032786885245902,1,False
HYBRID_TALON,25,patient103,patient103_case02,IGM,IGM_patient020_0056.jpg,2,,off_target_fp,226,0,0.0,0.0,0.0,0.0,0,False
HYBRID_TALON,25,patient026,patient026_case01,IGM,IGM_patient022_0054.jpg,1,1.0,strong_75_plus,91,90,0.8333333333333334,0.989010989010989,0.8333333333333334,0.8256880733944955,1,False
HYBRID_TALON,25,patient026,patient026_case01,IGM,IGM_patient022_0055.jpg,1,1.0,strong_75_plus,178,168,0.9130434782608695,0.9438202247191011,0.9130434782608695,0.865979381443299,1,False
HYBRID_TALON,25,patient026,patient026_case01,IGM,IGM_patient022_0055.jpg,2,,off_target_fp,66,0,0.0,0.0,0.0,0.0,0,False
HYBRID_TALON,25,patient026,patient026_case01,IGM,IGM_patient022_0056.jpg,1,1.0,strong_75_plus,194,176,0.88,0.9072164948453608,0.88,0.8073394495412844,1,False
HYBRID_TALON,25,patient026,patient026_case01,IGM,IGM_patient022_0056.jpg,2,,off_target_fp,110,0,0.0,0.0,0.0,0.0,0,False
HYBRID_TALON,25,patient026,patient026_case01,IGM,IGM_patient022_0056.jpg,3,,off_target_fp,38,0,0.0,0.0,0.0,0.0,0,False
HYBRID_TALON,25,patient026,patient026_case01,IGM,IGM_patient022_0057.jpg,1,1.0,strong_75_plus,159,151,0.8388888888888889,0.949685534591195,0.8388888888888889,0.8031914893617021,1,False
HYBRID_TALON,25,patient026,patient026_case01,IGM,IGM_patient022_0057.jpg,2,,off_target_fp,131,0,0.0,0.0,0.0,0.0,0,False
HYBRID_TALON,25,patient026,patient026_case01,IGM,IGM_patient022_0057.jpg,3,,off_target_fp,89,0,0.0,0.0,0.0,0.0,0,False
HYBRID_TALON,25,patient026,patient026_case01,IGM,IGM_patient022_0058.jpg,1,1.0,moderate_50_to_75,73,69,0.6634615384615384,0.9452054794520548,0.6634615384615384,0.6388888888888888,1,False
HYBRID_TALON,25,patient026,patient026_case01,IGM,IGM_patient022_0058.jpg,2,,off_target_fp,91,0,0.0,0.0,0.0,0.0,0,False
HYBRID_TALON,25,patient026,patient026_case01,IGM,IGM_patient022_0058.jpg,3,,off_target_fp,125,0,0.0,0.0,0.0,0.0,0,False
HYBRID_TALON,25,patient026,patient026_case01,IGM,IGM_patient022_0059.jpg,1,,off_target_fp,45,0,0.0,0.0,0.0,0.0,0,False
HYBRID_TALON,25,patient026,patient026_case01,IGM,IGM_patient022_0059.jpg,2,,off_target_fp,128,0,0.0,0.0,0.0,0.0,0,False
HYBRID_TALON,25,patient030,patient030_case01,IBC,IBC_patient025_0056.jpg,1,1.0,strong_75_plus,346,282,0.94,0.815028901734104,0.815028901734104,0.7747252747252747,1,False
HYBRID_TALON,25,patient030,patient030_case01,IBC,IBC_patient025_0057.jpg,1,1.0,strong_75_plus,1094,1031,0.9305054151624549,0.9424131627056673,0.9305054151624549,0.8804440649017934,1,False
HYBRID_TALON,25,patient030,patient030_case01,IBC,IBC_patient025_0058.jpg,1,1.0,strong_75_plus,1357,1277,0.9389705882352941,0.9410464259395726,0.9389705882352941,0.8868055555555555,1,False
HYBRID_TALON,25,patient030,patient030_case01,IBC,IBC_patient025_0059.jpg,1,1.0,strong_75_plus,1562,1529,0.9323170731707318,0.9788732394366197,0.9323170731707318,0.9139270771069934,1,False
HYBRID_TALON,25,patient030,patient030_case01,IBC,IBC_patient025_0060.jpg,1,1.0,strong_75_plus,1681,1632,0.9379310344827586,0.9708506841165973,0.9379310344827586,0.9122414756847401,1,False
HYBRID_TALON,25,patient030,patient030_case01,IBC,IBC_patient025_0061.jpg,1,1.0,strong_75_plus,1646,1568,0.9560975609756097,0.9526123936816525,0.9526123936816525,0.9126891734575088,1,False
HYBRID_TALON,25,patient030,patient030_case01,IBC,IBC_patient025_0062.jpg,1,1.0,strong_75_plus,1509,1473,0.9540155440414507,0.9761431411530815,0.9540155440414507,0.9322784810126582,1,False
HYBRID_TALON,25,patient030,patient030_case01,IBC,IBC_patient025_0063.jpg,1,1.0,strong_75_plus,1324,1278,0.9537313432835821,0.9652567975830816,0.9537313432835821,0.922077922077922,1,False
HYBRID_TALON,25,patient030,patient030_case01,IBC,IBC_patient025_0064.jpg,1,1.0,strong_75_plus,990,977,0.884963768115942,0.9868686868686869,0.884963768115942,0.8746642793196061,1,False
HYBRID_TALON,25,patient030,patient030_case01,IBC,IBC_patient025_0065.jpg,1,1.0,strong_75_plus,729,706,0.9540540540540541,0.9684499314128944,0.9540540540540541,0.9252948885976409,1,False
HYBRID_TALON,25,patient030,patient030_case01,IBC,IBC_patient025_0066.jpg,1,1.0,strong_75_plus,692,682,0.9166666666666666,0.9855491329479769,0.9166666666666666,0.9045092838196287,1,False
HYBRID_TALON,25,patient030,patient030_case01,IBC,IBC_patient025_0067.jpg,1,1.0,strong_75_plus,612,569,0.9358552631578947,0.9297385620915033,0.9297385620915033,0.8740399385560675,1,False
HYBRID_TALON,25,patient030,patient030_case01,IBC,IBC_patient025_0068.jpg,1,1.0,strong_75_plus,466,446,0.8991935483870968,0.9570815450643777,0.8991935483870968,0.8643410852713178,1,False
HYBRID_TALON,25,patient030,patient030_case01,IBC,IBC_patient025_0069.jpg,1,,off_target_fp,50,0,0.0,0.0,0.0,0.0,0,False
HYBRID_TALON,25,patient030,patient030_case01,IBC,IBC_patient025_0069.jpg,2,1.0,moderate_50_to_75,114,111,0.676829268292683,0.9736842105263158,0.676829268292683,0.6646706586826348,1,False
HYBRID_TALON,25,patient033,patient033_case01,IBC,IBC_patient027_0057.jpg,1,1.0,strong_75_plus,218,174,0.9666666666666667,0.7981651376146789,0.7981651376146789,0.7767857142857143,1,False
HYBRID_TALON,25,patient033,patient033_case01,IBC,IBC_patient027_0058.jpg,1,1.0,strong_75_plus,267,245,0.9722222222222222,0.9176029962546817,0.9176029962546817,0.8941605839416058,1,False
HYBRID_TALON,25,patient033,patient033_case01,IBC,IBC_patient027_0059.jpg,1,1.0,strong_75_plus,336,307,0.959375,0.9136904761904762,0.9136904761904762,0.8796561604584527,1,False
HYBRID_TALON,25,patient033,patient033_case01,IBC,IBC_patient027_0060.jpg,1,1.0,strong_75_plus,384,316,0.9753086419753086,0.8229166666666666,0.8229166666666666,0.8061224489795918,1,False
HYBRID_TALON,25,patient033,patient033_case01,IBC,IBC_patient027_0060.jpg,2,,off_target_fp,30,0,0.0,0.0,0.0,0.0,0,False
HYBRID_TALON,25,patient033,patient033_case01,IBC,IBC_patient027_0061.jpg,1,1.0,strong_75_plus,339,285,0.95,0.8407079646017699,0.8407079646017699,0.8050847457627118,1,False
HYBRID_TALON,25,patient033,patient033_case01,IBC,IBC_patient027_0061.jpg,2,,off_target_fp,38,0,0.0,0.0,0.0,0.0,0,False
HYBRID_TALON,25,patient033,patient033_case01,IBC,IBC_patient027_0062.jpg,1,,off_target_fp,156,0,0.0,0.0,0.0,0.0,0,False
HYBRID_TALON,25,patient033,patient033_case01,IBC,IBC_patient027_0062.jpg,2,1.0,moderate_50_to_75,258,140,0.9722222222222222,0.5426356589147286,0.5426356589147286,0.5343511450381679,1,False
HYBRID_TALON,25,patient033,patient033_case01,IBC,IBC_patient027_0063.jpg,1,1.0,low_25_to_50,179,63,0.984375,0.35195530726256985,0.35195530726256985,0.35,1,False
HYBRID_TALON,25,patient036,patient036_case01,IGM,IGM_patient029_0052.jpg,1,,off_target_fp,45,0,0.0,0.0,0.0,0.0,0,False
HYBRID_TALON,25,patient036,patient036_case01,IGM,IGM_patient029_0054.jpg,1,1.0,moderate_50_to_75,113,101,0.7426470588235294,0.8938053097345132,0.7426470588235294,0.6824324324324325,1,False
HYBRID_TALON,25,patient036,patient036_case01,IGM,IGM_patient029_0055.jpg,1,1.0,strong_75_plus,115,107,0.8359375,0.9304347826086956,0.8359375,0.7867647058823529,1,False
HYBRID_TALON,25,patient058,patient058_case01,IBC,IBC_patient003_0151.jpg,1,1.0,moderate_50_to_75,379,293,0.6659090909090909,0.7730870712401056,0.6659090909090909,0.5570342205323194,1,False
HYBRID_TALON,25,patient058,patient058_case01,IBC,IBC_patient003_0152.jpg,1,1.0,low_25_to_50,364,350,0.46296296296296297,0.9615384615384616,0.46296296296296297,0.45454545454545453,1,False
HYBRID_TALON,25,patient058,patient058_case01,IBC,IBC_patient003_0152.jpg,2,,off_target_fp,99,0,0.0,0.0,0.0,0.0,0,False
HYBRID_TALON,25,patient058,patient058_case01,IBC,IBC_patient003_0153.jpg,1,1.0,low_25_to_50,504,481,0.3611111111111111,0.9543650793650794,0.3611111111111111,0.3549815498154982,1,False
HYBRID_TALON,25,patient058,patient058_case01,IBC,IBC_patient003_0153.jpg,2,,off_target_fp,138,0,0.0,0.0,0.0,0.0,0,False
HYBRID_TALON,25,patient058,patient058_case01,IBC,IBC_patient003_0154.jpg,1,1.0,low_25_to_50,657,606,0.41735537190082644,0.9223744292237442,0.41735537190082644,0.4031936127744511,1,False
HYBRID_TALON,25,patient058,patient058_case01,IBC,IBC_patient003_0154.jpg,2,,off_target_fp,146,0,0.0,0.0,0.0,0.0,0,False
HYBRID_TALON,25,patient058,patient058_case01,IBC,IBC_patient003_0155.jpg,1,1.0,moderate_50_to_75,900,857,0.517512077294686,0.9522222222222222,0.517512077294686,0.5044143613890524,1,False
HYBRID_TALON,25,patient058,patient058_case01,IBC,IBC_patient003_0155.jpg,2,,off_target_fp,58,0,0.0,0.0,0.0,0.0,0,False
HYBRID_TALON,25,patient058,patient058_case01,IBC,IBC_patient003_0156.jpg,1,1.0,moderate_50_to_75,1152,1086,0.6557971014492754,0.9427083333333334,0.6557971014492754,0.6306620209059234,1,False
HYBRID_TALON,25,patient058,patient058_case01,IBC,IBC_patient003_0156.jpg,2,,off_target_fp,64,0,0.0,0.0,0.0,0.0,0,False
HYBRID_TALON,25,patient058,patient058_case01,IBC,IBC_patient003_0157.jpg,1,1.0,moderate_50_to_75,1421,1270,0.7298850574712644,0.8937368050668544,0.7298850574712644,0.671602326811211,1,False
HYBRID_TALON,25,patient058,patient058_case01,IBC,IBC_patient003_0157.jpg,2,,off_target_fp,28,0,0.0,0.0,0.0,0.0,0,False
HYBRID_TALON,25,patient058,patient058_case01,IBC,IBC_patient003_0158.jpg,1,1.0,moderate_50_to_75,1476,1323,0.7221615720524017,0.8963414634146342,0.7221615720524017,0.6664987405541561,1,False
HYBRID_TALON,25,patient058,patient058_case01,IBC,IBC_patient003_0159.jpg,1,1.0,moderate_50_to_75,1503,1381,0.7207724425887265,0.9188290086493679,0.7207724425887265,0.6776251226692837,1,False
HYBRID_TALON,25,patient058,patient058_case01,IBC,IBC_patient003_0159.jpg,2,,off_target_fp,84,0,0.0,0.0,0.0,0.0,0,False
HYBRID_TALON,25,patient058,patient058_case01,IBC,IBC_patient003_0160.jpg,1,1.0,moderate_50_to_75,1385,1232,0.6099009900990099,0.8895306859205776,0.6099009900990099,0.5669581224114127,1,False
HYBRID_TALON,25,patient058,patient058_case01,IBC,IBC_patient003_0160.jpg,2,,off_target_fp,91,0,0.0,0.0,0.0,0.0,0,False
HYBRID_TALON,25,patient058,patient058_case01,IBC,IBC_patient003_0161.jpg,1,1.0,moderate_50_to_75,1205,1068,0.5276679841897233,0.8863070539419087,0.5276679841897233,0.4942156409069875,1,False
HYBRID_TALON,25,patient058,patient058_case01,IBC,IBC_patient003_0161.jpg,2,,off_target_fp,160,0,0.0,0.0,0.0,0.0,0,False
HYBRID_TALON,25,patient058,patient058_case01,IBC,IBC_patient003_0162.jpg,1,1.0,low_25_to_50,894,851,0.41552734375,0.9519015659955258,0.41552734375,0.4069823051171688,1,False
HYBRID_TALON,25,patient058,patient058_case01,IBC,IBC_patient003_0162.jpg,2,,off_target_fp,199,0,0.0,0.0,0.0,0.0,0,False
HYBRID_TALON,25,patient058,patient058_case01,IBC,IBC_patient003_0163.jpg,1,1.0,low_25_to_50,786,725,0.3413370998116761,0.9223918575063613,0.3413370998116761,0.3318077803203661,1,False
HYBRID_TALON,25,patient058,patient058_case01,IBC,IBC_patient003_0163.jpg,2,,off_target_fp,202,0,0.0,0.0,0.0,0.0,0,False
HYBRID_TALON,25,patient058,patient058_case01,IBC,IBC_patient003_0164.jpg,1,1.0,low_25_to_50,643,625,0.28617216117216115,0.9720062208398134,0.28617216117216115,0.28383287920072664,1,False
HYBRID_TALON,25,patient058,patient058_case01,IBC,IBC_patient003_0164.jpg,2,,off_target_fp,189,0,0.0,0.0,0.0,0.0,0,False
HYBRID_TALON,25,patient058,patient058_case01,IBC,IBC_patient003_0165.jpg,1,,off_target_fp,151,0,0.0,0.0,0.0,0.0,0,False
HYBRID_TALON,25,patient058,patient058_case01,IBC,IBC_patient003_0166.jpg,1,,off_target_fp,46,0,0.0,0.0,0.0,0.0,0,False
HYBRID_TALON,25,patient041,patient041_case01,IGM,IGM_patient031_0054.jpg,1,1.0,low_25_to_50,75,74,0.39361702127659576,0.9866666666666667,0.39361702127659576,0.3915343915343915,1,False
HYBRID_TALON,25,patient047,patient047_case01,IBC,IBC_patient035_0131.jpg,1,,off_target_fp,67,0,0.0,0.0,0.0,0.0,0,False
HYBRID_TALON,25,patient047,patient047_case01,IBC,IBC_patient035_0131.jpg,2,1.0,strong_75_plus,319,296,0.8604651162790697,0.9278996865203761,0.8604651162790697,0.8065395095367848,1,False
HYBRID_TALON,25,patient047,patient047_case01,IBC,IBC_patient035_0132.jpg,1,1.0,strong_75_plus,367,321,0.9553571428571429,0.8746594005449592,0.8746594005449592,0.8403141361256544,1,False
HYBRID_TALON,25,patient047,patient047_case01,IBC,IBC_patient035_0133.jpg,1,1.0,strong_75_plus,398,373,0.8966346153846154,0.9371859296482412,0.8966346153846154,0.8458049886621315,1,False
HYBRID_TALON,25,patient047,patient047_case01,IBC,IBC_patient035_0133.jpg,2,,off_target_fp,88,0,0.0,0.0,0.0,0.0,0,False
HYBRID_TALON,25,patient047,patient047_case01,IBC,IBC_patient035_0134.jpg,1,1.0,strong_75_plus,406,361,0.9025,0.8891625615763546,0.8891625615763546,0.8112359550561797,1,False
HYBRID_TALON,25,patient047,patient047_case01,IBC,IBC_patient035_0134.jpg,2,,off_target_fp,200,0,0.0,0.0,0.0,0.0,0,False
HYBRID_TALON,25,patient047,patient047_case01,IBC,IBC_patient035_0135.jpg,1,1.0,strong_75_plus,347,302,0.7626262626262627,0.8703170028818443,0.7626262626262627,0.6848072562358276,1,False
HYBRID_TALON,25,patient047,patient047_case01,IBC,IBC_patient035_0135.jpg,2,,off_target_fp,187,0,0.0,0.0,0.0,0.0,0,False
HYBRID_TALON,25,patient047,patient047_case01,IBC,IBC_patient035_0136.jpg,1,1.0,moderate_50_to_75,269,224,0.6666666666666666,0.8327137546468402,0.6666666666666666,0.5879265091863517,1,False
HYBRID_TALON,25,patient047,patient047_case01,IBC,IBC_patient035_0136.jpg,2,,off_target_fp,188,0,0.0,0.0,0.0,0.0,0,False
HYBRID_TALON,25,patient047,patient047_case01,IBC,IBC_patient035_0137.jpg,1,1.0,low_25_to_50,179,146,0.48026315789473684,0.8156424581005587,0.48026315789473684,0.4332344213649852,1,False
HYBRID_TALON,25,patient047,patient047_case01,IBC,IBC_patient035_0137.jpg,2,,off_target_fp,197,0,0.0,0.0,0.0,0.0,0,False
HYBRID_TALON,25,patient047,patient047_case01,IBC,IBC_patient035_0138.jpg,1,1.0,low_25_to_50,82,70,0.25735294117647056,0.8536585365853658,0.25735294117647056,0.24647887323943662,1,False
HYBRID_TALON,25,patient047,patient047_case01,IBC,IBC_patient035_0138.jpg,2,,off_target_fp,39,0,0.0,0.0,0.0,0.0,0,False
HYBRID_TALON,25,patient047,patient047_case01,IBC,IBC_patient035_0139.jpg,1,1.0,partial_below_25,54,50,0.22727272727272727,0.9259259259259259,0.22727272727272727,0.22321428571428573,1,False
HYBRID_TALON,25,patient055,patient055_case01,IBC,IBC_patient039_0065.jpg,1,,off_target_fp,964,0,0.0,0.0,0.0,0.0,0,False
HYBRID_TALON,25,patient055,patient055_case01,IBC,IBC_patient039_0065.jpg,2,,off_target_fp,116,0,0.0,0.0,0.0,0.0,0,False
HYBRID_TALON,25,patient055,patient055_case01,IBC,IBC_patient039_0065.jpg,3,,off_target_fp,115,0,0.0,0.0,0.0,0.0,0,False
HYBRID_TALON,25,patient055,patient055_case01,IBC,IBC_patient039_0066.jpg,1,,off_target_fp,840,0,0.0,0.0,0.0,0.0,0,False
HYBRID_TALON,25,patient055,patient055_case01,IBC,IBC_patient039_0066.jpg,2,,off_target_fp,208,0,0.0,0.0,0.0,0.0,0,False
HYBRID_TALON,25,patient055,patient055_case01,IBC,IBC_patient039_0067.jpg,1,,off_target_fp,231,0,0.0,0.0,0.0,0.0,0,False
HYBRID_TALON,25,patient055,patient055_case01,IBC,IBC_patient039_0067.jpg,2,,off_target_fp,493,0,0.0,0.0,0.0,0.0,0,False
HYBRID_TALON,25,patient055,patient055_case01,IBC,IBC_patient039_0068.jpg,1,,off_target_fp,251,0,0.0,0.0,0.0,0.0,0,False
HYBRID_TALON,25,patient055,patient055_case01,IBC,IBC_patient039_0068.jpg,2,,off_target_fp,45,0,0.0,0.0,0.0,0.0,0,False
HYBRID_TALON,25,patient055,patient055_case01,IBC,IBC_patient039_0069.jpg,1,,off_target_fp,141,0,0.0,0.0,0.0,0.0,0,False
HYBRID_TALON,25,patient055,patient055_case01,IBC,IBC_patient039_0069.jpg,2,,off_target_fp,29,0,0.0,0.0,0.0,0.0,0,False
HYBRID_TALON,25,patient055,patient055_case01,IBC,IBC_patient039_0069.jpg,3,,off_target_fp,189,0,0.0,0.0,0.0,0.0,0,False
HYBRID_TALON,25,patient055,patient055_case01,IBC,IBC_patient039_0070.jpg,1,,off_target_fp,83,0,0.0,0.0,0.0,0.0,0,False
HYBRID_TALON,25,patient055,patient055_case01,IBC,IBC_patient039_0070.jpg,2,,off_target_fp,39,0,0.0,0.0,0.0,0.0,0,False
HYBRID_TALON,25,patient055,patient055_case01,IBC,IBC_patient039_0070.jpg,3,,off_target_fp,240,0,0.0,0.0,0.0,0.0,0,False
HYBRID_TALON,25,patient055,patient055_case01,IBC,IBC_patient039_0071.jpg,1,,off_target_fp,61,0,0.0,0.0,0.0,0.0,0,False
HYBRID_TALON,25,patient055,patient055_case01,IBC,IBC_patient039_0071.jpg,2,,off_target_fp,153,0,0.0,0.0,0.0,0.0,0,False
HYBRID_TALON,25,patient055,patient055_case01,IBC,IBC_patient039_0072.jpg,1,,off_target_fp,59,0,0.0,0.0,0.0,0.0,0,False
HYBRID_TALON,25,patient055,patient055_case01,IBC,IBC_patient039_0072.jpg,2,,off_target_fp,96,0,0.0,0.0,0.0,0.0,0,False
HYBRID_TALON,25,patient055,patient055_case01,IBC,IBC_patient039_0073.jpg,1,,off_target_fp,52,0,0.0,0.0,0.0,0.0,0,False
HYBRID_TALON,25,patient055,patient055_case01,IBC,IBC_patient039_0073.jpg,2,,off_target_fp,94,0,0.0,0.0,0.0,0.0,0,False
HYBRID_TALON,25,patient055,patient055_case01,IBC,IBC_patient039_0073.jpg,3,,off_target_fp,81,0,0.0,0.0,0.0,0.0,0,False
HYBRID_TALON,25,patient055,patient055_case01,IBC,IBC_patient039_0074.jpg,1,,off_target_fp,59,0,0.0,0.0,0.0,0.0,0,False
HYBRID_TALON,25,patient059,patient059_case01,IBC,IBC_patient040_0059.jpg,1,,off_target_fp,116,0,0.0,0.0,0.0,0.0,0,False
HYBRID_TALON,25,patient059,patient059_case01,IBC,IBC_patient040_0060.jpg,1,1.0,strong_75_plus,125,101,0.9711538461538461,0.808,0.808,0.7890625,1,False
HYBRID_TALON,25,patient059,patient059_case01,IBC,IBC_patient040_0061.jpg,1,1.0,strong_75_plus,143,126,0.875,0.8811188811188811,0.875,0.782608695652174,1,False
HYBRID_TALON,25,patient059,patient059_case01,IBC,IBC_patient040_0062.jpg,1,1.0,strong_75_plus,166,144,0.782608695652174,0.8674698795180723,0.782608695652174,0.6990291262135923,1,False
HYBRID_TALON,25,patient059,patient059_case01,IBC,IBC_patient040_0063.jpg,1,,off_target_fp,63,0,0.0,0.0,0.0,0.0,0,False
HYBRID_TALON,25,patient059,patient059_case01,IBC,IBC_patient040_0063.jpg,2,1.0,strong_75_plus,208,200,0.7936507936507936,0.9615384615384616,0.7936507936507936,0.7692307692307693,1,False
HYBRID_TALON,25,patient059,patient059_case01,IBC,IBC_patient040_0064.jpg,1,,off_target_fp,53,0,0.0,0.0,0.0,0.0,0,False
HYBRID_TALON,25,patient059,patient059_case01,IBC,IBC_patient040_0064.jpg,2,1.0,strong_75_plus,213,175,0.8413461538461539,0.8215962441314554,0.8215962441314554,0.7113821138211383,1,False
HYBRID_TALON,25,patient059,patient059_case01,IBC,IBC_patient040_0065.jpg,1,,off_target_fp,31,0,0.0,0.0,0.0,0.0,0,False
HYBRID_TALON,25,patient059,patient059_case01,IBC,IBC_patient040_0065.jpg,2,1.0,strong_75_plus,258,233,0.8090277777777778,0.9031007751937985,0.8090277777777778,0.744408945686901,1,False
HYBRID_TALON,25,patient059,patient059_case01,IBC,IBC_patient040_0066.jpg,1,,off_target_fp,158,0,0.0,0.0,0.0,0.0,0,False
HYBRID_TALON,25,patient059,patient059_case01,IBC,IBC_patient040_0066.jpg,2,1.0,strong_75_plus,313,259,0.9119718309859155,0.8274760383386581,0.8274760383386581,0.7662721893491125,1,False
HYBRID_TALON,25,patient059,patient059_case01,IBC,IBC_patient040_0067.jpg,1,,off_target_fp,298,0,0.0,0.0,0.0,0.0,0,False
HYBRID_TALON,25,patient059,patient059_case01,IBC,IBC_patient040_0067.jpg,2,1.0,strong_75_plus,310,262,0.9632352941176471,0.8451612903225807,0.8451612903225807,0.81875,1,False
HYBRID_TALON,25,patient059,patient059_case01,IBC,IBC_patient040_0068.jpg,1,,off_target_fp,354,0,0.0,0.0,0.0,0.0,0,False
HYBRID_TALON,25,patient059,patient059_case01,IBC,IBC_patient040_0068.jpg,2,,off_target_fp,30,0,0.0,0.0,0.0,0.0,0,False
HYBRID_TALON,25,patient059,patient059_case01,IBC,IBC_patient040_0068.jpg,3,1.0,strong_75_plus,225,194,0.8220338983050848,0.8622222222222222,0.8220338983050848,0.7265917602996255,1,False
HYBRID_TALON,25,patient059,patient059_case01,IBC,IBC_patient040_0069.jpg,1,,off_target_fp,155,0,0.0,0.0,0.0,0.0,0,False
HYBRID_TALON,25,patient059,patient059_case01,IBC,IBC_patient040_0069.jpg,2,1.0,strong_75_plus,285,266,0.8012048192771084,0.9333333333333333,0.8012048192771084,0.7578347578347578,1,False
HYBRID_TALON,25,patient059,patient059_case01,IBC,IBC_patient040_0070.jpg,1,,off_target_fp,144,0,0.0,0.0,0.0,0.0,0,False
HYBRID_TALON,25,patient059,patient059_case01,IBC,IBC_patient040_0070.jpg,2,1.0,strong_75_plus,160,123,0.9609375,0.76875,0.76875,0.7454545454545455,1,False
HYBRID_TALON,25,patient064,patient064_case01,IGM,IGM_patient043_0054.jpg,1,1.0,moderate_50_to_75,369,293,0.7043269230769231,0.7940379403794038,0.7043269230769231,0.5955284552845529,1,False
HYBRID_TALON,25,patient064,patient064_case01,IGM,IGM_patient043_0055.jpg,1,1.0,moderate_50_to_75,498,459,0.7308917197452229,0.9216867469879518,0.7308917197452229,0.6881559220389805,1,False
HYBRID_TALON,25,patient064,patient064_case01,IGM,IGM_patient043_0056.jpg,1,1.0,moderate_50_to_75,554,453,0.6947852760736196,0.8176895306859205,0.6947852760736196,0.601593625498008,1,False
HYBRID_TALON,25,patient064,patient064_case01,IGM,IGM_patient043_0057.jpg,1,1.0,strong_75_plus,488,441,0.75,0.9036885245901639,0.75,0.694488188976378,1,False
HYBRID_TALON,25,patient064,patient064_case01,IGM,IGM_patient043_0058.jpg,1,1.0,strong_75_plus,544,456,0.8142857142857143,0.8382352941176471,0.8142857142857143,0.7037037037037037,1,False
HYBRID_TALON,25,patient064,patient064_case01,IGM,IGM_patient043_0059.jpg,1,,off_target_fp,125,0,0.0,0.0,0.0,0.0,0,False
HYBRID_TALON,25,patient064,patient064_case01,IGM,IGM_patient043_0059.jpg,2,1.0,moderate_50_to_75,488,432,0.6,0.8852459016393442,0.6,0.5567010309278351,1,False
HYBRID_TALON,25,patient064,patient064_case01,IGM,IGM_patient043_0060.jpg,1,,off_target_fp,181,0,0.0,0.0,0.0,0.0,0,False
HYBRID_TALON,25,patient064,patient064_case01,IGM,IGM_patient043_0060.jpg,2,,off_target_fp,203,0,0.0,0.0,0.0,0.0,0,False
HYBRID_TALON,25,patient064,patient064_case01,IGM,IGM_patient043_0060.jpg,3,1.0,low_25_to_50,318,275,0.4493464052287582,0.8647798742138365,0.4493464052287582,0.4198473282442748,1,False
HYBRID_TALON,25,patient064,patient064_case01,IGM,IGM_patient043_0061.jpg,1,,off_target_fp,175,0,0.0,0.0,0.0,0.0,0,False
HYBRID_TALON,25,patient064,patient064_case01,IGM,IGM_patient043_0061.jpg,2,,off_target_fp,220,0,0.0,0.0,0.0,0.0,0,False
HYBRID_TALON,25,patient068,patient068_case01,IBC,IBC_patient045_0009.jpg,1,,off_target_fp,365,0,0.0,0.0,0.0,0.0,0,False
HYBRID_TALON,25,patient068,patient068_case01,IBC,IBC_patient045_0010.jpg,1,,off_target_fp,537,0,0.0,0.0,0.0,0.0,0,False
HYBRID_TALON,25,patient068,patient068_case01,IBC,IBC_patient045_0062.jpg,1,1.0,moderate_50_to_75,41,40,0.7142857142857143,0.975609756097561,0.7142857142857143,0.7017543859649122,1,False
HYBRID_TALON,25,patient068,patient068_case01,IBC,IBC_patient045_0063.jpg,1,1.0,strong_75_plus,113,98,0.9423076923076923,0.8672566371681416,0.8672566371681416,0.8235294117647058,1,False
HYBRID_TALON,25,patient068,patient068_case01,IBC,IBC_patient045_0064.jpg,1,1.0,moderate_50_to_75,123,91,0.9891304347826086,0.7398373983739838,0.7398373983739838,0.7338709677419355,1,False
HYBRID_TALON,25,patient068,patient068_case01,IBC,IBC_patient045_0065.jpg,1,1.0,moderate_50_to_75,86,61,0.953125,0.7093023255813954,0.7093023255813954,0.6853932584269663,1,False
HYBRID_TALON,25,patient068,patient068_case01,IBC,IBC_patient045_0066.jpg,1,,off_target_fp,53,0,0.0,0.0,0.0,0.0,0,False
HYBRID_TALON,25,patient068,patient068_case01,IBC,IBC_patient045_0066.jpg,2,,off_target_fp,27,0,0.0,0.0,0.0,0.0,0,False
HYBRID_TALON,25,patient068,patient068_case01,IBC,IBC_patient045_0066.jpg,3,1.0,low_25_to_50,74,65,0.49242424242424243,0.8783783783783784,0.49242424242424243,0.46099290780141844,1,False
HYBRID_TALON,25,patient068,patient068_case01,IBC,IBC_patient045_0067.jpg,1,,off_target_fp,85,0,0.0,0.0,0.0,0.0,0,False
HYBRID_TALON,25,patient068,patient068_case01,IBC,IBC_patient045_0067.jpg,2,1.0,moderate_50_to_75,136,109,0.5561224489795918,0.8014705882352942,0.5561224489795918,0.48878923766816146,1,False
HYBRID_TALON,25,patient068,patient068_case01,IBC,IBC_patient045_0068.jpg,1,,off_target_fp,63,0,0.0,0.0,0.0,0.0,0,False
HYBRID_TALON,25,patient068,patient068_case01,IBC,IBC_patient045_0068.jpg,2,1.0,low_25_to_50,123,91,0.4375,0.7398373983739838,0.4375,0.37916666666666665,1,False
HYBRID_TALON,25,patient068,patient068_case01,IBC,IBC_patient045_0069.jpg,1,1.0,low_25_to_50,69,64,0.32653061224489793,0.927536231884058,0.32653061224489793,0.31840796019900497,1,False
HYBRID_TALON,25,patient068,patient068_case01,IBC,IBC_patient045_0070.jpg,1,,off_target_fp,26,0,0.0,0.0,0.0,0.0,0,False
HYBRID_TALON,25,patient068,patient068_case01,IBC,IBC_patient045_0070.jpg,2,1.0,moderate_50_to_75,137,120,0.5454545454545454,0.8759124087591241,0.5454545454545454,0.5063291139240507,1,False
HYBRID_TALON,25,patient068,patient068_case01,IBC,IBC_patient045_0070.jpg,3,1.0,partial_below_25,61,53,0.2409090909090909,0.8688524590163934,0.2409090909090909,0.2324561403508772,1,False
HYBRID_TALON,25,patient068,patient068_case01,IBC,IBC_patient045_0071.jpg,1,1.0,strong_75_plus,154,138,0.9324324324324325,0.8961038961038961,0.8961038961038961,0.8414634146341463,1,False
HYBRID_TALON,25,patient068,patient068_case01,IBC,IBC_patient045_0071.jpg,2,,off_target_fp,54,0,0.0,0.0,0.0,0.0,0,False
HYBRID_TALON,25,patient068,patient068_case01,IBC,IBC_patient045_0072.jpg,1,1.0,strong_75_plus,185,177,0.8194444444444444,0.9567567567567568,0.8194444444444444,0.7901785714285714,1,False
HYBRID_TALON,25,patient068,patient068_case01,IBC,IBC_patient045_0072.jpg,2,,off_target_fp,28,0,0.0,0.0,0.0,0.0,0,False
HYBRID_TALON,25,patient068,patient068_case01,IBC,IBC_patient045_0072.jpg,3,,off_target_fp,41,0,0.0,0.0,0.0,0.0,0,False
HYBRID_TALON,25,patient068,patient068_case01,IBC,IBC_patient045_0073.jpg,1,,off_target_fp,79,0,0.0,0.0,0.0,0.0,0,False
HYBRID_TALON,25,patient068,patient068_case01,IBC,IBC_patient045_0073.jpg,2,1.0,low_25_to_50,184,163,0.42010309278350516,0.8858695652173914,0.42010309278350516,0.39853300733496333,1,False
HYBRID_TALON,25,patient068,patient068_case01,IBC,IBC_patient045_0073.jpg,3,,off_target_fp,78,0,0.0,0.0,0.0,0.0,0,False
HYBRID_TALON,25,patient068,patient068_case01,IBC,IBC_patient045_0073.jpg,4,,off_target_fp,39,0,0.0,0.0,0.0,0.0,0,False
HYBRID_TALON,25,patient068,patient068_case01,IBC,IBC_patient045_0074.jpg,1,,off_target_fp,27,0,0.0,0.0,0.0,0.0,0,False
HYBRID_TALON,25,patient068,patient068_case01,IBC,IBC_patient045_0074.jpg,2,,off_target_fp,75,0,0.0,0.0,0.0,0.0,0,False
HYBRID_TALON,25,patient068,patient068_case01,IBC,IBC_patient045_0074.jpg,3,1.0,low_25_to_50,144,117,0.4717741935483871,0.8125,0.4717741935483871,0.4254545454545455,1,False
HYBRID_TALON,25,patient068,patient068_case01,IBC,IBC_patient045_0074.jpg,4,,off_target_fp,64,0,0.0,0.0,0.0,0.0,0,False
HYBRID_TALON,25,patient068,patient068_case01,IBC,IBC_patient045_0074.jpg,5,,off_target_fp,45,0,0.0,0.0,0.0,0.0,0,False
HYBRID_TALON,25,patient068,patient068_case01,IBC,IBC_patient045_0075.jpg,1,,off_target_fp,41,0,0.0,0.0,0.0,0.0,0,False
HYBRID_TALON,25,patient068,patient068_case01,IBC,IBC_patient045_0075.jpg,2,,off_target_fp,30,0,0.0,0.0,0.0,0.0,0,False
HYBRID_TALON,25,patient068,patient068_case01,IBC,IBC_patient045_0075.jpg,3,1.0,strong_75_plus,152,135,0.84375,0.8881578947368421,0.84375,0.7627118644067796,1,False
HYBRID_TALON,25,patient068,patient068_case01,IBC,IBC_patient045_0075.jpg,4,,off_target_fp,41,0,0.0,0.0,0.0,0.0,0,False
HYBRID_TALON,25,patient068,patient068_case01,IBC,IBC_patient045_0076.jpg,1,,off_target_fp,42,0,0.0,0.0,0.0,0.0,0,False
HYBRID_TALON,25,patient068,patient068_case01,IBC,IBC_patient045_0076.jpg,2,1.0,moderate_50_to_75,159,111,0.9568965517241379,0.6981132075471698,0.6981132075471698,0.676829268292683,1,False
HYBRID_TALON,25,patient068,patient068_case01,IBC,IBC_patient045_0076.jpg,3,,off_target_fp,41,0,0.0,0.0,0.0,0.0,0,False
HYBRID_TALON,25,patient068,patient068_case01,IBC,IBC_patient045_0077.jpg,1,1.0,strong_75_plus,123,101,0.9017857142857143,0.8211382113821138,0.8211382113821138,0.753731343283582,1,False
HYBRID_TALON,25,patient068,patient068_case01,IBC,IBC_patient045_0077.jpg,2,,off_target_fp,49,0,0.0,0.0,0.0,0.0,0,False
HYBRID_TALON,25,patient068,patient068_case01,IBC,IBC_patient045_0078.jpg,1,1.0,strong_75_plus,40,33,0.75,0.825,0.75,0.6470588235294118,1,False
HYBRID_TALON,25,patient068,patient068_case01,IBC,IBC_patient045_0078.jpg,2,,off_target_fp,55,0,0.0,0.0,0.0,0.0,0,False
HYBRID_TALON,25,patient076,patient076_case01,IBC,IBC_patient049_0027.jpg,1,1.0,strong_75_plus,227,218,0.8934426229508197,0.960352422907489,0.8934426229508197,0.8616600790513834,1,False
HYBRID_TALON,25,patient076,patient076_case01,IBC,IBC_patient049_0027.jpg,2,,off_target_fp,58,0,0.0,0.0,0.0,0.0,0,False
HYBRID_TALON,25,patient076,patient076_case01,IBC,IBC_patient049_0028.jpg,1,1.0,strong_75_plus,478,473,0.9026717557251909,0.9895397489539749,0.9026717557251909,0.8941398865784499,1,False
HYBRID_TALON,25,patient076,patient076_case01,IBC,IBC_patient049_0028.jpg,2,,off_target_fp,26,0,0.0,0.0,0.0,0.0,0,False
HYBRID_TALON,25,patient076,patient076_case01,IBC,IBC_patient049_0029.jpg,1,1.0,strong_75_plus,538,463,0.8768939393939394,0.8605947955390335,0.8605947955390335,0.7678275290215588,1,False
HYBRID_TALON,25,patient076,patient076_case01,IBC,IBC_patient049_0030.jpg,1,1.0,strong_75_plus,406,372,0.8157894736842105,0.916256157635468,0.8157894736842105,0.7591836734693878,1,False
HYBRID_TALON,25,patient076,patient076_case01,IBC,IBC_patient049_0030.jpg,2,,off_target_fp,45,0,0.0,0.0,0.0,0.0,0,False
HYBRID_TALON,25,patient076,patient076_case01,IBC,IBC_patient049_0031.jpg,1,1.0,strong_75_plus,344,327,0.8605263157894737,0.9505813953488372,0.8605263157894737,0.8236775818639799,1,False
HYBRID_TALON,25,patient076,patient076_case01,IBC,IBC_patient049_0031.jpg,2,,off_target_fp,289,0,0.0,0.0,0.0,0.0,0,False
HYBRID_TALON,25,patient076,patient076_case01,IBC,IBC_patient049_0032.jpg,1,1.0,strong_75_plus,311,286,0.8614457831325302,0.9196141479099679,0.8614457831325302,0.8011204481792717,1,False
HYBRID_TALON,25,patient076,patient076_case01,IBC,IBC_patient049_0032.jpg,2,,off_target_fp,71,0,0.0,0.0,0.0,0.0,0,False
HYBRID_TALON,25,patient076,patient076_case01,IBC,IBC_patient049_0032.jpg,3,,off_target_fp,212,0,0.0,0.0,0.0,0.0,0,False
HYBRID_TALON,25,patient076,patient076_case01,IBC,IBC_patient049_0032.jpg,4,,off_target_fp,188,0,0.0,0.0,0.0,0.0,0,False
HYBRID_TALON,25,patient076,patient076_case01,IBC,IBC_patient049_0032.jpg,5,,off_target_fp,32,0,0.0,0.0,0.0,0.0,0,False
HYBRID_TALON,25,patient076,patient076_case01,IBC,IBC_patient049_0033.jpg,1,1.0,strong_75_plus,313,274,0.7527472527472527,0.8753993610223643,0.7527472527472527,0.6799007444168734,1,False
HYBRID_TALON,25,patient076,patient076_case01,IBC,IBC_patient049_0033.jpg,2,1.0,partial_below_25,28,18,0.04945054945054945,0.6428571428571429,0.04945054945054945,0.0481283422459893,1,False
HYBRID_TALON,25,patient076,patient076_case01,IBC,IBC_patient049_0033.jpg,3,,off_target_fp,81,0,0.0,0.0,0.0,0.0,0,False
HYBRID_TALON,25,patient076,patient076_case01,IBC,IBC_patient049_0033.jpg,4,,off_target_fp,28,0,0.0,0.0,0.0,0.0,0,False
HYBRID_TALON,25,patient076,patient076_case01,IBC,IBC_patient049_0034.jpg,1,,off_target_fp,212,0,0.0,0.0,0.0,0.0,0,False
HYBRID_TALON,25,patient076,patient076_case01,IBC,IBC_patient049_0034.jpg,2,1.0,strong_75_plus,309,243,0.9346153846153846,0.7864077669902912,0.7864077669902912,0.745398773006135,1,False
HYBRID_TALON,25,patient076,patient076_case01,IBC,IBC_patient049_0034.jpg,3,,off_target_fp,28,0,0.0,0.0,0.0,0.0,0,False
HYBRID_TALON,25,patient076,patient076_case01,IBC,IBC_patient049_0035.jpg,1,,off_target_fp,138,0,0.0,0.0,0.0,0.0,0,False
HYBRID_TALON,25,patient076,patient076_case01,IBC,IBC_patient049_0035.jpg,2,1.0,low_25_to_50,46,42,0.2916666666666667,0.9130434782608695,0.2916666666666667,0.28378378378378377,1,False
HYBRID_TALON,25,patient076,patient076_case01,IBC,IBC_patient049_0035.jpg,3,,off_target_fp,60,0,0.0,0.0,0.0,0.0,0,False
HYBRID_TALON,25,patient076,patient076_case01,IBC,IBC_patient049_0035.jpg,4,,off_target_fp,47,0,0.0,0.0,0.0,0.0,0,False
HYBRID_TALON,25,patient076,patient076_case01,IBC,IBC_patient049_0035.jpg,5,,off_target_fp,126,0,0.0,0.0,0.0,0.0,0,False
HYBRID_TALON,25,patient081,patient081_case01,IBC,IBC_patient051_0058.jpg,1,,off_target_fp,45,0,0.0,0.0,0.0,0.0,0,False
HYBRID_TALON,25,patient081,patient081_case01,IBC,IBC_patient051_0058.jpg,2,,off_target_fp,64,0,0.0,0.0,0.0,0.0,0,False
HYBRID_TALON,25,patient081,patient081_case01,IBC,IBC_patient051_0059.jpg,1,1.0,low_25_to_50,202,57,0.5277777777777778,0.28217821782178215,0.28217821782178215,0.22529644268774704,1,False
HYBRID_TALON,25,patient081,patient081_case01,IBC,IBC_patient051_0059.jpg,2,,off_target_fp,25,0,0.0,0.0,0.0,0.0,0,False
HYBRID_TALON,25,patient081,patient081_case01,IBC,IBC_patient051_0059.jpg,3,,off_target_fp,31,0,0.0,0.0,0.0,0.0,0,False
HYBRID_TALON,25,patient081,patient081_case01,IBC,IBC_patient051_0060.jpg,1,,off_target_fp,285,0,0.0,0.0,0.0,0.0,0,False
HYBRID_TALON,25,patient081,patient081_case01,IBC,IBC_patient051_0060.jpg,2,1.0,moderate_50_to_75,234,137,0.9513888888888888,0.5854700854700855,0.5854700854700855,0.5684647302904564,1,False
HYBRID_TALON,25,patient081,patient081_case01,IBC,IBC_patient051_0061.jpg,1,,off_target_fp,261,0,0.0,0.0,0.0,0.0,0,False
HYBRID_TALON,25,patient081,patient081_case01,IBC,IBC_patient051_0061.jpg,2,1.0,strong_75_plus,167,132,1.0,0.7904191616766467,0.7904191616766467,0.7904191616766467,1,False
HYBRID_TALON,25,patient081,patient081_case01,IBC,IBC_patient051_0062.jpg,1,1.0,strong_75_plus,99,91,0.91,0.9191919191919192,0.91,0.8425925925925926,1,False
HYBRID_TALON,25,patient081,patient081_case01,IBC,IBC_patient051_0062.jpg,2,,off_target_fp,89,0,0.0,0.0,0.0,0.0,0,False
HYBRID_TALON,25,patient081,patient081_case01,IBC,IBC_patient051_0063.jpg,1,,off_target_fp,146,0,0.0,0.0,0.0,0.0,0,False
HYBRID_TALON,25,patient081,patient081_case01,IBC,IBC_patient051_0063.jpg,2,,off_target_fp,71,0,0.0,0.0,0.0,0.0,0,False
HYBRID_TALON,25,patient081,patient081_case01,IBC,IBC_patient051_0063.jpg,3,,off_target_fp,56,0,0.0,0.0,0.0,0.0,0,False
HYBRID_TALON,25,patient090,patient090_case01,IGM,IGM_patient055_0057.jpg,1,1.0,strong_75_plus,348,317,0.8430851063829787,0.9109195402298851,0.8430851063829787,0.7788697788697788,1,False
HYBRID_TALON,25,patient090,patient090_case01,IGM,IGM_patient055_0057.jpg,2,,off_target_fp,28,0,0.0,0.0,0.0,0.0,0,False
HYBRID_TALON,25,patient090,patient090_case01,IGM,IGM_patient055_0058.jpg,1,1.0,strong_75_plus,338,316,0.8404255319148937,0.9349112426035503,0.8404255319148937,0.7939698492462312,1,False
HYBRID_TALON,25,patient090,patient090_case01,IGM,IGM_patient055_0059.jpg,1,1.0,low_25_to_50,98,96,0.27586206896551724,0.9795918367346939,0.27586206896551724,0.2742857142857143,1,False
HYBRID_TALON,25,patient090,patient090_case01,IGM,IGM_patient055_0059.jpg,2,1.0,moderate_50_to_75,205,185,0.5316091954022989,0.9024390243902439,0.5316091954022989,0.5027173913043478,1,False
HYBRID_TALON,25,patient090,patient090_case01,IGM,IGM_patient055_0060.jpg,1,1.0,low_25_to_50,100,89,0.26176470588235295,0.89,0.26176470588235295,0.2535612535612536,1,False
HYBRID_TALON,25,patient090,patient090_case01,IGM,IGM_patient055_0060.jpg,2,1.0,moderate_50_to_75,197,189,0.5558823529411765,0.9593908629441624,0.5558823529411765,0.5431034482758621,1,False
HYBRID_TALON,25,patient090,patient090_case01,IGM,IGM_patient055_0060.jpg,3,,off_target_fp,109,0,0.0,0.0,0.0,0.0,0,False
HYBRID_TALON,25,patient090,patient090_case01,IGM,IGM_patient055_0061.jpg,1,1.0,strong_75_plus,286,268,0.881578947368421,0.9370629370629371,0.881578947368421,0.8322981366459627,1,False
HYBRID_TALON,25,patient090,patient090_case01,IGM,IGM_patient055_0061.jpg,2,,off_target_fp,162,0,0.0,0.0,0.0,0.0,0,False
HYBRID_TALON,25,patient090,patient090_case01,IGM,IGM_patient055_0062.jpg,1,1.0,strong_75_plus,242,219,0.8171641791044776,0.9049586776859504,0.8171641791044776,0.7525773195876289,1,False
HYBRID_TALON,25,patient090,patient090_case01,IGM,IGM_patient055_0062.jpg,2,,off_target_fp,158,0,0.0,0.0,0.0,0.0,0,False
HYBRID_TALON,25,patient090,patient090_case01,IGM,IGM_patient055_0063.jpg,1,1.0,moderate_50_to_75,104,69,0.71875,0.6634615384615384,0.6634615384615384,0.5267175572519084,1,False
HYBRID_TALON,25,patient090,patient090_case01,IGM,IGM_patient055_0063.jpg,2,,off_target_fp,132,0,0.0,0.0,0.0,0.0,0,False
HYBRID_TALON,25,patient090,patient090_case01,IGM,IGM_patient055_0063.jpg,3,,off_target_fp,27,0,0.0,0.0,0.0,0.0,0,False
HYBRID_TALON,25,patient090,patient090_case01,IGM,IGM_patient055_0064.jpg,1,1.0,moderate_50_to_75,88,84,0.6774193548387096,0.9545454545454546,0.6774193548387096,0.65625,1,False
HYBRID_TALON,25,patient090,patient090_case01,IGM,IGM_patient055_0064.jpg,2,,off_target_fp,30,0,0.0,0.0,0.0,0.0,0,False
HYBRID_TALON,25,patient090,patient090_case01,IGM,IGM_patient055_0064.jpg,3,,off_target_fp,74,0,0.0,0.0,0.0,0.0,0,False
HYBRID_TALON,25,patient090,patient090_case01,IGM,IGM_patient055_0064.jpg,4,,off_target_fp,72,0,0.0,0.0,0.0,0.0,0,False
HYBRID_TALON,25,patient090,patient090_case01,IGM,IGM_patient055_0065.jpg,1,1.0,moderate_50_to_75,104,93,0.58125,0.8942307692307693,0.58125,0.543859649122807,1,False
HYBRID_TALON,25,patient090,patient090_case01,IGM,IGM_patient055_0065.jpg,2,,off_target_fp,49,0,0.0,0.0,0.0,0.0,0,False
HYBRID_TALON,25,patient090,patient090_case01,IGM,IGM_patient055_0066.jpg,1,1.0,strong_75_plus,206,173,0.8317307692307693,0.8398058252427184,0.8317307692307693,0.7178423236514523,1,False
HYBRID_TALON,25,patient090,patient090_case01,IGM,IGM_patient055_0067.jpg,1,1.0,strong_75_plus,190,172,0.8775510204081632,0.9052631578947369,0.8775510204081632,0.8037383177570093,1,False
HYBRID_TALON,25,patient090,patient090_case01,IGM,IGM_patient055_0068.jpg,1,1.0,strong_75_plus,190,164,0.9318181818181818,0.8631578947368421,0.8631578947368421,0.8118811881188119,1,False
HYBRID_TALON,25,patient090,patient090_case01,IGM,IGM_patient055_0068.jpg,2,,off_target_fp,107,0,0.0,0.0,0.0,0.0,0,False
HYBRID_TALON,25,patient090,patient090_case01,IGM,IGM_patient055_0069.jpg,1,1.0,strong_75_plus,143,120,0.9090909090909091,0.8391608391608392,0.8391608391608392,0.7741935483870968,1,False
HYBRID_TALON,25,patient090,patient090_case01,IGM,IGM_patient055_0069.jpg,2,,off_target_fp,156,0,0.0,0.0,0.0,0.0,0,False
HYBRID_TALON,25,patient090,patient090_case01,IGM,IGM_patient055_0070.jpg,1,,off_target_fp,96,0,0.0,0.0,0.0,0.0,0,False
HYBRID_TALON,25,patient090,patient090_case01,IGM,IGM_patient055_0071.jpg,1,1.0,strong_75_plus,177,159,0.8112244897959183,0.8983050847457628,0.8112244897959183,0.7429906542056075,1,False
HYBRID_TALON,25,patient090,patient090_case01,IGM,IGM_patient055_0072.jpg,1,1.0,moderate_50_to_75,185,161,0.6708333333333333,0.8702702702702703,0.6708333333333333,0.6098484848484849,1,False
HYBRID_TALON,25,patient090,patient090_case01,IGM,IGM_patient055_0073.jpg,1,,off_target_fp,85,0,0.0,0.0,0.0,0.0,0,False
HYBRID_TALON,25,patient090,patient090_case01,IGM,IGM_patient055_0073.jpg,2,1.0,strong_75_plus,231,220,0.8208955223880597,0.9523809523809523,0.8208955223880597,0.7885304659498208,1,False
HYBRID_TALON,25,patient090,patient090_case01,IGM,IGM_patient055_0073.jpg,3,,off_target_fp,62,0,0.0,0.0,0.0,0.0,0,False
HYBRID_TALON,25,patient090,patient090_case01,IGM,IGM_patient055_0074.jpg,1,,off_target_fp,146,0,0.0,0.0,0.0,0.0,0,False
HYBRID_TALON,25,patient090,patient090_case01,IGM,IGM_patient055_0074.jpg,2,,off_target_fp,63,0,0.0,0.0,0.0,0.0,0,False
HYBRID_TALON,25,patient090,patient090_case01,IGM,IGM_patient055_0077.jpg,1,,off_target_fp,38,0,0.0,0.0,0.0,0.0,0,False
HYBRID_TALON,25,patient090,patient090_case01,IGM,IGM_patient055_0078.jpg,1,,off_target_fp,52,0,0.0,0.0,0.0,0.0,0,False
UNET_MTL_MASK_GUIDED,1,patient004,patient004_case01,IBC,IBC_patient011_0074.jpg,1,,off_target_fp,19,0,0.0,0.0,0.0,0.0,0,False
UNET_MTL_MASK_GUIDED,1,patient004,patient004_case01,IBC,IBC_patient011_0077.jpg,1,,off_target_fp,19,0,0.0,0.0,0.0,0.0,0,False
UNET_MTL_MASK_GUIDED,1,patient004,patient004_case01,IBC,IBC_patient011_0077.jpg,2,,off_target_fp,12,0,0.0,0.0,0.0,0.0,0,False
UNET_MTL_MASK_GUIDED,1,patient004,patient004_case01,IBC,IBC_patient011_0077.jpg,3,,off_target_fp,24,0,0.0,0.0,0.0,0.0,0,False
UNET_MTL_MASK_GUIDED,1,patient004,patient004_case01,IBC,IBC_patient011_0077.jpg,4,,off_target_fp,17,0,0.0,0.0,0.0,0.0,0,False
UNET_MTL_MASK_GUIDED,1,patient004,patient004_case01,IBC,IBC_patient011_0078.jpg,1,,off_target_fp,35,0,0.0,0.0,0.0,0.0,0,False
UNET_MTL_MASK_GUIDED,1,patient004,patient004_case01,IBC,IBC_patient011_0078.jpg,2,,off_target_fp,7,0,0.0,0.0,0.0,0.0,0,False
UNET_MTL_MASK_GUIDED,1,patient004,patient004_case01,IBC,IBC_patient011_0078.jpg,3,,off_target_fp,50,0,0.0,0.0,0.0,0.0,0,False
UNET_MTL_MASK_GUIDED,1,patient004,patient004_case01,IBC,IBC_patient011_0079.jpg,1,,off_target_fp,36,0,0.0,0.0,0.0,0.0,0,False
UNET_MTL_MASK_GUIDED,1,patient004,patient004_case01,IBC,IBC_patient011_0080.jpg,1,,off_target_fp,59,0,0.0,0.0,0.0,0.0,0,False
UNET_MTL_MASK_GUIDED,1,patient004,patient004_case01,IBC,IBC_patient011_0082.jpg,1,,off_target_fp,60,0,0.0,0.0,0.0,0.0,0,False
UNET_MTL_MASK_GUIDED,1,patient004,patient004_case01,IBC,IBC_patient011_0082.jpg,2,,off_target_fp,7,0,0.0,0.0,0.0,0.0,0,False
UNET_MTL_MASK_GUIDED,1,patient004,patient004_case01,IBC,IBC_patient011_0082.jpg,3,,off_target_fp,135,0,0.0,0.0,0.0,0.0,0,False
UNET_MTL_MASK_GUIDED,1,patient004,patient004_case01,IBC,IBC_patient011_0083.jpg,1,,off_target_fp,319,0,0.0,0.0,0.0,0.0,0,False
UNET_MTL_MASK_GUIDED,1,patient004,patient004_case01,IBC,IBC_patient011_0083.jpg,2,,off_target_fp,88,0,0.0,0.0,0.0,0.0,0,False
UNET_MTL_MASK_GUIDED,1,patient004,patient004_case01,IBC,IBC_patient011_0083.jpg,3,,off_target_fp,233,0,0.0,0.0,0.0,0.0,0,False
UNET_MTL_MASK_GUIDED,1,patient004,patient004_case01,IBC,IBC_patient011_0084.jpg,1,,off_target_fp,452,0,0.0,0.0,0.0,0.0,0,False
UNET_MTL_MASK_GUIDED,1,patient004,patient004_case01,IBC,IBC_patient011_0084.jpg,2,,off_target_fp,69,0,0.0,0.0,0.0,0.0,0,False
UNET_MTL_MASK_GUIDED,1,patient004,patient004_case01,IBC,IBC_patient011_0084.jpg,3,,off_target_fp,86,0,0.0,0.0,0.0,0.0,0,False
UNET_MTL_MASK_GUIDED,1,patient004,patient004_case01,IBC,IBC_patient011_0084.jpg,4,,off_target_fp,33,0,0.0,0.0,0.0,0.0,0,False
UNET_MTL_MASK_GUIDED,1,patient004,patient004_case01,IBC,IBC_patient011_0084.jpg,5,,off_target_fp,77,0,0.0,0.0,0.0,0.0,0,False
UNET_MTL_MASK_GUIDED,1,patient004,patient004_case01,IBC,IBC_patient011_0084.jpg,6,,off_target_fp,116,0,0.0,0.0,0.0,0.0,0,False
UNET_MTL_MASK_GUIDED,1,patient004,patient004_case01,IBC,IBC_patient011_0085.jpg,1,,off_target_fp,433,0,0.0,0.0,0.0,0.0,0,False
UNET_MTL_MASK_GUIDED,1,patient004,patient004_case01,IBC,IBC_patient011_0085.jpg,2,,off_target_fp,122,0,0.0,0.0,0.0,0.0,0,False
UNET_MTL_MASK_GUIDED,1,patient004,patient004_case01,IBC,IBC_patient011_0085.jpg,3,,off_target_fp,11,0,0.0,0.0,0.0,0.0,0,False
UNET_MTL_MASK_GUIDED,1,patient004,patient004_case01,IBC,IBC_patient011_0085.jpg,4,,off_target_fp,148,0,0.0,0.0,0.0,0.0,0,False
UNET_MTL_MASK_GUIDED,1,patient004,patient004_case01,IBC,IBC_patient011_0085.jpg,5,,off_target_fp,73,0,0.0,0.0,0.0,0.0,0,False
UNET_MTL_MASK_GUIDED,1,patient004,patient004_case01,IBC,IBC_patient011_0086.jpg,1,,off_target_fp,454,0,0.0,0.0,0.0,0.0,0,False
UNET_MTL_MASK_GUIDED,1,patient004,patient004_case01,IBC,IBC_patient011_0086.jpg,2,,off_target_fp,43,0,0.0,0.0,0.0,0.0,0,False
UNET_MTL_MASK_GUIDED,1,patient004,patient004_case01,IBC,IBC_patient011_0086.jpg,3,,off_target_fp,139,0,0.0,0.0,0.0,0.0,0,False
UNET_MTL_MASK_GUIDED,1,patient004,patient004_case01,IBC,IBC_patient011_0086.jpg,4,,off_target_fp,47,0,0.0,0.0,0.0,0.0,0,False
UNET_MTL_MASK_GUIDED,1,patient004,patient004_case01,IBC,IBC_patient011_0086.jpg,5,,off_target_fp,7,0,0.0,0.0,0.0,0.0,0,False
UNET_MTL_MASK_GUIDED,1,patient004,patient004_case01,IBC,IBC_patient011_0087.jpg,1,,off_target_fp,141,0,0.0,0.0,0.0,0.0,0,False
UNET_MTL_MASK_GUIDED,1,patient004,patient004_case01,IBC,IBC_patient011_0087.jpg,2,,off_target_fp,129,0,0.0,0.0,0.0,0.0,0,False
UNET_MTL_MASK_GUIDED,1,patient004,patient004_case01,IBC,IBC_patient011_0087.jpg,3,,off_target_fp,18,0,0.0,0.0,0.0,0.0,0,False
UNET_MTL_MASK_GUIDED,1,patient004,patient004_case01,IBC,IBC_patient011_0087.jpg,4,,off_target_fp,48,0,0.0,0.0,0.0,0.0,0,False
UNET_MTL_MASK_GUIDED,1,patient004,patient004_case01,IBC,IBC_patient011_0087.jpg,5,,off_target_fp,309,0,0.0,0.0,0.0,0.0,0,False
UNET_MTL_MASK_GUIDED,1,patient004,patient004_case01,IBC,IBC_patient011_0088.jpg,1,,off_target_fp,148,0,0.0,0.0,0.0,0.0,0,False
UNET_MTL_MASK_GUIDED,1,patient004,patient004_case01,IBC,IBC_patient011_0088.jpg,2,,off_target_fp,4,0,0.0,0.0,0.0,0.0,0,False
UNET_MTL_MASK_GUIDED,1,patient004,patient004_case01,IBC,IBC_patient011_0088.jpg,3,,off_target_fp,652,0,0.0,0.0,0.0,0.0,0,False
UNET_MTL_MASK_GUIDED,1,patient004,patient004_case01,IBC,IBC_patient011_0089.jpg,1,,off_target_fp,413,0,0.0,0.0,0.0,0.0,0,False
UNET_MTL_MASK_GUIDED,1,patient004,patient004_case01,IBC,IBC_patient011_0089.jpg,2,,off_target_fp,8,0,0.0,0.0,0.0,0.0,0,False
UNET_MTL_MASK_GUIDED,1,patient004,patient004_case01,IBC,IBC_patient011_0089.jpg,3,,off_target_fp,127,0,0.0,0.0,0.0,0.0,0,False
UNET_MTL_MASK_GUIDED,1,patient004,patient004_case01,IBC,IBC_patient011_0089.jpg,4,,off_target_fp,660,0,0.0,0.0,0.0,0.0,0,False
UNET_MTL_MASK_GUIDED,1,patient004,patient004_case01,IBC,IBC_patient011_0090.jpg,1,,off_target_fp,525,0,0.0,0.0,0.0,0.0,0,False
UNET_MTL_MASK_GUIDED,1,patient004,patient004_case01,IBC,IBC_patient011_0090.jpg,2,,off_target_fp,164,0,0.0,0.0,0.0,0.0,0,False
UNET_MTL_MASK_GUIDED,1,patient004,patient004_case01,IBC,IBC_patient011_0090.jpg,3,,off_target_fp,593,0,0.0,0.0,0.0,0.0,0,False
UNET_MTL_MASK_GUIDED,1,patient004,patient004_case01,IBC,IBC_patient011_0091.jpg,1,,off_target_fp,395,0,0.0,0.0,0.0,0.0,0,False
UNET_MTL_MASK_GUIDED,1,patient004,patient004_case01,IBC,IBC_patient011_0091.jpg,2,,off_target_fp,20,0,0.0,0.0,0.0,0.0,0,False
UNET_MTL_MASK_GUIDED,1,patient004,patient004_case01,IBC,IBC_patient011_0091.jpg,3,,off_target_fp,51,0,0.0,0.0,0.0,0.0,0,False
UNET_MTL_MASK_GUIDED,1,patient004,patient004_case01,IBC,IBC_patient011_0091.jpg,4,,off_target_fp,325,0,0.0,0.0,0.0,0.0,0,False
UNET_MTL_MASK_GUIDED,1,patient004,patient004_case01,IBC,IBC_patient011_0092.jpg,1,,off_target_fp,90,0,0.0,0.0,0.0,0.0,0,False
UNET_MTL_MASK_GUIDED,1,patient004,patient004_case01,IBC,IBC_patient011_0092.jpg,2,,off_target_fp,168,0,0.0,0.0,0.0,0.0,0,False
UNET_MTL_MASK_GUIDED,1,patient004,patient004_case01,IBC,IBC_patient011_0093.jpg,1,,off_target_fp,199,0,0.0,0.0,0.0,0.0,0,False
UNET_MTL_MASK_GUIDED,1,patient004,patient004_case01,IBC,IBC_patient011_0094.jpg,1,,off_target_fp,248,0,0.0,0.0,0.0,0.0,0,False
UNET_MTL_MASK_GUIDED,1,patient004,patient004_case01,IBC,IBC_patient011_0094.jpg,2,,off_target_fp,42,0,0.0,0.0,0.0,0.0,0,False
UNET_MTL_MASK_GUIDED,1,patient004,patient004_case01,IBC,IBC_patient011_0095.jpg,1,,off_target_fp,9,0,0.0,0.0,0.0,0.0,0,False
UNET_MTL_MASK_GUIDED,1,patient004,patient004_case01,IBC,IBC_patient011_0095.jpg,2,,off_target_fp,200,0,0.0,0.0,0.0,0.0,0,False
UNET_MTL_MASK_GUIDED,1,patient005,patient005_case01,IGM,IGM_patient011_0059.jpg,1,,off_target_fp,58,0,0.0,0.0,0.0,0.0,0,False
UNET_MTL_MASK_GUIDED,1,patient005,patient005_case01,IGM,IGM_patient011_0059.jpg,2,,off_target_fp,58,0,0.0,0.0,0.0,0.0,0,False
UNET_MTL_MASK_GUIDED,1,patient005,patient005_case01,IGM,IGM_patient011_0060.jpg,1,,off_target_fp,34,0,0.0,0.0,0.0,0.0,0,False
UNET_MTL_MASK_GUIDED,1,patient005,patient005_case01,IGM,IGM_patient011_0060.jpg,2,,off_target_fp,139,0,0.0,0.0,0.0,0.0,0,False
UNET_MTL_MASK_GUIDED,1,patient005,patient005_case01,IGM,IGM_patient011_0060.jpg,3,,off_target_fp,142,0,0.0,0.0,0.0,0.0,0,False
UNET_MTL_MASK_GUIDED,1,patient005,patient005_case01,IGM,IGM_patient011_0060.jpg,4,1.0,strong_75_plus,98,82,0.8541666666666666,0.8367346938775511,0.8367346938775511,0.7321428571428571,1,False
UNET_MTL_MASK_GUIDED,1,patient005,patient005_case01,IGM,IGM_patient011_0061.jpg,1,,off_target_fp,25,0,0.0,0.0,0.0,0.0,0,False
UNET_MTL_MASK_GUIDED,1,patient005,patient005_case01,IGM,IGM_patient011_0061.jpg,2,1.0,moderate_50_to_75,98,84,0.65625,0.8571428571428571,0.65625,0.5915492957746479,1,False
UNET_MTL_MASK_GUIDED,1,patient005,patient005_case01,IGM,IGM_patient011_0062.jpg,1,1.0,low_25_to_50,54,46,0.42592592592592593,0.8518518518518519,0.42592592592592593,0.39655172413793105,1,False
UNET_MTL_MASK_GUIDED,1,patient005,patient005_case01,IGM,IGM_patient011_0063.jpg,1,,off_target_fp,66,0,0.0,0.0,0.0,0.0,0,False
UNET_MTL_MASK_GUIDED,1,patient005,patient005_case01,IGM,IGM_patient011_0063.jpg,2,1.0,partial_below_25,13,12,0.13636363636363635,0.9230769230769231,0.13636363636363635,0.1348314606741573,1,False
UNET_MTL_MASK_GUIDED,1,patient005,patient005_case01,IGM,IGM_patient011_0064.jpg,1,1.0,partial_below_25,1,1,0.010869565217391304,1.0,0.010869565217391304,0.010869565217391304,1,False
UNET_MTL_MASK_GUIDED,1,patient005,patient005_case01,IGM,IGM_patient011_0065.jpg,1,1.0,moderate_50_to_75,47,41,0.5694444444444444,0.8723404255319149,0.5694444444444444,0.5256410256410257,1,False
UNET_MTL_MASK_GUIDED,1,patient005,patient005_case01,IGM,IGM_patient011_0066.jpg,1,,off_target_fp,90,0,0.0,0.0,0.0,0.0,0,False
UNET_MTL_MASK_GUIDED,1,patient015,patient015_case01,IGM,IGM_patient016_0051.jpg,1,1.0,strong_75_plus,98,83,0.8645833333333334,0.8469387755102041,0.8469387755102041,0.7477477477477478,1,False
UNET_MTL_MASK_GUIDED,1,patient015,patient015_case01,IGM,IGM_patient016_0052.jpg,1,,off_target_fp,106,0,0.0,0.0,0.0,0.0,0,False
UNET_MTL_MASK_GUIDED,1,patient015,patient015_case01,IGM,IGM_patient016_0052.jpg,2,1.0,moderate_50_to_75,197,124,0.9393939393939394,0.6294416243654822,0.6294416243654822,0.6048780487804878,1,False
UNET_MTL_MASK_GUIDED,1,patient015,patient015_case01,IGM,IGM_patient016_0053.jpg,1,1.0,strong_75_plus,215,172,0.7818181818181819,0.8,0.7818181818181819,0.6539923954372624,1,False
UNET_MTL_MASK_GUIDED,1,patient015,patient015_case01,IGM,IGM_patient016_0054.jpg,1,1.0,moderate_50_to_75,314,213,0.9342105263157895,0.678343949044586,0.678343949044586,0.6474164133738601,1,False
UNET_MTL_MASK_GUIDED,1,patient015,patient015_case01,IGM,IGM_patient016_0055.jpg,1,,off_target_fp,36,0,0.0,0.0,0.0,0.0,0,False
UNET_MTL_MASK_GUIDED,1,patient015,patient015_case01,IGM,IGM_patient016_0055.jpg,2,1.0,moderate_50_to_75,244,166,0.9651162790697675,0.680327868852459,0.680327868852459,0.664,1,False
UNET_MTL_MASK_GUIDED,1,patient015,patient015_case01,IGM,IGM_patient016_0056.jpg,1,1.0,strong_75_plus,182,146,0.9358974358974359,0.8021978021978022,0.8021978021978022,0.7604166666666666,1,False
UNET_MTL_MASK_GUIDED,1,patient015,patient015_case01,IGM,IGM_patient016_0057.jpg,1,1.0,strong_75_plus,76,76,0.7916666666666666,1.0,0.7916666666666666,0.7916666666666666,1,False
UNET_MTL_MASK_GUIDED,1,patient015,patient015_case01,IGM,IGM_patient016_0057.jpg,2,,off_target_fp,45,0,0.0,0.0,0.0,0.0,0,False
UNET_MTL_MASK_GUIDED,1,patient017,patient017_case01,IGM,IGM_patient017_0054.jpg,1,,off_target_fp,56,0,0.0,0.0,0.0,0.0,0,False
UNET_MTL_MASK_GUIDED,1,patient017,patient017_case01,IGM,IGM_patient017_0054.jpg,2,,off_target_fp,9,0,0.0,0.0,0.0,0.0,0,False
UNET_MTL_MASK_GUIDED,1,patient017,patient017_case01,IGM,IGM_patient017_0056.jpg,1,1.0,moderate_50_to_75,137,92,0.7931034482758621,0.6715328467153284,0.6715328467153284,0.5714285714285714,1,False
UNET_MTL_MASK_GUIDED,1,patient017,patient017_case01,IGM,IGM_patient017_0057.jpg,1,,off_target_fp,21,0,0.0,0.0,0.0,0.0,0,False
UNET_MTL_MASK_GUIDED,1,patient017,patient017_case01,IGM,IGM_patient017_0057.jpg,2,,off_target_fp,34,0,0.0,0.0,0.0,0.0,0,False
UNET_MTL_MASK_GUIDED,1,patient017,patient017_case01,IGM,IGM_patient017_0057.jpg,3,1.0,moderate_50_to_75,130,96,0.7272727272727273,0.7384615384615385,0.7272727272727273,0.5783132530120482,1,False
UNET_MTL_MASK_GUIDED,1,patient017,patient017_case01,IGM,IGM_patient017_0057.jpg,4,,off_target_fp,6,0,0.0,0.0,0.0,0.0,0,False
UNET_MTL_MASK_GUIDED,1,patient017,patient017_case01,IGM,IGM_patient017_0058.jpg,1,,off_target_fp,66,0,0.0,0.0,0.0,0.0,0,False
UNET_MTL_MASK_GUIDED,1,patient017,patient017_case01,IGM,IGM_patient017_0058.jpg,2,,off_target_fp,21,0,0.0,0.0,0.0,0.0,0,False
UNET_MTL_MASK_GUIDED,1,patient017,patient017_case01,IGM,IGM_patient017_0058.jpg,3,1.0,low_25_to_50,124,74,0.4868421052631579,0.5967741935483871,0.4868421052631579,0.36633663366336633,1,False
UNET_MTL_MASK_GUIDED,1,patient017,patient017_case01,IGM,IGM_patient017_0058.jpg,4,,off_target_fp,13,0,0.0,0.0,0.0,0.0,0,False
UNET_MTL_MASK_GUIDED,1,patient017,patient017_case01,IGM,IGM_patient017_0059.jpg,1,,off_target_fp,38,0,0.0,0.0,0.0,0.0,0,False
UNET_MTL_MASK_GUIDED,1,patient017,patient017_case01,IGM,IGM_patient017_0059.jpg,2,,off_target_fp,189,0,0.0,0.0,0.0,0.0,0,False
UNET_MTL_MASK_GUIDED,1,patient017,patient017_case01,IGM,IGM_patient017_0059.jpg,3,1.0,low_25_to_50,87,56,0.4,0.6436781609195402,0.4,0.32748538011695905,1,False
UNET_MTL_MASK_GUIDED,1,patient017,patient017_case01,IGM,IGM_patient017_0059.jpg,4,,off_target_fp,59,0,0.0,0.0,0.0,0.0,0,False
UNET_MTL_MASK_GUIDED,1,patient017,patient017_case01,IGM,IGM_patient017_0060.jpg,1,,off_target_fp,18,0,0.0,0.0,0.0,0.0,0,False
UNET_MTL_MASK_GUIDED,1,patient017,patient017_case01,IGM,IGM_patient017_0060.jpg,2,,off_target_fp,76,0,0.0,0.0,0.0,0.0,0,False
UNET_MTL_MASK_GUIDED,1,patient017,patient017_case01,IGM,IGM_patient017_0060.jpg,3,1.0,low_25_to_50,107,90,0.2777777777777778,0.8411214953271028,0.2777777777777778,0.26392961876832843,1,False
UNET_MTL_MASK_GUIDED,1,patient017,patient017_case01,IGM,IGM_patient017_0061.jpg,1,1.0,moderate_50_to_75,115,90,0.5921052631578947,0.782608695652174,0.5921052631578947,0.5084745762711864,1,False
UNET_MTL_MASK_GUIDED,1,patient017,patient017_case01,IGM,IGM_patient017_0062.jpg,1,1.0,low_25_to_50,113,110,0.3525641025641026,0.9734513274336283,0.3525641025641026,0.3492063492063492,1,False
UNET_MTL_MASK_GUIDED,1,patient017,patient017_case01,IGM,IGM_patient017_0063.jpg,1,1.0,partial_below_25,55,53,0.1948529411764706,0.9636363636363636,0.1948529411764706,0.19343065693430658,1,False
UNET_MTL_MASK_GUIDED,1,patient017,patient017_case01,IGM,IGM_patient017_0065.jpg,1,,off_target_fp,99,0,0.0,0.0,0.0,0.0,0,False
UNET_MTL_MASK_GUIDED,1,patient017,patient017_case01,IGM,IGM_patient017_0065.jpg,2,,off_target_fp,240,0,0.0,0.0,0.0,0.0,0,False
UNET_MTL_MASK_GUIDED,1,patient017,patient017_case01,IGM,IGM_patient017_0065.jpg,3,1.0,low_25_to_50,51,46,0.25555555555555554,0.9019607843137255,0.25555555555555554,0.24864864864864866,1,False
UNET_MTL_MASK_GUIDED,1,patient017,patient017_case01,IGM,IGM_patient017_0066.jpg,1,,off_target_fp,98,0,0.0,0.0,0.0,0.0,0,False
UNET_MTL_MASK_GUIDED,1,patient017,patient017_case01,IGM,IGM_patient017_0066.jpg,2,,off_target_fp,9,0,0.0,0.0,0.0,0.0,0,False
UNET_MTL_MASK_GUIDED,1,patient017,patient017_case01,IGM,IGM_patient017_0066.jpg,3,,off_target_fp,326,0,0.0,0.0,0.0,0.0,0,False
UNET_MTL_MASK_GUIDED,1,patient017,patient017_case01,IGM,IGM_patient017_0066.jpg,4,1.0,low_25_to_50,66,49,0.3828125,0.7424242424242424,0.3828125,0.33793103448275863,1,False
UNET_MTL_MASK_GUIDED,1,patient017,patient017_case01,IGM,IGM_patient017_0067.jpg,1,,off_target_fp,130,0,0.0,0.0,0.0,0.0,0,False
UNET_MTL_MASK_GUIDED,1,patient017,patient017_case01,IGM,IGM_patient017_0067.jpg,2,,off_target_fp,313,0,0.0,0.0,0.0,0.0,0,False
UNET_MTL_MASK_GUIDED,1,patient017,patient017_case01,IGM,IGM_patient017_0067.jpg,3,,off_target_fp,403,0,0.0,0.0,0.0,0.0,0,False
UNET_MTL_MASK_GUIDED,1,patient017,patient017_case01,IGM,IGM_patient017_0067.jpg,4,1.0,low_25_to_50,70,60,0.42857142857142855,0.8571428571428571,0.42857142857142855,0.4,1,False
UNET_MTL_MASK_GUIDED,1,patient018,patient018_case01,IBC,IBC_patient018_0057.jpg,1,1.0,moderate_50_to_75,220,207,0.6234939759036144,0.9409090909090909,0.6234939759036144,0.6,1,False
UNET_MTL_MASK_GUIDED,1,patient018,patient018_case01,IBC,IBC_patient018_0058.jpg,1,1.0,strong_75_plus,386,369,0.8386363636363636,0.9559585492227979,0.8386363636363636,0.8074398249452954,1,False
UNET_MTL_MASK_GUIDED,1,patient018,patient018_case01,IBC,IBC_patient018_0059.jpg,1,1.0,strong_75_plus,420,394,0.8640350877192983,0.9380952380952381,0.8640350877192983,0.8174273858921162,1,False
UNET_MTL_MASK_GUIDED,1,patient018,patient018_case01,IBC,IBC_patient018_0060.jpg,1,1.0,strong_75_plus,423,370,0.9736842105263158,0.8747044917257684,0.8747044917257684,0.8545034642032333,1,False
UNET_MTL_MASK_GUIDED,1,patient018,patient018_case01,IBC,IBC_patient018_0061.jpg,1,,off_target_fp,132,0,0.0,0.0,0.0,0.0,0,False
UNET_MTL_MASK_GUIDED,1,patient018,patient018_case01,IBC,IBC_patient018_0061.jpg,2,1.0,strong_75_plus,420,375,0.9765625,0.8928571428571429,0.8928571428571429,0.8741258741258742,1,False
UNET_MTL_MASK_GUIDED,1,patient018,patient018_case01,IBC,IBC_patient018_0062.jpg,1,,off_target_fp,126,0,0.0,0.0,0.0,0.0,0,False
UNET_MTL_MASK_GUIDED,1,patient018,patient018_case01,IBC,IBC_patient018_0062.jpg,2,1.0,strong_75_plus,385,317,0.8805555555555555,0.8233766233766234,0.8233766233766234,0.7406542056074766,1,False
UNET_MTL_MASK_GUIDED,1,patient018,patient018_case01,IBC,IBC_patient018_0063.jpg,1,,off_target_fp,13,0,0.0,0.0,0.0,0.0,0,False
UNET_MTL_MASK_GUIDED,1,patient018,patient018_case01,IBC,IBC_patient018_0063.jpg,2,,off_target_fp,5,0,0.0,0.0,0.0,0.0,0,False
UNET_MTL_MASK_GUIDED,1,patient018,patient018_case01,IBC,IBC_patient018_0063.jpg,3,1.0,moderate_50_to_75,447,235,0.8901515151515151,0.5257270693512305,0.5257270693512305,0.49369747899159666,1,False
UNET_MTL_MASK_GUIDED,1,patient018,patient018_case01,IBC,IBC_patient018_0064.jpg,1,1.0,low_25_to_50,298,125,0.8445945945945946,0.41946308724832215,0.41946308724832215,0.3894080996884735,1,False
UNET_MTL_MASK_GUIDED,1,patient018,patient018_case01,IBC,IBC_patient018_0064.jpg,2,,off_target_fp,80,0,0.0,0.0,0.0,0.0,0,False
UNET_MTL_MASK_GUIDED,1,patient018,patient018_case01,IBC,IBC_patient018_0064.jpg,3,,off_target_fp,26,0,0.0,0.0,0.0,0.0,0,False
UNET_MTL_MASK_GUIDED,1,patient103,patient103_case01,IGM,IGM_patient019_0053.jpg,1,,off_target_fp,10,0,0.0,0.0,0.0,0.0,0,False
UNET_MTL_MASK_GUIDED,1,patient103,patient103_case01,IGM,IGM_patient019_0053.jpg,2,,off_target_fp,17,0,0.0,0.0,0.0,0.0,0,False
UNET_MTL_MASK_GUIDED,1,patient103,patient103_case01,IGM,IGM_patient019_0053.jpg,3,,off_target_fp,354,0,0.0,0.0,0.0,0.0,0,False
UNET_MTL_MASK_GUIDED,1,patient103,patient103_case01,IGM,IGM_patient019_0053.jpg,4,,off_target_fp,80,0,0.0,0.0,0.0,0.0,0,False
UNET_MTL_MASK_GUIDED,1,patient103,patient103_case01,IGM,IGM_patient019_0053.jpg,5,,off_target_fp,54,0,0.0,0.0,0.0,0.0,0,False
UNET_MTL_MASK_GUIDED,1,patient103,patient103_case01,IGM,IGM_patient019_0053.jpg,6,1.0,moderate_50_to_75,89,89,0.6357142857142857,1.0,0.6357142857142857,0.6357142857142857,1,False
UNET_MTL_MASK_GUIDED,1,patient103,patient103_case01,IGM,IGM_patient019_0053.jpg,7,,off_target_fp,72,0,0.0,0.0,0.0,0.0,0,False
UNET_MTL_MASK_GUIDED,1,patient103,patient103_case01,IGM,IGM_patient019_0054.jpg,1,,off_target_fp,321,0,0.0,0.0,0.0,0.0,0,False
UNET_MTL_MASK_GUIDED,1,patient103,patient103_case01,IGM,IGM_patient019_0054.jpg,2,1.0,strong_75_plus,204,153,0.9329268292682927,0.75,0.75,0.7116279069767442,1,False
UNET_MTL_MASK_GUIDED,1,patient103,patient103_case01,IGM,IGM_patient019_0055.jpg,1,,off_target_fp,27,0,0.0,0.0,0.0,0.0,0,False
UNET_MTL_MASK_GUIDED,1,patient103,patient103_case01,IGM,IGM_patient019_0055.jpg,2,,off_target_fp,253,0,0.0,0.0,0.0,0.0,0,False
UNET_MTL_MASK_GUIDED,1,patient103,patient103_case01,IGM,IGM_patient019_0055.jpg,3,1.0,strong_75_plus,271,238,0.9444444444444444,0.8782287822878229,0.8782287822878229,0.8350877192982457,1,False
UNET_MTL_MASK_GUIDED,1,patient103,patient103_case01,IGM,IGM_patient019_0056.jpg,1,,off_target_fp,26,0,0.0,0.0,0.0,0.0,0,False
UNET_MTL_MASK_GUIDED,1,patient103,patient103_case01,IGM,IGM_patient019_0056.jpg,2,,off_target_fp,95,0,0.0,0.0,0.0,0.0,0,False
UNET_MTL_MASK_GUIDED,1,patient103,patient103_case01,IGM,IGM_patient019_0056.jpg,3,1.0,strong_75_plus,242,193,0.9846938775510204,0.7975206611570248,0.7975206611570248,0.7877551020408163,1,False
UNET_MTL_MASK_GUIDED,1,patient103,patient103_case01,IGM,IGM_patient019_0057.jpg,1,,off_target_fp,108,0,0.0,0.0,0.0,0.0,0,False
UNET_MTL_MASK_GUIDED,1,patient103,patient103_case01,IGM,IGM_patient019_0057.jpg,2,,off_target_fp,87,0,0.0,0.0,0.0,0.0,0,False
UNET_MTL_MASK_GUIDED,1,patient103,patient103_case01,IGM,IGM_patient019_0057.jpg,3,,off_target_fp,14,0,0.0,0.0,0.0,0.0,0,False
UNET_MTL_MASK_GUIDED,1,patient103,patient103_case01,IGM,IGM_patient019_0057.jpg,4,1.0,strong_75_plus,170,156,0.8478260869565217,0.9176470588235294,0.8478260869565217,0.7878787878787878,1,False
UNET_MTL_MASK_GUIDED,1,patient039,patient039_case01,IBC,IBC_patient002_0117.jpg,1,1.0,strong_75_plus,642,497,0.8568965517241379,0.7741433021806854,0.7741433021806854,0.6855172413793104,1,False
UNET_MTL_MASK_GUIDED,1,patient039,patient039_case01,IBC,IBC_patient002_0118.jpg,1,1.0,moderate_50_to_75,887,570,0.9895833333333334,0.6426155580608793,0.6426155580608793,0.6382978723404256,1,False
UNET_MTL_MASK_GUIDED,1,patient039,patient039_case01,IBC,IBC_patient002_0119.jpg,1,1.0,moderate_50_to_75,985,683,0.9757142857142858,0.6934010152284263,0.6934010152284263,0.6816367265469062,1,False
UNET_MTL_MASK_GUIDED,1,patient039,patient039_case01,IBC,IBC_patient002_0120.jpg,1,1.0,moderate_50_to_75,1097,776,0.9651741293532339,0.707383773928897,0.707383773928897,0.6897777777777778,1,False
UNET_MTL_MASK_GUIDED,1,patient039,patient039_case01,IBC,IBC_patient002_0121.jpg,1,1.0,strong_75_plus,1208,954,0.9774590163934426,0.7897350993377483,0.7897350993377483,0.775609756097561,1,False
UNET_MTL_MASK_GUIDED,1,patient039,patient039_case01,IBC,IBC_patient002_0122.jpg,1,1.0,strong_75_plus,1289,1071,0.9807692307692307,0.8308766485647789,0.8308766485647789,0.8175572519083969,1,False
UNET_MTL_MASK_GUIDED,1,patient039,patient039_case01,IBC,IBC_patient002_0123.jpg,1,1.0,strong_75_plus,1366,1183,0.9728618421052632,0.8660322108345534,0.8660322108345534,0.8456040028591851,1,False
UNET_MTL_MASK_GUIDED,1,patient039,patient039_case01,IBC,IBC_patient002_0124.jpg,1,1.0,strong_75_plus,1407,1241,0.9665109034267912,0.8820184790334044,0.8820184790334044,0.8558620689655172,1,False
UNET_MTL_MASK_GUIDED,1,patient039,patient039_case01,IBC,IBC_patient002_0125.jpg,1,1.0,strong_75_plus,1421,1256,0.9631901840490797,0.8838845883180858,0.8838845883180858,0.85500340367597,1,False
UNET_MTL_MASK_GUIDED,1,patient039,patient039_case01,IBC,IBC_patient002_0126.jpg,1,1.0,strong_75_plus,1406,1244,0.9367469879518072,0.8847795163584637,0.8847795163584637,0.8348993288590604,1,False
UNET_MTL_MASK_GUIDED,1,patient039,patient039_case01,IBC,IBC_patient002_0127.jpg,1,1.0,strong_75_plus,1427,1286,0.915954415954416,0.9011913104414856,0.9011913104414856,0.8323624595469256,1,False
UNET_MTL_MASK_GUIDED,1,patient039,patient039_case01,IBC,IBC_patient002_0128.jpg,1,1.0,strong_75_plus,1403,1270,0.9283625730994152,0.9052031361368497,0.9052031361368497,0.8461025982678214,1,False
UNET_MTL_MASK_GUIDED,1,patient039,patient039_case01,IBC,IBC_patient002_0129.jpg,1,1.0,strong_75_plus,1426,1262,0.9306784660766961,0.884992987377279,0.884992987377279,0.8302631578947368,1,False
UNET_MTL_MASK_GUIDED,1,patient039,patient039_case01,IBC,IBC_patient002_0130.jpg,1,1.0,strong_75_plus,1463,1293,0.9795454545454545,0.8838004101161996,0.8838004101161996,0.8677852348993289,1,False
UNET_MTL_MASK_GUIDED,1,patient039,patient039_case01,IBC,IBC_patient002_0131.jpg,1,1.0,strong_75_plus,1470,1240,0.9967845659163987,0.8435374149659864,0.8435374149659864,0.841248303934871,1,False
UNET_MTL_MASK_GUIDED,1,patient039,patient039_case01,IBC,IBC_patient002_0132.jpg,1,1.0,strong_75_plus,1428,1206,0.9820846905537459,0.8445378151260504,0.8445378151260504,0.8317241379310345,1,False
UNET_MTL_MASK_GUIDED,1,patient039,patient039_case01,IBC,IBC_patient002_0133.jpg,1,1.0,strong_75_plus,1358,1221,0.9752396166134185,0.8991163475699558,0.8991163475699558,0.8790496760259179,1,False
UNET_MTL_MASK_GUIDED,1,patient039,patient039_case01,IBC,IBC_patient002_0134.jpg,1,1.0,strong_75_plus,1279,1199,0.9546178343949044,0.9374511336982018,0.9374511336982018,0.8974550898203593,1,False
UNET_MTL_MASK_GUIDED,1,patient039,patient039_case01,IBC,IBC_patient002_0135.jpg,1,1.0,strong_75_plus,1194,1109,0.9241666666666667,0.9288107202680067,0.9241666666666667,0.863035019455253,1,False
UNET_MTL_MASK_GUIDED,1,patient039,patient039_case01,IBC,IBC_patient002_0136.jpg,1,1.0,strong_75_plus,1113,909,0.9548319327731093,0.816711590296496,0.816711590296496,0.7863321799307958,1,False
UNET_MTL_MASK_GUIDED,1,patient039,patient039_case01,IBC,IBC_patient002_0137.jpg,1,1.0,strong_75_plus,1026,877,0.9658590308370044,0.854775828460039,0.854775828460039,0.8297067171239356,1,False
UNET_MTL_MASK_GUIDED,1,patient039,patient039_case01,IBC,IBC_patient002_0138.jpg,1,1.0,strong_75_plus,922,804,0.9305555555555556,0.8720173535791758,0.8720173535791758,0.8187372708757638,1,False
UNET_MTL_MASK_GUIDED,1,patient039,patient039_case01,IBC,IBC_patient002_0139.jpg,1,1.0,strong_75_plus,779,762,0.8819444444444444,0.9781771501925546,0.8819444444444444,0.8649262202043133,1,False
UNET_MTL_MASK_GUIDED,1,patient039,patient039_case01,IBC,IBC_patient002_0140.jpg,1,1.0,strong_75_plus,590,553,0.7855113636363636,0.9372881355932203,0.7855113636363636,0.7462887989203779,1,False
UNET_MTL_MASK_GUIDED,1,patient039,patient039_case01,IBC,IBC_patient002_0141.jpg,1,1.0,moderate_50_to_75,370,348,0.6444444444444445,0.9405405405405406,0.6444444444444445,0.6192170818505338,1,False
UNET_MTL_MASK_GUIDED,1,patient039,patient039_case01,IBC,IBC_patient002_0142.jpg,1,1.0,low_25_to_50,198,109,0.44672131147540983,0.5505050505050505,0.44672131147540983,0.32732732732732733,1,False
UNET_MTL_MASK_GUIDED,1,patient039,patient039_case01,IBC,IBC_patient002_0143.jpg,1,1.0,low_25_to_50,27,27,0.32142857142857145,1.0,0.32142857142857145,0.32142857142857145,1,False
UNET_MTL_MASK_GUIDED,1,patient103,patient103_case02,IGM,IGM_patient020_0051.jpg,1,,off_target_fp,47,0,0.0,0.0,0.0,0.0,0,False
UNET_MTL_MASK_GUIDED,1,patient103,patient103_case02,IGM,IGM_patient020_0051.jpg,2,1.0,low_25_to_50,81,79,0.49375,0.9753086419753086,0.49375,0.4876543209876543,1,False
UNET_MTL_MASK_GUIDED,1,patient103,patient103_case02,IGM,IGM_patient020_0051.jpg,3,,off_target_fp,131,0,0.0,0.0,0.0,0.0,0,False
UNET_MTL_MASK_GUIDED,1,patient103,patient103_case02,IGM,IGM_patient020_0052.jpg,1,,off_target_fp,82,0,0.0,0.0,0.0,0.0,0,False
UNET_MTL_MASK_GUIDED,1,patient103,patient103_case02,IGM,IGM_patient020_0052.jpg,2,1.0,strong_75_plus,282,249,0.9431818181818182,0.8829787234042553,0.8829787234042553,0.8383838383838383,1,False
UNET_MTL_MASK_GUIDED,1,patient103,patient103_case02,IGM,IGM_patient020_0052.jpg,3,,off_target_fp,67,0,0.0,0.0,0.0,0.0,0,False
UNET_MTL_MASK_GUIDED,1,patient103,patient103_case02,IGM,IGM_patient020_0052.jpg,4,,off_target_fp,102,0,0.0,0.0,0.0,0.0,0,False
UNET_MTL_MASK_GUIDED,1,patient103,patient103_case02,IGM,IGM_patient020_0053.jpg,1,,off_target_fp,10,0,0.0,0.0,0.0,0.0,0,False
UNET_MTL_MASK_GUIDED,1,patient103,patient103_case02,IGM,IGM_patient020_0053.jpg,2,,off_target_fp,17,0,0.0,0.0,0.0,0.0,0,False
UNET_MTL_MASK_GUIDED,1,patient103,patient103_case02,IGM,IGM_patient020_0053.jpg,3,1.0,strong_75_plus,354,301,0.9772727272727273,0.8502824858757062,0.8502824858757062,0.8337950138504155,1,False
UNET_MTL_MASK_GUIDED,1,patient103,patient103_case02,IGM,IGM_patient020_0053.jpg,4,,off_target_fp,80,0,0.0,0.0,0.0,0.0,0,False
UNET_MTL_MASK_GUIDED,1,patient103,patient103_case02,IGM,IGM_patient020_0053.jpg,5,,off_target_fp,54,0,0.0,0.0,0.0,0.0,0,False
UNET_MTL_MASK_GUIDED,1,patient103,patient103_case02,IGM,IGM_patient020_0053.jpg,6,,off_target_fp,89,0,0.0,0.0,0.0,0.0,0,False
UNET_MTL_MASK_GUIDED,1,patient103,patient103_case02,IGM,IGM_patient020_0053.jpg,7,,off_target_fp,72,0,0.0,0.0,0.0,0.0,0,False
UNET_MTL_MASK_GUIDED,1,patient103,patient103_case02,IGM,IGM_patient020_0054.jpg,1,1.0,strong_75_plus,321,266,0.9779411764705882,0.8286604361370716,0.8286604361370716,0.8134556574923547,1,False
UNET_MTL_MASK_GUIDED,1,patient103,patient103_case02,IGM,IGM_patient020_0054.jpg,2,,off_target_fp,204,0,0.0,0.0,0.0,0.0,0,False
UNET_MTL_MASK_GUIDED,1,patient103,patient103_case02,IGM,IGM_patient020_0055.jpg,1,,off_target_fp,27,0,0.0,0.0,0.0,0.0,0,False
UNET_MTL_MASK_GUIDED,1,patient103,patient103_case02,IGM,IGM_patient020_0055.jpg,2,1.0,strong_75_plus,253,214,0.9553571428571429,0.8458498023715415,0.8458498023715415,0.8136882129277566,1,False
UNET_MTL_MASK_GUIDED,1,patient103,patient103_case02,IGM,IGM_patient020_0055.jpg,3,,off_target_fp,271,0,0.0,0.0,0.0,0.0,0,False
UNET_MTL_MASK_GUIDED,1,patient103,patient103_case02,IGM,IGM_patient020_0056.jpg,1,,off_target_fp,26,0,0.0,0.0,0.0,0.0,0,False
UNET_MTL_MASK_GUIDED,1,patient103,patient103_case02,IGM,IGM_patient020_0056.jpg,2,1.0,strong_75_plus,95,86,0.7962962962962963,0.9052631578947369,0.7962962962962963,0.7350427350427351,1,False
UNET_MTL_MASK_GUIDED,1,patient103,patient103_case02,IGM,IGM_patient020_0056.jpg,3,,off_target_fp,242,0,0.0,0.0,0.0,0.0,0,False
UNET_MTL_MASK_GUIDED,1,patient026,patient026_case01,IGM,IGM_patient022_0054.jpg,1,1.0,partial_below_25,22,22,0.2037037037037037,1.0,0.2037037037037037,0.2037037037037037,1,False
UNET_MTL_MASK_GUIDED,1,patient026,patient026_case01,IGM,IGM_patient022_0055.jpg,1,1.0,strong_75_plus,181,164,0.8913043478260869,0.9060773480662984,0.8913043478260869,0.8159203980099502,1,False
UNET_MTL_MASK_GUIDED,1,patient026,patient026_case01,IGM,IGM_patient022_0055.jpg,2,,off_target_fp,47,0,0.0,0.0,0.0,0.0,0,False
UNET_MTL_MASK_GUIDED,1,patient026,patient026_case01,IGM,IGM_patient022_0056.jpg,1,1.0,strong_75_plus,213,187,0.935,0.8779342723004695,0.8779342723004695,0.827433628318584,1,False
UNET_MTL_MASK_GUIDED,1,patient026,patient026_case01,IGM,IGM_patient022_0056.jpg,2,,off_target_fp,124,0,0.0,0.0,0.0,0.0,0,False
UNET_MTL_MASK_GUIDED,1,patient026,patient026_case01,IGM,IGM_patient022_0057.jpg,1,1.0,strong_75_plus,182,163,0.9055555555555556,0.8956043956043956,0.8956043956043956,0.8190954773869347,1,False
UNET_MTL_MASK_GUIDED,1,patient026,patient026_case01,IGM,IGM_patient022_0057.jpg,2,,off_target_fp,98,0,0.0,0.0,0.0,0.0,0,False
UNET_MTL_MASK_GUIDED,1,patient026,patient026_case01,IGM,IGM_patient022_0057.jpg,3,,off_target_fp,24,0,0.0,0.0,0.0,0.0,0,False
UNET_MTL_MASK_GUIDED,1,patient026,patient026_case01,IGM,IGM_patient022_0058.jpg,1,1.0,moderate_50_to_75,80,73,0.7019230769230769,0.9125,0.7019230769230769,0.6576576576576577,1,False
UNET_MTL_MASK_GUIDED,1,patient026,patient026_case01,IGM,IGM_patient022_0058.jpg,2,,off_target_fp,11,0,0.0,0.0,0.0,0.0,0,False
UNET_MTL_MASK_GUIDED,1,patient026,patient026_case01,IGM,IGM_patient022_0058.jpg,3,,off_target_fp,65,0,0.0,0.0,0.0,0.0,0,False
UNET_MTL_MASK_GUIDED,1,patient026,patient026_case01,IGM,IGM_patient022_0059.jpg,1,,off_target_fp,18,0,0.0,0.0,0.0,0.0,0,False
UNET_MTL_MASK_GUIDED,1,patient026,patient026_case01,IGM,IGM_patient022_0059.jpg,2,,off_target_fp,61,0,0.0,0.0,0.0,0.0,0,False
UNET_MTL_MASK_GUIDED,1,patient030,patient030_case01,IBC,IBC_patient025_0056.jpg,1,1.0,strong_75_plus,262,245,0.8166666666666667,0.9351145038167938,0.8166666666666667,0.7728706624605678,1,False
UNET_MTL_MASK_GUIDED,1,patient030,patient030_case01,IBC,IBC_patient025_0056.jpg,2,,off_target_fp,53,0,0.0,0.0,0.0,0.0,0,False
UNET_MTL_MASK_GUIDED,1,patient030,patient030_case01,IBC,IBC_patient025_0056.jpg,3,,off_target_fp,22,0,0.0,0.0,0.0,0.0,0,False
UNET_MTL_MASK_GUIDED,1,patient030,patient030_case01,IBC,IBC_patient025_0057.jpg,1,1.0,strong_75_plus,946,904,0.8158844765342961,0.9556025369978859,0.8158844765342961,0.7860869565217391,1,False
UNET_MTL_MASK_GUIDED,1,patient030,patient030_case01,IBC,IBC_patient025_0057.jpg,2,,off_target_fp,16,0,0.0,0.0,0.0,0.0,0,False
UNET_MTL_MASK_GUIDED,1,patient030,patient030_case01,IBC,IBC_patient025_0057.jpg,3,,off_target_fp,14,0,0.0,0.0,0.0,0.0,0,False
UNET_MTL_MASK_GUIDED,1,patient030,patient030_case01,IBC,IBC_patient025_0058.jpg,1,1.0,strong_75_plus,1205,1189,0.8742647058823529,0.9867219917012449,0.8742647058823529,0.8640988372093024,1,False
UNET_MTL_MASK_GUIDED,1,patient030,patient030_case01,IBC,IBC_patient025_0058.jpg,2,,off_target_fp,38,0,0.0,0.0,0.0,0.0,0,False
UNET_MTL_MASK_GUIDED,1,patient030,patient030_case01,IBC,IBC_patient025_0059.jpg,1,1.0,strong_75_plus,1290,1282,0.7817073170731708,0.993798449612403,0.7817073170731708,0.7779126213592233,1,False
UNET_MTL_MASK_GUIDED,1,patient030,patient030_case01,IBC,IBC_patient025_0060.jpg,1,1.0,strong_75_plus,1556,1540,0.8850574712643678,0.9897172236503856,0.8850574712643678,0.876993166287016,1,False
UNET_MTL_MASK_GUIDED,1,patient030,patient030_case01,IBC,IBC_patient025_0061.jpg,1,,off_target_fp,8,0,0.0,0.0,0.0,0.0,0,False
UNET_MTL_MASK_GUIDED,1,patient030,patient030_case01,IBC,IBC_patient025_0061.jpg,2,1.0,strong_75_plus,1588,1517,0.925,0.9552896725440806,0.925,0.8866160140268848,1,False
UNET_MTL_MASK_GUIDED,1,patient030,patient030_case01,IBC,IBC_patient025_0061.jpg,3,,off_target_fp,51,0,0.0,0.0,0.0,0.0,0,False
UNET_MTL_MASK_GUIDED,1,patient030,patient030_case01,IBC,IBC_patient025_0062.jpg,1,1.0,strong_75_plus,1471,1427,0.9242227979274611,0.9700883752549286,0.9242227979274611,0.8986146095717884,1,False
UNET_MTL_MASK_GUIDED,1,patient030,patient030_case01,IBC,IBC_patient025_0062.jpg,2,,off_target_fp,148,0,0.0,0.0,0.0,0.0,0,False
UNET_MTL_MASK_GUIDED,1,patient030,patient030_case01,IBC,IBC_patient025_0063.jpg,1,1.0,strong_75_plus,1349,1256,0.9373134328358209,0.9310600444773907,0.9310600444773907,0.8764829030006979,1,False
UNET_MTL_MASK_GUIDED,1,patient030,patient030_case01,IBC,IBC_patient025_0063.jpg,2,,off_target_fp,601,0,0.0,0.0,0.0,0.0,0,False
UNET_MTL_MASK_GUIDED,1,patient030,patient030_case01,IBC,IBC_patient025_0063.jpg,3,,off_target_fp,124,0,0.0,0.0,0.0,0.0,0,False
UNET_MTL_MASK_GUIDED,1,patient030,patient030_case01,IBC,IBC_patient025_0064.jpg,1,1.0,strong_75_plus,1050,984,0.8913043478260869,0.9371428571428572,0.8913043478260869,0.841025641025641,1,False
UNET_MTL_MASK_GUIDED,1,patient030,patient030_case01,IBC,IBC_patient025_0064.jpg,2,,off_target_fp,443,0,0.0,0.0,0.0,0.0,0,False
UNET_MTL_MASK_GUIDED,1,patient030,patient030_case01,IBC,IBC_patient025_0064.jpg,3,,off_target_fp,105,0,0.0,0.0,0.0,0.0,0,False
UNET_MTL_MASK_GUIDED,1,patient030,patient030_case01,IBC,IBC_patient025_0065.jpg,1,1.0,strong_75_plus,783,717,0.9689189189189189,0.9157088122605364,0.9157088122605364,0.8895781637717122,1,False
UNET_MTL_MASK_GUIDED,1,patient030,patient030_case01,IBC,IBC_patient025_0065.jpg,2,,off_target_fp,235,0,0.0,0.0,0.0,0.0,0,False
UNET_MTL_MASK_GUIDED,1,patient030,patient030_case01,IBC,IBC_patient025_0065.jpg,3,,off_target_fp,66,0,0.0,0.0,0.0,0.0,0,False
UNET_MTL_MASK_GUIDED,1,patient030,patient030_case01,IBC,IBC_patient025_0066.jpg,1,1.0,strong_75_plus,706,672,0.9032258064516129,0.9518413597733711,0.9032258064516129,0.8637532133676092,1,False
UNET_MTL_MASK_GUIDED,1,patient030,patient030_case01,IBC,IBC_patient025_0066.jpg,2,,off_target_fp,354,0,0.0,0.0,0.0,0.0,0,False
UNET_MTL_MASK_GUIDED,1,patient030,patient030_case01,IBC,IBC_patient025_0066.jpg,3,,off_target_fp,95,0,0.0,0.0,0.0,0.0,0,False
UNET_MTL_MASK_GUIDED,1,patient030,patient030_case01,IBC,IBC_patient025_0067.jpg,1,1.0,strong_75_plus,609,555,0.912828947368421,0.9113300492610837,0.9113300492610837,0.8383685800604229,1,False
UNET_MTL_MASK_GUIDED,1,patient030,patient030_case01,IBC,IBC_patient025_0068.jpg,1,,off_target_fp,9,0,0.0,0.0,0.0,0.0,0,False
UNET_MTL_MASK_GUIDED,1,patient030,patient030_case01,IBC,IBC_patient025_0068.jpg,2,1.0,strong_75_plus,518,463,0.9334677419354839,0.8938223938223938,0.8938223938223938,0.8402903811252269,1,False
UNET_MTL_MASK_GUIDED,1,patient030,patient030_case01,IBC,IBC_patient025_0069.jpg,1,,off_target_fp,39,0,0.0,0.0,0.0,0.0,0,False
UNET_MTL_MASK_GUIDED,1,patient030,patient030_case01,IBC,IBC_patient025_0069.jpg,2,1.0,moderate_50_to_75,109,108,0.6585365853658537,0.9908256880733946,0.6585365853658537,0.6545454545454545,1,False
UNET_MTL_MASK_GUIDED,1,patient033,patient033_case01,IBC,IBC_patient027_0056.jpg,1,1.0,moderate_50_to_75,39,36,0.6,0.9230769230769231,0.6,0.5714285714285714,1,False
UNET_MTL_MASK_GUIDED,1,patient033,patient033_case01,IBC,IBC_patient027_0057.jpg,1,,off_target_fp,3,0,0.0,0.0,0.0,0.0,0,False
UNET_MTL_MASK_GUIDED,1,patient033,patient033_case01,IBC,IBC_patient027_0057.jpg,2,1.0,strong_75_plus,199,167,0.9277777777777778,0.8391959798994975,0.8391959798994975,0.7877358490566038,1,False
UNET_MTL_MASK_GUIDED,1,patient033,patient033_case01,IBC,IBC_patient027_0058.jpg,1,1.0,strong_75_plus,325,248,0.9841269841269841,0.7630769230769231,0.7630769230769231,0.7537993920972644,1,False
UNET_MTL_MASK_GUIDED,1,patient033,patient033_case01,IBC,IBC_patient027_0059.jpg,1,1.0,strong_75_plus,386,315,0.984375,0.8160621761658031,0.8160621761658031,0.8056265984654731,1,False
UNET_MTL_MASK_GUIDED,1,patient033,patient033_case01,IBC,IBC_patient027_0059.jpg,2,,off_target_fp,11,0,0.0,0.0,0.0,0.0,0,False
UNET_MTL_MASK_GUIDED,1,patient033,patient033_case01,IBC,IBC_patient027_0060.jpg,1,,off_target_fp,1,0,0.0,0.0,0.0,0.0,0,False
UNET_MTL_MASK_GUIDED,1,patient033,patient033_case01,IBC,IBC_patient027_0060.jpg,2,,off_target_fp,8,0,0.0,0.0,0.0,0.0,0,False
UNET_MTL_MASK_GUIDED,1,patient033,patient033_case01,IBC,IBC_patient027_0060.jpg,3,1.0,moderate_50_to_75,434,322,0.9938271604938271,0.7419354838709677,0.7419354838709677,0.7385321100917431,1,False
UNET_MTL_MASK_GUIDED,1,patient033,patient033_case01,IBC,IBC_patient027_0060.jpg,4,,off_target_fp,24,0,0.0,0.0,0.0,0.0,0,False
UNET_MTL_MASK_GUIDED,1,patient033,patient033_case01,IBC,IBC_patient027_0061.jpg,1,,off_target_fp,21,0,0.0,0.0,0.0,0.0,0,False
UNET_MTL_MASK_GUIDED,1,patient033,patient033_case01,IBC,IBC_patient027_0061.jpg,2,1.0,moderate_50_to_75,402,296,0.9866666666666667,0.736318407960199,0.736318407960199,0.729064039408867,1,False
UNET_MTL_MASK_GUIDED,1,patient033,patient033_case01,IBC,IBC_patient027_0061.jpg,3,,off_target_fp,26,0,0.0,0.0,0.0,0.0,0,False
UNET_MTL_MASK_GUIDED,1,patient033,patient033_case01,IBC,IBC_patient027_0062.jpg,1,,off_target_fp,24,0,0.0,0.0,0.0,0.0,0,False
UNET_MTL_MASK_GUIDED,1,patient033,patient033_case01,IBC,IBC_patient027_0062.jpg,2,1.0,moderate_50_to_75,236,142,0.9861111111111112,0.6016949152542372,0.6016949152542372,0.5966386554621849,1,False
UNET_MTL_MASK_GUIDED,1,patient033,patient033_case01,IBC,IBC_patient027_0062.jpg,3,,off_target_fp,2,0,0.0,0.0,0.0,0.0,0,False
UNET_MTL_MASK_GUIDED,1,patient033,patient033_case01,IBC,IBC_patient027_0063.jpg,1,,off_target_fp,12,0,0.0,0.0,0.0,0.0,0,False
UNET_MTL_MASK_GUIDED,1,patient033,patient033_case01,IBC,IBC_patient027_0063.jpg,2,1.0,low_25_to_50,137,62,0.96875,0.45255474452554745,0.45255474452554745,0.4460431654676259,1,False
UNET_MTL_MASK_GUIDED,1,patient036,patient036_case01,IGM,IGM_patient029_0052.jpg,1,,off_target_fp,85,0,0.0,0.0,0.0,0.0,0,False
UNET_MTL_MASK_GUIDED,1,patient036,patient036_case01,IGM,IGM_patient029_0052.jpg,2,,off_target_fp,44,0,0.0,0.0,0.0,0.0,0,False
UNET_MTL_MASK_GUIDED,1,patient036,patient036_case01,IGM,IGM_patient029_0052.jpg,3,,off_target_fp,100,0,0.0,0.0,0.0,0.0,0,False
UNET_MTL_MASK_GUIDED,1,patient036,patient036_case01,IGM,IGM_patient029_0053.jpg,1,,off_target_fp,43,0,0.0,0.0,0.0,0.0,0,False
UNET_MTL_MASK_GUIDED,1,patient036,patient036_case01,IGM,IGM_patient029_0053.jpg,2,,off_target_fp,90,0,0.0,0.0,0.0,0.0,0,False
UNET_MTL_MASK_GUIDED,1,patient036,patient036_case01,IGM,IGM_patient029_0053.jpg,3,,off_target_fp,11,0,0.0,0.0,0.0,0.0,0,False
UNET_MTL_MASK_GUIDED,1,patient036,patient036_case01,IGM,IGM_patient029_0054.jpg,1,1.0,low_25_to_50,72,67,0.49264705882352944,0.9305555555555556,0.49264705882352944,0.475177304964539,1,False
UNET_MTL_MASK_GUIDED,1,patient036,patient036_case01,IGM,IGM_patient029_0055.jpg,1,1.0,strong_75_plus,113,99,0.7734375,0.8761061946902655,0.7734375,0.6971830985915493,1,False
UNET_MTL_MASK_GUIDED,1,patient058,patient058_case01,IBC,IBC_patient003_0151.jpg,1,1.0,moderate_50_to_75,654,428,0.9727272727272728,0.654434250764526,0.654434250764526,0.6426426426426426,1,False
UNET_MTL_MASK_GUIDED,1,patient058,patient058_case01,IBC,IBC_patient003_0151.jpg,2,,off_target_fp,52,0,0.0,0.0,0.0,0.0,0,False
UNET_MTL_MASK_GUIDED,1,patient058,patient058_case01,IBC,IBC_patient003_0151.jpg,3,,off_target_fp,33,0,0.0,0.0,0.0,0.0,0,False
UNET_MTL_MASK_GUIDED,1,patient058,patient058_case01,IBC,IBC_patient003_0152.jpg,1,1.0,strong_75_plus,735,595,0.7870370370370371,0.8095238095238095,0.7870370370370371,0.6640625,1,False
UNET_MTL_MASK_GUIDED,1,patient058,patient058_case01,IBC,IBC_patient003_0152.jpg,2,,off_target_fp,112,0,0.0,0.0,0.0,0.0,0,False
UNET_MTL_MASK_GUIDED,1,patient058,patient058_case01,IBC,IBC_patient003_0153.jpg,1,1.0,moderate_50_to_75,876,830,0.6231231231231231,0.9474885844748858,0.6231231231231231,0.602322206095791,1,False
UNET_MTL_MASK_GUIDED,1,patient058,patient058_case01,IBC,IBC_patient003_0153.jpg,2,,off_target_fp,137,0,0.0,0.0,0.0,0.0,0,False
UNET_MTL_MASK_GUIDED,1,patient058,patient058_case01,IBC,IBC_patient003_0154.jpg,1,1.0,moderate_50_to_75,924,811,0.5585399449035813,0.8777056277056277,0.5585399449035813,0.5182108626198083,1,False
UNET_MTL_MASK_GUIDED,1,patient058,patient058_case01,IBC,IBC_patient003_0154.jpg,2,,off_target_fp,133,0,0.0,0.0,0.0,0.0,0,False
UNET_MTL_MASK_GUIDED,1,patient058,patient058_case01,IBC,IBC_patient003_0155.jpg,1,1.0,moderate_50_to_75,916,886,0.535024154589372,0.9672489082969432,0.535024154589372,0.5255041518386714,1,False
UNET_MTL_MASK_GUIDED,1,patient058,patient058_case01,IBC,IBC_patient003_0155.jpg,2,,off_target_fp,44,0,0.0,0.0,0.0,0.0,0,False
UNET_MTL_MASK_GUIDED,1,patient058,patient058_case01,IBC,IBC_patient003_0156.jpg,1,1.0,moderate_50_to_75,1119,1033,0.623792270531401,0.9231456657730116,0.623792270531401,0.5929965556831228,1,False
UNET_MTL_MASK_GUIDED,1,patient058,patient058_case01,IBC,IBC_patient003_0157.jpg,1,1.0,moderate_50_to_75,1277,1019,0.585632183908046,0.79796397807361,0.585632183908046,0.51001001001001,1,False
UNET_MTL_MASK_GUIDED,1,patient058,patient058_case01,IBC,IBC_patient003_0158.jpg,1,1.0,moderate_50_to_75,1350,1081,0.5900655021834061,0.8007407407407408,0.5900655021834061,0.5145168967158495,1,False
UNET_MTL_MASK_GUIDED,1,patient058,patient058_case01,IBC,IBC_patient003_0159.jpg,1,1.0,moderate_50_to_75,1374,1115,0.5819415448851775,0.8114992721979621,0.5819415448851775,0.5126436781609195,1,False
UNET_MTL_MASK_GUIDED,1,patient058,patient058_case01,IBC,IBC_patient003_0159.jpg,2,,off_target_fp,7,0,0.0,0.0,0.0,0.0,0,False
UNET_MTL_MASK_GUIDED,1,patient058,patient058_case01,IBC,IBC_patient003_0160.jpg,1,1.0,moderate_50_to_75,1227,1065,0.5272277227722773,0.8679706601466992,0.5272277227722773,0.4880843263061412,1,False
UNET_MTL_MASK_GUIDED,1,patient058,patient058_case01,IBC,IBC_patient003_0160.jpg,2,,off_target_fp,63,0,0.0,0.0,0.0,0.0,0,False
UNET_MTL_MASK_GUIDED,1,patient058,patient058_case01,IBC,IBC_patient003_0161.jpg,1,1.0,low_25_to_50,874,761,0.3759881422924901,0.8707093821510298,0.3759881422924901,0.3561066916237716,1,False
UNET_MTL_MASK_GUIDED,1,patient058,patient058_case01,IBC,IBC_patient003_0161.jpg,2,,off_target_fp,134,0,0.0,0.0,0.0,0.0,0,False
UNET_MTL_MASK_GUIDED,1,patient058,patient058_case01,IBC,IBC_patient003_0162.jpg,1,1.0,partial_below_25,78,78,0.0380859375,1.0,0.0380859375,0.0380859375,1,False
UNET_MTL_MASK_GUIDED,1,patient058,patient058_case01,IBC,IBC_patient003_0162.jpg,2,1.0,partial_below_25,3,2,0.0009765625,0.6666666666666666,0.0009765625,0.0009760858955588092,1,False
UNET_MTL_MASK_GUIDED,1,patient058,patient058_case01,IBC,IBC_patient003_0162.jpg,3,,off_target_fp,145,0,0.0,0.0,0.0,0.0,0,False
UNET_MTL_MASK_GUIDED,1,patient058,patient058_case01,IBC,IBC_patient003_0163.jpg,1,,off_target_fp,170,0,0.0,0.0,0.0,0.0,0,False
UNET_MTL_MASK_GUIDED,1,patient058,patient058_case01,IBC,IBC_patient003_0164.jpg,1,,off_target_fp,155,0,0.0,0.0,0.0,0.0,0,False
UNET_MTL_MASK_GUIDED,1,patient058,patient058_case01,IBC,IBC_patient003_0165.jpg,1,,off_target_fp,111,0,0.0,0.0,0.0,0.0,0,False
UNET_MTL_MASK_GUIDED,1,patient058,patient058_case01,IBC,IBC_patient003_0166.jpg,1,,off_target_fp,71,0,0.0,0.0,0.0,0.0,0,False
UNET_MTL_MASK_GUIDED,1,patient058,patient058_case01,IBC,IBC_patient003_0169.jpg,1,1.0,partial_below_25,374,374,0.19893617021276597,1.0,0.19893617021276597,0.19893617021276597,1,False
UNET_MTL_MASK_GUIDED,1,patient058,patient058_case01,IBC,IBC_patient003_0170.jpg,1,1.0,partial_below_25,380,380,0.1903807615230461,1.0,0.1903807615230461,0.1903807615230461,1,False
UNET_MTL_MASK_GUIDED,1,patient041,patient041_case01,IGM,IGM_patient031_0053.jpg,1,1.0,low_25_to_50,21,19,0.25,0.9047619047619048,0.25,0.24358974358974358,1,False
UNET_MTL_MASK_GUIDED,1,patient041,patient041_case01,IGM,IGM_patient031_0054.jpg,1,1.0,strong_75_plus,205,180,0.9574468085106383,0.8780487804878049,0.8780487804878049,0.8450704225352113,1,False
UNET_MTL_MASK_GUIDED,1,patient041,patient041_case01,IGM,IGM_patient031_0055.jpg,1,1.0,strong_75_plus,271,256,0.8767123287671232,0.9446494464944649,0.8767123287671232,0.8338762214983714,1,False
UNET_MTL_MASK_GUIDED,1,patient041,patient041_case01,IGM,IGM_patient031_0056.jpg,1,1.0,moderate_50_to_75,180,164,0.6612903225806451,0.9111111111111111,0.6612903225806451,0.6212121212121212,1,False
UNET_MTL_MASK_GUIDED,1,patient041,patient041_case01,IGM,IGM_patient031_0056.jpg,2,,off_target_fp,22,0,0.0,0.0,0.0,0.0,0,False
UNET_MTL_MASK_GUIDED,1,patient041,patient041_case01,IGM,IGM_patient031_0057.jpg,1,1.0,moderate_50_to_75,195,183,0.6630434782608695,0.9384615384615385,0.6630434782608695,0.6354166666666666,1,False
UNET_MTL_MASK_GUIDED,1,patient041,patient041_case01,IGM,IGM_patient031_0057.jpg,2,,off_target_fp,17,0,0.0,0.0,0.0,0.0,0,False
UNET_MTL_MASK_GUIDED,1,patient041,patient041_case01,IGM,IGM_patient031_0058.jpg,1,1.0,moderate_50_to_75,185,178,0.6544117647058824,0.9621621621621622,0.6544117647058824,0.6379928315412187,1,False
UNET_MTL_MASK_GUIDED,1,patient041,patient041_case01,IGM,IGM_patient031_0058.jpg,2,,off_target_fp,144,0,0.0,0.0,0.0,0.0,0,False
UNET_MTL_MASK_GUIDED,1,patient041,patient041_case01,IGM,IGM_patient031_0058.jpg,3,,off_target_fp,53,0,0.0,0.0,0.0,0.0,0,False
UNET_MTL_MASK_GUIDED,1,patient047,patient047_case01,IBC,IBC_patient035_0130.jpg,1,1.0,low_25_to_50,157,153,0.48417721518987344,0.9745222929936306,0.48417721518987344,0.478125,1,False
UNET_MTL_MASK_GUIDED,1,patient047,patient047_case01,IBC,IBC_patient035_0131.jpg,1,1.0,strong_75_plus,316,295,0.8575581395348837,0.9335443037974683,0.8575581395348837,0.8082191780821918,1,False
UNET_MTL_MASK_GUIDED,1,patient047,patient047_case01,IBC,IBC_patient035_0132.jpg,1,1.0,strong_75_plus,359,324,0.9642857142857143,0.9025069637883009,0.9025069637883009,0.8733153638814016,1,False
UNET_MTL_MASK_GUIDED,1,patient047,patient047_case01,IBC,IBC_patient035_0132.jpg,2,,off_target_fp,30,0,0.0,0.0,0.0,0.0,0,False
UNET_MTL_MASK_GUIDED,1,patient047,patient047_case01,IBC,IBC_patient035_0133.jpg,1,1.0,strong_75_plus,392,366,0.8798076923076923,0.9336734693877551,0.8798076923076923,0.8280542986425339,1,False
UNET_MTL_MASK_GUIDED,1,patient047,patient047_case01,IBC,IBC_patient035_0133.jpg,2,,off_target_fp,103,0,0.0,0.0,0.0,0.0,0,False
UNET_MTL_MASK_GUIDED,1,patient047,patient047_case01,IBC,IBC_patient035_0134.jpg,1,1.0,strong_75_plus,417,369,0.9225,0.8848920863309353,0.8848920863309353,0.8236607142857143,1,False
UNET_MTL_MASK_GUIDED,1,patient047,patient047_case01,IBC,IBC_patient035_0134.jpg,2,,off_target_fp,195,0,0.0,0.0,0.0,0.0,0,False
UNET_MTL_MASK_GUIDED,1,patient047,patient047_case01,IBC,IBC_patient035_0135.jpg,1,,off_target_fp,52,0,0.0,0.0,0.0,0.0,0,False
UNET_MTL_MASK_GUIDED,1,patient047,patient047_case01,IBC,IBC_patient035_0135.jpg,2,1.0,strong_75_plus,415,365,0.9217171717171717,0.8795180722891566,0.8795180722891566,0.8183856502242153,1,False
UNET_MTL_MASK_GUIDED,1,patient047,patient047_case01,IBC,IBC_patient035_0135.jpg,3,,off_target_fp,205,0,0.0,0.0,0.0,0.0,0,False
UNET_MTL_MASK_GUIDED,1,patient047,patient047_case01,IBC,IBC_patient035_0136.jpg,1,,off_target_fp,126,0,0.0,0.0,0.0,0.0,0,False
UNET_MTL_MASK_GUIDED,1,patient047,patient047_case01,IBC,IBC_patient035_0136.jpg,2,1.0,strong_75_plus,391,325,0.9672619047619048,0.8312020460358056,0.8312020460358056,0.8084577114427861,1,False
UNET_MTL_MASK_GUIDED,1,patient047,patient047_case01,IBC,IBC_patient035_0136.jpg,3,,off_target_fp,219,0,0.0,0.0,0.0,0.0,0,False
UNET_MTL_MASK_GUIDED,1,patient047,patient047_case01,IBC,IBC_patient035_0137.jpg,1,,off_target_fp,36,0,0.0,0.0,0.0,0.0,0,False
UNET_MTL_MASK_GUIDED,1,patient047,patient047_case01,IBC,IBC_patient035_0137.jpg,2,1.0,strong_75_plus,346,285,0.9375,0.8236994219653179,0.8236994219653179,0.7808219178082192,1,False
UNET_MTL_MASK_GUIDED,1,patient047,patient047_case01,IBC,IBC_patient035_0137.jpg,3,,off_target_fp,211,0,0.0,0.0,0.0,0.0,0,False
UNET_MTL_MASK_GUIDED,1,patient047,patient047_case01,IBC,IBC_patient035_0138.jpg,1,1.0,strong_75_plus,274,231,0.8492647058823529,0.843065693430657,0.843065693430657,0.7333333333333333,1,False
UNET_MTL_MASK_GUIDED,1,patient047,patient047_case01,IBC,IBC_patient035_0138.jpg,2,,off_target_fp,96,0,0.0,0.0,0.0,0.0,0,False
UNET_MTL_MASK_GUIDED,1,patient047,patient047_case01,IBC,IBC_patient035_0139.jpg,1,1.0,strong_75_plus,217,185,0.8409090909090909,0.8525345622119815,0.8409090909090909,0.7341269841269841,1,False
UNET_MTL_MASK_GUIDED,1,patient047,patient047_case01,IBC,IBC_patient035_0140.jpg,1,1.0,moderate_50_to_75,100,90,0.6617647058823529,0.9,0.6617647058823529,0.6164383561643836,1,False
UNET_MTL_MASK_GUIDED,1,patient055,patient055_case01,IBC,IBC_patient039_0065.jpg,1,,off_target_fp,1184,0,0.0,0.0,0.0,0.0,0,False
UNET_MTL_MASK_GUIDED,1,patient055,patient055_case01,IBC,IBC_patient039_0065.jpg,2,,off_target_fp,30,0,0.0,0.0,0.0,0.0,0,False
UNET_MTL_MASK_GUIDED,1,patient055,patient055_case01,IBC,IBC_patient039_0065.jpg,3,,off_target_fp,186,0,0.0,0.0,0.0,0.0,0,False
UNET_MTL_MASK_GUIDED,1,patient055,patient055_case01,IBC,IBC_patient039_0065.jpg,4,,off_target_fp,124,0,0.0,0.0,0.0,0.0,0,False
UNET_MTL_MASK_GUIDED,1,patient055,patient055_case01,IBC,IBC_patient039_0065.jpg,5,,off_target_fp,130,0,0.0,0.0,0.0,0.0,0,False
UNET_MTL_MASK_GUIDED,1,patient055,patient055_case01,IBC,IBC_patient039_0066.jpg,1,,off_target_fp,973,0,0.0,0.0,0.0,0.0,0,False
UNET_MTL_MASK_GUIDED,1,patient055,patient055_case01,IBC,IBC_patient039_0066.jpg,2,,off_target_fp,270,0,0.0,0.0,0.0,0.0,0,False
UNET_MTL_MASK_GUIDED,1,patient055,patient055_case01,IBC,IBC_patient039_0066.jpg,3,,off_target_fp,116,0,0.0,0.0,0.0,0.0,0,False
UNET_MTL_MASK_GUIDED,1,patient055,patient055_case01,IBC,IBC_patient039_0067.jpg,1,,off_target_fp,334,0,0.0,0.0,0.0,0.0,0,False
UNET_MTL_MASK_GUIDED,1,patient055,patient055_case01,IBC,IBC_patient039_0067.jpg,2,,off_target_fp,494,0,0.0,0.0,0.0,0.0,0,False
UNET_MTL_MASK_GUIDED,1,patient055,patient055_case01,IBC,IBC_patient039_0067.jpg,3,,off_target_fp,19,0,0.0,0.0,0.0,0.0,0,False
UNET_MTL_MASK_GUIDED,1,patient055,patient055_case01,IBC,IBC_patient039_0067.jpg,4,,off_target_fp,14,0,0.0,0.0,0.0,0.0,0,False
UNET_MTL_MASK_GUIDED,1,patient055,patient055_case01,IBC,IBC_patient039_0068.jpg,1,,off_target_fp,331,0,0.0,0.0,0.0,0.0,0,False
UNET_MTL_MASK_GUIDED,1,patient055,patient055_case01,IBC,IBC_patient039_0068.jpg,2,,off_target_fp,337,0,0.0,0.0,0.0,0.0,0,False
UNET_MTL_MASK_GUIDED,1,patient055,patient055_case01,IBC,IBC_patient039_0068.jpg,3,,off_target_fp,128,0,0.0,0.0,0.0,0.0,0,False
UNET_MTL_MASK_GUIDED,1,patient055,patient055_case01,IBC,IBC_patient039_0068.jpg,4,,off_target_fp,3,0,0.0,0.0,0.0,0.0,0,False
UNET_MTL_MASK_GUIDED,1,patient055,patient055_case01,IBC,IBC_patient039_0068.jpg,5,,off_target_fp,32,0,0.0,0.0,0.0,0.0,0,False
UNET_MTL_MASK_GUIDED,1,patient055,patient055_case01,IBC,IBC_patient039_0068.jpg,6,,off_target_fp,4,0,0.0,0.0,0.0,0.0,0,False
UNET_MTL_MASK_GUIDED,1,patient055,patient055_case01,IBC,IBC_patient039_0069.jpg,1,,off_target_fp,114,0,0.0,0.0,0.0,0.0,0,False
UNET_MTL_MASK_GUIDED,1,patient055,patient055_case01,IBC,IBC_patient039_0069.jpg,2,,off_target_fp,197,0,0.0,0.0,0.0,0.0,0,False
UNET_MTL_MASK_GUIDED,1,patient055,patient055_case01,IBC,IBC_patient039_0069.jpg,3,,off_target_fp,214,0,0.0,0.0,0.0,0.0,0,False
UNET_MTL_MASK_GUIDED,1,patient055,patient055_case01,IBC,IBC_patient039_0069.jpg,4,,off_target_fp,244,0,0.0,0.0,0.0,0.0,0,False
UNET_MTL_MASK_GUIDED,1,patient055,patient055_case01,IBC,IBC_patient039_0069.jpg,5,,off_target_fp,244,0,0.0,0.0,0.0,0.0,0,False
UNET_MTL_MASK_GUIDED,1,patient055,patient055_case01,IBC,IBC_patient039_0070.jpg,1,,off_target_fp,332,0,0.0,0.0,0.0,0.0,0,False
UNET_MTL_MASK_GUIDED,1,patient055,patient055_case01,IBC,IBC_patient039_0070.jpg,2,,off_target_fp,110,0,0.0,0.0,0.0,0.0,0,False
UNET_MTL_MASK_GUIDED,1,patient055,patient055_case01,IBC,IBC_patient039_0070.jpg,3,,off_target_fp,30,0,0.0,0.0,0.0,0.0,0,False
UNET_MTL_MASK_GUIDED,1,patient055,patient055_case01,IBC,IBC_patient039_0070.jpg,4,,off_target_fp,348,0,0.0,0.0,0.0,0.0,0,False
UNET_MTL_MASK_GUIDED,1,patient055,patient055_case01,IBC,IBC_patient039_0070.jpg,5,,off_target_fp,279,0,0.0,0.0,0.0,0.0,0,False
UNET_MTL_MASK_GUIDED,1,patient055,patient055_case01,IBC,IBC_patient039_0071.jpg,1,,off_target_fp,458,0,0.0,0.0,0.0,0.0,0,False
UNET_MTL_MASK_GUIDED,1,patient055,patient055_case01,IBC,IBC_patient039_0071.jpg,2,,off_target_fp,184,0,0.0,0.0,0.0,0.0,0,False
UNET_MTL_MASK_GUIDED,1,patient055,patient055_case01,IBC,IBC_patient039_0071.jpg,3,,off_target_fp,228,0,0.0,0.0,0.0,0.0,0,False
UNET_MTL_MASK_GUIDED,1,patient055,patient055_case01,IBC,IBC_patient039_0072.jpg,1,,off_target_fp,589,0,0.0,0.0,0.0,0.0,0,False
UNET_MTL_MASK_GUIDED,1,patient055,patient055_case01,IBC,IBC_patient039_0072.jpg,2,,off_target_fp,19,0,0.0,0.0,0.0,0.0,0,False
UNET_MTL_MASK_GUIDED,1,patient055,patient055_case01,IBC,IBC_patient039_0072.jpg,3,,off_target_fp,7,0,0.0,0.0,0.0,0.0,0,False
UNET_MTL_MASK_GUIDED,1,patient055,patient055_case01,IBC,IBC_patient039_0072.jpg,4,,off_target_fp,210,0,0.0,0.0,0.0,0.0,0,False
UNET_MTL_MASK_GUIDED,1,patient055,patient055_case01,IBC,IBC_patient039_0073.jpg,1,,off_target_fp,552,0,0.0,0.0,0.0,0.0,0,False
UNET_MTL_MASK_GUIDED,1,patient055,patient055_case01,IBC,IBC_patient039_0073.jpg,2,,off_target_fp,61,0,0.0,0.0,0.0,0.0,0,False
UNET_MTL_MASK_GUIDED,1,patient055,patient055_case01,IBC,IBC_patient039_0073.jpg,3,,off_target_fp,65,0,0.0,0.0,0.0,0.0,0,False
UNET_MTL_MASK_GUIDED,1,patient055,patient055_case01,IBC,IBC_patient039_0073.jpg,4,,off_target_fp,195,0,0.0,0.0,0.0,0.0,0,False
UNET_MTL_MASK_GUIDED,1,patient055,patient055_case01,IBC,IBC_patient039_0074.jpg,1,,off_target_fp,381,0,0.0,0.0,0.0,0.0,0,False
UNET_MTL_MASK_GUIDED,1,patient055,patient055_case01,IBC,IBC_patient039_0074.jpg,2,,off_target_fp,94,0,0.0,0.0,0.0,0.0,0,False
UNET_MTL_MASK_GUIDED,1,patient055,patient055_case01,IBC,IBC_patient039_0074.jpg,3,,off_target_fp,3,0,0.0,0.0,0.0,0.0,0,False
UNET_MTL_MASK_GUIDED,1,patient059,patient059_case01,IBC,IBC_patient040_0059.jpg,1,,off_target_fp,125,0,0.0,0.0,0.0,0.0,0,False
UNET_MTL_MASK_GUIDED,1,patient059,patient059_case01,IBC,IBC_patient040_0060.jpg,1,1.0,strong_75_plus,118,91,0.875,0.7711864406779662,0.7711864406779662,0.6946564885496184,1,False
UNET_MTL_MASK_GUIDED,1,patient059,patient059_case01,IBC,IBC_patient040_0061.jpg,1,1.0,moderate_50_to_75,110,102,0.7083333333333334,0.9272727272727272,0.7083333333333334,0.6710526315789473,1,False
UNET_MTL_MASK_GUIDED,1,patient059,patient059_case01,IBC,IBC_patient040_0062.jpg,1,1.0,moderate_50_to_75,153,131,0.7119565217391305,0.8562091503267973,0.7119565217391305,0.6359223300970874,1,False
UNET_MTL_MASK_GUIDED,1,patient059,patient059_case01,IBC,IBC_patient040_0063.jpg,1,,off_target_fp,83,0,0.0,0.0,0.0,0.0,0,False
UNET_MTL_MASK_GUIDED,1,patient059,patient059_case01,IBC,IBC_patient040_0063.jpg,2,1.0,strong_75_plus,208,194,0.7698412698412699,0.9326923076923077,0.7698412698412699,0.7293233082706767,1,False
UNET_MTL_MASK_GUIDED,1,patient059,patient059_case01,IBC,IBC_patient040_0064.jpg,1,,off_target_fp,111,0,0.0,0.0,0.0,0.0,0,False
UNET_MTL_MASK_GUIDED,1,patient059,patient059_case01,IBC,IBC_patient040_0064.jpg,2,1.0,moderate_50_to_75,238,178,0.8557692307692307,0.7478991596638656,0.7478991596638656,0.664179104477612,1,False
UNET_MTL_MASK_GUIDED,1,patient059,patient059_case01,IBC,IBC_patient040_0065.jpg,1,,off_target_fp,117,0,0.0,0.0,0.0,0.0,0,False
UNET_MTL_MASK_GUIDED,1,patient059,patient059_case01,IBC,IBC_patient040_0065.jpg,2,1.0,strong_75_plus,262,231,0.8020833333333334,0.8816793893129771,0.8020833333333334,0.7241379310344828,1,False
UNET_MTL_MASK_GUIDED,1,patient059,patient059_case01,IBC,IBC_patient040_0066.jpg,1,1.0,strong_75_plus,318,257,0.9049295774647887,0.8081761006289309,0.8081761006289309,0.744927536231884,1,False
UNET_MTL_MASK_GUIDED,1,patient059,patient059_case01,IBC,IBC_patient040_0067.jpg,1,,off_target_fp,306,0,0.0,0.0,0.0,0.0,0,False
UNET_MTL_MASK_GUIDED,1,patient059,patient059_case01,IBC,IBC_patient040_0067.jpg,2,,off_target_fp,42,0,0.0,0.0,0.0,0.0,0,False
UNET_MTL_MASK_GUIDED,1,patient059,patient059_case01,IBC,IBC_patient040_0067.jpg,3,1.0,strong_75_plus,314,256,0.9411764705882353,0.8152866242038217,0.8152866242038217,0.7757575757575758,1,False
UNET_MTL_MASK_GUIDED,1,patient059,patient059_case01,IBC,IBC_patient040_0068.jpg,1,,off_target_fp,151,0,0.0,0.0,0.0,0.0,0,False
UNET_MTL_MASK_GUIDED,1,patient059,patient059_case01,IBC,IBC_patient040_0068.jpg,2,,off_target_fp,336,0,0.0,0.0,0.0,0.0,0,False
UNET_MTL_MASK_GUIDED,1,patient059,patient059_case01,IBC,IBC_patient040_0068.jpg,3,,off_target_fp,7,0,0.0,0.0,0.0,0.0,0,False
UNET_MTL_MASK_GUIDED,1,patient059,patient059_case01,IBC,IBC_patient040_0068.jpg,4,,off_target_fp,257,0,0.0,0.0,0.0,0.0,0,False
UNET_MTL_MASK_GUIDED,1,patient059,patient059_case01,IBC,IBC_patient040_0068.jpg,5,1.0,strong_75_plus,261,206,0.8728813559322034,0.789272030651341,0.789272030651341,0.7079037800687286,1,False
UNET_MTL_MASK_GUIDED,1,patient059,patient059_case01,IBC,IBC_patient040_0069.jpg,1,,off_target_fp,134,0,0.0,0.0,0.0,0.0,0,False
UNET_MTL_MASK_GUIDED,1,patient059,patient059_case01,IBC,IBC_patient040_0069.jpg,2,,off_target_fp,376,0,0.0,0.0,0.0,0.0,0,False
UNET_MTL_MASK_GUIDED,1,patient059,patient059_case01,IBC,IBC_patient040_0069.jpg,3,1.0,strong_75_plus,307,279,0.8403614457831325,0.9087947882736156,0.8403614457831325,0.775,1,False
UNET_MTL_MASK_GUIDED,1,patient059,patient059_case01,IBC,IBC_patient040_0070.jpg,1,,off_target_fp,14,0,0.0,0.0,0.0,0.0,0,False
UNET_MTL_MASK_GUIDED,1,patient059,patient059_case01,IBC,IBC_patient040_0070.jpg,2,,off_target_fp,55,0,0.0,0.0,0.0,0.0,0,False
UNET_MTL_MASK_GUIDED,1,patient059,patient059_case01,IBC,IBC_patient040_0070.jpg,3,1.0,strong_75_plus,155,120,0.9375,0.7741935483870968,0.7741935483870968,0.7361963190184049,1,False
UNET_MTL_MASK_GUIDED,1,patient064,patient064_case01,IGM,IGM_patient043_0054.jpg,1,1.0,moderate_50_to_75,468,342,0.8221153846153846,0.7307692307692307,0.7307692307692307,0.6309963099630996,1,False
UNET_MTL_MASK_GUIDED,1,patient064,patient064_case01,IGM,IGM_patient043_0055.jpg,1,1.0,strong_75_plus,631,574,0.9140127388535032,0.9096671949286846,0.9096671949286846,0.8379562043795621,1,False
UNET_MTL_MASK_GUIDED,1,patient064,patient064_case01,IGM,IGM_patient043_0056.jpg,1,,off_target_fp,117,0,0.0,0.0,0.0,0.0,0,False
UNET_MTL_MASK_GUIDED,1,patient064,patient064_case01,IGM,IGM_patient043_0056.jpg,2,1.0,moderate_50_to_75,485,399,0.6119631901840491,0.822680412371134,0.6119631901840491,0.540650406504065,1,False
UNET_MTL_MASK_GUIDED,1,patient064,patient064_case01,IGM,IGM_patient043_0057.jpg,1,1.0,strong_75_plus,537,462,0.7857142857142857,0.8603351955307262,0.7857142857142857,0.6968325791855203,1,False
UNET_MTL_MASK_GUIDED,1,patient064,patient064_case01,IGM,IGM_patient043_0058.jpg,1,1.0,strong_75_plus,566,467,0.8339285714285715,0.8250883392226148,0.8250883392226148,0.708649468892261,1,False
UNET_MTL_MASK_GUIDED,1,patient064,patient064_case01,IGM,IGM_patient043_0059.jpg,1,,off_target_fp,3,0,0.0,0.0,0.0,0.0,0,False
UNET_MTL_MASK_GUIDED,1,patient064,patient064_case01,IGM,IGM_patient043_0059.jpg,2,,off_target_fp,172,0,0.0,0.0,0.0,0.0,0,False
UNET_MTL_MASK_GUIDED,1,patient064,patient064_case01,IGM,IGM_patient043_0059.jpg,3,1.0,moderate_50_to_75,514,454,0.6305555555555555,0.8832684824902723,0.6305555555555555,0.5820512820512821,1,False
UNET_MTL_MASK_GUIDED,1,patient064,patient064_case01,IGM,IGM_patient043_0060.jpg,1,,off_target_fp,405,0,0.0,0.0,0.0,0.0,0,False
UNET_MTL_MASK_GUIDED,1,patient064,patient064_case01,IGM,IGM_patient043_0060.jpg,2,,off_target_fp,253,0,0.0,0.0,0.0,0.0,0,False
UNET_MTL_MASK_GUIDED,1,patient064,patient064_case01,IGM,IGM_patient043_0060.jpg,3,1.0,low_25_to_50,287,259,0.42320261437908496,0.9024390243902439,0.42320261437908496,0.4046875,1,False
UNET_MTL_MASK_GUIDED,1,patient064,patient064_case01,IGM,IGM_patient043_0060.jpg,4,1.0,partial_below_25,16,16,0.026143790849673203,1.0,0.026143790849673203,0.026143790849673203,1,False
UNET_MTL_MASK_GUIDED,1,patient064,patient064_case01,IGM,IGM_patient043_0061.jpg,1,,off_target_fp,460,0,0.0,0.0,0.0,0.0,0,False
UNET_MTL_MASK_GUIDED,1,patient064,patient064_case01,IGM,IGM_patient043_0061.jpg,2,,off_target_fp,297,0,0.0,0.0,0.0,0.0,0,False
UNET_MTL_MASK_GUIDED,1,patient068,patient068_case01,IBC,IBC_patient045_0062.jpg,1,,off_target_fp,118,0,0.0,0.0,0.0,0.0,0,False
UNET_MTL_MASK_GUIDED,1,patient068,patient068_case01,IBC,IBC_patient045_0062.jpg,2,,off_target_fp,55,0,0.0,0.0,0.0,0.0,0,False
UNET_MTL_MASK_GUIDED,1,patient068,patient068_case01,IBC,IBC_patient045_0062.jpg,3,,off_target_fp,35,0,0.0,0.0,0.0,0.0,0,False
UNET_MTL_MASK_GUIDED,1,patient068,patient068_case01,IBC,IBC_patient045_0062.jpg,4,1.0,partial_below_25,11,11,0.19642857142857142,1.0,0.19642857142857142,0.19642857142857142,1,False
UNET_MTL_MASK_GUIDED,1,patient068,patient068_case01,IBC,IBC_patient045_0062.jpg,5,,off_target_fp,17,0,0.0,0.0,0.0,0.0,0,False
UNET_MTL_MASK_GUIDED,1,patient068,patient068_case01,IBC,IBC_patient045_0063.jpg,1,,off_target_fp,86,0,0.0,0.0,0.0,0.0,0,False
UNET_MTL_MASK_GUIDED,1,patient068,patient068_case01,IBC,IBC_patient045_0063.jpg,2,1.0,strong_75_plus,118,95,0.9134615384615384,0.8050847457627118,0.8050847457627118,0.7480314960629921,1,False
UNET_MTL_MASK_GUIDED,1,patient068,patient068_case01,IBC,IBC_patient045_0064.jpg,1,,off_target_fp,69,0,0.0,0.0,0.0,0.0,0,False
UNET_MTL_MASK_GUIDED,1,patient068,patient068_case01,IBC,IBC_patient045_0064.jpg,2,1.0,moderate_50_to_75,126,88,0.9565217391304348,0.6984126984126984,0.6984126984126984,0.676923076923077,1,False
UNET_MTL_MASK_GUIDED,1,patient068,patient068_case01,IBC,IBC_patient045_0064.jpg,3,,off_target_fp,9,0,0.0,0.0,0.0,0.0,0,False
UNET_MTL_MASK_GUIDED,1,patient068,patient068_case01,IBC,IBC_patient045_0065.jpg,1,,off_target_fp,66,0,0.0,0.0,0.0,0.0,0,False
UNET_MTL_MASK_GUIDED,1,patient068,patient068_case01,IBC,IBC_patient045_0065.jpg,2,,off_target_fp,99,0,0.0,0.0,0.0,0.0,0,False
UNET_MTL_MASK_GUIDED,1,patient068,patient068_case01,IBC,IBC_patient045_0065.jpg,3,1.0,moderate_50_to_75,110,63,0.984375,0.5727272727272728,0.5727272727272728,0.5675675675675675,1,False
UNET_MTL_MASK_GUIDED,1,patient068,patient068_case01,IBC,IBC_patient045_0065.jpg,4,,off_target_fp,5,0,0.0,0.0,0.0,0.0,0,False
UNET_MTL_MASK_GUIDED,1,patient068,patient068_case01,IBC,IBC_patient045_0065.jpg,5,,off_target_fp,42,0,0.0,0.0,0.0,0.0,0,False
UNET_MTL_MASK_GUIDED,1,patient068,patient068_case01,IBC,IBC_patient045_0066.jpg,1,,off_target_fp,15,0,0.0,0.0,0.0,0.0,0,False
UNET_MTL_MASK_GUIDED,1,patient068,patient068_case01,IBC,IBC_patient045_0066.jpg,2,,off_target_fp,157,0,0.0,0.0,0.0,0.0,0,False
UNET_MTL_MASK_GUIDED,1,patient068,patient068_case01,IBC,IBC_patient045_0066.jpg,3,1.0,moderate_50_to_75,155,107,0.8106060606060606,0.6903225806451613,0.6903225806451613,0.5944444444444444,1,False
UNET_MTL_MASK_GUIDED,1,patient068,patient068_case01,IBC,IBC_patient045_0066.jpg,4,,off_target_fp,112,0,0.0,0.0,0.0,0.0,0,False
UNET_MTL_MASK_GUIDED,1,patient068,patient068_case01,IBC,IBC_patient045_0067.jpg,1,,off_target_fp,165,0,0.0,0.0,0.0,0.0,0,False
UNET_MTL_MASK_GUIDED,1,patient068,patient068_case01,IBC,IBC_patient045_0067.jpg,2,1.0,strong_75_plus,190,159,0.8112244897959183,0.8368421052631579,0.8112244897959183,0.7004405286343612,1,False
UNET_MTL_MASK_GUIDED,1,patient068,patient068_case01,IBC,IBC_patient045_0067.jpg,3,,off_target_fp,88,0,0.0,0.0,0.0,0.0,0,False
UNET_MTL_MASK_GUIDED,1,patient068,patient068_case01,IBC,IBC_patient045_0068.jpg,1,,off_target_fp,128,0,0.0,0.0,0.0,0.0,0,False
UNET_MTL_MASK_GUIDED,1,patient068,patient068_case01,IBC,IBC_patient045_0068.jpg,2,,off_target_fp,108,0,0.0,0.0,0.0,0.0,0,False
UNET_MTL_MASK_GUIDED,1,patient068,patient068_case01,IBC,IBC_patient045_0068.jpg,3,1.0,strong_75_plus,210,166,0.7980769230769231,0.7904761904761904,0.7904761904761904,0.6587301587301587,1,False
UNET_MTL_MASK_GUIDED,1,patient068,patient068_case01,IBC,IBC_patient045_0068.jpg,4,,off_target_fp,79,0,0.0,0.0,0.0,0.0,0,False
UNET_MTL_MASK_GUIDED,1,patient068,patient068_case01,IBC,IBC_patient045_0069.jpg,1,,off_target_fp,83,0,0.0,0.0,0.0,0.0,0,False
UNET_MTL_MASK_GUIDED,1,patient068,patient068_case01,IBC,IBC_patient045_0069.jpg,2,,off_target_fp,145,0,0.0,0.0,0.0,0.0,0,False
UNET_MTL_MASK_GUIDED,1,patient068,patient068_case01,IBC,IBC_patient045_0069.jpg,3,1.0,low_25_to_50,94,83,0.42346938775510207,0.8829787234042553,0.42346938775510207,0.40096618357487923,1,False
UNET_MTL_MASK_GUIDED,1,patient068,patient068_case01,IBC,IBC_patient045_0069.jpg,4,1.0,low_25_to_50,127,76,0.3877551020408163,0.5984251968503937,0.3877551020408163,0.3076923076923077,1,False
UNET_MTL_MASK_GUIDED,1,patient068,patient068_case01,IBC,IBC_patient045_0070.jpg,1,,off_target_fp,8,0,0.0,0.0,0.0,0.0,0,False
UNET_MTL_MASK_GUIDED,1,patient068,patient068_case01,IBC,IBC_patient045_0070.jpg,2,,off_target_fp,167,0,0.0,0.0,0.0,0.0,0,False
UNET_MTL_MASK_GUIDED,1,patient068,patient068_case01,IBC,IBC_patient045_0070.jpg,3,1.0,strong_75_plus,239,199,0.9045454545454545,0.8326359832635983,0.8326359832635983,0.7653846153846153,1,False
UNET_MTL_MASK_GUIDED,1,patient068,patient068_case01,IBC,IBC_patient045_0071.jpg,1,,off_target_fp,18,0,0.0,0.0,0.0,0.0,0,False
UNET_MTL_MASK_GUIDED,1,patient068,patient068_case01,IBC,IBC_patient045_0071.jpg,2,,off_target_fp,96,0,0.0,0.0,0.0,0.0,0,False
UNET_MTL_MASK_GUIDED,1,patient068,patient068_case01,IBC,IBC_patient045_0071.jpg,3,,off_target_fp,29,0,0.0,0.0,0.0,0.0,0,False
UNET_MTL_MASK_GUIDED,1,patient068,patient068_case01,IBC,IBC_patient045_0071.jpg,4,1.0,strong_75_plus,185,143,0.9662162162162162,0.772972972972973,0.772972972972973,0.7526315789473684,1,False
UNET_MTL_MASK_GUIDED,1,patient068,patient068_case01,IBC,IBC_patient045_0071.jpg,5,,off_target_fp,53,0,0.0,0.0,0.0,0.0,0,False
UNET_MTL_MASK_GUIDED,1,patient068,patient068_case01,IBC,IBC_patient045_0072.jpg,1,,off_target_fp,15,0,0.0,0.0,0.0,0.0,0,False
UNET_MTL_MASK_GUIDED,1,patient068,patient068_case01,IBC,IBC_patient045_0072.jpg,2,,off_target_fp,9,0,0.0,0.0,0.0,0.0,0,False
UNET_MTL_MASK_GUIDED,1,patient068,patient068_case01,IBC,IBC_patient045_0072.jpg,3,,off_target_fp,38,0,0.0,0.0,0.0,0.0,0,False
UNET_MTL_MASK_GUIDED,1,patient068,patient068_case01,IBC,IBC_patient045_0072.jpg,4,,off_target_fp,96,0,0.0,0.0,0.0,0.0,0,False
UNET_MTL_MASK_GUIDED,1,patient068,patient068_case01,IBC,IBC_patient045_0072.jpg,5,1.0,strong_75_plus,219,197,0.9120370370370371,0.8995433789954338,0.8995433789954338,0.8277310924369747,1,False
UNET_MTL_MASK_GUIDED,1,patient068,patient068_case01,IBC,IBC_patient045_0072.jpg,6,,off_target_fp,33,0,0.0,0.0,0.0,0.0,0,False
UNET_MTL_MASK_GUIDED,1,patient068,patient068_case01,IBC,IBC_patient045_0073.jpg,1,,off_target_fp,98,0,0.0,0.0,0.0,0.0,0,False
UNET_MTL_MASK_GUIDED,1,patient068,patient068_case01,IBC,IBC_patient045_0073.jpg,2,,off_target_fp,86,0,0.0,0.0,0.0,0.0,0,False
UNET_MTL_MASK_GUIDED,1,patient068,patient068_case01,IBC,IBC_patient045_0073.jpg,3,1.0,strong_75_plus,441,352,0.9072164948453608,0.7981859410430839,0.7981859410430839,0.7379454926624738,1,False
UNET_MTL_MASK_GUIDED,1,patient068,patient068_case01,IBC,IBC_patient045_0074.jpg,1,1.0,moderate_50_to_75,329,231,0.9314516129032258,0.7021276595744681,0.7021276595744681,0.6676300578034682,1,False
UNET_MTL_MASK_GUIDED,1,patient068,patient068_case01,IBC,IBC_patient045_0075.jpg,1,1.0,strong_75_plus,148,130,0.8125,0.8783783783783784,0.8125,0.7303370786516854,1,False
UNET_MTL_MASK_GUIDED,1,patient068,patient068_case01,IBC,IBC_patient045_0076.jpg,1,,off_target_fp,43,0,0.0,0.0,0.0,0.0,0,False
UNET_MTL_MASK_GUIDED,1,patient068,patient068_case01,IBC,IBC_patient045_0076.jpg,2,1.0,moderate_50_to_75,146,101,0.8706896551724138,0.6917808219178082,0.6917808219178082,0.6273291925465838,1,False
UNET_MTL_MASK_GUIDED,1,patient068,patient068_case01,IBC,IBC_patient045_0077.jpg,1,,off_target_fp,35,0,0.0,0.0,0.0,0.0,0,False
UNET_MTL_MASK_GUIDED,1,patient068,patient068_case01,IBC,IBC_patient045_0077.jpg,2,1.0,moderate_50_to_75,86,78,0.6964285714285714,0.9069767441860465,0.6964285714285714,0.65,1,False
UNET_MTL_MASK_GUIDED,1,patient076,patient076_case01,IBC,IBC_patient049_0027.jpg,1,1.0,strong_75_plus,219,205,0.8401639344262295,0.9360730593607306,0.8401639344262295,0.7945736434108527,1,False
UNET_MTL_MASK_GUIDED,1,patient076,patient076_case01,IBC,IBC_patient049_0028.jpg,1,1.0,strong_75_plus,491,475,0.9064885496183206,0.9674134419551935,0.9064885496183206,0.8796296296296297,1,False
UNET_MTL_MASK_GUIDED,1,patient076,patient076_case01,IBC,IBC_patient049_0029.jpg,1,1.0,strong_75_plus,566,496,0.9393939393939394,0.8763250883392226,0.8763250883392226,0.8294314381270903,1,False
UNET_MTL_MASK_GUIDED,1,patient076,patient076_case01,IBC,IBC_patient049_0030.jpg,1,1.0,strong_75_plus,406,353,0.7741228070175439,0.8694581280788177,0.7741228070175439,0.693516699410609,1,False
UNET_MTL_MASK_GUIDED,1,patient076,patient076_case01,IBC,IBC_patient049_0031.jpg,1,,off_target_fp,33,0,0.0,0.0,0.0,0.0,0,False
UNET_MTL_MASK_GUIDED,1,patient076,patient076_case01,IBC,IBC_patient049_0031.jpg,2,1.0,strong_75_plus,373,329,0.8657894736842106,0.8820375335120644,0.8657894736842106,0.7759433962264151,1,False
UNET_MTL_MASK_GUIDED,1,patient076,patient076_case01,IBC,IBC_patient049_0031.jpg,3,,off_target_fp,277,0,0.0,0.0,0.0,0.0,0,False
UNET_MTL_MASK_GUIDED,1,patient076,patient076_case01,IBC,IBC_patient049_0032.jpg,1,1.0,strong_75_plus,330,278,0.8373493975903614,0.8424242424242424,0.8373493975903614,0.7239583333333334,1,False
UNET_MTL_MASK_GUIDED,1,patient076,patient076_case01,IBC,IBC_patient049_0032.jpg,2,,off_target_fp,118,0,0.0,0.0,0.0,0.0,0,False
UNET_MTL_MASK_GUIDED,1,patient076,patient076_case01,IBC,IBC_patient049_0032.jpg,3,,off_target_fp,101,0,0.0,0.0,0.0,0.0,0,False
UNET_MTL_MASK_GUIDED,1,patient076,patient076_case01,IBC,IBC_patient049_0032.jpg,4,,off_target_fp,7,0,0.0,0.0,0.0,0.0,0,False
UNET_MTL_MASK_GUIDED,1,patient076,patient076_case01,IBC,IBC_patient049_0032.jpg,5,,off_target_fp,277,0,0.0,0.0,0.0,0.0,0,False
UNET_MTL_MASK_GUIDED,1,patient076,patient076_case01,IBC,IBC_patient049_0033.jpg,1,,off_target_fp,17,0,0.0,0.0,0.0,0.0,0,False
UNET_MTL_MASK_GUIDED,1,patient076,patient076_case01,IBC,IBC_patient049_0033.jpg,2,1.0,moderate_50_to_75,271,236,0.6483516483516484,0.8708487084870848,0.6483516483516484,0.5914786967418546,1,False
UNET_MTL_MASK_GUIDED,1,patient076,patient076_case01,IBC,IBC_patient049_0033.jpg,3,,off_target_fp,114,0,0.0,0.0,0.0,0.0,0,False
UNET_MTL_MASK_GUIDED,1,patient076,patient076_case01,IBC,IBC_patient049_0033.jpg,4,,off_target_fp,137,0,0.0,0.0,0.0,0.0,0,False
UNET_MTL_MASK_GUIDED,1,patient076,patient076_case01,IBC,IBC_patient049_0033.jpg,5,,off_target_fp,45,0,0.0,0.0,0.0,0.0,0,False
UNET_MTL_MASK_GUIDED,1,patient076,patient076_case01,IBC,IBC_patient049_0034.jpg,1,,off_target_fp,79,0,0.0,0.0,0.0,0.0,0,False
UNET_MTL_MASK_GUIDED,1,patient076,patient076_case01,IBC,IBC_patient049_0034.jpg,2,,off_target_fp,189,0,0.0,0.0,0.0,0.0,0,False
UNET_MTL_MASK_GUIDED,1,patient076,patient076_case01,IBC,IBC_patient049_0034.jpg,3,1.0,low_25_to_50,138,121,0.4653846153846154,0.8768115942028986,0.4653846153846154,0.4368231046931408,1,False
UNET_MTL_MASK_GUIDED,1,patient076,patient076_case01,IBC,IBC_patient049_0034.jpg,4,,off_target_fp,172,0,0.0,0.0,0.0,0.0,0,False
UNET_MTL_MASK_GUIDED,1,patient076,patient076_case01,IBC,IBC_patient049_0034.jpg,5,,off_target_fp,69,0,0.0,0.0,0.0,0.0,0,False
UNET_MTL_MASK_GUIDED,1,patient076,patient076_case01,IBC,IBC_patient049_0034.jpg,6,,off_target_fp,25,0,0.0,0.0,0.0,0.0,0,False
UNET_MTL_MASK_GUIDED,1,patient076,patient076_case01,IBC,IBC_patient049_0035.jpg,1,,off_target_fp,107,0,0.0,0.0,0.0,0.0,0,False
UNET_MTL_MASK_GUIDED,1,patient076,patient076_case01,IBC,IBC_patient049_0035.jpg,2,,off_target_fp,130,0,0.0,0.0,0.0,0.0,0,False
UNET_MTL_MASK_GUIDED,1,patient076,patient076_case01,IBC,IBC_patient049_0035.jpg,3,,off_target_fp,214,0,0.0,0.0,0.0,0.0,0,False
UNET_MTL_MASK_GUIDED,1,patient076,patient076_case01,IBC,IBC_patient049_0035.jpg,4,,off_target_fp,43,0,0.0,0.0,0.0,0.0,0,False
UNET_MTL_MASK_GUIDED,1,patient076,patient076_case01,IBC,IBC_patient049_0035.jpg,5,,off_target_fp,22,0,0.0,0.0,0.0,0.0,0,False
UNET_MTL_MASK_GUIDED,1,patient076,patient076_case01,IBC,IBC_patient049_0035.jpg,6,,off_target_fp,60,0,0.0,0.0,0.0,0.0,0,False
UNET_MTL_MASK_GUIDED,1,patient081,patient081_case01,IBC,IBC_patient051_0058.jpg,1,,off_target_fp,94,0,0.0,0.0,0.0,0.0,0,False
UNET_MTL_MASK_GUIDED,1,patient081,patient081_case01,IBC,IBC_patient051_0058.jpg,2,,off_target_fp,25,0,0.0,0.0,0.0,0.0,0,False
UNET_MTL_MASK_GUIDED,1,patient081,patient081_case01,IBC,IBC_patient051_0058.jpg,3,,off_target_fp,44,0,0.0,0.0,0.0,0.0,0,False
UNET_MTL_MASK_GUIDED,1,patient081,patient081_case01,IBC,IBC_patient051_0058.jpg,4,,off_target_fp,18,0,0.0,0.0,0.0,0.0,0,False
UNET_MTL_MASK_GUIDED,1,patient081,patient081_case01,IBC,IBC_patient051_0059.jpg,1,,off_target_fp,38,0,0.0,0.0,0.0,0.0,0,False
UNET_MTL_MASK_GUIDED,1,patient081,patient081_case01,IBC,IBC_patient051_0059.jpg,2,1.0,low_25_to_50,244,98,0.9074074074074074,0.4016393442622951,0.4016393442622951,0.3858267716535433,1,False
UNET_MTL_MASK_GUIDED,1,patient081,patient081_case01,IBC,IBC_patient051_0059.jpg,3,,off_target_fp,48,0,0.0,0.0,0.0,0.0,0,False
UNET_MTL_MASK_GUIDED,1,patient081,patient081_case01,IBC,IBC_patient051_0059.jpg,4,,off_target_fp,6,0,0.0,0.0,0.0,0.0,0,False
UNET_MTL_MASK_GUIDED,1,patient081,patient081_case01,IBC,IBC_patient051_0059.jpg,5,,off_target_fp,12,0,0.0,0.0,0.0,0.0,0,False
UNET_MTL_MASK_GUIDED,1,patient081,patient081_case01,IBC,IBC_patient051_0059.jpg,6,,off_target_fp,8,0,0.0,0.0,0.0,0.0,0,False
UNET_MTL_MASK_GUIDED,1,patient081,patient081_case01,IBC,IBC_patient051_0059.jpg,7,,off_target_fp,76,0,0.0,0.0,0.0,0.0,0,False
UNET_MTL_MASK_GUIDED,1,patient081,patient081_case01,IBC,IBC_patient051_0060.jpg,1,,off_target_fp,261,0,0.0,0.0,0.0,0.0,0,False
UNET_MTL_MASK_GUIDED,1,patient081,patient081_case01,IBC,IBC_patient051_0060.jpg,2,1.0,moderate_50_to_75,242,139,0.9652777777777778,0.5743801652892562,0.5743801652892562,0.562753036437247,1,False
UNET_MTL_MASK_GUIDED,1,patient081,patient081_case01,IBC,IBC_patient051_0060.jpg,3,,off_target_fp,4,0,0.0,0.0,0.0,0.0,0,False
UNET_MTL_MASK_GUIDED,1,patient081,patient081_case01,IBC,IBC_patient051_0060.jpg,4,,off_target_fp,67,0,0.0,0.0,0.0,0.0,0,False
UNET_MTL_MASK_GUIDED,1,patient081,patient081_case01,IBC,IBC_patient051_0061.jpg,1,,off_target_fp,101,0,0.0,0.0,0.0,0.0,0,False
UNET_MTL_MASK_GUIDED,1,patient081,patient081_case01,IBC,IBC_patient051_0061.jpg,2,,off_target_fp,324,0,0.0,0.0,0.0,0.0,0,False
UNET_MTL_MASK_GUIDED,1,patient081,patient081_case01,IBC,IBC_patient051_0061.jpg,3,1.0,moderate_50_to_75,183,131,0.9924242424242424,0.7158469945355191,0.7158469945355191,0.7119565217391305,1,False
UNET_MTL_MASK_GUIDED,1,patient081,patient081_case01,IBC,IBC_patient051_0061.jpg,4,,off_target_fp,82,0,0.0,0.0,0.0,0.0,0,False
UNET_MTL_MASK_GUIDED,1,patient081,patient081_case01,IBC,IBC_patient051_0062.jpg,1,,off_target_fp,131,0,0.0,0.0,0.0,0.0,0,False
UNET_MTL_MASK_GUIDED,1,patient081,patient081_case01,IBC,IBC_patient051_0062.jpg,2,,off_target_fp,110,0,0.0,0.0,0.0,0.0,0,False
UNET_MTL_MASK_GUIDED,1,patient081,patient081_case01,IBC,IBC_patient051_0062.jpg,3,1.0,strong_75_plus,125,95,0.95,0.76,0.76,0.7307692307692307,1,False
UNET_MTL_MASK_GUIDED,1,patient081,patient081_case01,IBC,IBC_patient051_0062.jpg,4,,off_target_fp,1,0,0.0,0.0,0.0,0.0,0,False
UNET_MTL_MASK_GUIDED,1,patient081,patient081_case01,IBC,IBC_patient051_0062.jpg,5,,off_target_fp,49,0,0.0,0.0,0.0,0.0,0,False
UNET_MTL_MASK_GUIDED,1,patient081,patient081_case01,IBC,IBC_patient051_0063.jpg,1,,off_target_fp,100,0,0.0,0.0,0.0,0.0,0,False
UNET_MTL_MASK_GUIDED,1,patient081,patient081_case01,IBC,IBC_patient051_0063.jpg,2,,off_target_fp,82,0,0.0,0.0,0.0,0.0,0,False
UNET_MTL_MASK_GUIDED,1,patient081,patient081_case01,IBC,IBC_patient051_0063.jpg,3,,off_target_fp,6,0,0.0,0.0,0.0,0.0,0,False
UNET_MTL_MASK_GUIDED,1,patient081,patient081_case01,IBC,IBC_patient051_0063.jpg,4,,off_target_fp,15,0,0.0,0.0,0.0,0.0,0,False
UNET_MTL_MASK_GUIDED,1,patient081,patient081_case01,IBC,IBC_patient051_0063.jpg,5,,off_target_fp,3,0,0.0,0.0,0.0,0.0,0,False
UNET_MTL_MASK_GUIDED,1,patient081,patient081_case01,IBC,IBC_patient051_0063.jpg,6,,off_target_fp,67,0,0.0,0.0,0.0,0.0,0,False
UNET_MTL_MASK_GUIDED,1,patient081,patient081_case01,IBC,IBC_patient051_0063.jpg,7,,off_target_fp,30,0,0.0,0.0,0.0,0.0,0,False
UNET_MTL_MASK_GUIDED,1,patient090,patient090_case01,IGM,IGM_patient055_0057.jpg,1,1.0,strong_75_plus,387,346,0.9202127659574468,0.8940568475452196,0.8940568475452196,0.829736211031175,1,False
UNET_MTL_MASK_GUIDED,1,patient090,patient090_case01,IGM,IGM_patient055_0057.jpg,2,,off_target_fp,75,0,0.0,0.0,0.0,0.0,0,False
UNET_MTL_MASK_GUIDED,1,patient090,patient090_case01,IGM,IGM_patient055_0057.jpg,3,,off_target_fp,41,0,0.0,0.0,0.0,0.0,0,False
UNET_MTL_MASK_GUIDED,1,patient090,patient090_case01,IGM,IGM_patient055_0057.jpg,4,,off_target_fp,77,0,0.0,0.0,0.0,0.0,0,False
UNET_MTL_MASK_GUIDED,1,patient090,patient090_case01,IGM,IGM_patient055_0058.jpg,1,1.0,strong_75_plus,361,341,0.9069148936170213,0.9445983379501385,0.9069148936170213,0.8611111111111112,1,False
UNET_MTL_MASK_GUIDED,1,patient090,patient090_case01,IGM,IGM_patient055_0058.jpg,2,,off_target_fp,85,0,0.0,0.0,0.0,0.0,0,False
UNET_MTL_MASK_GUIDED,1,patient090,patient090_case01,IGM,IGM_patient055_0058.jpg,3,,off_target_fp,33,0,0.0,0.0,0.0,0.0,0,False
UNET_MTL_MASK_GUIDED,1,patient090,patient090_case01,IGM,IGM_patient055_0058.jpg,4,,off_target_fp,41,0,0.0,0.0,0.0,0.0,0,False
UNET_MTL_MASK_GUIDED,1,patient090,patient090_case01,IGM,IGM_patient055_0058.jpg,5,,off_target_fp,73,0,0.0,0.0,0.0,0.0,0,False
UNET_MTL_MASK_GUIDED,1,patient090,patient090_case01,IGM,IGM_patient055_0059.jpg,1,1.0,strong_75_plus,342,306,0.8793103448275862,0.8947368421052632,0.8793103448275862,0.796875,1,False
UNET_MTL_MASK_GUIDED,1,patient090,patient090_case01,IGM,IGM_patient055_0059.jpg,2,,off_target_fp,56,0,0.0,0.0,0.0,0.0,0,False
UNET_MTL_MASK_GUIDED,1,patient090,patient090_case01,IGM,IGM_patient055_0059.jpg,3,,off_target_fp,137,0,0.0,0.0,0.0,0.0,0,False
UNET_MTL_MASK_GUIDED,1,patient090,patient090_case01,IGM,IGM_patient055_0059.jpg,4,,off_target_fp,41,0,0.0,0.0,0.0,0.0,0,False
UNET_MTL_MASK_GUIDED,1,patient090,patient090_case01,IGM,IGM_patient055_0059.jpg,5,,off_target_fp,52,0,0.0,0.0,0.0,0.0,0,False
UNET_MTL_MASK_GUIDED,1,patient090,patient090_case01,IGM,IGM_patient055_0059.jpg,6,,off_target_fp,40,0,0.0,0.0,0.0,0.0,0,False
UNET_MTL_MASK_GUIDED,1,patient090,patient090_case01,IGM,IGM_patient055_0060.jpg,1,1.0,strong_75_plus,300,281,0.8264705882352941,0.9366666666666666,0.8264705882352941,0.7827298050139275,1,False
UNET_MTL_MASK_GUIDED,1,patient090,patient090_case01,IGM,IGM_patient055_0060.jpg,2,,off_target_fp,138,0,0.0,0.0,0.0,0.0,0,False
UNET_MTL_MASK_GUIDED,1,patient090,patient090_case01,IGM,IGM_patient055_0060.jpg,3,,off_target_fp,32,0,0.0,0.0,0.0,0.0,0,False
UNET_MTL_MASK_GUIDED,1,patient090,patient090_case01,IGM,IGM_patient055_0060.jpg,4,,off_target_fp,4,0,0.0,0.0,0.0,0.0,0,False
UNET_MTL_MASK_GUIDED,1,patient090,patient090_case01,IGM,IGM_patient055_0061.jpg,1,1.0,strong_75_plus,278,271,0.8914473684210527,0.9748201438848921,0.8914473684210527,0.8713826366559485,1,False
UNET_MTL_MASK_GUIDED,1,patient090,patient090_case01,IGM,IGM_patient055_0061.jpg,2,,off_target_fp,182,0,0.0,0.0,0.0,0.0,0,False
UNET_MTL_MASK_GUIDED,1,patient090,patient090_case01,IGM,IGM_patient055_0061.jpg,3,,off_target_fp,28,0,0.0,0.0,0.0,0.0,0,False
UNET_MTL_MASK_GUIDED,1,patient090,patient090_case01,IGM,IGM_patient055_0062.jpg,1,1.0,moderate_50_to_75,193,184,0.6865671641791045,0.9533678756476683,0.6865671641791045,0.6642599277978339,1,False
UNET_MTL_MASK_GUIDED,1,patient090,patient090_case01,IGM,IGM_patient055_0062.jpg,2,,off_target_fp,48,0,0.0,0.0,0.0,0.0,0,False
UNET_MTL_MASK_GUIDED,1,patient090,patient090_case01,IGM,IGM_patient055_0062.jpg,3,,off_target_fp,180,0,0.0,0.0,0.0,0.0,0,False
UNET_MTL_MASK_GUIDED,1,patient090,patient090_case01,IGM,IGM_patient055_0062.jpg,4,,off_target_fp,25,0,0.0,0.0,0.0,0.0,0,False
UNET_MTL_MASK_GUIDED,1,patient090,patient090_case01,IGM,IGM_patient055_0063.jpg,1,,off_target_fp,2,0,0.0,0.0,0.0,0.0,0,False
UNET_MTL_MASK_GUIDED,1,patient090,patient090_case01,IGM,IGM_patient055_0063.jpg,2,,off_target_fp,147,0,0.0,0.0,0.0,0.0,0,False
UNET_MTL_MASK_GUIDED,1,patient090,patient090_case01,IGM,IGM_patient055_0063.jpg,3,,off_target_fp,108,0,0.0,0.0,0.0,0.0,0,False
UNET_MTL_MASK_GUIDED,1,patient090,patient090_case01,IGM,IGM_patient055_0064.jpg,1,1.0,partial_below_25,16,16,0.12903225806451613,1.0,0.12903225806451613,0.12903225806451613,1,False
UNET_MTL_MASK_GUIDED,1,patient090,patient090_case01,IGM,IGM_patient055_0064.jpg,2,,off_target_fp,93,0,0.0,0.0,0.0,0.0,0,False
UNET_MTL_MASK_GUIDED,1,patient090,patient090_case01,IGM,IGM_patient055_0064.jpg,3,,off_target_fp,148,0,0.0,0.0,0.0,0.0,0,False
UNET_MTL_MASK_GUIDED,1,patient090,patient090_case01,IGM,IGM_patient055_0064.jpg,4,,off_target_fp,26,0,0.0,0.0,0.0,0.0,0,False
UNET_MTL_MASK_GUIDED,1,patient090,patient090_case01,IGM,IGM_patient055_0065.jpg,1,1.0,strong_75_plus,154,143,0.89375,0.9285714285714286,0.89375,0.8362573099415205,1,False
UNET_MTL_MASK_GUIDED,1,patient090,patient090_case01,IGM,IGM_patient055_0065.jpg,2,,off_target_fp,18,0,0.0,0.0,0.0,0.0,0,False
UNET_MTL_MASK_GUIDED,1,patient090,patient090_case01,IGM,IGM_patient055_0065.jpg,3,,off_target_fp,81,0,0.0,0.0,0.0,0.0,0,False
UNET_MTL_MASK_GUIDED,1,patient090,patient090_case01,IGM,IGM_patient055_0065.jpg,4,,off_target_fp,13,0,0.0,0.0,0.0,0.0,0,False
UNET_MTL_MASK_GUIDED,1,patient090,patient090_case01,IGM,IGM_patient055_0065.jpg,5,,off_target_fp,127,0,0.0,0.0,0.0,0.0,0,False
UNET_MTL_MASK_GUIDED,1,patient090,patient090_case01,IGM,IGM_patient055_0065.jpg,6,,off_target_fp,81,0,0.0,0.0,0.0,0.0,0,False
UNET_MTL_MASK_GUIDED,1,patient090,patient090_case01,IGM,IGM_patient055_0066.jpg,1,1.0,strong_75_plus,206,187,0.8990384615384616,0.9077669902912622,0.8990384615384616,0.8237885462555066,1,False
UNET_MTL_MASK_GUIDED,1,patient090,patient090_case01,IGM,IGM_patient055_0066.jpg,2,,off_target_fp,63,0,0.0,0.0,0.0,0.0,0,False
UNET_MTL_MASK_GUIDED,1,patient090,patient090_case01,IGM,IGM_patient055_0066.jpg,3,,off_target_fp,6,0,0.0,0.0,0.0,0.0,0,False
UNET_MTL_MASK_GUIDED,1,patient090,patient090_case01,IGM,IGM_patient055_0066.jpg,4,,off_target_fp,157,0,0.0,0.0,0.0,0.0,0,False
UNET_MTL_MASK_GUIDED,1,patient090,patient090_case01,IGM,IGM_patient055_0066.jpg,5,,off_target_fp,3,0,0.0,0.0,0.0,0.0,0,False
UNET_MTL_MASK_GUIDED,1,patient090,patient090_case01,IGM,IGM_patient055_0066.jpg,6,,off_target_fp,22,0,0.0,0.0,0.0,0.0,0,False
UNET_MTL_MASK_GUIDED,1,patient090,patient090_case01,IGM,IGM_patient055_0066.jpg,7,,off_target_fp,20,0,0.0,0.0,0.0,0.0,0,False
UNET_MTL_MASK_GUIDED,1,patient090,patient090_case01,IGM,IGM_patient055_0067.jpg,1,1.0,strong_75_plus,199,181,0.923469387755102,0.9095477386934674,0.9095477386934674,0.8457943925233645,1,False
UNET_MTL_MASK_GUIDED,1,patient090,patient090_case01,IGM,IGM_patient055_0067.jpg,2,,off_target_fp,2,0,0.0,0.0,0.0,0.0,0,False
UNET_MTL_MASK_GUIDED,1,patient090,patient090_case01,IGM,IGM_patient055_0067.jpg,3,,off_target_fp,37,0,0.0,0.0,0.0,0.0,0,False
UNET_MTL_MASK_GUIDED,1,patient090,patient090_case01,IGM,IGM_patient055_0067.jpg,4,,off_target_fp,35,0,0.0,0.0,0.0,0.0,0,False
UNET_MTL_MASK_GUIDED,1,patient090,patient090_case01,IGM,IGM_patient055_0067.jpg,5,,off_target_fp,66,0,0.0,0.0,0.0,0.0,0,False
UNET_MTL_MASK_GUIDED,1,patient090,patient090_case01,IGM,IGM_patient055_0067.jpg,6,,off_target_fp,73,0,0.0,0.0,0.0,0.0,0,False
UNET_MTL_MASK_GUIDED,1,patient090,patient090_case01,IGM,IGM_patient055_0068.jpg,1,1.0,strong_75_plus,198,167,0.9488636363636364,0.8434343434343434,0.8434343434343434,0.8067632850241546,1,False
UNET_MTL_MASK_GUIDED,1,patient090,patient090_case01,IGM,IGM_patient055_0068.jpg,2,,off_target_fp,155,0,0.0,0.0,0.0,0.0,0,False
UNET_MTL_MASK_GUIDED,1,patient090,patient090_case01,IGM,IGM_patient055_0068.jpg,3,,off_target_fp,22,0,0.0,0.0,0.0,0.0,0,False
UNET_MTL_MASK_GUIDED,1,patient090,patient090_case01,IGM,IGM_patient055_0068.jpg,4,,off_target_fp,34,0,0.0,0.0,0.0,0.0,0,False
UNET_MTL_MASK_GUIDED,1,patient090,patient090_case01,IGM,IGM_patient055_0069.jpg,1,1.0,strong_75_plus,147,123,0.9318181818181818,0.8367346938775511,0.8367346938775511,0.7884615384615384,1,False
UNET_MTL_MASK_GUIDED,1,patient090,patient090_case01,IGM,IGM_patient055_0069.jpg,2,,off_target_fp,8,0,0.0,0.0,0.0,0.0,0,False
UNET_MTL_MASK_GUIDED,1,patient090,patient090_case01,IGM,IGM_patient055_0069.jpg,3,,off_target_fp,186,0,0.0,0.0,0.0,0.0,0,False
UNET_MTL_MASK_GUIDED,1,patient090,patient090_case01,IGM,IGM_patient055_0070.jpg,1,,off_target_fp,150,0,0.0,0.0,0.0,0.0,0,False
UNET_MTL_MASK_GUIDED,1,patient090,patient090_case01,IGM,IGM_patient055_0071.jpg,1,1.0,strong_75_plus,169,155,0.7908163265306123,0.9171597633136095,0.7908163265306123,0.7380952380952381,1,False
UNET_MTL_MASK_GUIDED,1,patient090,patient090_case01,IGM,IGM_patient055_0071.jpg,2,,off_target_fp,71,0,0.0,0.0,0.0,0.0,0,False
UNET_MTL_MASK_GUIDED,1,patient090,patient090_case01,IGM,IGM_patient055_0071.jpg,3,,off_target_fp,154,0,0.0,0.0,0.0,0.0,0,False
UNET_MTL_MASK_GUIDED,1,patient090,patient090_case01,IGM,IGM_patient055_0072.jpg,1,,off_target_fp,21,0,0.0,0.0,0.0,0.0,0,False
UNET_MTL_MASK_GUIDED,1,patient090,patient090_case01,IGM,IGM_patient055_0072.jpg,2,1.0,moderate_50_to_75,197,167,0.6958333333333333,0.8477157360406091,0.6958333333333333,0.6185185185185185,1,False
UNET_MTL_MASK_GUIDED,1,patient090,patient090_case01,IGM,IGM_patient055_0072.jpg,3,,off_target_fp,188,0,0.0,0.0,0.0,0.0,0,False
UNET_MTL_MASK_GUIDED,1,patient090,patient090_case01,IGM,IGM_patient055_0072.jpg,4,,off_target_fp,61,0,0.0,0.0,0.0,0.0,0,False
UNET_MTL_MASK_GUIDED,1,patient090,patient090_case01,IGM,IGM_patient055_0073.jpg,1,1.0,strong_75_plus,225,217,0.8097014925373134,0.9644444444444444,0.8097014925373134,0.7862318840579711,1,False
UNET_MTL_MASK_GUIDED,1,patient090,patient090_case01,IGM,IGM_patient055_0073.jpg,2,,off_target_fp,40,0,0.0,0.0,0.0,0.0,0,False
UNET_MTL_MASK_GUIDED,1,patient090,patient090_case01,IGM,IGM_patient055_0073.jpg,3,,off_target_fp,282,0,0.0,0.0,0.0,0.0,0,False
UNET_MTL_MASK_GUIDED,1,patient090,patient090_case01,IGM,IGM_patient055_0074.jpg,1,,off_target_fp,331,0,0.0,0.0,0.0,0.0,0,False
UNET_MTL_MASK_GUIDED,1,patient090,patient090_case01,IGM,IGM_patient055_0075.jpg,1,,off_target_fp,108,0,0.0,0.0,0.0,0.0,0,False
UNET_MTL_MASK_GUIDED,1,patient090,patient090_case01,IGM,IGM_patient055_0075.jpg,2,,off_target_fp,250,0,0.0,0.0,0.0,0.0,0,False
UNET_MTL_MASK_GUIDED,1,patient090,patient090_case01,IGM,IGM_patient055_0076.jpg,1,,off_target_fp,146,0,0.0,0.0,0.0,0.0,0,False
UNET_MTL_MASK_GUIDED,1,patient090,patient090_case01,IGM,IGM_patient055_0077.jpg,1,,off_target_fp,22,0,0.0,0.0,0.0,0.0,0,False
UNET_MTL_MASK_GUIDED,10,patient004,patient004_case01,IBC,IBC_patient011_0074.jpg,1,,off_target_fp,19,0,0.0,0.0,0.0,0.0,0,False
UNET_MTL_MASK_GUIDED,10,patient004,patient004_case01,IBC,IBC_patient011_0077.jpg,1,,off_target_fp,19,0,0.0,0.0,0.0,0.0,0,False
UNET_MTL_MASK_GUIDED,10,patient004,patient004_case01,IBC,IBC_patient011_0077.jpg,2,,off_target_fp,12,0,0.0,0.0,0.0,0.0,0,False
UNET_MTL_MASK_GUIDED,10,patient004,patient004_case01,IBC,IBC_patient011_0077.jpg,3,,off_target_fp,24,0,0.0,0.0,0.0,0.0,0,False
UNET_MTL_MASK_GUIDED,10,patient004,patient004_case01,IBC,IBC_patient011_0077.jpg,4,,off_target_fp,17,0,0.0,0.0,0.0,0.0,0,False
UNET_MTL_MASK_GUIDED,10,patient004,patient004_case01,IBC,IBC_patient011_0078.jpg,1,,off_target_fp,35,0,0.0,0.0,0.0,0.0,0,False
UNET_MTL_MASK_GUIDED,10,patient004,patient004_case01,IBC,IBC_patient011_0078.jpg,2,,off_target_fp,50,0,0.0,0.0,0.0,0.0,0,False
UNET_MTL_MASK_GUIDED,10,patient004,patient004_case01,IBC,IBC_patient011_0079.jpg,1,,off_target_fp,36,0,0.0,0.0,0.0,0.0,0,False
UNET_MTL_MASK_GUIDED,10,patient004,patient004_case01,IBC,IBC_patient011_0080.jpg,1,,off_target_fp,59,0,0.0,0.0,0.0,0.0,0,False
UNET_MTL_MASK_GUIDED,10,patient004,patient004_case01,IBC,IBC_patient011_0082.jpg,1,,off_target_fp,60,0,0.0,0.0,0.0,0.0,0,False
UNET_MTL_MASK_GUIDED,10,patient004,patient004_case01,IBC,IBC_patient011_0082.jpg,2,,off_target_fp,135,0,0.0,0.0,0.0,0.0,0,False
UNET_MTL_MASK_GUIDED,10,patient004,patient004_case01,IBC,IBC_patient011_0083.jpg,1,,off_target_fp,319,0,0.0,0.0,0.0,0.0,0,False
UNET_MTL_MASK_GUIDED,10,patient004,patient004_case01,IBC,IBC_patient011_0083.jpg,2,,off_target_fp,88,0,0.0,0.0,0.0,0.0,0,False
UNET_MTL_MASK_GUIDED,10,patient004,patient004_case01,IBC,IBC_patient011_0083.jpg,3,,off_target_fp,233,0,0.0,0.0,0.0,0.0,0,False
UNET_MTL_MASK_GUIDED,10,patient004,patient004_case01,IBC,IBC_patient011_0084.jpg,1,,off_target_fp,452,0,0.0,0.0,0.0,0.0,0,False
UNET_MTL_MASK_GUIDED,10,patient004,patient004_case01,IBC,IBC_patient011_0084.jpg,2,,off_target_fp,69,0,0.0,0.0,0.0,0.0,0,False
UNET_MTL_MASK_GUIDED,10,patient004,patient004_case01,IBC,IBC_patient011_0084.jpg,3,,off_target_fp,86,0,0.0,0.0,0.0,0.0,0,False
UNET_MTL_MASK_GUIDED,10,patient004,patient004_case01,IBC,IBC_patient011_0084.jpg,4,,off_target_fp,33,0,0.0,0.0,0.0,0.0,0,False
UNET_MTL_MASK_GUIDED,10,patient004,patient004_case01,IBC,IBC_patient011_0084.jpg,5,,off_target_fp,77,0,0.0,0.0,0.0,0.0,0,False
UNET_MTL_MASK_GUIDED,10,patient004,patient004_case01,IBC,IBC_patient011_0084.jpg,6,,off_target_fp,116,0,0.0,0.0,0.0,0.0,0,False
UNET_MTL_MASK_GUIDED,10,patient004,patient004_case01,IBC,IBC_patient011_0085.jpg,1,,off_target_fp,433,0,0.0,0.0,0.0,0.0,0,False
UNET_MTL_MASK_GUIDED,10,patient004,patient004_case01,IBC,IBC_patient011_0085.jpg,2,,off_target_fp,122,0,0.0,0.0,0.0,0.0,0,False
UNET_MTL_MASK_GUIDED,10,patient004,patient004_case01,IBC,IBC_patient011_0085.jpg,3,,off_target_fp,11,0,0.0,0.0,0.0,0.0,0,False
UNET_MTL_MASK_GUIDED,10,patient004,patient004_case01,IBC,IBC_patient011_0085.jpg,4,,off_target_fp,148,0,0.0,0.0,0.0,0.0,0,False
UNET_MTL_MASK_GUIDED,10,patient004,patient004_case01,IBC,IBC_patient011_0085.jpg,5,,off_target_fp,73,0,0.0,0.0,0.0,0.0,0,False
UNET_MTL_MASK_GUIDED,10,patient004,patient004_case01,IBC,IBC_patient011_0086.jpg,1,,off_target_fp,454,0,0.0,0.0,0.0,0.0,0,False
UNET_MTL_MASK_GUIDED,10,patient004,patient004_case01,IBC,IBC_patient011_0086.jpg,2,,off_target_fp,43,0,0.0,0.0,0.0,0.0,0,False
UNET_MTL_MASK_GUIDED,10,patient004,patient004_case01,IBC,IBC_patient011_0086.jpg,3,,off_target_fp,139,0,0.0,0.0,0.0,0.0,0,False
UNET_MTL_MASK_GUIDED,10,patient004,patient004_case01,IBC,IBC_patient011_0086.jpg,4,,off_target_fp,47,0,0.0,0.0,0.0,0.0,0,False
UNET_MTL_MASK_GUIDED,10,patient004,patient004_case01,IBC,IBC_patient011_0087.jpg,1,,off_target_fp,141,0,0.0,0.0,0.0,0.0,0,False
UNET_MTL_MASK_GUIDED,10,patient004,patient004_case01,IBC,IBC_patient011_0087.jpg,2,,off_target_fp,129,0,0.0,0.0,0.0,0.0,0,False
UNET_MTL_MASK_GUIDED,10,patient004,patient004_case01,IBC,IBC_patient011_0087.jpg,3,,off_target_fp,18,0,0.0,0.0,0.0,0.0,0,False
UNET_MTL_MASK_GUIDED,10,patient004,patient004_case01,IBC,IBC_patient011_0087.jpg,4,,off_target_fp,48,0,0.0,0.0,0.0,0.0,0,False
UNET_MTL_MASK_GUIDED,10,patient004,patient004_case01,IBC,IBC_patient011_0087.jpg,5,,off_target_fp,309,0,0.0,0.0,0.0,0.0,0,False
UNET_MTL_MASK_GUIDED,10,patient004,patient004_case01,IBC,IBC_patient011_0088.jpg,1,,off_target_fp,148,0,0.0,0.0,0.0,0.0,0,False
UNET_MTL_MASK_GUIDED,10,patient004,patient004_case01,IBC,IBC_patient011_0088.jpg,2,,off_target_fp,652,0,0.0,0.0,0.0,0.0,0,False
UNET_MTL_MASK_GUIDED,10,patient004,patient004_case01,IBC,IBC_patient011_0089.jpg,1,,off_target_fp,413,0,0.0,0.0,0.0,0.0,0,False
UNET_MTL_MASK_GUIDED,10,patient004,patient004_case01,IBC,IBC_patient011_0089.jpg,2,,off_target_fp,127,0,0.0,0.0,0.0,0.0,0,False
UNET_MTL_MASK_GUIDED,10,patient004,patient004_case01,IBC,IBC_patient011_0089.jpg,3,,off_target_fp,660,0,0.0,0.0,0.0,0.0,0,False
UNET_MTL_MASK_GUIDED,10,patient004,patient004_case01,IBC,IBC_patient011_0090.jpg,1,,off_target_fp,525,0,0.0,0.0,0.0,0.0,0,False
UNET_MTL_MASK_GUIDED,10,patient004,patient004_case01,IBC,IBC_patient011_0090.jpg,2,,off_target_fp,164,0,0.0,0.0,0.0,0.0,0,False
UNET_MTL_MASK_GUIDED,10,patient004,patient004_case01,IBC,IBC_patient011_0090.jpg,3,,off_target_fp,593,0,0.0,0.0,0.0,0.0,0,False
UNET_MTL_MASK_GUIDED,10,patient004,patient004_case01,IBC,IBC_patient011_0091.jpg,1,,off_target_fp,395,0,0.0,0.0,0.0,0.0,0,False
UNET_MTL_MASK_GUIDED,10,patient004,patient004_case01,IBC,IBC_patient011_0091.jpg,2,,off_target_fp,20,0,0.0,0.0,0.0,0.0,0,False
UNET_MTL_MASK_GUIDED,10,patient004,patient004_case01,IBC,IBC_patient011_0091.jpg,3,,off_target_fp,51,0,0.0,0.0,0.0,0.0,0,False
UNET_MTL_MASK_GUIDED,10,patient004,patient004_case01,IBC,IBC_patient011_0091.jpg,4,,off_target_fp,325,0,0.0,0.0,0.0,0.0,0,False
UNET_MTL_MASK_GUIDED,10,patient004,patient004_case01,IBC,IBC_patient011_0092.jpg,1,,off_target_fp,90,0,0.0,0.0,0.0,0.0,0,False
UNET_MTL_MASK_GUIDED,10,patient004,patient004_case01,IBC,IBC_patient011_0092.jpg,2,,off_target_fp,168,0,0.0,0.0,0.0,0.0,0,False
UNET_MTL_MASK_GUIDED,10,patient004,patient004_case01,IBC,IBC_patient011_0093.jpg,1,,off_target_fp,199,0,0.0,0.0,0.0,0.0,0,False
UNET_MTL_MASK_GUIDED,10,patient004,patient004_case01,IBC,IBC_patient011_0094.jpg,1,,off_target_fp,248,0,0.0,0.0,0.0,0.0,0,False
UNET_MTL_MASK_GUIDED,10,patient004,patient004_case01,IBC,IBC_patient011_0094.jpg,2,,off_target_fp,42,0,0.0,0.0,0.0,0.0,0,False
UNET_MTL_MASK_GUIDED,10,patient004,patient004_case01,IBC,IBC_patient011_0095.jpg,1,,off_target_fp,200,0,0.0,0.0,0.0,0.0,0,False
UNET_MTL_MASK_GUIDED,10,patient005,patient005_case01,IGM,IGM_patient011_0059.jpg,1,,off_target_fp,58,0,0.0,0.0,0.0,0.0,0,False
UNET_MTL_MASK_GUIDED,10,patient005,patient005_case01,IGM,IGM_patient011_0059.jpg,2,,off_target_fp,58,0,0.0,0.0,0.0,0.0,0,False
UNET_MTL_MASK_GUIDED,10,patient005,patient005_case01,IGM,IGM_patient011_0060.jpg,1,,off_target_fp,34,0,0.0,0.0,0.0,0.0,0,False
UNET_MTL_MASK_GUIDED,10,patient005,patient005_case01,IGM,IGM_patient011_0060.jpg,2,,off_target_fp,139,0,0.0,0.0,0.0,0.0,0,False
UNET_MTL_MASK_GUIDED,10,patient005,patient005_case01,IGM,IGM_patient011_0060.jpg,3,,off_target_fp,142,0,0.0,0.0,0.0,0.0,0,False
UNET_MTL_MASK_GUIDED,10,patient005,patient005_case01,IGM,IGM_patient011_0060.jpg,4,1.0,strong_75_plus,98,82,0.8541666666666666,0.8367346938775511,0.8367346938775511,0.7321428571428571,1,False
UNET_MTL_MASK_GUIDED,10,patient005,patient005_case01,IGM,IGM_patient011_0061.jpg,1,,off_target_fp,25,0,0.0,0.0,0.0,0.0,0,False
UNET_MTL_MASK_GUIDED,10,patient005,patient005_case01,IGM,IGM_patient011_0061.jpg,2,1.0,moderate_50_to_75,98,84,0.65625,0.8571428571428571,0.65625,0.5915492957746479,1,False
UNET_MTL_MASK_GUIDED,10,patient005,patient005_case01,IGM,IGM_patient011_0062.jpg,1,1.0,low_25_to_50,54,46,0.42592592592592593,0.8518518518518519,0.42592592592592593,0.39655172413793105,1,False
UNET_MTL_MASK_GUIDED,10,patient005,patient005_case01,IGM,IGM_patient011_0063.jpg,1,,off_target_fp,66,0,0.0,0.0,0.0,0.0,0,False
UNET_MTL_MASK_GUIDED,10,patient005,patient005_case01,IGM,IGM_patient011_0063.jpg,2,1.0,partial_below_25,13,12,0.13636363636363635,0.9230769230769231,0.13636363636363635,0.1348314606741573,1,False
UNET_MTL_MASK_GUIDED,10,patient005,patient005_case01,IGM,IGM_patient011_0065.jpg,1,1.0,moderate_50_to_75,47,41,0.5694444444444444,0.8723404255319149,0.5694444444444444,0.5256410256410257,1,False
UNET_MTL_MASK_GUIDED,10,patient005,patient005_case01,IGM,IGM_patient011_0066.jpg,1,,off_target_fp,90,0,0.0,0.0,0.0,0.0,0,False
UNET_MTL_MASK_GUIDED,10,patient015,patient015_case01,IGM,IGM_patient016_0051.jpg,1,1.0,strong_75_plus,98,83,0.8645833333333334,0.8469387755102041,0.8469387755102041,0.7477477477477478,1,False
UNET_MTL_MASK_GUIDED,10,patient015,patient015_case01,IGM,IGM_patient016_0052.jpg,1,,off_target_fp,106,0,0.0,0.0,0.0,0.0,0,False
UNET_MTL_MASK_GUIDED,10,patient015,patient015_case01,IGM,IGM_patient016_0052.jpg,2,1.0,moderate_50_to_75,197,124,0.9393939393939394,0.6294416243654822,0.6294416243654822,0.6048780487804878,1,False
UNET_MTL_MASK_GUIDED,10,patient015,patient015_case01,IGM,IGM_patient016_0053.jpg,1,1.0,strong_75_plus,215,172,0.7818181818181819,0.8,0.7818181818181819,0.6539923954372624,1,False
UNET_MTL_MASK_GUIDED,10,patient015,patient015_case01,IGM,IGM_patient016_0054.jpg,1,1.0,moderate_50_to_75,314,213,0.9342105263157895,0.678343949044586,0.678343949044586,0.6474164133738601,1,False
UNET_MTL_MASK_GUIDED,10,patient015,patient015_case01,IGM,IGM_patient016_0055.jpg,1,,off_target_fp,36,0,0.0,0.0,0.0,0.0,0,False
UNET_MTL_MASK_GUIDED,10,patient015,patient015_case01,IGM,IGM_patient016_0055.jpg,2,1.0,moderate_50_to_75,244,166,0.9651162790697675,0.680327868852459,0.680327868852459,0.664,1,False
UNET_MTL_MASK_GUIDED,10,patient015,patient015_case01,IGM,IGM_patient016_0056.jpg,1,1.0,strong_75_plus,182,146,0.9358974358974359,0.8021978021978022,0.8021978021978022,0.7604166666666666,1,False
UNET_MTL_MASK_GUIDED,10,patient015,patient015_case01,IGM,IGM_patient016_0057.jpg,1,1.0,strong_75_plus,76,76,0.7916666666666666,1.0,0.7916666666666666,0.7916666666666666,1,False
UNET_MTL_MASK_GUIDED,10,patient015,patient015_case01,IGM,IGM_patient016_0057.jpg,2,,off_target_fp,45,0,0.0,0.0,0.0,0.0,0,False
UNET_MTL_MASK_GUIDED,10,patient017,patient017_case01,IGM,IGM_patient017_0054.jpg,1,,off_target_fp,56,0,0.0,0.0,0.0,0.0,0,False
UNET_MTL_MASK_GUIDED,10,patient017,patient017_case01,IGM,IGM_patient017_0056.jpg,1,1.0,moderate_50_to_75,137,92,0.7931034482758621,0.6715328467153284,0.6715328467153284,0.5714285714285714,1,False
UNET_MTL_MASK_GUIDED,10,patient017,patient017_case01,IGM,IGM_patient017_0057.jpg,1,,off_target_fp,21,0,0.0,0.0,0.0,0.0,0,False
UNET_MTL_MASK_GUIDED,10,patient017,patient017_case01,IGM,IGM_patient017_0057.jpg,2,,off_target_fp,34,0,0.0,0.0,0.0,0.0,0,False
UNET_MTL_MASK_GUIDED,10,patient017,patient017_case01,IGM,IGM_patient017_0057.jpg,3,1.0,moderate_50_to_75,130,96,0.7272727272727273,0.7384615384615385,0.7272727272727273,0.5783132530120482,1,False
UNET_MTL_MASK_GUIDED,10,patient017,patient017_case01,IGM,IGM_patient017_0058.jpg,1,,off_target_fp,66,0,0.0,0.0,0.0,0.0,0,False
UNET_MTL_MASK_GUIDED,10,patient017,patient017_case01,IGM,IGM_patient017_0058.jpg,2,,off_target_fp,21,0,0.0,0.0,0.0,0.0,0,False
UNET_MTL_MASK_GUIDED,10,patient017,patient017_case01,IGM,IGM_patient017_0058.jpg,3,1.0,low_25_to_50,124,74,0.4868421052631579,0.5967741935483871,0.4868421052631579,0.36633663366336633,1,False
UNET_MTL_MASK_GUIDED,10,patient017,patient017_case01,IGM,IGM_patient017_0058.jpg,4,,off_target_fp,13,0,0.0,0.0,0.0,0.0,0,False
UNET_MTL_MASK_GUIDED,10,patient017,patient017_case01,IGM,IGM_patient017_0059.jpg,1,,off_target_fp,38,0,0.0,0.0,0.0,0.0,0,False
UNET_MTL_MASK_GUIDED,10,patient017,patient017_case01,IGM,IGM_patient017_0059.jpg,2,,off_target_fp,189,0,0.0,0.0,0.0,0.0,0,False
UNET_MTL_MASK_GUIDED,10,patient017,patient017_case01,IGM,IGM_patient017_0059.jpg,3,1.0,low_25_to_50,87,56,0.4,0.6436781609195402,0.4,0.32748538011695905,1,False
UNET_MTL_MASK_GUIDED,10,patient017,patient017_case01,IGM,IGM_patient017_0059.jpg,4,,off_target_fp,59,0,0.0,0.0,0.0,0.0,0,False
UNET_MTL_MASK_GUIDED,10,patient017,patient017_case01,IGM,IGM_patient017_0060.jpg,1,,off_target_fp,18,0,0.0,0.0,0.0,0.0,0,False
UNET_MTL_MASK_GUIDED,10,patient017,patient017_case01,IGM,IGM_patient017_0060.jpg,2,,off_target_fp,76,0,0.0,0.0,0.0,0.0,0,False
UNET_MTL_MASK_GUIDED,10,patient017,patient017_case01,IGM,IGM_patient017_0060.jpg,3,1.0,low_25_to_50,107,90,0.2777777777777778,0.8411214953271028,0.2777777777777778,0.26392961876832843,1,False
UNET_MTL_MASK_GUIDED,10,patient017,patient017_case01,IGM,IGM_patient017_0061.jpg,1,1.0,moderate_50_to_75,115,90,0.5921052631578947,0.782608695652174,0.5921052631578947,0.5084745762711864,1,False
UNET_MTL_MASK_GUIDED,10,patient017,patient017_case01,IGM,IGM_patient017_0062.jpg,1,1.0,low_25_to_50,113,110,0.3525641025641026,0.9734513274336283,0.3525641025641026,0.3492063492063492,1,False
UNET_MTL_MASK_GUIDED,10,patient017,patient017_case01,IGM,IGM_patient017_0063.jpg,1,1.0,partial_below_25,55,53,0.1948529411764706,0.9636363636363636,0.1948529411764706,0.19343065693430658,1,False
UNET_MTL_MASK_GUIDED,10,patient017,patient017_case01,IGM,IGM_patient017_0065.jpg,1,,off_target_fp,99,0,0.0,0.0,0.0,0.0,0,False
UNET_MTL_MASK_GUIDED,10,patient017,patient017_case01,IGM,IGM_patient017_0065.jpg,2,,off_target_fp,240,0,0.0,0.0,0.0,0.0,0,False
UNET_MTL_MASK_GUIDED,10,patient017,patient017_case01,IGM,IGM_patient017_0065.jpg,3,1.0,low_25_to_50,51,46,0.25555555555555554,0.9019607843137255,0.25555555555555554,0.24864864864864866,1,False
UNET_MTL_MASK_GUIDED,10,patient017,patient017_case01,IGM,IGM_patient017_0066.jpg,1,,off_target_fp,98,0,0.0,0.0,0.0,0.0,0,False
UNET_MTL_MASK_GUIDED,10,patient017,patient017_case01,IGM,IGM_patient017_0066.jpg,2,,off_target_fp,326,0,0.0,0.0,0.0,0.0,0,False
UNET_MTL_MASK_GUIDED,10,patient017,patient017_case01,IGM,IGM_patient017_0066.jpg,3,1.0,low_25_to_50,66,49,0.3828125,0.7424242424242424,0.3828125,0.33793103448275863,1,False
UNET_MTL_MASK_GUIDED,10,patient017,patient017_case01,IGM,IGM_patient017_0067.jpg,1,,off_target_fp,130,0,0.0,0.0,0.0,0.0,0,False
UNET_MTL_MASK_GUIDED,10,patient017,patient017_case01,IGM,IGM_patient017_0067.jpg,2,,off_target_fp,313,0,0.0,0.0,0.0,0.0,0,False
UNET_MTL_MASK_GUIDED,10,patient017,patient017_case01,IGM,IGM_patient017_0067.jpg,3,,off_target_fp,403,0,0.0,0.0,0.0,0.0,0,False
UNET_MTL_MASK_GUIDED,10,patient017,patient017_case01,IGM,IGM_patient017_0067.jpg,4,1.0,low_25_to_50,70,60,0.42857142857142855,0.8571428571428571,0.42857142857142855,0.4,1,False
UNET_MTL_MASK_GUIDED,10,patient018,patient018_case01,IBC,IBC_patient018_0057.jpg,1,1.0,moderate_50_to_75,220,207,0.6234939759036144,0.9409090909090909,0.6234939759036144,0.6,1,False
UNET_MTL_MASK_GUIDED,10,patient018,patient018_case01,IBC,IBC_patient018_0058.jpg,1,1.0,strong_75_plus,386,369,0.8386363636363636,0.9559585492227979,0.8386363636363636,0.8074398249452954,1,False
UNET_MTL_MASK_GUIDED,10,patient018,patient018_case01,IBC,IBC_patient018_0059.jpg,1,1.0,strong_75_plus,420,394,0.8640350877192983,0.9380952380952381,0.8640350877192983,0.8174273858921162,1,False
UNET_MTL_MASK_GUIDED,10,patient018,patient018_case01,IBC,IBC_patient018_0060.jpg,1,1.0,strong_75_plus,423,370,0.9736842105263158,0.8747044917257684,0.8747044917257684,0.8545034642032333,1,False
UNET_MTL_MASK_GUIDED,10,patient018,patient018_case01,IBC,IBC_patient018_0061.jpg,1,,off_target_fp,132,0,0.0,0.0,0.0,0.0,0,False
UNET_MTL_MASK_GUIDED,10,patient018,patient018_case01,IBC,IBC_patient018_0061.jpg,2,1.0,strong_75_plus,420,375,0.9765625,0.8928571428571429,0.8928571428571429,0.8741258741258742,1,False
UNET_MTL_MASK_GUIDED,10,patient018,patient018_case01,IBC,IBC_patient018_0062.jpg,1,,off_target_fp,126,0,0.0,0.0,0.0,0.0,0,False
UNET_MTL_MASK_GUIDED,10,patient018,patient018_case01,IBC,IBC_patient018_0062.jpg,2,1.0,strong_75_plus,385,317,0.8805555555555555,0.8233766233766234,0.8233766233766234,0.7406542056074766,1,False
UNET_MTL_MASK_GUIDED,10,patient018,patient018_case01,IBC,IBC_patient018_0063.jpg,1,,off_target_fp,13,0,0.0,0.0,0.0,0.0,0,False
UNET_MTL_MASK_GUIDED,10,patient018,patient018_case01,IBC,IBC_patient018_0063.jpg,2,1.0,moderate_50_to_75,447,235,0.8901515151515151,0.5257270693512305,0.5257270693512305,0.49369747899159666,1,False
UNET_MTL_MASK_GUIDED,10,patient018,patient018_case01,IBC,IBC_patient018_0064.jpg,1,1.0,low_25_to_50,298,125,0.8445945945945946,0.41946308724832215,0.41946308724832215,0.3894080996884735,1,False
UNET_MTL_MASK_GUIDED,10,patient018,patient018_case01,IBC,IBC_patient018_0064.jpg,2,,off_target_fp,80,0,0.0,0.0,0.0,0.0,0,False
UNET_MTL_MASK_GUIDED,10,patient018,patient018_case01,IBC,IBC_patient018_0064.jpg,3,,off_target_fp,26,0,0.0,0.0,0.0,0.0,0,False
UNET_MTL_MASK_GUIDED,10,patient103,patient103_case01,IGM,IGM_patient019_0053.jpg,1,,off_target_fp,10,0,0.0,0.0,0.0,0.0,0,False
UNET_MTL_MASK_GUIDED,10,patient103,patient103_case01,IGM,IGM_patient019_0053.jpg,2,,off_target_fp,17,0,0.0,0.0,0.0,0.0,0,False
UNET_MTL_MASK_GUIDED,10,patient103,patient103_case01,IGM,IGM_patient019_0053.jpg,3,,off_target_fp,354,0,0.0,0.0,0.0,0.0,0,False
UNET_MTL_MASK_GUIDED,10,patient103,patient103_case01,IGM,IGM_patient019_0053.jpg,4,,off_target_fp,80,0,0.0,0.0,0.0,0.0,0,False
UNET_MTL_MASK_GUIDED,10,patient103,patient103_case01,IGM,IGM_patient019_0053.jpg,5,,off_target_fp,54,0,0.0,0.0,0.0,0.0,0,False
UNET_MTL_MASK_GUIDED,10,patient103,patient103_case01,IGM,IGM_patient019_0053.jpg,6,1.0,moderate_50_to_75,89,89,0.6357142857142857,1.0,0.6357142857142857,0.6357142857142857,1,False
UNET_MTL_MASK_GUIDED,10,patient103,patient103_case01,IGM,IGM_patient019_0053.jpg,7,,off_target_fp,72,0,0.0,0.0,0.0,0.0,0,False
UNET_MTL_MASK_GUIDED,10,patient103,patient103_case01,IGM,IGM_patient019_0054.jpg,1,,off_target_fp,321,0,0.0,0.0,0.0,0.0,0,False
UNET_MTL_MASK_GUIDED,10,patient103,patient103_case01,IGM,IGM_patient019_0054.jpg,2,1.0,strong_75_plus,204,153,0.9329268292682927,0.75,0.75,0.7116279069767442,1,False
UNET_MTL_MASK_GUIDED,10,patient103,patient103_case01,IGM,IGM_patient019_0055.jpg,1,,off_target_fp,27,0,0.0,0.0,0.0,0.0,0,False
UNET_MTL_MASK_GUIDED,10,patient103,patient103_case01,IGM,IGM_patient019_0055.jpg,2,,off_target_fp,253,0,0.0,0.0,0.0,0.0,0,False
UNET_MTL_MASK_GUIDED,10,patient103,patient103_case01,IGM,IGM_patient019_0055.jpg,3,1.0,strong_75_plus,271,238,0.9444444444444444,0.8782287822878229,0.8782287822878229,0.8350877192982457,1,False
UNET_MTL_MASK_GUIDED,10,patient103,patient103_case01,IGM,IGM_patient019_0056.jpg,1,,off_target_fp,26,0,0.0,0.0,0.0,0.0,0,False
UNET_MTL_MASK_GUIDED,10,patient103,patient103_case01,IGM,IGM_patient019_0056.jpg,2,,off_target_fp,95,0,0.0,0.0,0.0,0.0,0,False
UNET_MTL_MASK_GUIDED,10,patient103,patient103_case01,IGM,IGM_patient019_0056.jpg,3,1.0,strong_75_plus,242,193,0.9846938775510204,0.7975206611570248,0.7975206611570248,0.7877551020408163,1,False
UNET_MTL_MASK_GUIDED,10,patient103,patient103_case01,IGM,IGM_patient019_0057.jpg,1,,off_target_fp,108,0,0.0,0.0,0.0,0.0,0,False
UNET_MTL_MASK_GUIDED,10,patient103,patient103_case01,IGM,IGM_patient019_0057.jpg,2,,off_target_fp,87,0,0.0,0.0,0.0,0.0,0,False
UNET_MTL_MASK_GUIDED,10,patient103,patient103_case01,IGM,IGM_patient019_0057.jpg,3,,off_target_fp,14,0,0.0,0.0,0.0,0.0,0,False
UNET_MTL_MASK_GUIDED,10,patient103,patient103_case01,IGM,IGM_patient019_0057.jpg,4,1.0,strong_75_plus,170,156,0.8478260869565217,0.9176470588235294,0.8478260869565217,0.7878787878787878,1,False
UNET_MTL_MASK_GUIDED,10,patient039,patient039_case01,IBC,IBC_patient002_0117.jpg,1,1.0,strong_75_plus,642,497,0.8568965517241379,0.7741433021806854,0.7741433021806854,0.6855172413793104,1,False
UNET_MTL_MASK_GUIDED,10,patient039,patient039_case01,IBC,IBC_patient002_0118.jpg,1,1.0,moderate_50_to_75,887,570,0.9895833333333334,0.6426155580608793,0.6426155580608793,0.6382978723404256,1,False
UNET_MTL_MASK_GUIDED,10,patient039,patient039_case01,IBC,IBC_patient002_0119.jpg,1,1.0,moderate_50_to_75,985,683,0.9757142857142858,0.6934010152284263,0.6934010152284263,0.6816367265469062,1,False
UNET_MTL_MASK_GUIDED,10,patient039,patient039_case01,IBC,IBC_patient002_0120.jpg,1,1.0,moderate_50_to_75,1097,776,0.9651741293532339,0.707383773928897,0.707383773928897,0.6897777777777778,1,False
UNET_MTL_MASK_GUIDED,10,patient039,patient039_case01,IBC,IBC_patient002_0121.jpg,1,1.0,strong_75_plus,1208,954,0.9774590163934426,0.7897350993377483,0.7897350993377483,0.775609756097561,1,False
UNET_MTL_MASK_GUIDED,10,patient039,patient039_case01,IBC,IBC_patient002_0122.jpg,1,1.0,strong_75_plus,1289,1071,0.9807692307692307,0.8308766485647789,0.8308766485647789,0.8175572519083969,1,False
UNET_MTL_MASK_GUIDED,10,patient039,patient039_case01,IBC,IBC_patient002_0123.jpg,1,1.0,strong_75_plus,1366,1183,0.9728618421052632,0.8660322108345534,0.8660322108345534,0.8456040028591851,1,False
UNET_MTL_MASK_GUIDED,10,patient039,patient039_case01,IBC,IBC_patient002_0124.jpg,1,1.0,strong_75_plus,1407,1241,0.9665109034267912,0.8820184790334044,0.8820184790334044,0.8558620689655172,1,False
UNET_MTL_MASK_GUIDED,10,patient039,patient039_case01,IBC,IBC_patient002_0125.jpg,1,1.0,strong_75_plus,1421,1256,0.9631901840490797,0.8838845883180858,0.8838845883180858,0.85500340367597,1,False
UNET_MTL_MASK_GUIDED,10,patient039,patient039_case01,IBC,IBC_patient002_0126.jpg,1,1.0,strong_75_plus,1406,1244,0.9367469879518072,0.8847795163584637,0.8847795163584637,0.8348993288590604,1,False
UNET_MTL_MASK_GUIDED,10,patient039,patient039_case01,IBC,IBC_patient002_0127.jpg,1,1.0,strong_75_plus,1427,1286,0.915954415954416,0.9011913104414856,0.9011913104414856,0.8323624595469256,1,False
UNET_MTL_MASK_GUIDED,10,patient039,patient039_case01,IBC,IBC_patient002_0128.jpg,1,1.0,strong_75_plus,1403,1270,0.9283625730994152,0.9052031361368497,0.9052031361368497,0.8461025982678214,1,False
UNET_MTL_MASK_GUIDED,10,patient039,patient039_case01,IBC,IBC_patient002_0129.jpg,1,1.0,strong_75_plus,1426,1262,0.9306784660766961,0.884992987377279,0.884992987377279,0.8302631578947368,1,False
UNET_MTL_MASK_GUIDED,10,patient039,patient039_case01,IBC,IBC_patient002_0130.jpg,1,1.0,strong_75_plus,1463,1293,0.9795454545454545,0.8838004101161996,0.8838004101161996,0.8677852348993289,1,False
UNET_MTL_MASK_GUIDED,10,patient039,patient039_case01,IBC,IBC_patient002_0131.jpg,1,1.0,strong_75_plus,1470,1240,0.9967845659163987,0.8435374149659864,0.8435374149659864,0.841248303934871,1,False
UNET_MTL_MASK_GUIDED,10,patient039,patient039_case01,IBC,IBC_patient002_0132.jpg,1,1.0,strong_75_plus,1428,1206,0.9820846905537459,0.8445378151260504,0.8445378151260504,0.8317241379310345,1,False
UNET_MTL_MASK_GUIDED,10,patient039,patient039_case01,IBC,IBC_patient002_0133.jpg,1,1.0,strong_75_plus,1358,1221,0.9752396166134185,0.8991163475699558,0.8991163475699558,0.8790496760259179,1,False
UNET_MTL_MASK_GUIDED,10,patient039,patient039_case01,IBC,IBC_patient002_0134.jpg,1,1.0,strong_75_plus,1279,1199,0.9546178343949044,0.9374511336982018,0.9374511336982018,0.8974550898203593,1,False
UNET_MTL_MASK_GUIDED,10,patient039,patient039_case01,IBC,IBC_patient002_0135.jpg,1,1.0,strong_75_plus,1194,1109,0.9241666666666667,0.9288107202680067,0.9241666666666667,0.863035019455253,1,False
UNET_MTL_MASK_GUIDED,10,patient039,patient039_case01,IBC,IBC_patient002_0136.jpg,1,1.0,strong_75_plus,1113,909,0.9548319327731093,0.816711590296496,0.816711590296496,0.7863321799307958,1,False
UNET_MTL_MASK_GUIDED,10,patient039,patient039_case01,IBC,IBC_patient002_0137.jpg,1,1.0,strong_75_plus,1026,877,0.9658590308370044,0.854775828460039,0.854775828460039,0.8297067171239356,1,False
UNET_MTL_MASK_GUIDED,10,patient039,patient039_case01,IBC,IBC_patient002_0138.jpg,1,1.0,strong_75_plus,922,804,0.9305555555555556,0.8720173535791758,0.8720173535791758,0.8187372708757638,1,False
UNET_MTL_MASK_GUIDED,10,patient039,patient039_case01,IBC,IBC_patient002_0139.jpg,1,1.0,strong_75_plus,779,762,0.8819444444444444,0.9781771501925546,0.8819444444444444,0.8649262202043133,1,False
UNET_MTL_MASK_GUIDED,10,patient039,patient039_case01,IBC,IBC_patient002_0140.jpg,1,1.0,strong_75_plus,590,553,0.7855113636363636,0.9372881355932203,0.7855113636363636,0.7462887989203779,1,False
UNET_MTL_MASK_GUIDED,10,patient039,patient039_case01,IBC,IBC_patient002_0141.jpg,1,1.0,moderate_50_to_75,370,348,0.6444444444444445,0.9405405405405406,0.6444444444444445,0.6192170818505338,1,False
UNET_MTL_MASK_GUIDED,10,patient039,patient039_case01,IBC,IBC_patient002_0142.jpg,1,1.0,low_25_to_50,198,109,0.44672131147540983,0.5505050505050505,0.44672131147540983,0.32732732732732733,1,False
UNET_MTL_MASK_GUIDED,10,patient039,patient039_case01,IBC,IBC_patient002_0143.jpg,1,1.0,low_25_to_50,27,27,0.32142857142857145,1.0,0.32142857142857145,0.32142857142857145,1,False
UNET_MTL_MASK_GUIDED,10,patient103,patient103_case02,IGM,IGM_patient020_0051.jpg,1,,off_target_fp,47,0,0.0,0.0,0.0,0.0,0,False
UNET_MTL_MASK_GUIDED,10,patient103,patient103_case02,IGM,IGM_patient020_0051.jpg,2,1.0,low_25_to_50,81,79,0.49375,0.9753086419753086,0.49375,0.4876543209876543,1,False
UNET_MTL_MASK_GUIDED,10,patient103,patient103_case02,IGM,IGM_patient020_0051.jpg,3,,off_target_fp,131,0,0.0,0.0,0.0,0.0,0,False
UNET_MTL_MASK_GUIDED,10,patient103,patient103_case02,IGM,IGM_patient020_0052.jpg,1,,off_target_fp,82,0,0.0,0.0,0.0,0.0,0,False
UNET_MTL_MASK_GUIDED,10,patient103,patient103_case02,IGM,IGM_patient020_0052.jpg,2,1.0,strong_75_plus,282,249,0.9431818181818182,0.8829787234042553,0.8829787234042553,0.8383838383838383,1,False
UNET_MTL_MASK_GUIDED,10,patient103,patient103_case02,IGM,IGM_patient020_0052.jpg,3,,off_target_fp,67,0,0.0,0.0,0.0,0.0,0,False
UNET_MTL_MASK_GUIDED,10,patient103,patient103_case02,IGM,IGM_patient020_0052.jpg,4,,off_target_fp,102,0,0.0,0.0,0.0,0.0,0,False
UNET_MTL_MASK_GUIDED,10,patient103,patient103_case02,IGM,IGM_patient020_0053.jpg,1,,off_target_fp,10,0,0.0,0.0,0.0,0.0,0,False
UNET_MTL_MASK_GUIDED,10,patient103,patient103_case02,IGM,IGM_patient020_0053.jpg,2,,off_target_fp,17,0,0.0,0.0,0.0,0.0,0,False
UNET_MTL_MASK_GUIDED,10,patient103,patient103_case02,IGM,IGM_patient020_0053.jpg,3,1.0,strong_75_plus,354,301,0.9772727272727273,0.8502824858757062,0.8502824858757062,0.8337950138504155,1,False
UNET_MTL_MASK_GUIDED,10,patient103,patient103_case02,IGM,IGM_patient020_0053.jpg,4,,off_target_fp,80,0,0.0,0.0,0.0,0.0,0,False
UNET_MTL_MASK_GUIDED,10,patient103,patient103_case02,IGM,IGM_patient020_0053.jpg,5,,off_target_fp,54,0,0.0,0.0,0.0,0.0,0,False
UNET_MTL_MASK_GUIDED,10,patient103,patient103_case02,IGM,IGM_patient020_0053.jpg,6,,off_target_fp,89,0,0.0,0.0,0.0,0.0,0,False
UNET_MTL_MASK_GUIDED,10,patient103,patient103_case02,IGM,IGM_patient020_0053.jpg,7,,off_target_fp,72,0,0.0,0.0,0.0,0.0,0,False
UNET_MTL_MASK_GUIDED,10,patient103,patient103_case02,IGM,IGM_patient020_0054.jpg,1,1.0,strong_75_plus,321,266,0.9779411764705882,0.8286604361370716,0.8286604361370716,0.8134556574923547,1,False
UNET_MTL_MASK_GUIDED,10,patient103,patient103_case02,IGM,IGM_patient020_0054.jpg,2,,off_target_fp,204,0,0.0,0.0,0.0,0.0,0,False
UNET_MTL_MASK_GUIDED,10,patient103,patient103_case02,IGM,IGM_patient020_0055.jpg,1,,off_target_fp,27,0,0.0,0.0,0.0,0.0,0,False
UNET_MTL_MASK_GUIDED,10,patient103,patient103_case02,IGM,IGM_patient020_0055.jpg,2,1.0,strong_75_plus,253,214,0.9553571428571429,0.8458498023715415,0.8458498023715415,0.8136882129277566,1,False
UNET_MTL_MASK_GUIDED,10,patient103,patient103_case02,IGM,IGM_patient020_0055.jpg,3,,off_target_fp,271,0,0.0,0.0,0.0,0.0,0,False
UNET_MTL_MASK_GUIDED,10,patient103,patient103_case02,IGM,IGM_patient020_0056.jpg,1,,off_target_fp,26,0,0.0,0.0,0.0,0.0,0,False
UNET_MTL_MASK_GUIDED,10,patient103,patient103_case02,IGM,IGM_patient020_0056.jpg,2,1.0,strong_75_plus,95,86,0.7962962962962963,0.9052631578947369,0.7962962962962963,0.7350427350427351,1,False
UNET_MTL_MASK_GUIDED,10,patient103,patient103_case02,IGM,IGM_patient020_0056.jpg,3,,off_target_fp,242,0,0.0,0.0,0.0,0.0,0,False
UNET_MTL_MASK_GUIDED,10,patient026,patient026_case01,IGM,IGM_patient022_0054.jpg,1,1.0,partial_below_25,22,22,0.2037037037037037,1.0,0.2037037037037037,0.2037037037037037,1,False
UNET_MTL_MASK_GUIDED,10,patient026,patient026_case01,IGM,IGM_patient022_0055.jpg,1,1.0,strong_75_plus,181,164,0.8913043478260869,0.9060773480662984,0.8913043478260869,0.8159203980099502,1,False
UNET_MTL_MASK_GUIDED,10,patient026,patient026_case01,IGM,IGM_patient022_0055.jpg,2,,off_target_fp,47,0,0.0,0.0,0.0,0.0,0,False
UNET_MTL_MASK_GUIDED,10,patient026,patient026_case01,IGM,IGM_patient022_0056.jpg,1,1.0,strong_75_plus,213,187,0.935,0.8779342723004695,0.8779342723004695,0.827433628318584,1,False
UNET_MTL_MASK_GUIDED,10,patient026,patient026_case01,IGM,IGM_patient022_0056.jpg,2,,off_target_fp,124,0,0.0,0.0,0.0,0.0,0,False
UNET_MTL_MASK_GUIDED,10,patient026,patient026_case01,IGM,IGM_patient022_0057.jpg,1,1.0,strong_75_plus,182,163,0.9055555555555556,0.8956043956043956,0.8956043956043956,0.8190954773869347,1,False
UNET_MTL_MASK_GUIDED,10,patient026,patient026_case01,IGM,IGM_patient022_0057.jpg,2,,off_target_fp,98,0,0.0,0.0,0.0,0.0,0,False
UNET_MTL_MASK_GUIDED,10,patient026,patient026_case01,IGM,IGM_patient022_0057.jpg,3,,off_target_fp,24,0,0.0,0.0,0.0,0.0,0,False
UNET_MTL_MASK_GUIDED,10,patient026,patient026_case01,IGM,IGM_patient022_0058.jpg,1,1.0,moderate_50_to_75,80,73,0.7019230769230769,0.9125,0.7019230769230769,0.6576576576576577,1,False
UNET_MTL_MASK_GUIDED,10,patient026,patient026_case01,IGM,IGM_patient022_0058.jpg,2,,off_target_fp,11,0,0.0,0.0,0.0,0.0,0,False
UNET_MTL_MASK_GUIDED,10,patient026,patient026_case01,IGM,IGM_patient022_0058.jpg,3,,off_target_fp,65,0,0.0,0.0,0.0,0.0,0,False
UNET_MTL_MASK_GUIDED,10,patient026,patient026_case01,IGM,IGM_patient022_0059.jpg,1,,off_target_fp,18,0,0.0,0.0,0.0,0.0,0,False
UNET_MTL_MASK_GUIDED,10,patient026,patient026_case01,IGM,IGM_patient022_0059.jpg,2,,off_target_fp,61,0,0.0,0.0,0.0,0.0,0,False
UNET_MTL_MASK_GUIDED,10,patient030,patient030_case01,IBC,IBC_patient025_0056.jpg,1,1.0,strong_75_plus,262,245,0.8166666666666667,0.9351145038167938,0.8166666666666667,0.7728706624605678,1,False
UNET_MTL_MASK_GUIDED,10,patient030,patient030_case01,IBC,IBC_patient025_0056.jpg,2,,off_target_fp,53,0,0.0,0.0,0.0,0.0,0,False
UNET_MTL_MASK_GUIDED,10,patient030,patient030_case01,IBC,IBC_patient025_0056.jpg,3,,off_target_fp,22,0,0.0,0.0,0.0,0.0,0,False
UNET_MTL_MASK_GUIDED,10,patient030,patient030_case01,IBC,IBC_patient025_0057.jpg,1,1.0,strong_75_plus,946,904,0.8158844765342961,0.9556025369978859,0.8158844765342961,0.7860869565217391,1,False
UNET_MTL_MASK_GUIDED,10,patient030,patient030_case01,IBC,IBC_patient025_0057.jpg,2,,off_target_fp,16,0,0.0,0.0,0.0,0.0,0,False
UNET_MTL_MASK_GUIDED,10,patient030,patient030_case01,IBC,IBC_patient025_0057.jpg,3,,off_target_fp,14,0,0.0,0.0,0.0,0.0,0,False
UNET_MTL_MASK_GUIDED,10,patient030,patient030_case01,IBC,IBC_patient025_0058.jpg,1,1.0,strong_75_plus,1205,1189,0.8742647058823529,0.9867219917012449,0.8742647058823529,0.8640988372093024,1,False
UNET_MTL_MASK_GUIDED,10,patient030,patient030_case01,IBC,IBC_patient025_0058.jpg,2,,off_target_fp,38,0,0.0,0.0,0.0,0.0,0,False
UNET_MTL_MASK_GUIDED,10,patient030,patient030_case01,IBC,IBC_patient025_0059.jpg,1,1.0,strong_75_plus,1290,1282,0.7817073170731708,0.993798449612403,0.7817073170731708,0.7779126213592233,1,False
UNET_MTL_MASK_GUIDED,10,patient030,patient030_case01,IBC,IBC_patient025_0060.jpg,1,1.0,strong_75_plus,1556,1540,0.8850574712643678,0.9897172236503856,0.8850574712643678,0.876993166287016,1,False
UNET_MTL_MASK_GUIDED,10,patient030,patient030_case01,IBC,IBC_patient025_0061.jpg,1,1.0,strong_75_plus,1588,1517,0.925,0.9552896725440806,0.925,0.8866160140268848,1,False
UNET_MTL_MASK_GUIDED,10,patient030,patient030_case01,IBC,IBC_patient025_0061.jpg,2,,off_target_fp,51,0,0.0,0.0,0.0,0.0,0,False
UNET_MTL_MASK_GUIDED,10,patient030,patient030_case01,IBC,IBC_patient025_0062.jpg,1,1.0,strong_75_plus,1471,1427,0.9242227979274611,0.9700883752549286,0.9242227979274611,0.8986146095717884,1,False
UNET_MTL_MASK_GUIDED,10,patient030,patient030_case01,IBC,IBC_patient025_0062.jpg,2,,off_target_fp,148,0,0.0,0.0,0.0,0.0,0,False
UNET_MTL_MASK_GUIDED,10,patient030,patient030_case01,IBC,IBC_patient025_0063.jpg,1,1.0,strong_75_plus,1349,1256,0.9373134328358209,0.9310600444773907,0.9310600444773907,0.8764829030006979,1,False
UNET_MTL_MASK_GUIDED,10,patient030,patient030_case01,IBC,IBC_patient025_0063.jpg,2,,off_target_fp,601,0,0.0,0.0,0.0,0.0,0,False
UNET_MTL_MASK_GUIDED,10,patient030,patient030_case01,IBC,IBC_patient025_0063.jpg,3,,off_target_fp,124,0,0.0,0.0,0.0,0.0,0,False
UNET_MTL_MASK_GUIDED,10,patient030,patient030_case01,IBC,IBC_patient025_0064.jpg,1,1.0,strong_75_plus,1050,984,0.8913043478260869,0.9371428571428572,0.8913043478260869,0.841025641025641,1,False
UNET_MTL_MASK_GUIDED,10,patient030,patient030_case01,IBC,IBC_patient025_0064.jpg,2,,off_target_fp,443,0,0.0,0.0,0.0,0.0,0,False
UNET_MTL_MASK_GUIDED,10,patient030,patient030_case01,IBC,IBC_patient025_0064.jpg,3,,off_target_fp,105,0,0.0,0.0,0.0,0.0,0,False
UNET_MTL_MASK_GUIDED,10,patient030,patient030_case01,IBC,IBC_patient025_0065.jpg,1,1.0,strong_75_plus,783,717,0.9689189189189189,0.9157088122605364,0.9157088122605364,0.8895781637717122,1,False
UNET_MTL_MASK_GUIDED,10,patient030,patient030_case01,IBC,IBC_patient025_0065.jpg,2,,off_target_fp,235,0,0.0,0.0,0.0,0.0,0,False
UNET_MTL_MASK_GUIDED,10,patient030,patient030_case01,IBC,IBC_patient025_0065.jpg,3,,off_target_fp,66,0,0.0,0.0,0.0,0.0,0,False
UNET_MTL_MASK_GUIDED,10,patient030,patient030_case01,IBC,IBC_patient025_0066.jpg,1,1.0,strong_75_plus,706,672,0.9032258064516129,0.9518413597733711,0.9032258064516129,0.8637532133676092,1,False
UNET_MTL_MASK_GUIDED,10,patient030,patient030_case01,IBC,IBC_patient025_0066.jpg,2,,off_target_fp,354,0,0.0,0.0,0.0,0.0,0,False
UNET_MTL_MASK_GUIDED,10,patient030,patient030_case01,IBC,IBC_patient025_0066.jpg,3,,off_target_fp,95,0,0.0,0.0,0.0,0.0,0,False
UNET_MTL_MASK_GUIDED,10,patient030,patient030_case01,IBC,IBC_patient025_0067.jpg,1,1.0,strong_75_plus,609,555,0.912828947368421,0.9113300492610837,0.9113300492610837,0.8383685800604229,1,False
UNET_MTL_MASK_GUIDED,10,patient030,patient030_case01,IBC,IBC_patient025_0068.jpg,1,1.0,strong_75_plus,518,463,0.9334677419354839,0.8938223938223938,0.8938223938223938,0.8402903811252269,1,False
UNET_MTL_MASK_GUIDED,10,patient030,patient030_case01,IBC,IBC_patient025_0069.jpg,1,,off_target_fp,39,0,0.0,0.0,0.0,0.0,0,False
UNET_MTL_MASK_GUIDED,10,patient030,patient030_case01,IBC,IBC_patient025_0069.jpg,2,1.0,moderate_50_to_75,109,108,0.6585365853658537,0.9908256880733946,0.6585365853658537,0.6545454545454545,1,False
UNET_MTL_MASK_GUIDED,10,patient033,patient033_case01,IBC,IBC_patient027_0056.jpg,1,1.0,moderate_50_to_75,39,36,0.6,0.9230769230769231,0.6,0.5714285714285714,1,False
UNET_MTL_MASK_GUIDED,10,patient033,patient033_case01,IBC,IBC_patient027_0057.jpg,1,1.0,strong_75_plus,199,167,0.9277777777777778,0.8391959798994975,0.8391959798994975,0.7877358490566038,1,False
UNET_MTL_MASK_GUIDED,10,patient033,patient033_case01,IBC,IBC_patient027_0058.jpg,1,1.0,strong_75_plus,325,248,0.9841269841269841,0.7630769230769231,0.7630769230769231,0.7537993920972644,1,False
UNET_MTL_MASK_GUIDED,10,patient033,patient033_case01,IBC,IBC_patient027_0059.jpg,1,1.0,strong_75_plus,386,315,0.984375,0.8160621761658031,0.8160621761658031,0.8056265984654731,1,False
UNET_MTL_MASK_GUIDED,10,patient033,patient033_case01,IBC,IBC_patient027_0059.jpg,2,,off_target_fp,11,0,0.0,0.0,0.0,0.0,0,False
UNET_MTL_MASK_GUIDED,10,patient033,patient033_case01,IBC,IBC_patient027_0060.jpg,1,1.0,moderate_50_to_75,434,322,0.9938271604938271,0.7419354838709677,0.7419354838709677,0.7385321100917431,1,False
UNET_MTL_MASK_GUIDED,10,patient033,patient033_case01,IBC,IBC_patient027_0060.jpg,2,,off_target_fp,24,0,0.0,0.0,0.0,0.0,0,False
UNET_MTL_MASK_GUIDED,10,patient033,patient033_case01,IBC,IBC_patient027_0061.jpg,1,,off_target_fp,21,0,0.0,0.0,0.0,0.0,0,False
UNET_MTL_MASK_GUIDED,10,patient033,patient033_case01,IBC,IBC_patient027_0061.jpg,2,1.0,moderate_50_to_75,402,296,0.9866666666666667,0.736318407960199,0.736318407960199,0.729064039408867,1,False
UNET_MTL_MASK_GUIDED,10,patient033,patient033_case01,IBC,IBC_patient027_0061.jpg,3,,off_target_fp,26,0,0.0,0.0,0.0,0.0,0,False
UNET_MTL_MASK_GUIDED,10,patient033,patient033_case01,IBC,IBC_patient027_0062.jpg,1,,off_target_fp,24,0,0.0,0.0,0.0,0.0,0,False
UNET_MTL_MASK_GUIDED,10,patient033,patient033_case01,IBC,IBC_patient027_0062.jpg,2,1.0,moderate_50_to_75,236,142,0.9861111111111112,0.6016949152542372,0.6016949152542372,0.5966386554621849,1,False
UNET_MTL_MASK_GUIDED,10,patient033,patient033_case01,IBC,IBC_patient027_0063.jpg,1,,off_target_fp,12,0,0.0,0.0,0.0,0.0,0,False
UNET_MTL_MASK_GUIDED,10,patient033,patient033_case01,IBC,IBC_patient027_0063.jpg,2,1.0,low_25_to_50,137,62,0.96875,0.45255474452554745,0.45255474452554745,0.4460431654676259,1,False
UNET_MTL_MASK_GUIDED,10,patient036,patient036_case01,IGM,IGM_patient029_0052.jpg,1,,off_target_fp,85,0,0.0,0.0,0.0,0.0,0,False
UNET_MTL_MASK_GUIDED,10,patient036,patient036_case01,IGM,IGM_patient029_0052.jpg,2,,off_target_fp,44,0,0.0,0.0,0.0,0.0,0,False
UNET_MTL_MASK_GUIDED,10,patient036,patient036_case01,IGM,IGM_patient029_0052.jpg,3,,off_target_fp,100,0,0.0,0.0,0.0,0.0,0,False
UNET_MTL_MASK_GUIDED,10,patient036,patient036_case01,IGM,IGM_patient029_0053.jpg,1,,off_target_fp,43,0,0.0,0.0,0.0,0.0,0,False
UNET_MTL_MASK_GUIDED,10,patient036,patient036_case01,IGM,IGM_patient029_0053.jpg,2,,off_target_fp,90,0,0.0,0.0,0.0,0.0,0,False
UNET_MTL_MASK_GUIDED,10,patient036,patient036_case01,IGM,IGM_patient029_0053.jpg,3,,off_target_fp,11,0,0.0,0.0,0.0,0.0,0,False
UNET_MTL_MASK_GUIDED,10,patient036,patient036_case01,IGM,IGM_patient029_0054.jpg,1,1.0,low_25_to_50,72,67,0.49264705882352944,0.9305555555555556,0.49264705882352944,0.475177304964539,1,False
UNET_MTL_MASK_GUIDED,10,patient036,patient036_case01,IGM,IGM_patient029_0055.jpg,1,1.0,strong_75_plus,113,99,0.7734375,0.8761061946902655,0.7734375,0.6971830985915493,1,False
UNET_MTL_MASK_GUIDED,10,patient058,patient058_case01,IBC,IBC_patient003_0151.jpg,1,1.0,moderate_50_to_75,654,428,0.9727272727272728,0.654434250764526,0.654434250764526,0.6426426426426426,1,False
UNET_MTL_MASK_GUIDED,10,patient058,patient058_case01,IBC,IBC_patient003_0151.jpg,2,,off_target_fp,52,0,0.0,0.0,0.0,0.0,0,False
UNET_MTL_MASK_GUIDED,10,patient058,patient058_case01,IBC,IBC_patient003_0151.jpg,3,,off_target_fp,33,0,0.0,0.0,0.0,0.0,0,False
UNET_MTL_MASK_GUIDED,10,patient058,patient058_case01,IBC,IBC_patient003_0152.jpg,1,1.0,strong_75_plus,735,595,0.7870370370370371,0.8095238095238095,0.7870370370370371,0.6640625,1,False
UNET_MTL_MASK_GUIDED,10,patient058,patient058_case01,IBC,IBC_patient003_0152.jpg,2,,off_target_fp,112,0,0.0,0.0,0.0,0.0,0,False
UNET_MTL_MASK_GUIDED,10,patient058,patient058_case01,IBC,IBC_patient003_0153.jpg,1,1.0,moderate_50_to_75,876,830,0.6231231231231231,0.9474885844748858,0.6231231231231231,0.602322206095791,1,False
UNET_MTL_MASK_GUIDED,10,patient058,patient058_case01,IBC,IBC_patient003_0153.jpg,2,,off_target_fp,137,0,0.0,0.0,0.0,0.0,0,False
UNET_MTL_MASK_GUIDED,10,patient058,patient058_case01,IBC,IBC_patient003_0154.jpg,1,1.0,moderate_50_to_75,924,811,0.5585399449035813,0.8777056277056277,0.5585399449035813,0.5182108626198083,1,False
UNET_MTL_MASK_GUIDED,10,patient058,patient058_case01,IBC,IBC_patient003_0154.jpg,2,,off_target_fp,133,0,0.0,0.0,0.0,0.0,0,False
UNET_MTL_MASK_GUIDED,10,patient058,patient058_case01,IBC,IBC_patient003_0155.jpg,1,1.0,moderate_50_to_75,916,886,0.535024154589372,0.9672489082969432,0.535024154589372,0.5255041518386714,1,False
UNET_MTL_MASK_GUIDED,10,patient058,patient058_case01,IBC,IBC_patient003_0155.jpg,2,,off_target_fp,44,0,0.0,0.0,0.0,0.0,0,False
UNET_MTL_MASK_GUIDED,10,patient058,patient058_case01,IBC,IBC_patient003_0156.jpg,1,1.0,moderate_50_to_75,1119,1033,0.623792270531401,0.9231456657730116,0.623792270531401,0.5929965556831228,1,False
UNET_MTL_MASK_GUIDED,10,patient058,patient058_case01,IBC,IBC_patient003_0157.jpg,1,1.0,moderate_50_to_75,1277,1019,0.585632183908046,0.79796397807361,0.585632183908046,0.51001001001001,1,False
UNET_MTL_MASK_GUIDED,10,patient058,patient058_case01,IBC,IBC_patient003_0158.jpg,1,1.0,moderate_50_to_75,1350,1081,0.5900655021834061,0.8007407407407408,0.5900655021834061,0.5145168967158495,1,False
UNET_MTL_MASK_GUIDED,10,patient058,patient058_case01,IBC,IBC_patient003_0159.jpg,1,1.0,moderate_50_to_75,1374,1115,0.5819415448851775,0.8114992721979621,0.5819415448851775,0.5126436781609195,1,False
UNET_MTL_MASK_GUIDED,10,patient058,patient058_case01,IBC,IBC_patient003_0160.jpg,1,1.0,moderate_50_to_75,1227,1065,0.5272277227722773,0.8679706601466992,0.5272277227722773,0.4880843263061412,1,False
UNET_MTL_MASK_GUIDED,10,patient058,patient058_case01,IBC,IBC_patient003_0160.jpg,2,,off_target_fp,63,0,0.0,0.0,0.0,0.0,0,False
UNET_MTL_MASK_GUIDED,10,patient058,patient058_case01,IBC,IBC_patient003_0161.jpg,1,1.0,low_25_to_50,874,761,0.3759881422924901,0.8707093821510298,0.3759881422924901,0.3561066916237716,1,False
UNET_MTL_MASK_GUIDED,10,patient058,patient058_case01,IBC,IBC_patient003_0161.jpg,2,,off_target_fp,134,0,0.0,0.0,0.0,0.0,0,False
UNET_MTL_MASK_GUIDED,10,patient058,patient058_case01,IBC,IBC_patient003_0162.jpg,1,1.0,partial_below_25,78,78,0.0380859375,1.0,0.0380859375,0.0380859375,1,False
UNET_MTL_MASK_GUIDED,10,patient058,patient058_case01,IBC,IBC_patient003_0162.jpg,2,,off_target_fp,145,0,0.0,0.0,0.0,0.0,0,False
UNET_MTL_MASK_GUIDED,10,patient058,patient058_case01,IBC,IBC_patient003_0163.jpg,1,,off_target_fp,170,0,0.0,0.0,0.0,0.0,0,False
UNET_MTL_MASK_GUIDED,10,patient058,patient058_case01,IBC,IBC_patient003_0164.jpg,1,,off_target_fp,155,0,0.0,0.0,0.0,0.0,0,False
UNET_MTL_MASK_GUIDED,10,patient058,patient058_case01,IBC,IBC_patient003_0165.jpg,1,,off_target_fp,111,0,0.0,0.0,0.0,0.0,0,False
UNET_MTL_MASK_GUIDED,10,patient058,patient058_case01,IBC,IBC_patient003_0166.jpg,1,,off_target_fp,71,0,0.0,0.0,0.0,0.0,0,False
UNET_MTL_MASK_GUIDED,10,patient058,patient058_case01,IBC,IBC_patient003_0169.jpg,1,1.0,partial_below_25,374,374,0.19893617021276597,1.0,0.19893617021276597,0.19893617021276597,1,False
UNET_MTL_MASK_GUIDED,10,patient058,patient058_case01,IBC,IBC_patient003_0170.jpg,1,1.0,partial_below_25,380,380,0.1903807615230461,1.0,0.1903807615230461,0.1903807615230461,1,False
UNET_MTL_MASK_GUIDED,10,patient041,patient041_case01,IGM,IGM_patient031_0053.jpg,1,1.0,low_25_to_50,21,19,0.25,0.9047619047619048,0.25,0.24358974358974358,1,False
UNET_MTL_MASK_GUIDED,10,patient041,patient041_case01,IGM,IGM_patient031_0054.jpg,1,1.0,strong_75_plus,205,180,0.9574468085106383,0.8780487804878049,0.8780487804878049,0.8450704225352113,1,False
UNET_MTL_MASK_GUIDED,10,patient041,patient041_case01,IGM,IGM_patient031_0055.jpg,1,1.0,strong_75_plus,271,256,0.8767123287671232,0.9446494464944649,0.8767123287671232,0.8338762214983714,1,False
UNET_MTL_MASK_GUIDED,10,patient041,patient041_case01,IGM,IGM_patient031_0056.jpg,1,1.0,moderate_50_to_75,180,164,0.6612903225806451,0.9111111111111111,0.6612903225806451,0.6212121212121212,1,False
UNET_MTL_MASK_GUIDED,10,patient041,patient041_case01,IGM,IGM_patient031_0056.jpg,2,,off_target_fp,22,0,0.0,0.0,0.0,0.0,0,False
UNET_MTL_MASK_GUIDED,10,patient041,patient041_case01,IGM,IGM_patient031_0057.jpg,1,1.0,moderate_50_to_75,195,183,0.6630434782608695,0.9384615384615385,0.6630434782608695,0.6354166666666666,1,False
UNET_MTL_MASK_GUIDED,10,patient041,patient041_case01,IGM,IGM_patient031_0057.jpg,2,,off_target_fp,17,0,0.0,0.0,0.0,0.0,0,False
UNET_MTL_MASK_GUIDED,10,patient041,patient041_case01,IGM,IGM_patient031_0058.jpg,1,1.0,moderate_50_to_75,185,178,0.6544117647058824,0.9621621621621622,0.6544117647058824,0.6379928315412187,1,False
UNET_MTL_MASK_GUIDED,10,patient041,patient041_case01,IGM,IGM_patient031_0058.jpg,2,,off_target_fp,144,0,0.0,0.0,0.0,0.0,0,False
UNET_MTL_MASK_GUIDED,10,patient041,patient041_case01,IGM,IGM_patient031_0058.jpg,3,,off_target_fp,53,0,0.0,0.0,0.0,0.0,0,False
UNET_MTL_MASK_GUIDED,10,patient047,patient047_case01,IBC,IBC_patient035_0130.jpg,1,1.0,low_25_to_50,157,153,0.48417721518987344,0.9745222929936306,0.48417721518987344,0.478125,1,False
UNET_MTL_MASK_GUIDED,10,patient047,patient047_case01,IBC,IBC_patient035_0131.jpg,1,1.0,strong_75_plus,316,295,0.8575581395348837,0.9335443037974683,0.8575581395348837,0.8082191780821918,1,False
UNET_MTL_MASK_GUIDED,10,patient047,patient047_case01,IBC,IBC_patient035_0132.jpg,1,1.0,strong_75_plus,359,324,0.9642857142857143,0.9025069637883009,0.9025069637883009,0.8733153638814016,1,False
UNET_MTL_MASK_GUIDED,10,patient047,patient047_case01,IBC,IBC_patient035_0132.jpg,2,,off_target_fp,30,0,0.0,0.0,0.0,0.0,0,False
UNET_MTL_MASK_GUIDED,10,patient047,patient047_case01,IBC,IBC_patient035_0133.jpg,1,1.0,strong_75_plus,392,366,0.8798076923076923,0.9336734693877551,0.8798076923076923,0.8280542986425339,1,False
UNET_MTL_MASK_GUIDED,10,patient047,patient047_case01,IBC,IBC_patient035_0133.jpg,2,,off_target_fp,103,0,0.0,0.0,0.0,0.0,0,False
UNET_MTL_MASK_GUIDED,10,patient047,patient047_case01,IBC,IBC_patient035_0134.jpg,1,1.0,strong_75_plus,417,369,0.9225,0.8848920863309353,0.8848920863309353,0.8236607142857143,1,False
UNET_MTL_MASK_GUIDED,10,patient047,patient047_case01,IBC,IBC_patient035_0134.jpg,2,,off_target_fp,195,0,0.0,0.0,0.0,0.0,0,False
UNET_MTL_MASK_GUIDED,10,patient047,patient047_case01,IBC,IBC_patient035_0135.jpg,1,,off_target_fp,52,0,0.0,0.0,0.0,0.0,0,False
UNET_MTL_MASK_GUIDED,10,patient047,patient047_case01,IBC,IBC_patient035_0135.jpg,2,1.0,strong_75_plus,415,365,0.9217171717171717,0.8795180722891566,0.8795180722891566,0.8183856502242153,1,False
UNET_MTL_MASK_GUIDED,10,patient047,patient047_case01,IBC,IBC_patient035_0135.jpg,3,,off_target_fp,205,0,0.0,0.0,0.0,0.0,0,False
UNET_MTL_MASK_GUIDED,10,patient047,patient047_case01,IBC,IBC_patient035_0136.jpg,1,,off_target_fp,126,0,0.0,0.0,0.0,0.0,0,False
UNET_MTL_MASK_GUIDED,10,patient047,patient047_case01,IBC,IBC_patient035_0136.jpg,2,1.0,strong_75_plus,391,325,0.9672619047619048,0.8312020460358056,0.8312020460358056,0.8084577114427861,1,False
UNET_MTL_MASK_GUIDED,10,patient047,patient047_case01,IBC,IBC_patient035_0136.jpg,3,,off_target_fp,219,0,0.0,0.0,0.0,0.0,0,False
UNET_MTL_MASK_GUIDED,10,patient047,patient047_case01,IBC,IBC_patient035_0137.jpg,1,,off_target_fp,36,0,0.0,0.0,0.0,0.0,0,False
UNET_MTL_MASK_GUIDED,10,patient047,patient047_case01,IBC,IBC_patient035_0137.jpg,2,1.0,strong_75_plus,346,285,0.9375,0.8236994219653179,0.8236994219653179,0.7808219178082192,1,False
UNET_MTL_MASK_GUIDED,10,patient047,patient047_case01,IBC,IBC_patient035_0137.jpg,3,,off_target_fp,211,0,0.0,0.0,0.0,0.0,0,False
UNET_MTL_MASK_GUIDED,10,patient047,patient047_case01,IBC,IBC_patient035_0138.jpg,1,1.0,strong_75_plus,274,231,0.8492647058823529,0.843065693430657,0.843065693430657,0.7333333333333333,1,False
UNET_MTL_MASK_GUIDED,10,patient047,patient047_case01,IBC,IBC_patient035_0138.jpg,2,,off_target_fp,96,0,0.0,0.0,0.0,0.0,0,False
UNET_MTL_MASK_GUIDED,10,patient047,patient047_case01,IBC,IBC_patient035_0139.jpg,1,1.0,strong_75_plus,217,185,0.8409090909090909,0.8525345622119815,0.8409090909090909,0.7341269841269841,1,False
UNET_MTL_MASK_GUIDED,10,patient047,patient047_case01,IBC,IBC_patient035_0140.jpg,1,1.0,moderate_50_to_75,100,90,0.6617647058823529,0.9,0.6617647058823529,0.6164383561643836,1,False
UNET_MTL_MASK_GUIDED,10,patient055,patient055_case01,IBC,IBC_patient039_0065.jpg,1,,off_target_fp,1184,0,0.0,0.0,0.0,0.0,0,False
UNET_MTL_MASK_GUIDED,10,patient055,patient055_case01,IBC,IBC_patient039_0065.jpg,2,,off_target_fp,30,0,0.0,0.0,0.0,0.0,0,False
UNET_MTL_MASK_GUIDED,10,patient055,patient055_case01,IBC,IBC_patient039_0065.jpg,3,,off_target_fp,186,0,0.0,0.0,0.0,0.0,0,False
UNET_MTL_MASK_GUIDED,10,patient055,patient055_case01,IBC,IBC_patient039_0065.jpg,4,,off_target_fp,124,0,0.0,0.0,0.0,0.0,0,False
UNET_MTL_MASK_GUIDED,10,patient055,patient055_case01,IBC,IBC_patient039_0065.jpg,5,,off_target_fp,130,0,0.0,0.0,0.0,0.0,0,False
UNET_MTL_MASK_GUIDED,10,patient055,patient055_case01,IBC,IBC_patient039_0066.jpg,1,,off_target_fp,973,0,0.0,0.0,0.0,0.0,0,False
UNET_MTL_MASK_GUIDED,10,patient055,patient055_case01,IBC,IBC_patient039_0066.jpg,2,,off_target_fp,270,0,0.0,0.0,0.0,0.0,0,False
UNET_MTL_MASK_GUIDED,10,patient055,patient055_case01,IBC,IBC_patient039_0066.jpg,3,,off_target_fp,116,0,0.0,0.0,0.0,0.0,0,False
UNET_MTL_MASK_GUIDED,10,patient055,patient055_case01,IBC,IBC_patient039_0067.jpg,1,,off_target_fp,334,0,0.0,0.0,0.0,0.0,0,False
UNET_MTL_MASK_GUIDED,10,patient055,patient055_case01,IBC,IBC_patient039_0067.jpg,2,,off_target_fp,494,0,0.0,0.0,0.0,0.0,0,False
UNET_MTL_MASK_GUIDED,10,patient055,patient055_case01,IBC,IBC_patient039_0067.jpg,3,,off_target_fp,19,0,0.0,0.0,0.0,0.0,0,False
UNET_MTL_MASK_GUIDED,10,patient055,patient055_case01,IBC,IBC_patient039_0067.jpg,4,,off_target_fp,14,0,0.0,0.0,0.0,0.0,0,False
UNET_MTL_MASK_GUIDED,10,patient055,patient055_case01,IBC,IBC_patient039_0068.jpg,1,,off_target_fp,331,0,0.0,0.0,0.0,0.0,0,False
UNET_MTL_MASK_GUIDED,10,patient055,patient055_case01,IBC,IBC_patient039_0068.jpg,2,,off_target_fp,337,0,0.0,0.0,0.0,0.0,0,False
UNET_MTL_MASK_GUIDED,10,patient055,patient055_case01,IBC,IBC_patient039_0068.jpg,3,,off_target_fp,128,0,0.0,0.0,0.0,0.0,0,False
UNET_MTL_MASK_GUIDED,10,patient055,patient055_case01,IBC,IBC_patient039_0068.jpg,4,,off_target_fp,32,0,0.0,0.0,0.0,0.0,0,False
UNET_MTL_MASK_GUIDED,10,patient055,patient055_case01,IBC,IBC_patient039_0069.jpg,1,,off_target_fp,114,0,0.0,0.0,0.0,0.0,0,False
UNET_MTL_MASK_GUIDED,10,patient055,patient055_case01,IBC,IBC_patient039_0069.jpg,2,,off_target_fp,197,0,0.0,0.0,0.0,0.0,0,False
UNET_MTL_MASK_GUIDED,10,patient055,patient055_case01,IBC,IBC_patient039_0069.jpg,3,,off_target_fp,214,0,0.0,0.0,0.0,0.0,0,False
UNET_MTL_MASK_GUIDED,10,patient055,patient055_case01,IBC,IBC_patient039_0069.jpg,4,,off_target_fp,244,0,0.0,0.0,0.0,0.0,0,False
UNET_MTL_MASK_GUIDED,10,patient055,patient055_case01,IBC,IBC_patient039_0069.jpg,5,,off_target_fp,244,0,0.0,0.0,0.0,0.0,0,False
UNET_MTL_MASK_GUIDED,10,patient055,patient055_case01,IBC,IBC_patient039_0070.jpg,1,,off_target_fp,332,0,0.0,0.0,0.0,0.0,0,False
UNET_MTL_MASK_GUIDED,10,patient055,patient055_case01,IBC,IBC_patient039_0070.jpg,2,,off_target_fp,110,0,0.0,0.0,0.0,0.0,0,False
UNET_MTL_MASK_GUIDED,10,patient055,patient055_case01,IBC,IBC_patient039_0070.jpg,3,,off_target_fp,30,0,0.0,0.0,0.0,0.0,0,False
UNET_MTL_MASK_GUIDED,10,patient055,patient055_case01,IBC,IBC_patient039_0070.jpg,4,,off_target_fp,348,0,0.0,0.0,0.0,0.0,0,False
UNET_MTL_MASK_GUIDED,10,patient055,patient055_case01,IBC,IBC_patient039_0070.jpg,5,,off_target_fp,279,0,0.0,0.0,0.0,0.0,0,False
UNET_MTL_MASK_GUIDED,10,patient055,patient055_case01,IBC,IBC_patient039_0071.jpg,1,,off_target_fp,458,0,0.0,0.0,0.0,0.0,0,False
UNET_MTL_MASK_GUIDED,10,patient055,patient055_case01,IBC,IBC_patient039_0071.jpg,2,,off_target_fp,184,0,0.0,0.0,0.0,0.0,0,False
UNET_MTL_MASK_GUIDED,10,patient055,patient055_case01,IBC,IBC_patient039_0071.jpg,3,,off_target_fp,228,0,0.0,0.0,0.0,0.0,0,False
UNET_MTL_MASK_GUIDED,10,patient055,patient055_case01,IBC,IBC_patient039_0072.jpg,1,,off_target_fp,589,0,0.0,0.0,0.0,0.0,0,False
UNET_MTL_MASK_GUIDED,10,patient055,patient055_case01,IBC,IBC_patient039_0072.jpg,2,,off_target_fp,19,0,0.0,0.0,0.0,0.0,0,False
UNET_MTL_MASK_GUIDED,10,patient055,patient055_case01,IBC,IBC_patient039_0072.jpg,3,,off_target_fp,210,0,0.0,0.0,0.0,0.0,0,False
UNET_MTL_MASK_GUIDED,10,patient055,patient055_case01,IBC,IBC_patient039_0073.jpg,1,,off_target_fp,552,0,0.0,0.0,0.0,0.0,0,False
UNET_MTL_MASK_GUIDED,10,patient055,patient055_case01,IBC,IBC_patient039_0073.jpg,2,,off_target_fp,61,0,0.0,0.0,0.0,0.0,0,False
UNET_MTL_MASK_GUIDED,10,patient055,patient055_case01,IBC,IBC_patient039_0073.jpg,3,,off_target_fp,65,0,0.0,0.0,0.0,0.0,0,False
UNET_MTL_MASK_GUIDED,10,patient055,patient055_case01,IBC,IBC_patient039_0073.jpg,4,,off_target_fp,195,0,0.0,0.0,0.0,0.0,0,False
UNET_MTL_MASK_GUIDED,10,patient055,patient055_case01,IBC,IBC_patient039_0074.jpg,1,,off_target_fp,381,0,0.0,0.0,0.0,0.0,0,False
UNET_MTL_MASK_GUIDED,10,patient055,patient055_case01,IBC,IBC_patient039_0074.jpg,2,,off_target_fp,94,0,0.0,0.0,0.0,0.0,0,False
UNET_MTL_MASK_GUIDED,10,patient059,patient059_case01,IBC,IBC_patient040_0059.jpg,1,,off_target_fp,125,0,0.0,0.0,0.0,0.0,0,False
UNET_MTL_MASK_GUIDED,10,patient059,patient059_case01,IBC,IBC_patient040_0060.jpg,1,1.0,strong_75_plus,118,91,0.875,0.7711864406779662,0.7711864406779662,0.6946564885496184,1,False
UNET_MTL_MASK_GUIDED,10,patient059,patient059_case01,IBC,IBC_patient040_0061.jpg,1,1.0,moderate_50_to_75,110,102,0.7083333333333334,0.9272727272727272,0.7083333333333334,0.6710526315789473,1,False
UNET_MTL_MASK_GUIDED,10,patient059,patient059_case01,IBC,IBC_patient040_0062.jpg,1,1.0,moderate_50_to_75,153,131,0.7119565217391305,0.8562091503267973,0.7119565217391305,0.6359223300970874,1,False
UNET_MTL_MASK_GUIDED,10,patient059,patient059_case01,IBC,IBC_patient040_0063.jpg,1,,off_target_fp,83,0,0.0,0.0,0.0,0.0,0,False
UNET_MTL_MASK_GUIDED,10,patient059,patient059_case01,IBC,IBC_patient040_0063.jpg,2,1.0,strong_75_plus,208,194,0.7698412698412699,0.9326923076923077,0.7698412698412699,0.7293233082706767,1,False
UNET_MTL_MASK_GUIDED,10,patient059,patient059_case01,IBC,IBC_patient040_0064.jpg,1,,off_target_fp,111,0,0.0,0.0,0.0,0.0,0,False
UNET_MTL_MASK_GUIDED,10,patient059,patient059_case01,IBC,IBC_patient040_0064.jpg,2,1.0,moderate_50_to_75,238,178,0.8557692307692307,0.7478991596638656,0.7478991596638656,0.664179104477612,1,False
UNET_MTL_MASK_GUIDED,10,patient059,patient059_case01,IBC,IBC_patient040_0065.jpg,1,,off_target_fp,117,0,0.0,0.0,0.0,0.0,0,False
UNET_MTL_MASK_GUIDED,10,patient059,patient059_case01,IBC,IBC_patient040_0065.jpg,2,1.0,strong_75_plus,262,231,0.8020833333333334,0.8816793893129771,0.8020833333333334,0.7241379310344828,1,False
UNET_MTL_MASK_GUIDED,10,patient059,patient059_case01,IBC,IBC_patient040_0066.jpg,1,1.0,strong_75_plus,318,257,0.9049295774647887,0.8081761006289309,0.8081761006289309,0.744927536231884,1,False
UNET_MTL_MASK_GUIDED,10,patient059,patient059_case01,IBC,IBC_patient040_0067.jpg,1,,off_target_fp,306,0,0.0,0.0,0.0,0.0,0,False
UNET_MTL_MASK_GUIDED,10,patient059,patient059_case01,IBC,IBC_patient040_0067.jpg,2,,off_target_fp,42,0,0.0,0.0,0.0,0.0,0,False
UNET_MTL_MASK_GUIDED,10,patient059,patient059_case01,IBC,IBC_patient040_0067.jpg,3,1.0,strong_75_plus,314,256,0.9411764705882353,0.8152866242038217,0.8152866242038217,0.7757575757575758,1,False
UNET_MTL_MASK_GUIDED,10,patient059,patient059_case01,IBC,IBC_patient040_0068.jpg,1,,off_target_fp,151,0,0.0,0.0,0.0,0.0,0,False
UNET_MTL_MASK_GUIDED,10,patient059,patient059_case01,IBC,IBC_patient040_0068.jpg,2,,off_target_fp,336,0,0.0,0.0,0.0,0.0,0,False
UNET_MTL_MASK_GUIDED,10,patient059,patient059_case01,IBC,IBC_patient040_0068.jpg,3,,off_target_fp,257,0,0.0,0.0,0.0,0.0,0,False
UNET_MTL_MASK_GUIDED,10,patient059,patient059_case01,IBC,IBC_patient040_0068.jpg,4,1.0,strong_75_plus,261,206,0.8728813559322034,0.789272030651341,0.789272030651341,0.7079037800687286,1,False
UNET_MTL_MASK_GUIDED,10,patient059,patient059_case01,IBC,IBC_patient040_0069.jpg,1,,off_target_fp,134,0,0.0,0.0,0.0,0.0,0,False
UNET_MTL_MASK_GUIDED,10,patient059,patient059_case01,IBC,IBC_patient040_0069.jpg,2,,off_target_fp,376,0,0.0,0.0,0.0,0.0,0,False
UNET_MTL_MASK_GUIDED,10,patient059,patient059_case01,IBC,IBC_patient040_0069.jpg,3,1.0,strong_75_plus,307,279,0.8403614457831325,0.9087947882736156,0.8403614457831325,0.775,1,False
UNET_MTL_MASK_GUIDED,10,patient059,patient059_case01,IBC,IBC_patient040_0070.jpg,1,,off_target_fp,14,0,0.0,0.0,0.0,0.0,0,False
UNET_MTL_MASK_GUIDED,10,patient059,patient059_case01,IBC,IBC_patient040_0070.jpg,2,,off_target_fp,55,0,0.0,0.0,0.0,0.0,0,False
UNET_MTL_MASK_GUIDED,10,patient059,patient059_case01,IBC,IBC_patient040_0070.jpg,3,1.0,strong_75_plus,155,120,0.9375,0.7741935483870968,0.7741935483870968,0.7361963190184049,1,False
UNET_MTL_MASK_GUIDED,10,patient064,patient064_case01,IGM,IGM_patient043_0054.jpg,1,1.0,moderate_50_to_75,468,342,0.8221153846153846,0.7307692307692307,0.7307692307692307,0.6309963099630996,1,False
UNET_MTL_MASK_GUIDED,10,patient064,patient064_case01,IGM,IGM_patient043_0055.jpg,1,1.0,strong_75_plus,631,574,0.9140127388535032,0.9096671949286846,0.9096671949286846,0.8379562043795621,1,False
UNET_MTL_MASK_GUIDED,10,patient064,patient064_case01,IGM,IGM_patient043_0056.jpg,1,,off_target_fp,117,0,0.0,0.0,0.0,0.0,0,False
UNET_MTL_MASK_GUIDED,10,patient064,patient064_case01,IGM,IGM_patient043_0056.jpg,2,1.0,moderate_50_to_75,485,399,0.6119631901840491,0.822680412371134,0.6119631901840491,0.540650406504065,1,False
UNET_MTL_MASK_GUIDED,10,patient064,patient064_case01,IGM,IGM_patient043_0057.jpg,1,1.0,strong_75_plus,537,462,0.7857142857142857,0.8603351955307262,0.7857142857142857,0.6968325791855203,1,False
UNET_MTL_MASK_GUIDED,10,patient064,patient064_case01,IGM,IGM_patient043_0058.jpg,1,1.0,strong_75_plus,566,467,0.8339285714285715,0.8250883392226148,0.8250883392226148,0.708649468892261,1,False
UNET_MTL_MASK_GUIDED,10,patient064,patient064_case01,IGM,IGM_patient043_0059.jpg,1,,off_target_fp,172,0,0.0,0.0,0.0,0.0,0,False
UNET_MTL_MASK_GUIDED,10,patient064,patient064_case01,IGM,IGM_patient043_0059.jpg,2,1.0,moderate_50_to_75,514,454,0.6305555555555555,0.8832684824902723,0.6305555555555555,0.5820512820512821,1,False
UNET_MTL_MASK_GUIDED,10,patient064,patient064_case01,IGM,IGM_patient043_0060.jpg,1,,off_target_fp,405,0,0.0,0.0,0.0,0.0,0,False
UNET_MTL_MASK_GUIDED,10,patient064,patient064_case01,IGM,IGM_patient043_0060.jpg,2,,off_target_fp,253,0,0.0,0.0,0.0,0.0,0,False
UNET_MTL_MASK_GUIDED,10,patient064,patient064_case01,IGM,IGM_patient043_0060.jpg,3,1.0,low_25_to_50,287,259,0.42320261437908496,0.9024390243902439,0.42320261437908496,0.4046875,1,False
UNET_MTL_MASK_GUIDED,10,patient064,patient064_case01,IGM,IGM_patient043_0060.jpg,4,1.0,partial_below_25,16,16,0.026143790849673203,1.0,0.026143790849673203,0.026143790849673203,1,False
UNET_MTL_MASK_GUIDED,10,patient064,patient064_case01,IGM,IGM_patient043_0061.jpg,1,,off_target_fp,460,0,0.0,0.0,0.0,0.0,0,False
UNET_MTL_MASK_GUIDED,10,patient064,patient064_case01,IGM,IGM_patient043_0061.jpg,2,,off_target_fp,297,0,0.0,0.0,0.0,0.0,0,False
UNET_MTL_MASK_GUIDED,10,patient068,patient068_case01,IBC,IBC_patient045_0062.jpg,1,,off_target_fp,118,0,0.0,0.0,0.0,0.0,0,False
UNET_MTL_MASK_GUIDED,10,patient068,patient068_case01,IBC,IBC_patient045_0062.jpg,2,,off_target_fp,55,0,0.0,0.0,0.0,0.0,0,False
UNET_MTL_MASK_GUIDED,10,patient068,patient068_case01,IBC,IBC_patient045_0062.jpg,3,,off_target_fp,35,0,0.0,0.0,0.0,0.0,0,False
UNET_MTL_MASK_GUIDED,10,patient068,patient068_case01,IBC,IBC_patient045_0062.jpg,4,1.0,partial_below_25,11,11,0.19642857142857142,1.0,0.19642857142857142,0.19642857142857142,1,False
UNET_MTL_MASK_GUIDED,10,patient068,patient068_case01,IBC,IBC_patient045_0062.jpg,5,,off_target_fp,17,0,0.0,0.0,0.0,0.0,0,False
UNET_MTL_MASK_GUIDED,10,patient068,patient068_case01,IBC,IBC_patient045_0063.jpg,1,,off_target_fp,86,0,0.0,0.0,0.0,0.0,0,False
UNET_MTL_MASK_GUIDED,10,patient068,patient068_case01,IBC,IBC_patient045_0063.jpg,2,1.0,strong_75_plus,118,95,0.9134615384615384,0.8050847457627118,0.8050847457627118,0.7480314960629921,1,False
UNET_MTL_MASK_GUIDED,10,patient068,patient068_case01,IBC,IBC_patient045_0064.jpg,1,,off_target_fp,69,0,0.0,0.0,0.0,0.0,0,False
UNET_MTL_MASK_GUIDED,10,patient068,patient068_case01,IBC,IBC_patient045_0064.jpg,2,1.0,moderate_50_to_75,126,88,0.9565217391304348,0.6984126984126984,0.6984126984126984,0.676923076923077,1,False
UNET_MTL_MASK_GUIDED,10,patient068,patient068_case01,IBC,IBC_patient045_0065.jpg,1,,off_target_fp,66,0,0.0,0.0,0.0,0.0,0,False
UNET_MTL_MASK_GUIDED,10,patient068,patient068_case01,IBC,IBC_patient045_0065.jpg,2,,off_target_fp,99,0,0.0,0.0,0.0,0.0,0,False
UNET_MTL_MASK_GUIDED,10,patient068,patient068_case01,IBC,IBC_patient045_0065.jpg,3,1.0,moderate_50_to_75,110,63,0.984375,0.5727272727272728,0.5727272727272728,0.5675675675675675,1,False
UNET_MTL_MASK_GUIDED,10,patient068,patient068_case01,IBC,IBC_patient045_0065.jpg,4,,off_target_fp,42,0,0.0,0.0,0.0,0.0,0,False
UNET_MTL_MASK_GUIDED,10,patient068,patient068_case01,IBC,IBC_patient045_0066.jpg,1,,off_target_fp,15,0,0.0,0.0,0.0,0.0,0,False
UNET_MTL_MASK_GUIDED,10,patient068,patient068_case01,IBC,IBC_patient045_0066.jpg,2,,off_target_fp,157,0,0.0,0.0,0.0,0.0,0,False
UNET_MTL_MASK_GUIDED,10,patient068,patient068_case01,IBC,IBC_patient045_0066.jpg,3,1.0,moderate_50_to_75,155,107,0.8106060606060606,0.6903225806451613,0.6903225806451613,0.5944444444444444,1,False
UNET_MTL_MASK_GUIDED,10,patient068,patient068_case01,IBC,IBC_patient045_0066.jpg,4,,off_target_fp,112,0,0.0,0.0,0.0,0.0,0,False
UNET_MTL_MASK_GUIDED,10,patient068,patient068_case01,IBC,IBC_patient045_0067.jpg,1,,off_target_fp,165,0,0.0,0.0,0.0,0.0,0,False
UNET_MTL_MASK_GUIDED,10,patient068,patient068_case01,IBC,IBC_patient045_0067.jpg,2,1.0,strong_75_plus,190,159,0.8112244897959183,0.8368421052631579,0.8112244897959183,0.7004405286343612,1,False
UNET_MTL_MASK_GUIDED,10,patient068,patient068_case01,IBC,IBC_patient045_0067.jpg,3,,off_target_fp,88,0,0.0,0.0,0.0,0.0,0,False
UNET_MTL_MASK_GUIDED,10,patient068,patient068_case01,IBC,IBC_patient045_0068.jpg,1,,off_target_fp,128,0,0.0,0.0,0.0,0.0,0,False
UNET_MTL_MASK_GUIDED,10,patient068,patient068_case01,IBC,IBC_patient045_0068.jpg,2,,off_target_fp,108,0,0.0,0.0,0.0,0.0,0,False
UNET_MTL_MASK_GUIDED,10,patient068,patient068_case01,IBC,IBC_patient045_0068.jpg,3,1.0,strong_75_plus,210,166,0.7980769230769231,0.7904761904761904,0.7904761904761904,0.6587301587301587,1,False
UNET_MTL_MASK_GUIDED,10,patient068,patient068_case01,IBC,IBC_patient045_0068.jpg,4,,off_target_fp,79,0,0.0,0.0,0.0,0.0,0,False
UNET_MTL_MASK_GUIDED,10,patient068,patient068_case01,IBC,IBC_patient045_0069.jpg,1,,off_target_fp,83,0,0.0,0.0,0.0,0.0,0,False
UNET_MTL_MASK_GUIDED,10,patient068,patient068_case01,IBC,IBC_patient045_0069.jpg,2,,off_target_fp,145,0,0.0,0.0,0.0,0.0,0,False
UNET_MTL_MASK_GUIDED,10,patient068,patient068_case01,IBC,IBC_patient045_0069.jpg,3,1.0,low_25_to_50,94,83,0.42346938775510207,0.8829787234042553,0.42346938775510207,0.40096618357487923,1,False
UNET_MTL_MASK_GUIDED,10,patient068,patient068_case01,IBC,IBC_patient045_0069.jpg,4,1.0,low_25_to_50,127,76,0.3877551020408163,0.5984251968503937,0.3877551020408163,0.3076923076923077,1,False
UNET_MTL_MASK_GUIDED,10,patient068,patient068_case01,IBC,IBC_patient045_0070.jpg,1,,off_target_fp,167,0,0.0,0.0,0.0,0.0,0,False
UNET_MTL_MASK_GUIDED,10,patient068,patient068_case01,IBC,IBC_patient045_0070.jpg,2,1.0,strong_75_plus,239,199,0.9045454545454545,0.8326359832635983,0.8326359832635983,0.7653846153846153,1,False
UNET_MTL_MASK_GUIDED,10,patient068,patient068_case01,IBC,IBC_patient045_0071.jpg,1,,off_target_fp,18,0,0.0,0.0,0.0,0.0,0,False
UNET_MTL_MASK_GUIDED,10,patient068,patient068_case01,IBC,IBC_patient045_0071.jpg,2,,off_target_fp,96,0,0.0,0.0,0.0,0.0,0,False
UNET_MTL_MASK_GUIDED,10,patient068,patient068_case01,IBC,IBC_patient045_0071.jpg,3,,off_target_fp,29,0,0.0,0.0,0.0,0.0,0,False
UNET_MTL_MASK_GUIDED,10,patient068,patient068_case01,IBC,IBC_patient045_0071.jpg,4,1.0,strong_75_plus,185,143,0.9662162162162162,0.772972972972973,0.772972972972973,0.7526315789473684,1,False
UNET_MTL_MASK_GUIDED,10,patient068,patient068_case01,IBC,IBC_patient045_0071.jpg,5,,off_target_fp,53,0,0.0,0.0,0.0,0.0,0,False
UNET_MTL_MASK_GUIDED,10,patient068,patient068_case01,IBC,IBC_patient045_0072.jpg,1,,off_target_fp,15,0,0.0,0.0,0.0,0.0,0,False
UNET_MTL_MASK_GUIDED,10,patient068,patient068_case01,IBC,IBC_patient045_0072.jpg,2,,off_target_fp,38,0,0.0,0.0,0.0,0.0,0,False
UNET_MTL_MASK_GUIDED,10,patient068,patient068_case01,IBC,IBC_patient045_0072.jpg,3,,off_target_fp,96,0,0.0,0.0,0.0,0.0,0,False
UNET_MTL_MASK_GUIDED,10,patient068,patient068_case01,IBC,IBC_patient045_0072.jpg,4,1.0,strong_75_plus,219,197,0.9120370370370371,0.8995433789954338,0.8995433789954338,0.8277310924369747,1,False
UNET_MTL_MASK_GUIDED,10,patient068,patient068_case01,IBC,IBC_patient045_0072.jpg,5,,off_target_fp,33,0,0.0,0.0,0.0,0.0,0,False
UNET_MTL_MASK_GUIDED,10,patient068,patient068_case01,IBC,IBC_patient045_0073.jpg,1,,off_target_fp,98,0,0.0,0.0,0.0,0.0,0,False
UNET_MTL_MASK_GUIDED,10,patient068,patient068_case01,IBC,IBC_patient045_0073.jpg,2,,off_target_fp,86,0,0.0,0.0,0.0,0.0,0,False
UNET_MTL_MASK_GUIDED,10,patient068,patient068_case01,IBC,IBC_patient045_0073.jpg,3,1.0,strong_75_plus,441,352,0.9072164948453608,0.7981859410430839,0.7981859410430839,0.7379454926624738,1,False
UNET_MTL_MASK_GUIDED,10,patient068,patient068_case01,IBC,IBC_patient045_0074.jpg,1,1.0,moderate_50_to_75,329,231,0.9314516129032258,0.7021276595744681,0.7021276595744681,0.6676300578034682,1,False
UNET_MTL_MASK_GUIDED,10,patient068,patient068_case01,IBC,IBC_patient045_0075.jpg,1,1.0,strong_75_plus,148,130,0.8125,0.8783783783783784,0.8125,0.7303370786516854,1,False
UNET_MTL_MASK_GUIDED,10,patient068,patient068_case01,IBC,IBC_patient045_0076.jpg,1,,off_target_fp,43,0,0.0,0.0,0.0,0.0,0,False
UNET_MTL_MASK_GUIDED,10,patient068,patient068_case01,IBC,IBC_patient045_0076.jpg,2,1.0,moderate_50_to_75,146,101,0.8706896551724138,0.6917808219178082,0.6917808219178082,0.6273291925465838,1,False
UNET_MTL_MASK_GUIDED,10,patient068,patient068_case01,IBC,IBC_patient045_0077.jpg,1,,off_target_fp,35,0,0.0,0.0,0.0,0.0,0,False
UNET_MTL_MASK_GUIDED,10,patient068,patient068_case01,IBC,IBC_patient045_0077.jpg,2,1.0,moderate_50_to_75,86,78,0.6964285714285714,0.9069767441860465,0.6964285714285714,0.65,1,False
UNET_MTL_MASK_GUIDED,10,patient076,patient076_case01,IBC,IBC_patient049_0027.jpg,1,1.0,strong_75_plus,219,205,0.8401639344262295,0.9360730593607306,0.8401639344262295,0.7945736434108527,1,False
UNET_MTL_MASK_GUIDED,10,patient076,patient076_case01,IBC,IBC_patient049_0028.jpg,1,1.0,strong_75_plus,491,475,0.9064885496183206,0.9674134419551935,0.9064885496183206,0.8796296296296297,1,False
UNET_MTL_MASK_GUIDED,10,patient076,patient076_case01,IBC,IBC_patient049_0029.jpg,1,1.0,strong_75_plus,566,496,0.9393939393939394,0.8763250883392226,0.8763250883392226,0.8294314381270903,1,False
UNET_MTL_MASK_GUIDED,10,patient076,patient076_case01,IBC,IBC_patient049_0030.jpg,1,1.0,strong_75_plus,406,353,0.7741228070175439,0.8694581280788177,0.7741228070175439,0.693516699410609,1,False
UNET_MTL_MASK_GUIDED,10,patient076,patient076_case01,IBC,IBC_patient049_0031.jpg,1,,off_target_fp,33,0,0.0,0.0,0.0,0.0,0,False
UNET_MTL_MASK_GUIDED,10,patient076,patient076_case01,IBC,IBC_patient049_0031.jpg,2,1.0,strong_75_plus,373,329,0.8657894736842106,0.8820375335120644,0.8657894736842106,0.7759433962264151,1,False
UNET_MTL_MASK_GUIDED,10,patient076,patient076_case01,IBC,IBC_patient049_0031.jpg,3,,off_target_fp,277,0,0.0,0.0,0.0,0.0,0,False
UNET_MTL_MASK_GUIDED,10,patient076,patient076_case01,IBC,IBC_patient049_0032.jpg,1,1.0,strong_75_plus,330,278,0.8373493975903614,0.8424242424242424,0.8373493975903614,0.7239583333333334,1,False
UNET_MTL_MASK_GUIDED,10,patient076,patient076_case01,IBC,IBC_patient049_0032.jpg,2,,off_target_fp,118,0,0.0,0.0,0.0,0.0,0,False
UNET_MTL_MASK_GUIDED,10,patient076,patient076_case01,IBC,IBC_patient049_0032.jpg,3,,off_target_fp,101,0,0.0,0.0,0.0,0.0,0,False
UNET_MTL_MASK_GUIDED,10,patient076,patient076_case01,IBC,IBC_patient049_0032.jpg,4,,off_target_fp,277,0,0.0,0.0,0.0,0.0,0,False
UNET_MTL_MASK_GUIDED,10,patient076,patient076_case01,IBC,IBC_patient049_0033.jpg,1,,off_target_fp,17,0,0.0,0.0,0.0,0.0,0,False
UNET_MTL_MASK_GUIDED,10,patient076,patient076_case01,IBC,IBC_patient049_0033.jpg,2,1.0,moderate_50_to_75,271,236,0.6483516483516484,0.8708487084870848,0.6483516483516484,0.5914786967418546,1,False
UNET_MTL_MASK_GUIDED,10,patient076,patient076_case01,IBC,IBC_patient049_0033.jpg,3,,off_target_fp,114,0,0.0,0.0,0.0,0.0,0,False
UNET_MTL_MASK_GUIDED,10,patient076,patient076_case01,IBC,IBC_patient049_0033.jpg,4,,off_target_fp,137,0,0.0,0.0,0.0,0.0,0,False
UNET_MTL_MASK_GUIDED,10,patient076,patient076_case01,IBC,IBC_patient049_0033.jpg,5,,off_target_fp,45,0,0.0,0.0,0.0,0.0,0,False
UNET_MTL_MASK_GUIDED,10,patient076,patient076_case01,IBC,IBC_patient049_0034.jpg,1,,off_target_fp,79,0,0.0,0.0,0.0,0.0,0,False
UNET_MTL_MASK_GUIDED,10,patient076,patient076_case01,IBC,IBC_patient049_0034.jpg,2,,off_target_fp,189,0,0.0,0.0,0.0,0.0,0,False
UNET_MTL_MASK_GUIDED,10,patient076,patient076_case01,IBC,IBC_patient049_0034.jpg,3,1.0,low_25_to_50,138,121,0.4653846153846154,0.8768115942028986,0.4653846153846154,0.4368231046931408,1,False
UNET_MTL_MASK_GUIDED,10,patient076,patient076_case01,IBC,IBC_patient049_0034.jpg,4,,off_target_fp,172,0,0.0,0.0,0.0,0.0,0,False
UNET_MTL_MASK_GUIDED,10,patient076,patient076_case01,IBC,IBC_patient049_0034.jpg,5,,off_target_fp,69,0,0.0,0.0,0.0,0.0,0,False
UNET_MTL_MASK_GUIDED,10,patient076,patient076_case01,IBC,IBC_patient049_0034.jpg,6,,off_target_fp,25,0,0.0,0.0,0.0,0.0,0,False
UNET_MTL_MASK_GUIDED,10,patient076,patient076_case01,IBC,IBC_patient049_0035.jpg,1,,off_target_fp,107,0,0.0,0.0,0.0,0.0,0,False
UNET_MTL_MASK_GUIDED,10,patient076,patient076_case01,IBC,IBC_patient049_0035.jpg,2,,off_target_fp,130,0,0.0,0.0,0.0,0.0,0,False
UNET_MTL_MASK_GUIDED,10,patient076,patient076_case01,IBC,IBC_patient049_0035.jpg,3,,off_target_fp,214,0,0.0,0.0,0.0,0.0,0,False
UNET_MTL_MASK_GUIDED,10,patient076,patient076_case01,IBC,IBC_patient049_0035.jpg,4,,off_target_fp,43,0,0.0,0.0,0.0,0.0,0,False
UNET_MTL_MASK_GUIDED,10,patient076,patient076_case01,IBC,IBC_patient049_0035.jpg,5,,off_target_fp,22,0,0.0,0.0,0.0,0.0,0,False
UNET_MTL_MASK_GUIDED,10,patient076,patient076_case01,IBC,IBC_patient049_0035.jpg,6,,off_target_fp,60,0,0.0,0.0,0.0,0.0,0,False
UNET_MTL_MASK_GUIDED,10,patient081,patient081_case01,IBC,IBC_patient051_0058.jpg,1,,off_target_fp,94,0,0.0,0.0,0.0,0.0,0,False
UNET_MTL_MASK_GUIDED,10,patient081,patient081_case01,IBC,IBC_patient051_0058.jpg,2,,off_target_fp,25,0,0.0,0.0,0.0,0.0,0,False
UNET_MTL_MASK_GUIDED,10,patient081,patient081_case01,IBC,IBC_patient051_0058.jpg,3,,off_target_fp,44,0,0.0,0.0,0.0,0.0,0,False
UNET_MTL_MASK_GUIDED,10,patient081,patient081_case01,IBC,IBC_patient051_0058.jpg,4,,off_target_fp,18,0,0.0,0.0,0.0,0.0,0,False
UNET_MTL_MASK_GUIDED,10,patient081,patient081_case01,IBC,IBC_patient051_0059.jpg,1,,off_target_fp,38,0,0.0,0.0,0.0,0.0,0,False
UNET_MTL_MASK_GUIDED,10,patient081,patient081_case01,IBC,IBC_patient051_0059.jpg,2,1.0,low_25_to_50,244,98,0.9074074074074074,0.4016393442622951,0.4016393442622951,0.3858267716535433,1,False
UNET_MTL_MASK_GUIDED,10,patient081,patient081_case01,IBC,IBC_patient051_0059.jpg,3,,off_target_fp,48,0,0.0,0.0,0.0,0.0,0,False
UNET_MTL_MASK_GUIDED,10,patient081,patient081_case01,IBC,IBC_patient051_0059.jpg,4,,off_target_fp,12,0,0.0,0.0,0.0,0.0,0,False
UNET_MTL_MASK_GUIDED,10,patient081,patient081_case01,IBC,IBC_patient051_0059.jpg,5,,off_target_fp,76,0,0.0,0.0,0.0,0.0,0,False
UNET_MTL_MASK_GUIDED,10,patient081,patient081_case01,IBC,IBC_patient051_0060.jpg,1,,off_target_fp,261,0,0.0,0.0,0.0,0.0,0,False
UNET_MTL_MASK_GUIDED,10,patient081,patient081_case01,IBC,IBC_patient051_0060.jpg,2,1.0,moderate_50_to_75,242,139,0.9652777777777778,0.5743801652892562,0.5743801652892562,0.562753036437247,1,False
UNET_MTL_MASK_GUIDED,10,patient081,patient081_case01,IBC,IBC_patient051_0060.jpg,3,,off_target_fp,67,0,0.0,0.0,0.0,0.0,0,False
UNET_MTL_MASK_GUIDED,10,patient081,patient081_case01,IBC,IBC_patient051_0061.jpg,1,,off_target_fp,101,0,0.0,0.0,0.0,0.0,0,False
UNET_MTL_MASK_GUIDED,10,patient081,patient081_case01,IBC,IBC_patient051_0061.jpg,2,,off_target_fp,324,0,0.0,0.0,0.0,0.0,0,False
UNET_MTL_MASK_GUIDED,10,patient081,patient081_case01,IBC,IBC_patient051_0061.jpg,3,1.0,moderate_50_to_75,183,131,0.9924242424242424,0.7158469945355191,0.7158469945355191,0.7119565217391305,1,False
UNET_MTL_MASK_GUIDED,10,patient081,patient081_case01,IBC,IBC_patient051_0061.jpg,4,,off_target_fp,82,0,0.0,0.0,0.0,0.0,0,False
UNET_MTL_MASK_GUIDED,10,patient081,patient081_case01,IBC,IBC_patient051_0062.jpg,1,,off_target_fp,131,0,0.0,0.0,0.0,0.0,0,False
UNET_MTL_MASK_GUIDED,10,patient081,patient081_case01,IBC,IBC_patient051_0062.jpg,2,,off_target_fp,110,0,0.0,0.0,0.0,0.0,0,False
UNET_MTL_MASK_GUIDED,10,patient081,patient081_case01,IBC,IBC_patient051_0062.jpg,3,1.0,strong_75_plus,125,95,0.95,0.76,0.76,0.7307692307692307,1,False
UNET_MTL_MASK_GUIDED,10,patient081,patient081_case01,IBC,IBC_patient051_0062.jpg,4,,off_target_fp,49,0,0.0,0.0,0.0,0.0,0,False
UNET_MTL_MASK_GUIDED,10,patient081,patient081_case01,IBC,IBC_patient051_0063.jpg,1,,off_target_fp,100,0,0.0,0.0,0.0,0.0,0,False
UNET_MTL_MASK_GUIDED,10,patient081,patient081_case01,IBC,IBC_patient051_0063.jpg,2,,off_target_fp,82,0,0.0,0.0,0.0,0.0,0,False
UNET_MTL_MASK_GUIDED,10,patient081,patient081_case01,IBC,IBC_patient051_0063.jpg,3,,off_target_fp,15,0,0.0,0.0,0.0,0.0,0,False
UNET_MTL_MASK_GUIDED,10,patient081,patient081_case01,IBC,IBC_patient051_0063.jpg,4,,off_target_fp,67,0,0.0,0.0,0.0,0.0,0,False
UNET_MTL_MASK_GUIDED,10,patient081,patient081_case01,IBC,IBC_patient051_0063.jpg,5,,off_target_fp,30,0,0.0,0.0,0.0,0.0,0,False
UNET_MTL_MASK_GUIDED,10,patient090,patient090_case01,IGM,IGM_patient055_0057.jpg,1,1.0,strong_75_plus,387,346,0.9202127659574468,0.8940568475452196,0.8940568475452196,0.829736211031175,1,False
UNET_MTL_MASK_GUIDED,10,patient090,patient090_case01,IGM,IGM_patient055_0057.jpg,2,,off_target_fp,75,0,0.0,0.0,0.0,0.0,0,False
UNET_MTL_MASK_GUIDED,10,patient090,patient090_case01,IGM,IGM_patient055_0057.jpg,3,,off_target_fp,41,0,0.0,0.0,0.0,0.0,0,False
UNET_MTL_MASK_GUIDED,10,patient090,patient090_case01,IGM,IGM_patient055_0057.jpg,4,,off_target_fp,77,0,0.0,0.0,0.0,0.0,0,False
UNET_MTL_MASK_GUIDED,10,patient090,patient090_case01,IGM,IGM_patient055_0058.jpg,1,1.0,strong_75_plus,361,341,0.9069148936170213,0.9445983379501385,0.9069148936170213,0.8611111111111112,1,False
UNET_MTL_MASK_GUIDED,10,patient090,patient090_case01,IGM,IGM_patient055_0058.jpg,2,,off_target_fp,85,0,0.0,0.0,0.0,0.0,0,False
UNET_MTL_MASK_GUIDED,10,patient090,patient090_case01,IGM,IGM_patient055_0058.jpg,3,,off_target_fp,33,0,0.0,0.0,0.0,0.0,0,False
UNET_MTL_MASK_GUIDED,10,patient090,patient090_case01,IGM,IGM_patient055_0058.jpg,4,,off_target_fp,41,0,0.0,0.0,0.0,0.0,0,False
UNET_MTL_MASK_GUIDED,10,patient090,patient090_case01,IGM,IGM_patient055_0058.jpg,5,,off_target_fp,73,0,0.0,0.0,0.0,0.0,0,False
UNET_MTL_MASK_GUIDED,10,patient090,patient090_case01,IGM,IGM_patient055_0059.jpg,1,1.0,strong_75_plus,342,306,0.8793103448275862,0.8947368421052632,0.8793103448275862,0.796875,1,False
UNET_MTL_MASK_GUIDED,10,patient090,patient090_case01,IGM,IGM_patient055_0059.jpg,2,,off_target_fp,56,0,0.0,0.0,0.0,0.0,0,False
UNET_MTL_MASK_GUIDED,10,patient090,patient090_case01,IGM,IGM_patient055_0059.jpg,3,,off_target_fp,137,0,0.0,0.0,0.0,0.0,0,False
UNET_MTL_MASK_GUIDED,10,patient090,patient090_case01,IGM,IGM_patient055_0059.jpg,4,,off_target_fp,41,0,0.0,0.0,0.0,0.0,0,False
UNET_MTL_MASK_GUIDED,10,patient090,patient090_case01,IGM,IGM_patient055_0059.jpg,5,,off_target_fp,52,0,0.0,0.0,0.0,0.0,0,False
UNET_MTL_MASK_GUIDED,10,patient090,patient090_case01,IGM,IGM_patient055_0059.jpg,6,,off_target_fp,40,0,0.0,0.0,0.0,0.0,0,False
UNET_MTL_MASK_GUIDED,10,patient090,patient090_case01,IGM,IGM_patient055_0060.jpg,1,1.0,strong_75_plus,300,281,0.8264705882352941,0.9366666666666666,0.8264705882352941,0.7827298050139275,1,False
UNET_MTL_MASK_GUIDED,10,patient090,patient090_case01,IGM,IGM_patient055_0060.jpg,2,,off_target_fp,138,0,0.0,0.0,0.0,0.0,0,False
UNET_MTL_MASK_GUIDED,10,patient090,patient090_case01,IGM,IGM_patient055_0060.jpg,3,,off_target_fp,32,0,0.0,0.0,0.0,0.0,0,False
UNET_MTL_MASK_GUIDED,10,patient090,patient090_case01,IGM,IGM_patient055_0061.jpg,1,1.0,strong_75_plus,278,271,0.8914473684210527,0.9748201438848921,0.8914473684210527,0.8713826366559485,1,False
UNET_MTL_MASK_GUIDED,10,patient090,patient090_case01,IGM,IGM_patient055_0061.jpg,2,,off_target_fp,182,0,0.0,0.0,0.0,0.0,0,False
UNET_MTL_MASK_GUIDED,10,patient090,patient090_case01,IGM,IGM_patient055_0061.jpg,3,,off_target_fp,28,0,0.0,0.0,0.0,0.0,0,False
UNET_MTL_MASK_GUIDED,10,patient090,patient090_case01,IGM,IGM_patient055_0062.jpg,1,1.0,moderate_50_to_75,193,184,0.6865671641791045,0.9533678756476683,0.6865671641791045,0.6642599277978339,1,False
UNET_MTL_MASK_GUIDED,10,patient090,patient090_case01,IGM,IGM_patient055_0062.jpg,2,,off_target_fp,48,0,0.0,0.0,0.0,0.0,0,False
UNET_MTL_MASK_GUIDED,10,patient090,patient090_case01,IGM,IGM_patient055_0062.jpg,3,,off_target_fp,180,0,0.0,0.0,0.0,0.0,0,False
UNET_MTL_MASK_GUIDED,10,patient090,patient090_case01,IGM,IGM_patient055_0062.jpg,4,,off_target_fp,25,0,0.0,0.0,0.0,0.0,0,False
UNET_MTL_MASK_GUIDED,10,patient090,patient090_case01,IGM,IGM_patient055_0063.jpg,1,,off_target_fp,147,0,0.0,0.0,0.0,0.0,0,False
UNET_MTL_MASK_GUIDED,10,patient090,patient090_case01,IGM,IGM_patient055_0063.jpg,2,,off_target_fp,108,0,0.0,0.0,0.0,0.0,0,False
UNET_MTL_MASK_GUIDED,10,patient090,patient090_case01,IGM,IGM_patient055_0064.jpg,1,1.0,partial_below_25,16,16,0.12903225806451613,1.0,0.12903225806451613,0.12903225806451613,1,False
UNET_MTL_MASK_GUIDED,10,patient090,patient090_case01,IGM,IGM_patient055_0064.jpg,2,,off_target_fp,93,0,0.0,0.0,0.0,0.0,0,False
UNET_MTL_MASK_GUIDED,10,patient090,patient090_case01,IGM,IGM_patient055_0064.jpg,3,,off_target_fp,148,0,0.0,0.0,0.0,0.0,0,False
UNET_MTL_MASK_GUIDED,10,patient090,patient090_case01,IGM,IGM_patient055_0064.jpg,4,,off_target_fp,26,0,0.0,0.0,0.0,0.0,0,False
UNET_MTL_MASK_GUIDED,10,patient090,patient090_case01,IGM,IGM_patient055_0065.jpg,1,1.0,strong_75_plus,154,143,0.89375,0.9285714285714286,0.89375,0.8362573099415205,1,False
UNET_MTL_MASK_GUIDED,10,patient090,patient090_case01,IGM,IGM_patient055_0065.jpg,2,,off_target_fp,18,0,0.0,0.0,0.0,0.0,0,False
UNET_MTL_MASK_GUIDED,10,patient090,patient090_case01,IGM,IGM_patient055_0065.jpg,3,,off_target_fp,81,0,0.0,0.0,0.0,0.0,0,False
UNET_MTL_MASK_GUIDED,10,patient090,patient090_case01,IGM,IGM_patient055_0065.jpg,4,,off_target_fp,13,0,0.0,0.0,0.0,0.0,0,False
UNET_MTL_MASK_GUIDED,10,patient090,patient090_case01,IGM,IGM_patient055_0065.jpg,5,,off_target_fp,127,0,0.0,0.0,0.0,0.0,0,False
UNET_MTL_MASK_GUIDED,10,patient090,patient090_case01,IGM,IGM_patient055_0065.jpg,6,,off_target_fp,81,0,0.0,0.0,0.0,0.0,0,False
UNET_MTL_MASK_GUIDED,10,patient090,patient090_case01,IGM,IGM_patient055_0066.jpg,1,1.0,strong_75_plus,206,187,0.8990384615384616,0.9077669902912622,0.8990384615384616,0.8237885462555066,1,False
UNET_MTL_MASK_GUIDED,10,patient090,patient090_case01,IGM,IGM_patient055_0066.jpg,2,,off_target_fp,63,0,0.0,0.0,0.0,0.0,0,False
UNET_MTL_MASK_GUIDED,10,patient090,patient090_case01,IGM,IGM_patient055_0066.jpg,3,,off_target_fp,157,0,0.0,0.0,0.0,0.0,0,False
UNET_MTL_MASK_GUIDED,10,patient090,patient090_case01,IGM,IGM_patient055_0066.jpg,4,,off_target_fp,22,0,0.0,0.0,0.0,0.0,0,False
UNET_MTL_MASK_GUIDED,10,patient090,patient090_case01,IGM,IGM_patient055_0066.jpg,5,,off_target_fp,20,0,0.0,0.0,0.0,0.0,0,False
UNET_MTL_MASK_GUIDED,10,patient090,patient090_case01,IGM,IGM_patient055_0067.jpg,1,1.0,strong_75_plus,199,181,0.923469387755102,0.9095477386934674,0.9095477386934674,0.8457943925233645,1,False
UNET_MTL_MASK_GUIDED,10,patient090,patient090_case01,IGM,IGM_patient055_0067.jpg,2,,off_target_fp,37,0,0.0,0.0,0.0,0.0,0,False
UNET_MTL_MASK_GUIDED,10,patient090,patient090_case01,IGM,IGM_patient055_0067.jpg,3,,off_target_fp,35,0,0.0,0.0,0.0,0.0,0,False
UNET_MTL_MASK_GUIDED,10,patient090,patient090_case01,IGM,IGM_patient055_0067.jpg,4,,off_target_fp,66,0,0.0,0.0,0.0,0.0,0,False
UNET_MTL_MASK_GUIDED,10,patient090,patient090_case01,IGM,IGM_patient055_0067.jpg,5,,off_target_fp,73,0,0.0,0.0,0.0,0.0,0,False
UNET_MTL_MASK_GUIDED,10,patient090,patient090_case01,IGM,IGM_patient055_0068.jpg,1,1.0,strong_75_plus,198,167,0.9488636363636364,0.8434343434343434,0.8434343434343434,0.8067632850241546,1,False
UNET_MTL_MASK_GUIDED,10,patient090,patient090_case01,IGM,IGM_patient055_0068.jpg,2,,off_target_fp,155,0,0.0,0.0,0.0,0.0,0,False
UNET_MTL_MASK_GUIDED,10,patient090,patient090_case01,IGM,IGM_patient055_0068.jpg,3,,off_target_fp,22,0,0.0,0.0,0.0,0.0,0,False
UNET_MTL_MASK_GUIDED,10,patient090,patient090_case01,IGM,IGM_patient055_0068.jpg,4,,off_target_fp,34,0,0.0,0.0,0.0,0.0,0,False
UNET_MTL_MASK_GUIDED,10,patient090,patient090_case01,IGM,IGM_patient055_0069.jpg,1,1.0,strong_75_plus,147,123,0.9318181818181818,0.8367346938775511,0.8367346938775511,0.7884615384615384,1,False
UNET_MTL_MASK_GUIDED,10,patient090,patient090_case01,IGM,IGM_patient055_0069.jpg,2,,off_target_fp,186,0,0.0,0.0,0.0,0.0,0,False
UNET_MTL_MASK_GUIDED,10,patient090,patient090_case01,IGM,IGM_patient055_0070.jpg,1,,off_target_fp,150,0,0.0,0.0,0.0,0.0,0,False
UNET_MTL_MASK_GUIDED,10,patient090,patient090_case01,IGM,IGM_patient055_0071.jpg,1,1.0,strong_75_plus,169,155,0.7908163265306123,0.9171597633136095,0.7908163265306123,0.7380952380952381,1,False
UNET_MTL_MASK_GUIDED,10,patient090,patient090_case01,IGM,IGM_patient055_0071.jpg,2,,off_target_fp,71,0,0.0,0.0,0.0,0.0,0,False
UNET_MTL_MASK_GUIDED,10,patient090,patient090_case01,IGM,IGM_patient055_0071.jpg,3,,off_target_fp,154,0,0.0,0.0,0.0,0.0,0,False
UNET_MTL_MASK_GUIDED,10,patient090,patient090_case01,IGM,IGM_patient055_0072.jpg,1,,off_target_fp,21,0,0.0,0.0,0.0,0.0,0,False
UNET_MTL_MASK_GUIDED,10,patient090,patient090_case01,IGM,IGM_patient055_0072.jpg,2,1.0,moderate_50_to_75,197,167,0.6958333333333333,0.8477157360406091,0.6958333333333333,0.6185185185185185,1,False
UNET_MTL_MASK_GUIDED,10,patient090,patient090_case01,IGM,IGM_patient055_0072.jpg,3,,off_target_fp,188,0,0.0,0.0,0.0,0.0,0,False
UNET_MTL_MASK_GUIDED,10,patient090,patient090_case01,IGM,IGM_patient055_0072.jpg,4,,off_target_fp,61,0,0.0,0.0,0.0,0.0,0,False
UNET_MTL_MASK_GUIDED,10,patient090,patient090_case01,IGM,IGM_patient055_0073.jpg,1,1.0,strong_75_plus,225,217,0.8097014925373134,0.9644444444444444,0.8097014925373134,0.7862318840579711,1,False
UNET_MTL_MASK_GUIDED,10,patient090,patient090_case01,IGM,IGM_patient055_0073.jpg,2,,off_target_fp,40,0,0.0,0.0,0.0,0.0,0,False
UNET_MTL_MASK_GUIDED,10,patient090,patient090_case01,IGM,IGM_patient055_0073.jpg,3,,off_target_fp,282,0,0.0,0.0,0.0,0.0,0,False
UNET_MTL_MASK_GUIDED,10,patient090,patient090_case01,IGM,IGM_patient055_0074.jpg,1,,off_target_fp,331,0,0.0,0.0,0.0,0.0,0,False
UNET_MTL_MASK_GUIDED,10,patient090,patient090_case01,IGM,IGM_patient055_0075.jpg,1,,off_target_fp,108,0,0.0,0.0,0.0,0.0,0,False
UNET_MTL_MASK_GUIDED,10,patient090,patient090_case01,IGM,IGM_patient055_0075.jpg,2,,off_target_fp,250,0,0.0,0.0,0.0,0.0,0,False
UNET_MTL_MASK_GUIDED,10,patient090,patient090_case01,IGM,IGM_patient055_0076.jpg,1,,off_target_fp,146,0,0.0,0.0,0.0,0.0,0,False
UNET_MTL_MASK_GUIDED,10,patient090,patient090_case01,IGM,IGM_patient055_0077.jpg,1,,off_target_fp,22,0,0.0,0.0,0.0,0.0,0,False
UNET_MTL_MASK_GUIDED,25,patient004,patient004_case01,IBC,IBC_patient011_0078.jpg,1,,off_target_fp,35,0,0.0,0.0,0.0,0.0,0,False
UNET_MTL_MASK_GUIDED,25,patient004,patient004_case01,IBC,IBC_patient011_0078.jpg,2,,off_target_fp,50,0,0.0,0.0,0.0,0.0,0,False
UNET_MTL_MASK_GUIDED,25,patient004,patient004_case01,IBC,IBC_patient011_0079.jpg,1,,off_target_fp,36,0,0.0,0.0,0.0,0.0,0,False
UNET_MTL_MASK_GUIDED,25,patient004,patient004_case01,IBC,IBC_patient011_0080.jpg,1,,off_target_fp,59,0,0.0,0.0,0.0,0.0,0,False
UNET_MTL_MASK_GUIDED,25,patient004,patient004_case01,IBC,IBC_patient011_0082.jpg,1,,off_target_fp,60,0,0.0,0.0,0.0,0.0,0,False
UNET_MTL_MASK_GUIDED,25,patient004,patient004_case01,IBC,IBC_patient011_0082.jpg,2,,off_target_fp,135,0,0.0,0.0,0.0,0.0,0,False
UNET_MTL_MASK_GUIDED,25,patient004,patient004_case01,IBC,IBC_patient011_0083.jpg,1,,off_target_fp,319,0,0.0,0.0,0.0,0.0,0,False
UNET_MTL_MASK_GUIDED,25,patient004,patient004_case01,IBC,IBC_patient011_0083.jpg,2,,off_target_fp,88,0,0.0,0.0,0.0,0.0,0,False
UNET_MTL_MASK_GUIDED,25,patient004,patient004_case01,IBC,IBC_patient011_0083.jpg,3,,off_target_fp,233,0,0.0,0.0,0.0,0.0,0,False
UNET_MTL_MASK_GUIDED,25,patient004,patient004_case01,IBC,IBC_patient011_0084.jpg,1,,off_target_fp,452,0,0.0,0.0,0.0,0.0,0,False
UNET_MTL_MASK_GUIDED,25,patient004,patient004_case01,IBC,IBC_patient011_0084.jpg,2,,off_target_fp,69,0,0.0,0.0,0.0,0.0,0,False
UNET_MTL_MASK_GUIDED,25,patient004,patient004_case01,IBC,IBC_patient011_0084.jpg,3,,off_target_fp,86,0,0.0,0.0,0.0,0.0,0,False
UNET_MTL_MASK_GUIDED,25,patient004,patient004_case01,IBC,IBC_patient011_0084.jpg,4,,off_target_fp,33,0,0.0,0.0,0.0,0.0,0,False
UNET_MTL_MASK_GUIDED,25,patient004,patient004_case01,IBC,IBC_patient011_0084.jpg,5,,off_target_fp,77,0,0.0,0.0,0.0,0.0,0,False
UNET_MTL_MASK_GUIDED,25,patient004,patient004_case01,IBC,IBC_patient011_0084.jpg,6,,off_target_fp,116,0,0.0,0.0,0.0,0.0,0,False
UNET_MTL_MASK_GUIDED,25,patient004,patient004_case01,IBC,IBC_patient011_0085.jpg,1,,off_target_fp,433,0,0.0,0.0,0.0,0.0,0,False
UNET_MTL_MASK_GUIDED,25,patient004,patient004_case01,IBC,IBC_patient011_0085.jpg,2,,off_target_fp,122,0,0.0,0.0,0.0,0.0,0,False
UNET_MTL_MASK_GUIDED,25,patient004,patient004_case01,IBC,IBC_patient011_0085.jpg,3,,off_target_fp,148,0,0.0,0.0,0.0,0.0,0,False
UNET_MTL_MASK_GUIDED,25,patient004,patient004_case01,IBC,IBC_patient011_0085.jpg,4,,off_target_fp,73,0,0.0,0.0,0.0,0.0,0,False
UNET_MTL_MASK_GUIDED,25,patient004,patient004_case01,IBC,IBC_patient011_0086.jpg,1,,off_target_fp,454,0,0.0,0.0,0.0,0.0,0,False
UNET_MTL_MASK_GUIDED,25,patient004,patient004_case01,IBC,IBC_patient011_0086.jpg,2,,off_target_fp,43,0,0.0,0.0,0.0,0.0,0,False
UNET_MTL_MASK_GUIDED,25,patient004,patient004_case01,IBC,IBC_patient011_0086.jpg,3,,off_target_fp,139,0,0.0,0.0,0.0,0.0,0,False
UNET_MTL_MASK_GUIDED,25,patient004,patient004_case01,IBC,IBC_patient011_0086.jpg,4,,off_target_fp,47,0,0.0,0.0,0.0,0.0,0,False
UNET_MTL_MASK_GUIDED,25,patient004,patient004_case01,IBC,IBC_patient011_0087.jpg,1,,off_target_fp,141,0,0.0,0.0,0.0,0.0,0,False
UNET_MTL_MASK_GUIDED,25,patient004,patient004_case01,IBC,IBC_patient011_0087.jpg,2,,off_target_fp,129,0,0.0,0.0,0.0,0.0,0,False
UNET_MTL_MASK_GUIDED,25,patient004,patient004_case01,IBC,IBC_patient011_0087.jpg,3,,off_target_fp,48,0,0.0,0.0,0.0,0.0,0,False
UNET_MTL_MASK_GUIDED,25,patient004,patient004_case01,IBC,IBC_patient011_0087.jpg,4,,off_target_fp,309,0,0.0,0.0,0.0,0.0,0,False
UNET_MTL_MASK_GUIDED,25,patient004,patient004_case01,IBC,IBC_patient011_0088.jpg,1,,off_target_fp,148,0,0.0,0.0,0.0,0.0,0,False
UNET_MTL_MASK_GUIDED,25,patient004,patient004_case01,IBC,IBC_patient011_0088.jpg,2,,off_target_fp,652,0,0.0,0.0,0.0,0.0,0,False
UNET_MTL_MASK_GUIDED,25,patient004,patient004_case01,IBC,IBC_patient011_0089.jpg,1,,off_target_fp,413,0,0.0,0.0,0.0,0.0,0,False
UNET_MTL_MASK_GUIDED,25,patient004,patient004_case01,IBC,IBC_patient011_0089.jpg,2,,off_target_fp,127,0,0.0,0.0,0.0,0.0,0,False
UNET_MTL_MASK_GUIDED,25,patient004,patient004_case01,IBC,IBC_patient011_0089.jpg,3,,off_target_fp,660,0,0.0,0.0,0.0,0.0,0,False
UNET_MTL_MASK_GUIDED,25,patient004,patient004_case01,IBC,IBC_patient011_0090.jpg,1,,off_target_fp,525,0,0.0,0.0,0.0,0.0,0,False
UNET_MTL_MASK_GUIDED,25,patient004,patient004_case01,IBC,IBC_patient011_0090.jpg,2,,off_target_fp,164,0,0.0,0.0,0.0,0.0,0,False
UNET_MTL_MASK_GUIDED,25,patient004,patient004_case01,IBC,IBC_patient011_0090.jpg,3,,off_target_fp,593,0,0.0,0.0,0.0,0.0,0,False
UNET_MTL_MASK_GUIDED,25,patient004,patient004_case01,IBC,IBC_patient011_0091.jpg,1,,off_target_fp,395,0,0.0,0.0,0.0,0.0,0,False
UNET_MTL_MASK_GUIDED,25,patient004,patient004_case01,IBC,IBC_patient011_0091.jpg,2,,off_target_fp,51,0,0.0,0.0,0.0,0.0,0,False
UNET_MTL_MASK_GUIDED,25,patient004,patient004_case01,IBC,IBC_patient011_0091.jpg,3,,off_target_fp,325,0,0.0,0.0,0.0,0.0,0,False
UNET_MTL_MASK_GUIDED,25,patient004,patient004_case01,IBC,IBC_patient011_0092.jpg,1,,off_target_fp,90,0,0.0,0.0,0.0,0.0,0,False
UNET_MTL_MASK_GUIDED,25,patient004,patient004_case01,IBC,IBC_patient011_0092.jpg,2,,off_target_fp,168,0,0.0,0.0,0.0,0.0,0,False
UNET_MTL_MASK_GUIDED,25,patient004,patient004_case01,IBC,IBC_patient011_0093.jpg,1,,off_target_fp,199,0,0.0,0.0,0.0,0.0,0,False
UNET_MTL_MASK_GUIDED,25,patient004,patient004_case01,IBC,IBC_patient011_0094.jpg,1,,off_target_fp,248,0,0.0,0.0,0.0,0.0,0,False
UNET_MTL_MASK_GUIDED,25,patient004,patient004_case01,IBC,IBC_patient011_0094.jpg,2,,off_target_fp,42,0,0.0,0.0,0.0,0.0,0,False
UNET_MTL_MASK_GUIDED,25,patient004,patient004_case01,IBC,IBC_patient011_0095.jpg,1,,off_target_fp,200,0,0.0,0.0,0.0,0.0,0,False
UNET_MTL_MASK_GUIDED,25,patient005,patient005_case01,IGM,IGM_patient011_0059.jpg,1,,off_target_fp,58,0,0.0,0.0,0.0,0.0,0,False
UNET_MTL_MASK_GUIDED,25,patient005,patient005_case01,IGM,IGM_patient011_0059.jpg,2,,off_target_fp,58,0,0.0,0.0,0.0,0.0,0,False
UNET_MTL_MASK_GUIDED,25,patient005,patient005_case01,IGM,IGM_patient011_0060.jpg,1,,off_target_fp,34,0,0.0,0.0,0.0,0.0,0,False
UNET_MTL_MASK_GUIDED,25,patient005,patient005_case01,IGM,IGM_patient011_0060.jpg,2,,off_target_fp,139,0,0.0,0.0,0.0,0.0,0,False
UNET_MTL_MASK_GUIDED,25,patient005,patient005_case01,IGM,IGM_patient011_0060.jpg,3,,off_target_fp,142,0,0.0,0.0,0.0,0.0,0,False
UNET_MTL_MASK_GUIDED,25,patient005,patient005_case01,IGM,IGM_patient011_0060.jpg,4,1.0,strong_75_plus,98,82,0.8541666666666666,0.8367346938775511,0.8367346938775511,0.7321428571428571,1,False
UNET_MTL_MASK_GUIDED,25,patient005,patient005_case01,IGM,IGM_patient011_0061.jpg,1,,off_target_fp,25,0,0.0,0.0,0.0,0.0,0,False
UNET_MTL_MASK_GUIDED,25,patient005,patient005_case01,IGM,IGM_patient011_0061.jpg,2,1.0,moderate_50_to_75,98,84,0.65625,0.8571428571428571,0.65625,0.5915492957746479,1,False
UNET_MTL_MASK_GUIDED,25,patient005,patient005_case01,IGM,IGM_patient011_0062.jpg,1,1.0,low_25_to_50,54,46,0.42592592592592593,0.8518518518518519,0.42592592592592593,0.39655172413793105,1,False
UNET_MTL_MASK_GUIDED,25,patient005,patient005_case01,IGM,IGM_patient011_0063.jpg,1,,off_target_fp,66,0,0.0,0.0,0.0,0.0,0,False
UNET_MTL_MASK_GUIDED,25,patient005,patient005_case01,IGM,IGM_patient011_0065.jpg,1,1.0,moderate_50_to_75,47,41,0.5694444444444444,0.8723404255319149,0.5694444444444444,0.5256410256410257,1,False
UNET_MTL_MASK_GUIDED,25,patient005,patient005_case01,IGM,IGM_patient011_0066.jpg,1,,off_target_fp,90,0,0.0,0.0,0.0,0.0,0,False
UNET_MTL_MASK_GUIDED,25,patient015,patient015_case01,IGM,IGM_patient016_0051.jpg,1,1.0,strong_75_plus,98,83,0.8645833333333334,0.8469387755102041,0.8469387755102041,0.7477477477477478,1,False
UNET_MTL_MASK_GUIDED,25,patient015,patient015_case01,IGM,IGM_patient016_0052.jpg,1,,off_target_fp,106,0,0.0,0.0,0.0,0.0,0,False
UNET_MTL_MASK_GUIDED,25,patient015,patient015_case01,IGM,IGM_patient016_0052.jpg,2,1.0,moderate_50_to_75,197,124,0.9393939393939394,0.6294416243654822,0.6294416243654822,0.6048780487804878,1,False
UNET_MTL_MASK_GUIDED,25,patient015,patient015_case01,IGM,IGM_patient016_0053.jpg,1,1.0,strong_75_plus,215,172,0.7818181818181819,0.8,0.7818181818181819,0.6539923954372624,1,False
UNET_MTL_MASK_GUIDED,25,patient015,patient015_case01,IGM,IGM_patient016_0054.jpg,1,1.0,moderate_50_to_75,314,213,0.9342105263157895,0.678343949044586,0.678343949044586,0.6474164133738601,1,False
UNET_MTL_MASK_GUIDED,25,patient015,patient015_case01,IGM,IGM_patient016_0055.jpg,1,,off_target_fp,36,0,0.0,0.0,0.0,0.0,0,False
UNET_MTL_MASK_GUIDED,25,patient015,patient015_case01,IGM,IGM_patient016_0055.jpg,2,1.0,moderate_50_to_75,244,166,0.9651162790697675,0.680327868852459,0.680327868852459,0.664,1,False
UNET_MTL_MASK_GUIDED,25,patient015,patient015_case01,IGM,IGM_patient016_0056.jpg,1,1.0,strong_75_plus,182,146,0.9358974358974359,0.8021978021978022,0.8021978021978022,0.7604166666666666,1,False
UNET_MTL_MASK_GUIDED,25,patient015,patient015_case01,IGM,IGM_patient016_0057.jpg,1,1.0,strong_75_plus,76,76,0.7916666666666666,1.0,0.7916666666666666,0.7916666666666666,1,False
UNET_MTL_MASK_GUIDED,25,patient015,patient015_case01,IGM,IGM_patient016_0057.jpg,2,,off_target_fp,45,0,0.0,0.0,0.0,0.0,0,False
UNET_MTL_MASK_GUIDED,25,patient017,patient017_case01,IGM,IGM_patient017_0054.jpg,1,,off_target_fp,56,0,0.0,0.0,0.0,0.0,0,False
UNET_MTL_MASK_GUIDED,25,patient017,patient017_case01,IGM,IGM_patient017_0056.jpg,1,1.0,moderate_50_to_75,137,92,0.7931034482758621,0.6715328467153284,0.6715328467153284,0.5714285714285714,1,False
UNET_MTL_MASK_GUIDED,25,patient017,patient017_case01,IGM,IGM_patient017_0057.jpg,1,,off_target_fp,34,0,0.0,0.0,0.0,0.0,0,False
UNET_MTL_MASK_GUIDED,25,patient017,patient017_case01,IGM,IGM_patient017_0057.jpg,2,1.0,moderate_50_to_75,130,96,0.7272727272727273,0.7384615384615385,0.7272727272727273,0.5783132530120482,1,False
UNET_MTL_MASK_GUIDED,25,patient017,patient017_case01,IGM,IGM_patient017_0058.jpg,1,,off_target_fp,66,0,0.0,0.0,0.0,0.0,0,False
UNET_MTL_MASK_GUIDED,25,patient017,patient017_case01,IGM,IGM_patient017_0058.jpg,2,1.0,low_25_to_50,124,74,0.4868421052631579,0.5967741935483871,0.4868421052631579,0.36633663366336633,1,False
UNET_MTL_MASK_GUIDED,25,patient017,patient017_case01,IGM,IGM_patient017_0059.jpg,1,,off_target_fp,38,0,0.0,0.0,0.0,0.0,0,False
UNET_MTL_MASK_GUIDED,25,patient017,patient017_case01,IGM,IGM_patient017_0059.jpg,2,,off_target_fp,189,0,0.0,0.0,0.0,0.0,0,False
UNET_MTL_MASK_GUIDED,25,patient017,patient017_case01,IGM,IGM_patient017_0059.jpg,3,1.0,low_25_to_50,87,56,0.4,0.6436781609195402,0.4,0.32748538011695905,1,False
UNET_MTL_MASK_GUIDED,25,patient017,patient017_case01,IGM,IGM_patient017_0059.jpg,4,,off_target_fp,59,0,0.0,0.0,0.0,0.0,0,False
UNET_MTL_MASK_GUIDED,25,patient017,patient017_case01,IGM,IGM_patient017_0060.jpg,1,,off_target_fp,76,0,0.0,0.0,0.0,0.0,0,False
UNET_MTL_MASK_GUIDED,25,patient017,patient017_case01,IGM,IGM_patient017_0060.jpg,2,1.0,low_25_to_50,107,90,0.2777777777777778,0.8411214953271028,0.2777777777777778,0.26392961876832843,1,False
UNET_MTL_MASK_GUIDED,25,patient017,patient017_case01,IGM,IGM_patient017_0061.jpg,1,1.0,moderate_50_to_75,115,90,0.5921052631578947,0.782608695652174,0.5921052631578947,0.5084745762711864,1,False
UNET_MTL_MASK_GUIDED,25,patient017,patient017_case01,IGM,IGM_patient017_0062.jpg,1,1.0,low_25_to_50,113,110,0.3525641025641026,0.9734513274336283,0.3525641025641026,0.3492063492063492,1,False
UNET_MTL_MASK_GUIDED,25,patient017,patient017_case01,IGM,IGM_patient017_0063.jpg,1,1.0,partial_below_25,55,53,0.1948529411764706,0.9636363636363636,0.1948529411764706,0.19343065693430658,1,False
UNET_MTL_MASK_GUIDED,25,patient017,patient017_case01,IGM,IGM_patient017_0065.jpg,1,,off_target_fp,99,0,0.0,0.0,0.0,0.0,0,False
UNET_MTL_MASK_GUIDED,25,patient017,patient017_case01,IGM,IGM_patient017_0065.jpg,2,,off_target_fp,240,0,0.0,0.0,0.0,0.0,0,False
UNET_MTL_MASK_GUIDED,25,patient017,patient017_case01,IGM,IGM_patient017_0065.jpg,3,1.0,low_25_to_50,51,46,0.25555555555555554,0.9019607843137255,0.25555555555555554,0.24864864864864866,1,False
UNET_MTL_MASK_GUIDED,25,patient017,patient017_case01,IGM,IGM_patient017_0066.jpg,1,,off_target_fp,98,0,0.0,0.0,0.0,0.0,0,False
UNET_MTL_MASK_GUIDED,25,patient017,patient017_case01,IGM,IGM_patient017_0066.jpg,2,,off_target_fp,326,0,0.0,0.0,0.0,0.0,0,False
UNET_MTL_MASK_GUIDED,25,patient017,patient017_case01,IGM,IGM_patient017_0066.jpg,3,1.0,low_25_to_50,66,49,0.3828125,0.7424242424242424,0.3828125,0.33793103448275863,1,False
UNET_MTL_MASK_GUIDED,25,patient017,patient017_case01,IGM,IGM_patient017_0067.jpg,1,,off_target_fp,130,0,0.0,0.0,0.0,0.0,0,False
UNET_MTL_MASK_GUIDED,25,patient017,patient017_case01,IGM,IGM_patient017_0067.jpg,2,,off_target_fp,313,0,0.0,0.0,0.0,0.0,0,False
UNET_MTL_MASK_GUIDED,25,patient017,patient017_case01,IGM,IGM_patient017_0067.jpg,3,,off_target_fp,403,0,0.0,0.0,0.0,0.0,0,False
UNET_MTL_MASK_GUIDED,25,patient017,patient017_case01,IGM,IGM_patient017_0067.jpg,4,1.0,low_25_to_50,70,60,0.42857142857142855,0.8571428571428571,0.42857142857142855,0.4,1,False
UNET_MTL_MASK_GUIDED,25,patient018,patient018_case01,IBC,IBC_patient018_0057.jpg,1,1.0,moderate_50_to_75,220,207,0.6234939759036144,0.9409090909090909,0.6234939759036144,0.6,1,False
UNET_MTL_MASK_GUIDED,25,patient018,patient018_case01,IBC,IBC_patient018_0058.jpg,1,1.0,strong_75_plus,386,369,0.8386363636363636,0.9559585492227979,0.8386363636363636,0.8074398249452954,1,False
UNET_MTL_MASK_GUIDED,25,patient018,patient018_case01,IBC,IBC_patient018_0059.jpg,1,1.0,strong_75_plus,420,394,0.8640350877192983,0.9380952380952381,0.8640350877192983,0.8174273858921162,1,False
UNET_MTL_MASK_GUIDED,25,patient018,patient018_case01,IBC,IBC_patient018_0060.jpg,1,1.0,strong_75_plus,423,370,0.9736842105263158,0.8747044917257684,0.8747044917257684,0.8545034642032333,1,False
UNET_MTL_MASK_GUIDED,25,patient018,patient018_case01,IBC,IBC_patient018_0061.jpg,1,,off_target_fp,132,0,0.0,0.0,0.0,0.0,0,False
UNET_MTL_MASK_GUIDED,25,patient018,patient018_case01,IBC,IBC_patient018_0061.jpg,2,1.0,strong_75_plus,420,375,0.9765625,0.8928571428571429,0.8928571428571429,0.8741258741258742,1,False
UNET_MTL_MASK_GUIDED,25,patient018,patient018_case01,IBC,IBC_patient018_0062.jpg,1,,off_target_fp,126,0,0.0,0.0,0.0,0.0,0,False
UNET_MTL_MASK_GUIDED,25,patient018,patient018_case01,IBC,IBC_patient018_0062.jpg,2,1.0,strong_75_plus,385,317,0.8805555555555555,0.8233766233766234,0.8233766233766234,0.7406542056074766,1,False
UNET_MTL_MASK_GUIDED,25,patient018,patient018_case01,IBC,IBC_patient018_0063.jpg,1,1.0,moderate_50_to_75,447,235,0.8901515151515151,0.5257270693512305,0.5257270693512305,0.49369747899159666,1,False
UNET_MTL_MASK_GUIDED,25,patient018,patient018_case01,IBC,IBC_patient018_0064.jpg,1,1.0,low_25_to_50,298,125,0.8445945945945946,0.41946308724832215,0.41946308724832215,0.3894080996884735,1,False
UNET_MTL_MASK_GUIDED,25,patient018,patient018_case01,IBC,IBC_patient018_0064.jpg,2,,off_target_fp,80,0,0.0,0.0,0.0,0.0,0,False
UNET_MTL_MASK_GUIDED,25,patient018,patient018_case01,IBC,IBC_patient018_0064.jpg,3,,off_target_fp,26,0,0.0,0.0,0.0,0.0,0,False
UNET_MTL_MASK_GUIDED,25,patient103,patient103_case01,IGM,IGM_patient019_0053.jpg,1,,off_target_fp,354,0,0.0,0.0,0.0,0.0,0,False
UNET_MTL_MASK_GUIDED,25,patient103,patient103_case01,IGM,IGM_patient019_0053.jpg,2,,off_target_fp,80,0,0.0,0.0,0.0,0.0,0,False
UNET_MTL_MASK_GUIDED,25,patient103,patient103_case01,IGM,IGM_patient019_0053.jpg,3,,off_target_fp,54,0,0.0,0.0,0.0,0.0,0,False
UNET_MTL_MASK_GUIDED,25,patient103,patient103_case01,IGM,IGM_patient019_0053.jpg,4,1.0,moderate_50_to_75,89,89,0.6357142857142857,1.0,0.6357142857142857,0.6357142857142857,1,False
UNET_MTL_MASK_GUIDED,25,patient103,patient103_case01,IGM,IGM_patient019_0053.jpg,5,,off_target_fp,72,0,0.0,0.0,0.0,0.0,0,False
UNET_MTL_MASK_GUIDED,25,patient103,patient103_case01,IGM,IGM_patient019_0054.jpg,1,,off_target_fp,321,0,0.0,0.0,0.0,0.0,0,False
UNET_MTL_MASK_GUIDED,25,patient103,patient103_case01,IGM,IGM_patient019_0054.jpg,2,1.0,strong_75_plus,204,153,0.9329268292682927,0.75,0.75,0.7116279069767442,1,False
UNET_MTL_MASK_GUIDED,25,patient103,patient103_case01,IGM,IGM_patient019_0055.jpg,1,,off_target_fp,27,0,0.0,0.0,0.0,0.0,0,False
UNET_MTL_MASK_GUIDED,25,patient103,patient103_case01,IGM,IGM_patient019_0055.jpg,2,,off_target_fp,253,0,0.0,0.0,0.0,0.0,0,False
UNET_MTL_MASK_GUIDED,25,patient103,patient103_case01,IGM,IGM_patient019_0055.jpg,3,1.0,strong_75_plus,271,238,0.9444444444444444,0.8782287822878229,0.8782287822878229,0.8350877192982457,1,False
UNET_MTL_MASK_GUIDED,25,patient103,patient103_case01,IGM,IGM_patient019_0056.jpg,1,,off_target_fp,26,0,0.0,0.0,0.0,0.0,0,False
UNET_MTL_MASK_GUIDED,25,patient103,patient103_case01,IGM,IGM_patient019_0056.jpg,2,,off_target_fp,95,0,0.0,0.0,0.0,0.0,0,False
UNET_MTL_MASK_GUIDED,25,patient103,patient103_case01,IGM,IGM_patient019_0056.jpg,3,1.0,strong_75_plus,242,193,0.9846938775510204,0.7975206611570248,0.7975206611570248,0.7877551020408163,1,False
UNET_MTL_MASK_GUIDED,25,patient103,patient103_case01,IGM,IGM_patient019_0057.jpg,1,,off_target_fp,108,0,0.0,0.0,0.0,0.0,0,False
UNET_MTL_MASK_GUIDED,25,patient103,patient103_case01,IGM,IGM_patient019_0057.jpg,2,,off_target_fp,87,0,0.0,0.0,0.0,0.0,0,False
UNET_MTL_MASK_GUIDED,25,patient103,patient103_case01,IGM,IGM_patient019_0057.jpg,3,1.0,strong_75_plus,170,156,0.8478260869565217,0.9176470588235294,0.8478260869565217,0.7878787878787878,1,False
UNET_MTL_MASK_GUIDED,25,patient039,patient039_case01,IBC,IBC_patient002_0117.jpg,1,1.0,strong_75_plus,642,497,0.8568965517241379,0.7741433021806854,0.7741433021806854,0.6855172413793104,1,False
UNET_MTL_MASK_GUIDED,25,patient039,patient039_case01,IBC,IBC_patient002_0118.jpg,1,1.0,moderate_50_to_75,887,570,0.9895833333333334,0.6426155580608793,0.6426155580608793,0.6382978723404256,1,False
UNET_MTL_MASK_GUIDED,25,patient039,patient039_case01,IBC,IBC_patient002_0119.jpg,1,1.0,moderate_50_to_75,985,683,0.9757142857142858,0.6934010152284263,0.6934010152284263,0.6816367265469062,1,False
UNET_MTL_MASK_GUIDED,25,patient039,patient039_case01,IBC,IBC_patient002_0120.jpg,1,1.0,moderate_50_to_75,1097,776,0.9651741293532339,0.707383773928897,0.707383773928897,0.6897777777777778,1,False
UNET_MTL_MASK_GUIDED,25,patient039,patient039_case01,IBC,IBC_patient002_0121.jpg,1,1.0,strong_75_plus,1208,954,0.9774590163934426,0.7897350993377483,0.7897350993377483,0.775609756097561,1,False
UNET_MTL_MASK_GUIDED,25,patient039,patient039_case01,IBC,IBC_patient002_0122.jpg,1,1.0,strong_75_plus,1289,1071,0.9807692307692307,0.8308766485647789,0.8308766485647789,0.8175572519083969,1,False
UNET_MTL_MASK_GUIDED,25,patient039,patient039_case01,IBC,IBC_patient002_0123.jpg,1,1.0,strong_75_plus,1366,1183,0.9728618421052632,0.8660322108345534,0.8660322108345534,0.8456040028591851,1,False
UNET_MTL_MASK_GUIDED,25,patient039,patient039_case01,IBC,IBC_patient002_0124.jpg,1,1.0,strong_75_plus,1407,1241,0.9665109034267912,0.8820184790334044,0.8820184790334044,0.8558620689655172,1,False
UNET_MTL_MASK_GUIDED,25,patient039,patient039_case01,IBC,IBC_patient002_0125.jpg,1,1.0,strong_75_plus,1421,1256,0.9631901840490797,0.8838845883180858,0.8838845883180858,0.85500340367597,1,False
UNET_MTL_MASK_GUIDED,25,patient039,patient039_case01,IBC,IBC_patient002_0126.jpg,1,1.0,strong_75_plus,1406,1244,0.9367469879518072,0.8847795163584637,0.8847795163584637,0.8348993288590604,1,False
UNET_MTL_MASK_GUIDED,25,patient039,patient039_case01,IBC,IBC_patient002_0127.jpg,1,1.0,strong_75_plus,1427,1286,0.915954415954416,0.9011913104414856,0.9011913104414856,0.8323624595469256,1,False
UNET_MTL_MASK_GUIDED,25,patient039,patient039_case01,IBC,IBC_patient002_0128.jpg,1,1.0,strong_75_plus,1403,1270,0.9283625730994152,0.9052031361368497,0.9052031361368497,0.8461025982678214,1,False
UNET_MTL_MASK_GUIDED,25,patient039,patient039_case01,IBC,IBC_patient002_0129.jpg,1,1.0,strong_75_plus,1426,1262,0.9306784660766961,0.884992987377279,0.884992987377279,0.8302631578947368,1,False
UNET_MTL_MASK_GUIDED,25,patient039,patient039_case01,IBC,IBC_patient002_0130.jpg,1,1.0,strong_75_plus,1463,1293,0.9795454545454545,0.8838004101161996,0.8838004101161996,0.8677852348993289,1,False
UNET_MTL_MASK_GUIDED,25,patient039,patient039_case01,IBC,IBC_patient002_0131.jpg,1,1.0,strong_75_plus,1470,1240,0.9967845659163987,0.8435374149659864,0.8435374149659864,0.841248303934871,1,False
UNET_MTL_MASK_GUIDED,25,patient039,patient039_case01,IBC,IBC_patient002_0132.jpg,1,1.0,strong_75_plus,1428,1206,0.9820846905537459,0.8445378151260504,0.8445378151260504,0.8317241379310345,1,False
UNET_MTL_MASK_GUIDED,25,patient039,patient039_case01,IBC,IBC_patient002_0133.jpg,1,1.0,strong_75_plus,1358,1221,0.9752396166134185,0.8991163475699558,0.8991163475699558,0.8790496760259179,1,False
UNET_MTL_MASK_GUIDED,25,patient039,patient039_case01,IBC,IBC_patient002_0134.jpg,1,1.0,strong_75_plus,1279,1199,0.9546178343949044,0.9374511336982018,0.9374511336982018,0.8974550898203593,1,False
UNET_MTL_MASK_GUIDED,25,patient039,patient039_case01,IBC,IBC_patient002_0135.jpg,1,1.0,strong_75_plus,1194,1109,0.9241666666666667,0.9288107202680067,0.9241666666666667,0.863035019455253,1,False
UNET_MTL_MASK_GUIDED,25,patient039,patient039_case01,IBC,IBC_patient002_0136.jpg,1,1.0,strong_75_plus,1113,909,0.9548319327731093,0.816711590296496,0.816711590296496,0.7863321799307958,1,False
UNET_MTL_MASK_GUIDED,25,patient039,patient039_case01,IBC,IBC_patient002_0137.jpg,1,1.0,strong_75_plus,1026,877,0.9658590308370044,0.854775828460039,0.854775828460039,0.8297067171239356,1,False
UNET_MTL_MASK_GUIDED,25,patient039,patient039_case01,IBC,IBC_patient002_0138.jpg,1,1.0,strong_75_plus,922,804,0.9305555555555556,0.8720173535791758,0.8720173535791758,0.8187372708757638,1,False
UNET_MTL_MASK_GUIDED,25,patient039,patient039_case01,IBC,IBC_patient002_0139.jpg,1,1.0,strong_75_plus,779,762,0.8819444444444444,0.9781771501925546,0.8819444444444444,0.8649262202043133,1,False
UNET_MTL_MASK_GUIDED,25,patient039,patient039_case01,IBC,IBC_patient002_0140.jpg,1,1.0,strong_75_plus,590,553,0.7855113636363636,0.9372881355932203,0.7855113636363636,0.7462887989203779,1,False
UNET_MTL_MASK_GUIDED,25,patient039,patient039_case01,IBC,IBC_patient002_0141.jpg,1,1.0,moderate_50_to_75,370,348,0.6444444444444445,0.9405405405405406,0.6444444444444445,0.6192170818505338,1,False
UNET_MTL_MASK_GUIDED,25,patient039,patient039_case01,IBC,IBC_patient002_0142.jpg,1,1.0,low_25_to_50,198,109,0.44672131147540983,0.5505050505050505,0.44672131147540983,0.32732732732732733,1,False
UNET_MTL_MASK_GUIDED,25,patient039,patient039_case01,IBC,IBC_patient002_0143.jpg,1,1.0,low_25_to_50,27,27,0.32142857142857145,1.0,0.32142857142857145,0.32142857142857145,1,False
UNET_MTL_MASK_GUIDED,25,patient103,patient103_case02,IGM,IGM_patient020_0051.jpg,1,,off_target_fp,47,0,0.0,0.0,0.0,0.0,0,False
UNET_MTL_MASK_GUIDED,25,patient103,patient103_case02,IGM,IGM_patient020_0051.jpg,2,1.0,low_25_to_50,81,79,0.49375,0.9753086419753086,0.49375,0.4876543209876543,1,False
UNET_MTL_MASK_GUIDED,25,patient103,patient103_case02,IGM,IGM_patient020_0051.jpg,3,,off_target_fp,131,0,0.0,0.0,0.0,0.0,0,False
UNET_MTL_MASK_GUIDED,25,patient103,patient103_case02,IGM,IGM_patient020_0052.jpg,1,,off_target_fp,82,0,0.0,0.0,0.0,0.0,0,False
UNET_MTL_MASK_GUIDED,25,patient103,patient103_case02,IGM,IGM_patient020_0052.jpg,2,1.0,strong_75_plus,282,249,0.9431818181818182,0.8829787234042553,0.8829787234042553,0.8383838383838383,1,False
UNET_MTL_MASK_GUIDED,25,patient103,patient103_case02,IGM,IGM_patient020_0052.jpg,3,,off_target_fp,67,0,0.0,0.0,0.0,0.0,0,False
UNET_MTL_MASK_GUIDED,25,patient103,patient103_case02,IGM,IGM_patient020_0052.jpg,4,,off_target_fp,102,0,0.0,0.0,0.0,0.0,0,False
UNET_MTL_MASK_GUIDED,25,patient103,patient103_case02,IGM,IGM_patient020_0053.jpg,1,1.0,strong_75_plus,354,301,0.9772727272727273,0.8502824858757062,0.8502824858757062,0.8337950138504155,1,False
UNET_MTL_MASK_GUIDED,25,patient103,patient103_case02,IGM,IGM_patient020_0053.jpg,2,,off_target_fp,80,0,0.0,0.0,0.0,0.0,0,False
UNET_MTL_MASK_GUIDED,25,patient103,patient103_case02,IGM,IGM_patient020_0053.jpg,3,,off_target_fp,54,0,0.0,0.0,0.0,0.0,0,False
UNET_MTL_MASK_GUIDED,25,patient103,patient103_case02,IGM,IGM_patient020_0053.jpg,4,,off_target_fp,89,0,0.0,0.0,0.0,0.0,0,False
UNET_MTL_MASK_GUIDED,25,patient103,patient103_case02,IGM,IGM_patient020_0053.jpg,5,,off_target_fp,72,0,0.0,0.0,0.0,0.0,0,False
UNET_MTL_MASK_GUIDED,25,patient103,patient103_case02,IGM,IGM_patient020_0054.jpg,1,1.0,strong_75_plus,321,266,0.9779411764705882,0.8286604361370716,0.8286604361370716,0.8134556574923547,1,False
UNET_MTL_MASK_GUIDED,25,patient103,patient103_case02,IGM,IGM_patient020_0054.jpg,2,,off_target_fp,204,0,0.0,0.0,0.0,0.0,0,False
UNET_MTL_MASK_GUIDED,25,patient103,patient103_case02,IGM,IGM_patient020_0055.jpg,1,,off_target_fp,27,0,0.0,0.0,0.0,0.0,0,False
UNET_MTL_MASK_GUIDED,25,patient103,patient103_case02,IGM,IGM_patient020_0055.jpg,2,1.0,strong_75_plus,253,214,0.9553571428571429,0.8458498023715415,0.8458498023715415,0.8136882129277566,1,False
UNET_MTL_MASK_GUIDED,25,patient103,patient103_case02,IGM,IGM_patient020_0055.jpg,3,,off_target_fp,271,0,0.0,0.0,0.0,0.0,0,False
UNET_MTL_MASK_GUIDED,25,patient103,patient103_case02,IGM,IGM_patient020_0056.jpg,1,,off_target_fp,26,0,0.0,0.0,0.0,0.0,0,False
UNET_MTL_MASK_GUIDED,25,patient103,patient103_case02,IGM,IGM_patient020_0056.jpg,2,1.0,strong_75_plus,95,86,0.7962962962962963,0.9052631578947369,0.7962962962962963,0.7350427350427351,1,False
UNET_MTL_MASK_GUIDED,25,patient103,patient103_case02,IGM,IGM_patient020_0056.jpg,3,,off_target_fp,242,0,0.0,0.0,0.0,0.0,0,False
UNET_MTL_MASK_GUIDED,25,patient026,patient026_case01,IGM,IGM_patient022_0055.jpg,1,1.0,strong_75_plus,181,164,0.8913043478260869,0.9060773480662984,0.8913043478260869,0.8159203980099502,1,False
UNET_MTL_MASK_GUIDED,25,patient026,patient026_case01,IGM,IGM_patient022_0055.jpg,2,,off_target_fp,47,0,0.0,0.0,0.0,0.0,0,False
UNET_MTL_MASK_GUIDED,25,patient026,patient026_case01,IGM,IGM_patient022_0056.jpg,1,1.0,strong_75_plus,213,187,0.935,0.8779342723004695,0.8779342723004695,0.827433628318584,1,False
UNET_MTL_MASK_GUIDED,25,patient026,patient026_case01,IGM,IGM_patient022_0056.jpg,2,,off_target_fp,124,0,0.0,0.0,0.0,0.0,0,False
UNET_MTL_MASK_GUIDED,25,patient026,patient026_case01,IGM,IGM_patient022_0057.jpg,1,1.0,strong_75_plus,182,163,0.9055555555555556,0.8956043956043956,0.8956043956043956,0.8190954773869347,1,False
UNET_MTL_MASK_GUIDED,25,patient026,patient026_case01,IGM,IGM_patient022_0057.jpg,2,,off_target_fp,98,0,0.0,0.0,0.0,0.0,0,False
UNET_MTL_MASK_GUIDED,25,patient026,patient026_case01,IGM,IGM_patient022_0058.jpg,1,1.0,moderate_50_to_75,80,73,0.7019230769230769,0.9125,0.7019230769230769,0.6576576576576577,1,False
UNET_MTL_MASK_GUIDED,25,patient026,patient026_case01,IGM,IGM_patient022_0058.jpg,2,,off_target_fp,65,0,0.0,0.0,0.0,0.0,0,False
UNET_MTL_MASK_GUIDED,25,patient026,patient026_case01,IGM,IGM_patient022_0059.jpg,1,,off_target_fp,61,0,0.0,0.0,0.0,0.0,0,False
UNET_MTL_MASK_GUIDED,25,patient030,patient030_case01,IBC,IBC_patient025_0056.jpg,1,1.0,strong_75_plus,262,245,0.8166666666666667,0.9351145038167938,0.8166666666666667,0.7728706624605678,1,False
UNET_MTL_MASK_GUIDED,25,patient030,patient030_case01,IBC,IBC_patient025_0056.jpg,2,,off_target_fp,53,0,0.0,0.0,0.0,0.0,0,False
UNET_MTL_MASK_GUIDED,25,patient030,patient030_case01,IBC,IBC_patient025_0057.jpg,1,1.0,strong_75_plus,946,904,0.8158844765342961,0.9556025369978859,0.8158844765342961,0.7860869565217391,1,False
UNET_MTL_MASK_GUIDED,25,patient030,patient030_case01,IBC,IBC_patient025_0058.jpg,1,1.0,strong_75_plus,1205,1189,0.8742647058823529,0.9867219917012449,0.8742647058823529,0.8640988372093024,1,False
UNET_MTL_MASK_GUIDED,25,patient030,patient030_case01,IBC,IBC_patient025_0058.jpg,2,,off_target_fp,38,0,0.0,0.0,0.0,0.0,0,False
UNET_MTL_MASK_GUIDED,25,patient030,patient030_case01,IBC,IBC_patient025_0059.jpg,1,1.0,strong_75_plus,1290,1282,0.7817073170731708,0.993798449612403,0.7817073170731708,0.7779126213592233,1,False
UNET_MTL_MASK_GUIDED,25,patient030,patient030_case01,IBC,IBC_patient025_0060.jpg,1,1.0,strong_75_plus,1556,1540,0.8850574712643678,0.9897172236503856,0.8850574712643678,0.876993166287016,1,False
UNET_MTL_MASK_GUIDED,25,patient030,patient030_case01,IBC,IBC_patient025_0061.jpg,1,1.0,strong_75_plus,1588,1517,0.925,0.9552896725440806,0.925,0.8866160140268848,1,False
UNET_MTL_MASK_GUIDED,25,patient030,patient030_case01,IBC,IBC_patient025_0061.jpg,2,,off_target_fp,51,0,0.0,0.0,0.0,0.0,0,False
UNET_MTL_MASK_GUIDED,25,patient030,patient030_case01,IBC,IBC_patient025_0062.jpg,1,1.0,strong_75_plus,1471,1427,0.9242227979274611,0.9700883752549286,0.9242227979274611,0.8986146095717884,1,False
UNET_MTL_MASK_GUIDED,25,patient030,patient030_case01,IBC,IBC_patient025_0062.jpg,2,,off_target_fp,148,0,0.0,0.0,0.0,0.0,0,False
UNET_MTL_MASK_GUIDED,25,patient030,patient030_case01,IBC,IBC_patient025_0063.jpg,1,1.0,strong_75_plus,1349,1256,0.9373134328358209,0.9310600444773907,0.9310600444773907,0.8764829030006979,1,False
UNET_MTL_MASK_GUIDED,25,patient030,patient030_case01,IBC,IBC_patient025_0063.jpg,2,,off_target_fp,601,0,0.0,0.0,0.0,0.0,0,False
UNET_MTL_MASK_GUIDED,25,patient030,patient030_case01,IBC,IBC_patient025_0063.jpg,3,,off_target_fp,124,0,0.0,0.0,0.0,0.0,0,False
UNET_MTL_MASK_GUIDED,25,patient030,patient030_case01,IBC,IBC_patient025_0064.jpg,1,1.0,strong_75_plus,1050,984,0.8913043478260869,0.9371428571428572,0.8913043478260869,0.841025641025641,1,False
UNET_MTL_MASK_GUIDED,25,patient030,patient030_case01,IBC,IBC_patient025_0064.jpg,2,,off_target_fp,443,0,0.0,0.0,0.0,0.0,0,False
UNET_MTL_MASK_GUIDED,25,patient030,patient030_case01,IBC,IBC_patient025_0064.jpg,3,,off_target_fp,105,0,0.0,0.0,0.0,0.0,0,False
UNET_MTL_MASK_GUIDED,25,patient030,patient030_case01,IBC,IBC_patient025_0065.jpg,1,1.0,strong_75_plus,783,717,0.9689189189189189,0.9157088122605364,0.9157088122605364,0.8895781637717122,1,False
UNET_MTL_MASK_GUIDED,25,patient030,patient030_case01,IBC,IBC_patient025_0065.jpg,2,,off_target_fp,235,0,0.0,0.0,0.0,0.0,0,False
UNET_MTL_MASK_GUIDED,25,patient030,patient030_case01,IBC,IBC_patient025_0065.jpg,3,,off_target_fp,66,0,0.0,0.0,0.0,0.0,0,False
UNET_MTL_MASK_GUIDED,25,patient030,patient030_case01,IBC,IBC_patient025_0066.jpg,1,1.0,strong_75_plus,706,672,0.9032258064516129,0.9518413597733711,0.9032258064516129,0.8637532133676092,1,False
UNET_MTL_MASK_GUIDED,25,patient030,patient030_case01,IBC,IBC_patient025_0066.jpg,2,,off_target_fp,354,0,0.0,0.0,0.0,0.0,0,False
UNET_MTL_MASK_GUIDED,25,patient030,patient030_case01,IBC,IBC_patient025_0066.jpg,3,,off_target_fp,95,0,0.0,0.0,0.0,0.0,0,False
UNET_MTL_MASK_GUIDED,25,patient030,patient030_case01,IBC,IBC_patient025_0067.jpg,1,1.0,strong_75_plus,609,555,0.912828947368421,0.9113300492610837,0.9113300492610837,0.8383685800604229,1,False
UNET_MTL_MASK_GUIDED,25,patient030,patient030_case01,IBC,IBC_patient025_0068.jpg,1,1.0,strong_75_plus,518,463,0.9334677419354839,0.8938223938223938,0.8938223938223938,0.8402903811252269,1,False
UNET_MTL_MASK_GUIDED,25,patient030,patient030_case01,IBC,IBC_patient025_0069.jpg,1,,off_target_fp,39,0,0.0,0.0,0.0,0.0,0,False
UNET_MTL_MASK_GUIDED,25,patient030,patient030_case01,IBC,IBC_patient025_0069.jpg,2,1.0,moderate_50_to_75,109,108,0.6585365853658537,0.9908256880733946,0.6585365853658537,0.6545454545454545,1,False
UNET_MTL_MASK_GUIDED,25,patient033,patient033_case01,IBC,IBC_patient027_0056.jpg,1,1.0,moderate_50_to_75,39,36,0.6,0.9230769230769231,0.6,0.5714285714285714,1,False
UNET_MTL_MASK_GUIDED,25,patient033,patient033_case01,IBC,IBC_patient027_0057.jpg,1,1.0,strong_75_plus,199,167,0.9277777777777778,0.8391959798994975,0.8391959798994975,0.7877358490566038,1,False
UNET_MTL_MASK_GUIDED,25,patient033,patient033_case01,IBC,IBC_patient027_0058.jpg,1,1.0,strong_75_plus,325,248,0.9841269841269841,0.7630769230769231,0.7630769230769231,0.7537993920972644,1,False
UNET_MTL_MASK_GUIDED,25,patient033,patient033_case01,IBC,IBC_patient027_0059.jpg,1,1.0,strong_75_plus,386,315,0.984375,0.8160621761658031,0.8160621761658031,0.8056265984654731,1,False
UNET_MTL_MASK_GUIDED,25,patient033,patient033_case01,IBC,IBC_patient027_0060.jpg,1,1.0,moderate_50_to_75,434,322,0.9938271604938271,0.7419354838709677,0.7419354838709677,0.7385321100917431,1,False
UNET_MTL_MASK_GUIDED,25,patient033,patient033_case01,IBC,IBC_patient027_0061.jpg,1,1.0,moderate_50_to_75,402,296,0.9866666666666667,0.736318407960199,0.736318407960199,0.729064039408867,1,False
UNET_MTL_MASK_GUIDED,25,patient033,patient033_case01,IBC,IBC_patient027_0061.jpg,2,,off_target_fp,26,0,0.0,0.0,0.0,0.0,0,False
UNET_MTL_MASK_GUIDED,25,patient033,patient033_case01,IBC,IBC_patient027_0062.jpg,1,1.0,moderate_50_to_75,236,142,0.9861111111111112,0.6016949152542372,0.6016949152542372,0.5966386554621849,1,False
UNET_MTL_MASK_GUIDED,25,patient033,patient033_case01,IBC,IBC_patient027_0063.jpg,1,1.0,low_25_to_50,137,62,0.96875,0.45255474452554745,0.45255474452554745,0.4460431654676259,1,False
UNET_MTL_MASK_GUIDED,25,patient036,patient036_case01,IGM,IGM_patient029_0052.jpg,1,,off_target_fp,85,0,0.0,0.0,0.0,0.0,0,False
UNET_MTL_MASK_GUIDED,25,patient036,patient036_case01,IGM,IGM_patient029_0052.jpg,2,,off_target_fp,44,0,0.0,0.0,0.0,0.0,0,False
UNET_MTL_MASK_GUIDED,25,patient036,patient036_case01,IGM,IGM_patient029_0052.jpg,3,,off_target_fp,100,0,0.0,0.0,0.0,0.0,0,False
UNET_MTL_MASK_GUIDED,25,patient036,patient036_case01,IGM,IGM_patient029_0053.jpg,1,,off_target_fp,43,0,0.0,0.0,0.0,0.0,0,False
UNET_MTL_MASK_GUIDED,25,patient036,patient036_case01,IGM,IGM_patient029_0053.jpg,2,,off_target_fp,90,0,0.0,0.0,0.0,0.0,0,False
UNET_MTL_MASK_GUIDED,25,patient036,patient036_case01,IGM,IGM_patient029_0054.jpg,1,1.0,low_25_to_50,72,67,0.49264705882352944,0.9305555555555556,0.49264705882352944,0.475177304964539,1,False
UNET_MTL_MASK_GUIDED,25,patient036,patient036_case01,IGM,IGM_patient029_0055.jpg,1,1.0,strong_75_plus,113,99,0.7734375,0.8761061946902655,0.7734375,0.6971830985915493,1,False
UNET_MTL_MASK_GUIDED,25,patient058,patient058_case01,IBC,IBC_patient003_0151.jpg,1,1.0,moderate_50_to_75,654,428,0.9727272727272728,0.654434250764526,0.654434250764526,0.6426426426426426,1,False
UNET_MTL_MASK_GUIDED,25,patient058,patient058_case01,IBC,IBC_patient003_0151.jpg,2,,off_target_fp,52,0,0.0,0.0,0.0,0.0,0,False
UNET_MTL_MASK_GUIDED,25,patient058,patient058_case01,IBC,IBC_patient003_0151.jpg,3,,off_target_fp,33,0,0.0,0.0,0.0,0.0,0,False
UNET_MTL_MASK_GUIDED,25,patient058,patient058_case01,IBC,IBC_patient003_0152.jpg,1,1.0,strong_75_plus,735,595,0.7870370370370371,0.8095238095238095,0.7870370370370371,0.6640625,1,False
UNET_MTL_MASK_GUIDED,25,patient058,patient058_case01,IBC,IBC_patient003_0152.jpg,2,,off_target_fp,112,0,0.0,0.0,0.0,0.0,0,False
UNET_MTL_MASK_GUIDED,25,patient058,patient058_case01,IBC,IBC_patient003_0153.jpg,1,1.0,moderate_50_to_75,876,830,0.6231231231231231,0.9474885844748858,0.6231231231231231,0.602322206095791,1,False
UNET_MTL_MASK_GUIDED,25,patient058,patient058_case01,IBC,IBC_patient003_0153.jpg,2,,off_target_fp,137,0,0.0,0.0,0.0,0.0,0,False
UNET_MTL_MASK_GUIDED,25,patient058,patient058_case01,IBC,IBC_patient003_0154.jpg,1,1.0,moderate_50_to_75,924,811,0.5585399449035813,0.8777056277056277,0.5585399449035813,0.5182108626198083,1,False
UNET_MTL_MASK_GUIDED,25,patient058,patient058_case01,IBC,IBC_patient003_0154.jpg,2,,off_target_fp,133,0,0.0,0.0,0.0,0.0,0,False
UNET_MTL_MASK_GUIDED,25,patient058,patient058_case01,IBC,IBC_patient003_0155.jpg,1,1.0,moderate_50_to_75,916,886,0.535024154589372,0.9672489082969432,0.535024154589372,0.5255041518386714,1,False
UNET_MTL_MASK_GUIDED,25,patient058,patient058_case01,IBC,IBC_patient003_0155.jpg,2,,off_target_fp,44,0,0.0,0.0,0.0,0.0,0,False
UNET_MTL_MASK_GUIDED,25,patient058,patient058_case01,IBC,IBC_patient003_0156.jpg,1,1.0,moderate_50_to_75,1119,1033,0.623792270531401,0.9231456657730116,0.623792270531401,0.5929965556831228,1,False
UNET_MTL_MASK_GUIDED,25,patient058,patient058_case01,IBC,IBC_patient003_0157.jpg,1,1.0,moderate_50_to_75,1277,1019,0.585632183908046,0.79796397807361,0.585632183908046,0.51001001001001,1,False
UNET_MTL_MASK_GUIDED,25,patient058,patient058_case01,IBC,IBC_patient003_0158.jpg,1,1.0,moderate_50_to_75,1350,1081,0.5900655021834061,0.8007407407407408,0.5900655021834061,0.5145168967158495,1,False
UNET_MTL_MASK_GUIDED,25,patient058,patient058_case01,IBC,IBC_patient003_0159.jpg,1,1.0,moderate_50_to_75,1374,1115,0.5819415448851775,0.8114992721979621,0.5819415448851775,0.5126436781609195,1,False
UNET_MTL_MASK_GUIDED,25,patient058,patient058_case01,IBC,IBC_patient003_0160.jpg,1,1.0,moderate_50_to_75,1227,1065,0.5272277227722773,0.8679706601466992,0.5272277227722773,0.4880843263061412,1,False
UNET_MTL_MASK_GUIDED,25,patient058,patient058_case01,IBC,IBC_patient003_0160.jpg,2,,off_target_fp,63,0,0.0,0.0,0.0,0.0,0,False
UNET_MTL_MASK_GUIDED,25,patient058,patient058_case01,IBC,IBC_patient003_0161.jpg,1,1.0,low_25_to_50,874,761,0.3759881422924901,0.8707093821510298,0.3759881422924901,0.3561066916237716,1,False
UNET_MTL_MASK_GUIDED,25,patient058,patient058_case01,IBC,IBC_patient003_0161.jpg,2,,off_target_fp,134,0,0.0,0.0,0.0,0.0,0,False
UNET_MTL_MASK_GUIDED,25,patient058,patient058_case01,IBC,IBC_patient003_0162.jpg,1,1.0,partial_below_25,78,78,0.0380859375,1.0,0.0380859375,0.0380859375,1,False
UNET_MTL_MASK_GUIDED,25,patient058,patient058_case01,IBC,IBC_patient003_0162.jpg,2,,off_target_fp,145,0,0.0,0.0,0.0,0.0,0,False
UNET_MTL_MASK_GUIDED,25,patient058,patient058_case01,IBC,IBC_patient003_0163.jpg,1,,off_target_fp,170,0,0.0,0.0,0.0,0.0,0,False
UNET_MTL_MASK_GUIDED,25,patient058,patient058_case01,IBC,IBC_patient003_0164.jpg,1,,off_target_fp,155,0,0.0,0.0,0.0,0.0,0,False
UNET_MTL_MASK_GUIDED,25,patient058,patient058_case01,IBC,IBC_patient003_0165.jpg,1,,off_target_fp,111,0,0.0,0.0,0.0,0.0,0,False
UNET_MTL_MASK_GUIDED,25,patient058,patient058_case01,IBC,IBC_patient003_0166.jpg,1,,off_target_fp,71,0,0.0,0.0,0.0,0.0,0,False
UNET_MTL_MASK_GUIDED,25,patient058,patient058_case01,IBC,IBC_patient003_0169.jpg,1,1.0,partial_below_25,374,374,0.19893617021276597,1.0,0.19893617021276597,0.19893617021276597,1,False
UNET_MTL_MASK_GUIDED,25,patient058,patient058_case01,IBC,IBC_patient003_0170.jpg,1,1.0,partial_below_25,380,380,0.1903807615230461,1.0,0.1903807615230461,0.1903807615230461,1,False
UNET_MTL_MASK_GUIDED,25,patient041,patient041_case01,IGM,IGM_patient031_0054.jpg,1,1.0,strong_75_plus,205,180,0.9574468085106383,0.8780487804878049,0.8780487804878049,0.8450704225352113,1,False
UNET_MTL_MASK_GUIDED,25,patient041,patient041_case01,IGM,IGM_patient031_0055.jpg,1,1.0,strong_75_plus,271,256,0.8767123287671232,0.9446494464944649,0.8767123287671232,0.8338762214983714,1,False
UNET_MTL_MASK_GUIDED,25,patient041,patient041_case01,IGM,IGM_patient031_0056.jpg,1,1.0,moderate_50_to_75,180,164,0.6612903225806451,0.9111111111111111,0.6612903225806451,0.6212121212121212,1,False
UNET_MTL_MASK_GUIDED,25,patient041,patient041_case01,IGM,IGM_patient031_0057.jpg,1,1.0,moderate_50_to_75,195,183,0.6630434782608695,0.9384615384615385,0.6630434782608695,0.6354166666666666,1,False
UNET_MTL_MASK_GUIDED,25,patient041,patient041_case01,IGM,IGM_patient031_0058.jpg,1,1.0,moderate_50_to_75,185,178,0.6544117647058824,0.9621621621621622,0.6544117647058824,0.6379928315412187,1,False
UNET_MTL_MASK_GUIDED,25,patient041,patient041_case01,IGM,IGM_patient031_0058.jpg,2,,off_target_fp,144,0,0.0,0.0,0.0,0.0,0,False
UNET_MTL_MASK_GUIDED,25,patient041,patient041_case01,IGM,IGM_patient031_0058.jpg,3,,off_target_fp,53,0,0.0,0.0,0.0,0.0,0,False
UNET_MTL_MASK_GUIDED,25,patient047,patient047_case01,IBC,IBC_patient035_0130.jpg,1,1.0,low_25_to_50,157,153,0.48417721518987344,0.9745222929936306,0.48417721518987344,0.478125,1,False
UNET_MTL_MASK_GUIDED,25,patient047,patient047_case01,IBC,IBC_patient035_0131.jpg,1,1.0,strong_75_plus,316,295,0.8575581395348837,0.9335443037974683,0.8575581395348837,0.8082191780821918,1,False
UNET_MTL_MASK_GUIDED,25,patient047,patient047_case01,IBC,IBC_patient035_0132.jpg,1,1.0,strong_75_plus,359,324,0.9642857142857143,0.9025069637883009,0.9025069637883009,0.8733153638814016,1,False
UNET_MTL_MASK_GUIDED,25,patient047,patient047_case01,IBC,IBC_patient035_0132.jpg,2,,off_target_fp,30,0,0.0,0.0,0.0,0.0,0,False
UNET_MTL_MASK_GUIDED,25,patient047,patient047_case01,IBC,IBC_patient035_0133.jpg,1,1.0,strong_75_plus,392,366,0.8798076923076923,0.9336734693877551,0.8798076923076923,0.8280542986425339,1,False
UNET_MTL_MASK_GUIDED,25,patient047,patient047_case01,IBC,IBC_patient035_0133.jpg,2,,off_target_fp,103,0,0.0,0.0,0.0,0.0,0,False
UNET_MTL_MASK_GUIDED,25,patient047,patient047_case01,IBC,IBC_patient035_0134.jpg,1,1.0,strong_75_plus,417,369,0.9225,0.8848920863309353,0.8848920863309353,0.8236607142857143,1,False
UNET_MTL_MASK_GUIDED,25,patient047,patient047_case01,IBC,IBC_patient035_0134.jpg,2,,off_target_fp,195,0,0.0,0.0,0.0,0.0,0,False
UNET_MTL_MASK_GUIDED,25,patient047,patient047_case01,IBC,IBC_patient035_0135.jpg,1,,off_target_fp,52,0,0.0,0.0,0.0,0.0,0,False
UNET_MTL_MASK_GUIDED,25,patient047,patient047_case01,IBC,IBC_patient035_0135.jpg,2,1.0,strong_75_plus,415,365,0.9217171717171717,0.8795180722891566,0.8795180722891566,0.8183856502242153,1,False
UNET_MTL_MASK_GUIDED,25,patient047,patient047_case01,IBC,IBC_patient035_0135.jpg,3,,off_target_fp,205,0,0.0,0.0,0.0,0.0,0,False
UNET_MTL_MASK_GUIDED,25,patient047,patient047_case01,IBC,IBC_patient035_0136.jpg,1,,off_target_fp,126,0,0.0,0.0,0.0,0.0,0,False
UNET_MTL_MASK_GUIDED,25,patient047,patient047_case01,IBC,IBC_patient035_0136.jpg,2,1.0,strong_75_plus,391,325,0.9672619047619048,0.8312020460358056,0.8312020460358056,0.8084577114427861,1,False
UNET_MTL_MASK_GUIDED,25,patient047,patient047_case01,IBC,IBC_patient035_0136.jpg,3,,off_target_fp,219,0,0.0,0.0,0.0,0.0,0,False
UNET_MTL_MASK_GUIDED,25,patient047,patient047_case01,IBC,IBC_patient035_0137.jpg,1,,off_target_fp,36,0,0.0,0.0,0.0,0.0,0,False
UNET_MTL_MASK_GUIDED,25,patient047,patient047_case01,IBC,IBC_patient035_0137.jpg,2,1.0,strong_75_plus,346,285,0.9375,0.8236994219653179,0.8236994219653179,0.7808219178082192,1,False
UNET_MTL_MASK_GUIDED,25,patient047,patient047_case01,IBC,IBC_patient035_0137.jpg,3,,off_target_fp,211,0,0.0,0.0,0.0,0.0,0,False
UNET_MTL_MASK_GUIDED,25,patient047,patient047_case01,IBC,IBC_patient035_0138.jpg,1,1.0,strong_75_plus,274,231,0.8492647058823529,0.843065693430657,0.843065693430657,0.7333333333333333,1,False
UNET_MTL_MASK_GUIDED,25,patient047,patient047_case01,IBC,IBC_patient035_0138.jpg,2,,off_target_fp,96,0,0.0,0.0,0.0,0.0,0,False
UNET_MTL_MASK_GUIDED,25,patient047,patient047_case01,IBC,IBC_patient035_0139.jpg,1,1.0,strong_75_plus,217,185,0.8409090909090909,0.8525345622119815,0.8409090909090909,0.7341269841269841,1,False
UNET_MTL_MASK_GUIDED,25,patient047,patient047_case01,IBC,IBC_patient035_0140.jpg,1,1.0,moderate_50_to_75,100,90,0.6617647058823529,0.9,0.6617647058823529,0.6164383561643836,1,False
UNET_MTL_MASK_GUIDED,25,patient055,patient055_case01,IBC,IBC_patient039_0065.jpg,1,,off_target_fp,1184,0,0.0,0.0,0.0,0.0,0,False
UNET_MTL_MASK_GUIDED,25,patient055,patient055_case01,IBC,IBC_patient039_0065.jpg,2,,off_target_fp,30,0,0.0,0.0,0.0,0.0,0,False
UNET_MTL_MASK_GUIDED,25,patient055,patient055_case01,IBC,IBC_patient039_0065.jpg,3,,off_target_fp,186,0,0.0,0.0,0.0,0.0,0,False
UNET_MTL_MASK_GUIDED,25,patient055,patient055_case01,IBC,IBC_patient039_0065.jpg,4,,off_target_fp,124,0,0.0,0.0,0.0,0.0,0,False
UNET_MTL_MASK_GUIDED,25,patient055,patient055_case01,IBC,IBC_patient039_0065.jpg,5,,off_target_fp,130,0,0.0,0.0,0.0,0.0,0,False
UNET_MTL_MASK_GUIDED,25,patient055,patient055_case01,IBC,IBC_patient039_0066.jpg,1,,off_target_fp,973,0,0.0,0.0,0.0,0.0,0,False
UNET_MTL_MASK_GUIDED,25,patient055,patient055_case01,IBC,IBC_patient039_0066.jpg,2,,off_target_fp,270,0,0.0,0.0,0.0,0.0,0,False
UNET_MTL_MASK_GUIDED,25,patient055,patient055_case01,IBC,IBC_patient039_0066.jpg,3,,off_target_fp,116,0,0.0,0.0,0.0,0.0,0,False
UNET_MTL_MASK_GUIDED,25,patient055,patient055_case01,IBC,IBC_patient039_0067.jpg,1,,off_target_fp,334,0,0.0,0.0,0.0,0.0,0,False
UNET_MTL_MASK_GUIDED,25,patient055,patient055_case01,IBC,IBC_patient039_0067.jpg,2,,off_target_fp,494,0,0.0,0.0,0.0,0.0,0,False
UNET_MTL_MASK_GUIDED,25,patient055,patient055_case01,IBC,IBC_patient039_0068.jpg,1,,off_target_fp,331,0,0.0,0.0,0.0,0.0,0,False
UNET_MTL_MASK_GUIDED,25,patient055,patient055_case01,IBC,IBC_patient039_0068.jpg,2,,off_target_fp,337,0,0.0,0.0,0.0,0.0,0,False
UNET_MTL_MASK_GUIDED,25,patient055,patient055_case01,IBC,IBC_patient039_0068.jpg,3,,off_target_fp,128,0,0.0,0.0,0.0,0.0,0,False
UNET_MTL_MASK_GUIDED,25,patient055,patient055_case01,IBC,IBC_patient039_0068.jpg,4,,off_target_fp,32,0,0.0,0.0,0.0,0.0,0,False
UNET_MTL_MASK_GUIDED,25,patient055,patient055_case01,IBC,IBC_patient039_0069.jpg,1,,off_target_fp,114,0,0.0,0.0,0.0,0.0,0,False
UNET_MTL_MASK_GUIDED,25,patient055,patient055_case01,IBC,IBC_patient039_0069.jpg,2,,off_target_fp,197,0,0.0,0.0,0.0,0.0,0,False
UNET_MTL_MASK_GUIDED,25,patient055,patient055_case01,IBC,IBC_patient039_0069.jpg,3,,off_target_fp,214,0,0.0,0.0,0.0,0.0,0,False
UNET_MTL_MASK_GUIDED,25,patient055,patient055_case01,IBC,IBC_patient039_0069.jpg,4,,off_target_fp,244,0,0.0,0.0,0.0,0.0,0,False
UNET_MTL_MASK_GUIDED,25,patient055,patient055_case01,IBC,IBC_patient039_0069.jpg,5,,off_target_fp,244,0,0.0,0.0,0.0,0.0,0,False
UNET_MTL_MASK_GUIDED,25,patient055,patient055_case01,IBC,IBC_patient039_0070.jpg,1,,off_target_fp,332,0,0.0,0.0,0.0,0.0,0,False
UNET_MTL_MASK_GUIDED,25,patient055,patient055_case01,IBC,IBC_patient039_0070.jpg,2,,off_target_fp,110,0,0.0,0.0,0.0,0.0,0,False
UNET_MTL_MASK_GUIDED,25,patient055,patient055_case01,IBC,IBC_patient039_0070.jpg,3,,off_target_fp,30,0,0.0,0.0,0.0,0.0,0,False
UNET_MTL_MASK_GUIDED,25,patient055,patient055_case01,IBC,IBC_patient039_0070.jpg,4,,off_target_fp,348,0,0.0,0.0,0.0,0.0,0,False
UNET_MTL_MASK_GUIDED,25,patient055,patient055_case01,IBC,IBC_patient039_0070.jpg,5,,off_target_fp,279,0,0.0,0.0,0.0,0.0,0,False
UNET_MTL_MASK_GUIDED,25,patient055,patient055_case01,IBC,IBC_patient039_0071.jpg,1,,off_target_fp,458,0,0.0,0.0,0.0,0.0,0,False
UNET_MTL_MASK_GUIDED,25,patient055,patient055_case01,IBC,IBC_patient039_0071.jpg,2,,off_target_fp,184,0,0.0,0.0,0.0,0.0,0,False
UNET_MTL_MASK_GUIDED,25,patient055,patient055_case01,IBC,IBC_patient039_0071.jpg,3,,off_target_fp,228,0,0.0,0.0,0.0,0.0,0,False
UNET_MTL_MASK_GUIDED,25,patient055,patient055_case01,IBC,IBC_patient039_0072.jpg,1,,off_target_fp,589,0,0.0,0.0,0.0,0.0,0,False
UNET_MTL_MASK_GUIDED,25,patient055,patient055_case01,IBC,IBC_patient039_0072.jpg,2,,off_target_fp,210,0,0.0,0.0,0.0,0.0,0,False
UNET_MTL_MASK_GUIDED,25,patient055,patient055_case01,IBC,IBC_patient039_0073.jpg,1,,off_target_fp,552,0,0.0,0.0,0.0,0.0,0,False
UNET_MTL_MASK_GUIDED,25,patient055,patient055_case01,IBC,IBC_patient039_0073.jpg,2,,off_target_fp,61,0,0.0,0.0,0.0,0.0,0,False
UNET_MTL_MASK_GUIDED,25,patient055,patient055_case01,IBC,IBC_patient039_0073.jpg,3,,off_target_fp,65,0,0.0,0.0,0.0,0.0,0,False
UNET_MTL_MASK_GUIDED,25,patient055,patient055_case01,IBC,IBC_patient039_0073.jpg,4,,off_target_fp,195,0,0.0,0.0,0.0,0.0,0,False
UNET_MTL_MASK_GUIDED,25,patient055,patient055_case01,IBC,IBC_patient039_0074.jpg,1,,off_target_fp,381,0,0.0,0.0,0.0,0.0,0,False
UNET_MTL_MASK_GUIDED,25,patient055,patient055_case01,IBC,IBC_patient039_0074.jpg,2,,off_target_fp,94,0,0.0,0.0,0.0,0.0,0,False
UNET_MTL_MASK_GUIDED,25,patient059,patient059_case01,IBC,IBC_patient040_0059.jpg,1,,off_target_fp,125,0,0.0,0.0,0.0,0.0,0,False
UNET_MTL_MASK_GUIDED,25,patient059,patient059_case01,IBC,IBC_patient040_0060.jpg,1,1.0,strong_75_plus,118,91,0.875,0.7711864406779662,0.7711864406779662,0.6946564885496184,1,False
UNET_MTL_MASK_GUIDED,25,patient059,patient059_case01,IBC,IBC_patient040_0061.jpg,1,1.0,moderate_50_to_75,110,102,0.7083333333333334,0.9272727272727272,0.7083333333333334,0.6710526315789473,1,False
UNET_MTL_MASK_GUIDED,25,patient059,patient059_case01,IBC,IBC_patient040_0062.jpg,1,1.0,moderate_50_to_75,153,131,0.7119565217391305,0.8562091503267973,0.7119565217391305,0.6359223300970874,1,False
UNET_MTL_MASK_GUIDED,25,patient059,patient059_case01,IBC,IBC_patient040_0063.jpg,1,,off_target_fp,83,0,0.0,0.0,0.0,0.0,0,False
UNET_MTL_MASK_GUIDED,25,patient059,patient059_case01,IBC,IBC_patient040_0063.jpg,2,1.0,strong_75_plus,208,194,0.7698412698412699,0.9326923076923077,0.7698412698412699,0.7293233082706767,1,False
UNET_MTL_MASK_GUIDED,25,patient059,patient059_case01,IBC,IBC_patient040_0064.jpg,1,,off_target_fp,111,0,0.0,0.0,0.0,0.0,0,False
UNET_MTL_MASK_GUIDED,25,patient059,patient059_case01,IBC,IBC_patient040_0064.jpg,2,1.0,moderate_50_to_75,238,178,0.8557692307692307,0.7478991596638656,0.7478991596638656,0.664179104477612,1,False
UNET_MTL_MASK_GUIDED,25,patient059,patient059_case01,IBC,IBC_patient040_0065.jpg,1,,off_target_fp,117,0,0.0,0.0,0.0,0.0,0,False
UNET_MTL_MASK_GUIDED,25,patient059,patient059_case01,IBC,IBC_patient040_0065.jpg,2,1.0,strong_75_plus,262,231,0.8020833333333334,0.8816793893129771,0.8020833333333334,0.7241379310344828,1,False
UNET_MTL_MASK_GUIDED,25,patient059,patient059_case01,IBC,IBC_patient040_0066.jpg,1,1.0,strong_75_plus,318,257,0.9049295774647887,0.8081761006289309,0.8081761006289309,0.744927536231884,1,False
UNET_MTL_MASK_GUIDED,25,patient059,patient059_case01,IBC,IBC_patient040_0067.jpg,1,,off_target_fp,306,0,0.0,0.0,0.0,0.0,0,False
UNET_MTL_MASK_GUIDED,25,patient059,patient059_case01,IBC,IBC_patient040_0067.jpg,2,,off_target_fp,42,0,0.0,0.0,0.0,0.0,0,False
UNET_MTL_MASK_GUIDED,25,patient059,patient059_case01,IBC,IBC_patient040_0067.jpg,3,1.0,strong_75_plus,314,256,0.9411764705882353,0.8152866242038217,0.8152866242038217,0.7757575757575758,1,False
UNET_MTL_MASK_GUIDED,25,patient059,patient059_case01,IBC,IBC_patient040_0068.jpg,1,,off_target_fp,151,0,0.0,0.0,0.0,0.0,0,False
UNET_MTL_MASK_GUIDED,25,patient059,patient059_case01,IBC,IBC_patient040_0068.jpg,2,,off_target_fp,336,0,0.0,0.0,0.0,0.0,0,False
UNET_MTL_MASK_GUIDED,25,patient059,patient059_case01,IBC,IBC_patient040_0068.jpg,3,,off_target_fp,257,0,0.0,0.0,0.0,0.0,0,False
UNET_MTL_MASK_GUIDED,25,patient059,patient059_case01,IBC,IBC_patient040_0068.jpg,4,1.0,strong_75_plus,261,206,0.8728813559322034,0.789272030651341,0.789272030651341,0.7079037800687286,1,False
UNET_MTL_MASK_GUIDED,25,patient059,patient059_case01,IBC,IBC_patient040_0069.jpg,1,,off_target_fp,134,0,0.0,0.0,0.0,0.0,0,False
UNET_MTL_MASK_GUIDED,25,patient059,patient059_case01,IBC,IBC_patient040_0069.jpg,2,,off_target_fp,376,0,0.0,0.0,0.0,0.0,0,False
UNET_MTL_MASK_GUIDED,25,patient059,patient059_case01,IBC,IBC_patient040_0069.jpg,3,1.0,strong_75_plus,307,279,0.8403614457831325,0.9087947882736156,0.8403614457831325,0.775,1,False
UNET_MTL_MASK_GUIDED,25,patient059,patient059_case01,IBC,IBC_patient040_0070.jpg,1,,off_target_fp,55,0,0.0,0.0,0.0,0.0,0,False
UNET_MTL_MASK_GUIDED,25,patient059,patient059_case01,IBC,IBC_patient040_0070.jpg,2,1.0,strong_75_plus,155,120,0.9375,0.7741935483870968,0.7741935483870968,0.7361963190184049,1,False
UNET_MTL_MASK_GUIDED,25,patient064,patient064_case01,IGM,IGM_patient043_0054.jpg,1,1.0,moderate_50_to_75,468,342,0.8221153846153846,0.7307692307692307,0.7307692307692307,0.6309963099630996,1,False
UNET_MTL_MASK_GUIDED,25,patient064,patient064_case01,IGM,IGM_patient043_0055.jpg,1,1.0,strong_75_plus,631,574,0.9140127388535032,0.9096671949286846,0.9096671949286846,0.8379562043795621,1,False
UNET_MTL_MASK_GUIDED,25,patient064,patient064_case01,IGM,IGM_patient043_0056.jpg,1,,off_target_fp,117,0,0.0,0.0,0.0,0.0,0,False
UNET_MTL_MASK_GUIDED,25,patient064,patient064_case01,IGM,IGM_patient043_0056.jpg,2,1.0,moderate_50_to_75,485,399,0.6119631901840491,0.822680412371134,0.6119631901840491,0.540650406504065,1,False
UNET_MTL_MASK_GUIDED,25,patient064,patient064_case01,IGM,IGM_patient043_0057.jpg,1,1.0,strong_75_plus,537,462,0.7857142857142857,0.8603351955307262,0.7857142857142857,0.6968325791855203,1,False
UNET_MTL_MASK_GUIDED,25,patient064,patient064_case01,IGM,IGM_patient043_0058.jpg,1,1.0,strong_75_plus,566,467,0.8339285714285715,0.8250883392226148,0.8250883392226148,0.708649468892261,1,False
UNET_MTL_MASK_GUIDED,25,patient064,patient064_case01,IGM,IGM_patient043_0059.jpg,1,,off_target_fp,172,0,0.0,0.0,0.0,0.0,0,False
UNET_MTL_MASK_GUIDED,25,patient064,patient064_case01,IGM,IGM_patient043_0059.jpg,2,1.0,moderate_50_to_75,514,454,0.6305555555555555,0.8832684824902723,0.6305555555555555,0.5820512820512821,1,False
UNET_MTL_MASK_GUIDED,25,patient064,patient064_case01,IGM,IGM_patient043_0060.jpg,1,,off_target_fp,405,0,0.0,0.0,0.0,0.0,0,False
UNET_MTL_MASK_GUIDED,25,patient064,patient064_case01,IGM,IGM_patient043_0060.jpg,2,,off_target_fp,253,0,0.0,0.0,0.0,0.0,0,False
UNET_MTL_MASK_GUIDED,25,patient064,patient064_case01,IGM,IGM_patient043_0060.jpg,3,1.0,low_25_to_50,287,259,0.42320261437908496,0.9024390243902439,0.42320261437908496,0.4046875,1,False
UNET_MTL_MASK_GUIDED,25,patient064,patient064_case01,IGM,IGM_patient043_0061.jpg,1,,off_target_fp,460,0,0.0,0.0,0.0,0.0,0,False
UNET_MTL_MASK_GUIDED,25,patient064,patient064_case01,IGM,IGM_patient043_0061.jpg,2,,off_target_fp,297,0,0.0,0.0,0.0,0.0,0,False
UNET_MTL_MASK_GUIDED,25,patient068,patient068_case01,IBC,IBC_patient045_0062.jpg,1,,off_target_fp,118,0,0.0,0.0,0.0,0.0,0,False
UNET_MTL_MASK_GUIDED,25,patient068,patient068_case01,IBC,IBC_patient045_0062.jpg,2,,off_target_fp,55,0,0.0,0.0,0.0,0.0,0,False
UNET_MTL_MASK_GUIDED,25,patient068,patient068_case01,IBC,IBC_patient045_0062.jpg,3,,off_target_fp,35,0,0.0,0.0,0.0,0.0,0,False
UNET_MTL_MASK_GUIDED,25,patient068,patient068_case01,IBC,IBC_patient045_0063.jpg,1,,off_target_fp,86,0,0.0,0.0,0.0,0.0,0,False
UNET_MTL_MASK_GUIDED,25,patient068,patient068_case01,IBC,IBC_patient045_0063.jpg,2,1.0,strong_75_plus,118,95,0.9134615384615384,0.8050847457627118,0.8050847457627118,0.7480314960629921,1,False
UNET_MTL_MASK_GUIDED,25,patient068,patient068_case01,IBC,IBC_patient045_0064.jpg,1,,off_target_fp,69,0,0.0,0.0,0.0,0.0,0,False
UNET_MTL_MASK_GUIDED,25,patient068,patient068_case01,IBC,IBC_patient045_0064.jpg,2,1.0,moderate_50_to_75,126,88,0.9565217391304348,0.6984126984126984,0.6984126984126984,0.676923076923077,1,False
UNET_MTL_MASK_GUIDED,25,patient068,patient068_case01,IBC,IBC_patient045_0065.jpg,1,,off_target_fp,66,0,0.0,0.0,0.0,0.0,0,False
UNET_MTL_MASK_GUIDED,25,patient068,patient068_case01,IBC,IBC_patient045_0065.jpg,2,,off_target_fp,99,0,0.0,0.0,0.0,0.0,0,False
UNET_MTL_MASK_GUIDED,25,patient068,patient068_case01,IBC,IBC_patient045_0065.jpg,3,1.0,moderate_50_to_75,110,63,0.984375,0.5727272727272728,0.5727272727272728,0.5675675675675675,1,False
UNET_MTL_MASK_GUIDED,25,patient068,patient068_case01,IBC,IBC_patient045_0065.jpg,4,,off_target_fp,42,0,0.0,0.0,0.0,0.0,0,False
UNET_MTL_MASK_GUIDED,25,patient068,patient068_case01,IBC,IBC_patient045_0066.jpg,1,,off_target_fp,157,0,0.0,0.0,0.0,0.0,0,False
UNET_MTL_MASK_GUIDED,25,patient068,patient068_case01,IBC,IBC_patient045_0066.jpg,2,1.0,moderate_50_to_75,155,107,0.8106060606060606,0.6903225806451613,0.6903225806451613,0.5944444444444444,1,False
UNET_MTL_MASK_GUIDED,25,patient068,patient068_case01,IBC,IBC_patient045_0066.jpg,3,,off_target_fp,112,0,0.0,0.0,0.0,0.0,0,False
UNET_MTL_MASK_GUIDED,25,patient068,patient068_case01,IBC,IBC_patient045_0067.jpg,1,,off_target_fp,165,0,0.0,0.0,0.0,0.0,0,False
UNET_MTL_MASK_GUIDED,25,patient068,patient068_case01,IBC,IBC_patient045_0067.jpg,2,1.0,strong_75_plus,190,159,0.8112244897959183,0.8368421052631579,0.8112244897959183,0.7004405286343612,1,False
UNET_MTL_MASK_GUIDED,25,patient068,patient068_case01,IBC,IBC_patient045_0067.jpg,3,,off_target_fp,88,0,0.0,0.0,0.0,0.0,0,False
UNET_MTL_MASK_GUIDED,25,patient068,patient068_case01,IBC,IBC_patient045_0068.jpg,1,,off_target_fp,128,0,0.0,0.0,0.0,0.0,0,False
UNET_MTL_MASK_GUIDED,25,patient068,patient068_case01,IBC,IBC_patient045_0068.jpg,2,,off_target_fp,108,0,0.0,0.0,0.0,0.0,0,False
UNET_MTL_MASK_GUIDED,25,patient068,patient068_case01,IBC,IBC_patient045_0068.jpg,3,1.0,strong_75_plus,210,166,0.7980769230769231,0.7904761904761904,0.7904761904761904,0.6587301587301587,1,False
UNET_MTL_MASK_GUIDED,25,patient068,patient068_case01,IBC,IBC_patient045_0068.jpg,4,,off_target_fp,79,0,0.0,0.0,0.0,0.0,0,False
UNET_MTL_MASK_GUIDED,25,patient068,patient068_case01,IBC,IBC_patient045_0069.jpg,1,,off_target_fp,83,0,0.0,0.0,0.0,0.0,0,False
UNET_MTL_MASK_GUIDED,25,patient068,patient068_case01,IBC,IBC_patient045_0069.jpg,2,,off_target_fp,145,0,0.0,0.0,0.0,0.0,0,False
UNET_MTL_MASK_GUIDED,25,patient068,patient068_case01,IBC,IBC_patient045_0069.jpg,3,1.0,low_25_to_50,94,83,0.42346938775510207,0.8829787234042553,0.42346938775510207,0.40096618357487923,1,False
UNET_MTL_MASK_GUIDED,25,patient068,patient068_case01,IBC,IBC_patient045_0069.jpg,4,1.0,low_25_to_50,127,76,0.3877551020408163,0.5984251968503937,0.3877551020408163,0.3076923076923077,1,False
UNET_MTL_MASK_GUIDED,25,patient068,patient068_case01,IBC,IBC_patient045_0070.jpg,1,,off_target_fp,167,0,0.0,0.0,0.0,0.0,0,False
UNET_MTL_MASK_GUIDED,25,patient068,patient068_case01,IBC,IBC_patient045_0070.jpg,2,1.0,strong_75_plus,239,199,0.9045454545454545,0.8326359832635983,0.8326359832635983,0.7653846153846153,1,False
UNET_MTL_MASK_GUIDED,25,patient068,patient068_case01,IBC,IBC_patient045_0071.jpg,1,,off_target_fp,96,0,0.0,0.0,0.0,0.0,0,False
UNET_MTL_MASK_GUIDED,25,patient068,patient068_case01,IBC,IBC_patient045_0071.jpg,2,,off_target_fp,29,0,0.0,0.0,0.0,0.0,0,False
UNET_MTL_MASK_GUIDED,25,patient068,patient068_case01,IBC,IBC_patient045_0071.jpg,3,1.0,strong_75_plus,185,143,0.9662162162162162,0.772972972972973,0.772972972972973,0.7526315789473684,1,False
UNET_MTL_MASK_GUIDED,25,patient068,patient068_case01,IBC,IBC_patient045_0071.jpg,4,,off_target_fp,53,0,0.0,0.0,0.0,0.0,0,False
UNET_MTL_MASK_GUIDED,25,patient068,patient068_case01,IBC,IBC_patient045_0072.jpg,1,,off_target_fp,38,0,0.0,0.0,0.0,0.0,0,False
UNET_MTL_MASK_GUIDED,25,patient068,patient068_case01,IBC,IBC_patient045_0072.jpg,2,,off_target_fp,96,0,0.0,0.0,0.0,0.0,0,False
UNET_MTL_MASK_GUIDED,25,patient068,patient068_case01,IBC,IBC_patient045_0072.jpg,3,1.0,strong_75_plus,219,197,0.9120370370370371,0.8995433789954338,0.8995433789954338,0.8277310924369747,1,False
UNET_MTL_MASK_GUIDED,25,patient068,patient068_case01,IBC,IBC_patient045_0072.jpg,4,,off_target_fp,33,0,0.0,0.0,0.0,0.0,0,False
UNET_MTL_MASK_GUIDED,25,patient068,patient068_case01,IBC,IBC_patient045_0073.jpg,1,,off_target_fp,98,0,0.0,0.0,0.0,0.0,0,False
UNET_MTL_MASK_GUIDED,25,patient068,patient068_case01,IBC,IBC_patient045_0073.jpg,2,,off_target_fp,86,0,0.0,0.0,0.0,0.0,0,False
UNET_MTL_MASK_GUIDED,25,patient068,patient068_case01,IBC,IBC_patient045_0073.jpg,3,1.0,strong_75_plus,441,352,0.9072164948453608,0.7981859410430839,0.7981859410430839,0.7379454926624738,1,False
UNET_MTL_MASK_GUIDED,25,patient068,patient068_case01,IBC,IBC_patient045_0074.jpg,1,1.0,moderate_50_to_75,329,231,0.9314516129032258,0.7021276595744681,0.7021276595744681,0.6676300578034682,1,False
UNET_MTL_MASK_GUIDED,25,patient068,patient068_case01,IBC,IBC_patient045_0075.jpg,1,1.0,strong_75_plus,148,130,0.8125,0.8783783783783784,0.8125,0.7303370786516854,1,False
UNET_MTL_MASK_GUIDED,25,patient068,patient068_case01,IBC,IBC_patient045_0076.jpg,1,,off_target_fp,43,0,0.0,0.0,0.0,0.0,0,False
UNET_MTL_MASK_GUIDED,25,patient068,patient068_case01,IBC,IBC_patient045_0076.jpg,2,1.0,moderate_50_to_75,146,101,0.8706896551724138,0.6917808219178082,0.6917808219178082,0.6273291925465838,1,False
UNET_MTL_MASK_GUIDED,25,patient068,patient068_case01,IBC,IBC_patient045_0077.jpg,1,,off_target_fp,35,0,0.0,0.0,0.0,0.0,0,False
UNET_MTL_MASK_GUIDED,25,patient068,patient068_case01,IBC,IBC_patient045_0077.jpg,2,1.0,moderate_50_to_75,86,78,0.6964285714285714,0.9069767441860465,0.6964285714285714,0.65,1,False
UNET_MTL_MASK_GUIDED,25,patient076,patient076_case01,IBC,IBC_patient049_0027.jpg,1,1.0,strong_75_plus,219,205,0.8401639344262295,0.9360730593607306,0.8401639344262295,0.7945736434108527,1,False
UNET_MTL_MASK_GUIDED,25,patient076,patient076_case01,IBC,IBC_patient049_0028.jpg,1,1.0,strong_75_plus,491,475,0.9064885496183206,0.9674134419551935,0.9064885496183206,0.8796296296296297,1,False
UNET_MTL_MASK_GUIDED,25,patient076,patient076_case01,IBC,IBC_patient049_0029.jpg,1,1.0,strong_75_plus,566,496,0.9393939393939394,0.8763250883392226,0.8763250883392226,0.8294314381270903,1,False
UNET_MTL_MASK_GUIDED,25,patient076,patient076_case01,IBC,IBC_patient049_0030.jpg,1,1.0,strong_75_plus,406,353,0.7741228070175439,0.8694581280788177,0.7741228070175439,0.693516699410609,1,False
UNET_MTL_MASK_GUIDED,25,patient076,patient076_case01,IBC,IBC_patient049_0031.jpg,1,,off_target_fp,33,0,0.0,0.0,0.0,0.0,0,False
UNET_MTL_MASK_GUIDED,25,patient076,patient076_case01,IBC,IBC_patient049_0031.jpg,2,1.0,strong_75_plus,373,329,0.8657894736842106,0.8820375335120644,0.8657894736842106,0.7759433962264151,1,False
UNET_MTL_MASK_GUIDED,25,patient076,patient076_case01,IBC,IBC_patient049_0031.jpg,3,,off_target_fp,277,0,0.0,0.0,0.0,0.0,0,False
UNET_MTL_MASK_GUIDED,25,patient076,patient076_case01,IBC,IBC_patient049_0032.jpg,1,1.0,strong_75_plus,330,278,0.8373493975903614,0.8424242424242424,0.8373493975903614,0.7239583333333334,1,False
UNET_MTL_MASK_GUIDED,25,patient076,patient076_case01,IBC,IBC_patient049_0032.jpg,2,,off_target_fp,118,0,0.0,0.0,0.0,0.0,0,False
UNET_MTL_MASK_GUIDED,25,patient076,patient076_case01,IBC,IBC_patient049_0032.jpg,3,,off_target_fp,101,0,0.0,0.0,0.0,0.0,0,False
UNET_MTL_MASK_GUIDED,25,patient076,patient076_case01,IBC,IBC_patient049_0032.jpg,4,,off_target_fp,277,0,0.0,0.0,0.0,0.0,0,False
UNET_MTL_MASK_GUIDED,25,patient076,patient076_case01,IBC,IBC_patient049_0033.jpg,1,1.0,moderate_50_to_75,271,236,0.6483516483516484,0.8708487084870848,0.6483516483516484,0.5914786967418546,1,False
UNET_MTL_MASK_GUIDED,25,patient076,patient076_case01,IBC,IBC_patient049_0033.jpg,2,,off_target_fp,114,0,0.0,0.0,0.0,0.0,0,False
UNET_MTL_MASK_GUIDED,25,patient076,patient076_case01,IBC,IBC_patient049_0033.jpg,3,,off_target_fp,137,0,0.0,0.0,0.0,0.0,0,False
UNET_MTL_MASK_GUIDED,25,patient076,patient076_case01,IBC,IBC_patient049_0033.jpg,4,,off_target_fp,45,0,0.0,0.0,0.0,0.0,0,False
UNET_MTL_MASK_GUIDED,25,patient076,patient076_case01,IBC,IBC_patient049_0034.jpg,1,,off_target_fp,79,0,0.0,0.0,0.0,0.0,0,False
UNET_MTL_MASK_GUIDED,25,patient076,patient076_case01,IBC,IBC_patient049_0034.jpg,2,,off_target_fp,189,0,0.0,0.0,0.0,0.0,0,False
UNET_MTL_MASK_GUIDED,25,patient076,patient076_case01,IBC,IBC_patient049_0034.jpg,3,1.0,low_25_to_50,138,121,0.4653846153846154,0.8768115942028986,0.4653846153846154,0.4368231046931408,1,False
UNET_MTL_MASK_GUIDED,25,patient076,patient076_case01,IBC,IBC_patient049_0034.jpg,4,,off_target_fp,172,0,0.0,0.0,0.0,0.0,0,False
UNET_MTL_MASK_GUIDED,25,patient076,patient076_case01,IBC,IBC_patient049_0034.jpg,5,,off_target_fp,69,0,0.0,0.0,0.0,0.0,0,False
UNET_MTL_MASK_GUIDED,25,patient076,patient076_case01,IBC,IBC_patient049_0034.jpg,6,,off_target_fp,25,0,0.0,0.0,0.0,0.0,0,False
UNET_MTL_MASK_GUIDED,25,patient076,patient076_case01,IBC,IBC_patient049_0035.jpg,1,,off_target_fp,107,0,0.0,0.0,0.0,0.0,0,False
UNET_MTL_MASK_GUIDED,25,patient076,patient076_case01,IBC,IBC_patient049_0035.jpg,2,,off_target_fp,130,0,0.0,0.0,0.0,0.0,0,False
UNET_MTL_MASK_GUIDED,25,patient076,patient076_case01,IBC,IBC_patient049_0035.jpg,3,,off_target_fp,214,0,0.0,0.0,0.0,0.0,0,False
UNET_MTL_MASK_GUIDED,25,patient076,patient076_case01,IBC,IBC_patient049_0035.jpg,4,,off_target_fp,43,0,0.0,0.0,0.0,0.0,0,False
UNET_MTL_MASK_GUIDED,25,patient076,patient076_case01,IBC,IBC_patient049_0035.jpg,5,,off_target_fp,60,0,0.0,0.0,0.0,0.0,0,False
UNET_MTL_MASK_GUIDED,25,patient081,patient081_case01,IBC,IBC_patient051_0058.jpg,1,,off_target_fp,94,0,0.0,0.0,0.0,0.0,0,False
UNET_MTL_MASK_GUIDED,25,patient081,patient081_case01,IBC,IBC_patient051_0058.jpg,2,,off_target_fp,25,0,0.0,0.0,0.0,0.0,0,False
UNET_MTL_MASK_GUIDED,25,patient081,patient081_case01,IBC,IBC_patient051_0058.jpg,3,,off_target_fp,44,0,0.0,0.0,0.0,0.0,0,False
UNET_MTL_MASK_GUIDED,25,patient081,patient081_case01,IBC,IBC_patient051_0059.jpg,1,,off_target_fp,38,0,0.0,0.0,0.0,0.0,0,False
UNET_MTL_MASK_GUIDED,25,patient081,patient081_case01,IBC,IBC_patient051_0059.jpg,2,1.0,low_25_to_50,244,98,0.9074074074074074,0.4016393442622951,0.4016393442622951,0.3858267716535433,1,False
UNET_MTL_MASK_GUIDED,25,patient081,patient081_case01,IBC,IBC_patient051_0059.jpg,3,,off_target_fp,48,0,0.0,0.0,0.0,0.0,0,False
UNET_MTL_MASK_GUIDED,25,patient081,patient081_case01,IBC,IBC_patient051_0059.jpg,4,,off_target_fp,76,0,0.0,0.0,0.0,0.0,0,False
UNET_MTL_MASK_GUIDED,25,patient081,patient081_case01,IBC,IBC_patient051_0060.jpg,1,,off_target_fp,261,0,0.0,0.0,0.0,0.0,0,False
UNET_MTL_MASK_GUIDED,25,patient081,patient081_case01,IBC,IBC_patient051_0060.jpg,2,1.0,moderate_50_to_75,242,139,0.9652777777777778,0.5743801652892562,0.5743801652892562,0.562753036437247,1,False
UNET_MTL_MASK_GUIDED,25,patient081,patient081_case01,IBC,IBC_patient051_0060.jpg,3,,off_target_fp,67,0,0.0,0.0,0.0,0.0,0,False
UNET_MTL_MASK_GUIDED,25,patient081,patient081_case01,IBC,IBC_patient051_0061.jpg,1,,off_target_fp,101,0,0.0,0.0,0.0,0.0,0,False
UNET_MTL_MASK_GUIDED,25,patient081,patient081_case01,IBC,IBC_patient051_0061.jpg,2,,off_target_fp,324,0,0.0,0.0,0.0,0.0,0,False
UNET_MTL_MASK_GUIDED,25,patient081,patient081_case01,IBC,IBC_patient051_0061.jpg,3,1.0,moderate_50_to_75,183,131,0.9924242424242424,0.7158469945355191,0.7158469945355191,0.7119565217391305,1,False
UNET_MTL_MASK_GUIDED,25,patient081,patient081_case01,IBC,IBC_patient051_0061.jpg,4,,off_target_fp,82,0,0.0,0.0,0.0,0.0,0,False
UNET_MTL_MASK_GUIDED,25,patient081,patient081_case01,IBC,IBC_patient051_0062.jpg,1,,off_target_fp,131,0,0.0,0.0,0.0,0.0,0,False
UNET_MTL_MASK_GUIDED,25,patient081,patient081_case01,IBC,IBC_patient051_0062.jpg,2,,off_target_fp,110,0,0.0,0.0,0.0,0.0,0,False
UNET_MTL_MASK_GUIDED,25,patient081,patient081_case01,IBC,IBC_patient051_0062.jpg,3,1.0,strong_75_plus,125,95,0.95,0.76,0.76,0.7307692307692307,1,False
UNET_MTL_MASK_GUIDED,25,patient081,patient081_case01,IBC,IBC_patient051_0062.jpg,4,,off_target_fp,49,0,0.0,0.0,0.0,0.0,0,False
UNET_MTL_MASK_GUIDED,25,patient081,patient081_case01,IBC,IBC_patient051_0063.jpg,1,,off_target_fp,100,0,0.0,0.0,0.0,0.0,0,False
UNET_MTL_MASK_GUIDED,25,patient081,patient081_case01,IBC,IBC_patient051_0063.jpg,2,,off_target_fp,82,0,0.0,0.0,0.0,0.0,0,False
UNET_MTL_MASK_GUIDED,25,patient081,patient081_case01,IBC,IBC_patient051_0063.jpg,3,,off_target_fp,67,0,0.0,0.0,0.0,0.0,0,False
UNET_MTL_MASK_GUIDED,25,patient081,patient081_case01,IBC,IBC_patient051_0063.jpg,4,,off_target_fp,30,0,0.0,0.0,0.0,0.0,0,False
UNET_MTL_MASK_GUIDED,25,patient090,patient090_case01,IGM,IGM_patient055_0057.jpg,1,1.0,strong_75_plus,387,346,0.9202127659574468,0.8940568475452196,0.8940568475452196,0.829736211031175,1,False
UNET_MTL_MASK_GUIDED,25,patient090,patient090_case01,IGM,IGM_patient055_0057.jpg,2,,off_target_fp,75,0,0.0,0.0,0.0,0.0,0,False
UNET_MTL_MASK_GUIDED,25,patient090,patient090_case01,IGM,IGM_patient055_0057.jpg,3,,off_target_fp,41,0,0.0,0.0,0.0,0.0,0,False
UNET_MTL_MASK_GUIDED,25,patient090,patient090_case01,IGM,IGM_patient055_0057.jpg,4,,off_target_fp,77,0,0.0,0.0,0.0,0.0,0,False
UNET_MTL_MASK_GUIDED,25,patient090,patient090_case01,IGM,IGM_patient055_0058.jpg,1,1.0,strong_75_plus,361,341,0.9069148936170213,0.9445983379501385,0.9069148936170213,0.8611111111111112,1,False
UNET_MTL_MASK_GUIDED,25,patient090,patient090_case01,IGM,IGM_patient055_0058.jpg,2,,off_target_fp,85,0,0.0,0.0,0.0,0.0,0,False
UNET_MTL_MASK_GUIDED,25,patient090,patient090_case01,IGM,IGM_patient055_0058.jpg,3,,off_target_fp,33,0,0.0,0.0,0.0,0.0,0,False
UNET_MTL_MASK_GUIDED,25,patient090,patient090_case01,IGM,IGM_patient055_0058.jpg,4,,off_target_fp,41,0,0.0,0.0,0.0,0.0,0,False
UNET_MTL_MASK_GUIDED,25,patient090,patient090_case01,IGM,IGM_patient055_0058.jpg,5,,off_target_fp,73,0,0.0,0.0,0.0,0.0,0,False
UNET_MTL_MASK_GUIDED,25,patient090,patient090_case01,IGM,IGM_patient055_0059.jpg,1,1.0,strong_75_plus,342,306,0.8793103448275862,0.8947368421052632,0.8793103448275862,0.796875,1,False
UNET_MTL_MASK_GUIDED,25,patient090,patient090_case01,IGM,IGM_patient055_0059.jpg,2,,off_target_fp,56,0,0.0,0.0,0.0,0.0,0,False
UNET_MTL_MASK_GUIDED,25,patient090,patient090_case01,IGM,IGM_patient055_0059.jpg,3,,off_target_fp,137,0,0.0,0.0,0.0,0.0,0,False
UNET_MTL_MASK_GUIDED,25,patient090,patient090_case01,IGM,IGM_patient055_0059.jpg,4,,off_target_fp,41,0,0.0,0.0,0.0,0.0,0,False
UNET_MTL_MASK_GUIDED,25,patient090,patient090_case01,IGM,IGM_patient055_0059.jpg,5,,off_target_fp,52,0,0.0,0.0,0.0,0.0,0,False
UNET_MTL_MASK_GUIDED,25,patient090,patient090_case01,IGM,IGM_patient055_0059.jpg,6,,off_target_fp,40,0,0.0,0.0,0.0,0.0,0,False
UNET_MTL_MASK_GUIDED,25,patient090,patient090_case01,IGM,IGM_patient055_0060.jpg,1,1.0,strong_75_plus,300,281,0.8264705882352941,0.9366666666666666,0.8264705882352941,0.7827298050139275,1,False
UNET_MTL_MASK_GUIDED,25,patient090,patient090_case01,IGM,IGM_patient055_0060.jpg,2,,off_target_fp,138,0,0.0,0.0,0.0,0.0,0,False
UNET_MTL_MASK_GUIDED,25,patient090,patient090_case01,IGM,IGM_patient055_0060.jpg,3,,off_target_fp,32,0,0.0,0.0,0.0,0.0,0,False
UNET_MTL_MASK_GUIDED,25,patient090,patient090_case01,IGM,IGM_patient055_0061.jpg,1,1.0,strong_75_plus,278,271,0.8914473684210527,0.9748201438848921,0.8914473684210527,0.8713826366559485,1,False
UNET_MTL_MASK_GUIDED,25,patient090,patient090_case01,IGM,IGM_patient055_0061.jpg,2,,off_target_fp,182,0,0.0,0.0,0.0,0.0,0,False
UNET_MTL_MASK_GUIDED,25,patient090,patient090_case01,IGM,IGM_patient055_0061.jpg,3,,off_target_fp,28,0,0.0,0.0,0.0,0.0,0,False
UNET_MTL_MASK_GUIDED,25,patient090,patient090_case01,IGM,IGM_patient055_0062.jpg,1,1.0,moderate_50_to_75,193,184,0.6865671641791045,0.9533678756476683,0.6865671641791045,0.6642599277978339,1,False
UNET_MTL_MASK_GUIDED,25,patient090,patient090_case01,IGM,IGM_patient055_0062.jpg,2,,off_target_fp,48,0,0.0,0.0,0.0,0.0,0,False
UNET_MTL_MASK_GUIDED,25,patient090,patient090_case01,IGM,IGM_patient055_0062.jpg,3,,off_target_fp,180,0,0.0,0.0,0.0,0.0,0,False
UNET_MTL_MASK_GUIDED,25,patient090,patient090_case01,IGM,IGM_patient055_0062.jpg,4,,off_target_fp,25,0,0.0,0.0,0.0,0.0,0,False
UNET_MTL_MASK_GUIDED,25,patient090,patient090_case01,IGM,IGM_patient055_0063.jpg,1,,off_target_fp,147,0,0.0,0.0,0.0,0.0,0,False
UNET_MTL_MASK_GUIDED,25,patient090,patient090_case01,IGM,IGM_patient055_0063.jpg,2,,off_target_fp,108,0,0.0,0.0,0.0,0.0,0,False
UNET_MTL_MASK_GUIDED,25,patient090,patient090_case01,IGM,IGM_patient055_0064.jpg,1,,off_target_fp,93,0,0.0,0.0,0.0,0.0,0,False
UNET_MTL_MASK_GUIDED,25,patient090,patient090_case01,IGM,IGM_patient055_0064.jpg,2,,off_target_fp,148,0,0.0,0.0,0.0,0.0,0,False
UNET_MTL_MASK_GUIDED,25,patient090,patient090_case01,IGM,IGM_patient055_0064.jpg,3,,off_target_fp,26,0,0.0,0.0,0.0,0.0,0,False
UNET_MTL_MASK_GUIDED,25,patient090,patient090_case01,IGM,IGM_patient055_0065.jpg,1,1.0,strong_75_plus,154,143,0.89375,0.9285714285714286,0.89375,0.8362573099415205,1,False
UNET_MTL_MASK_GUIDED,25,patient090,patient090_case01,IGM,IGM_patient055_0065.jpg,2,,off_target_fp,81,0,0.0,0.0,0.0,0.0,0,False
UNET_MTL_MASK_GUIDED,25,patient090,patient090_case01,IGM,IGM_patient055_0065.jpg,3,,off_target_fp,127,0,0.0,0.0,0.0,0.0,0,False
UNET_MTL_MASK_GUIDED,25,patient090,patient090_case01,IGM,IGM_patient055_0065.jpg,4,,off_target_fp,81,0,0.0,0.0,0.0,0.0,0,False
UNET_MTL_MASK_GUIDED,25,patient090,patient090_case01,IGM,IGM_patient055_0066.jpg,1,1.0,strong_75_plus,206,187,0.8990384615384616,0.9077669902912622,0.8990384615384616,0.8237885462555066,1,False
UNET_MTL_MASK_GUIDED,25,patient090,patient090_case01,IGM,IGM_patient055_0066.jpg,2,,off_target_fp,63,0,0.0,0.0,0.0,0.0,0,False
UNET_MTL_MASK_GUIDED,25,patient090,patient090_case01,IGM,IGM_patient055_0066.jpg,3,,off_target_fp,157,0,0.0,0.0,0.0,0.0,0,False
UNET_MTL_MASK_GUIDED,25,patient090,patient090_case01,IGM,IGM_patient055_0067.jpg,1,1.0,strong_75_plus,199,181,0.923469387755102,0.9095477386934674,0.9095477386934674,0.8457943925233645,1,False
UNET_MTL_MASK_GUIDED,25,patient090,patient090_case01,IGM,IGM_patient055_0067.jpg,2,,off_target_fp,37,0,0.0,0.0,0.0,0.0,0,False
UNET_MTL_MASK_GUIDED,25,patient090,patient090_case01,IGM,IGM_patient055_0067.jpg,3,,off_target_fp,35,0,0.0,0.0,0.0,0.0,0,False
UNET_MTL_MASK_GUIDED,25,patient090,patient090_case01,IGM,IGM_patient055_0067.jpg,4,,off_target_fp,66,0,0.0,0.0,0.0,0.0,0,False
UNET_MTL_MASK_GUIDED,25,patient090,patient090_case01,IGM,IGM_patient055_0067.jpg,5,,off_target_fp,73,0,0.0,0.0,0.0,0.0,0,False
UNET_MTL_MASK_GUIDED,25,patient090,patient090_case01,IGM,IGM_patient055_0068.jpg,1,1.0,strong_75_plus,198,167,0.9488636363636364,0.8434343434343434,0.8434343434343434,0.8067632850241546,1,False
UNET_MTL_MASK_GUIDED,25,patient090,patient090_case01,IGM,IGM_patient055_0068.jpg,2,,off_target_fp,155,0,0.0,0.0,0.0,0.0,0,False
UNET_MTL_MASK_GUIDED,25,patient090,patient090_case01,IGM,IGM_patient055_0068.jpg,3,,off_target_fp,34,0,0.0,0.0,0.0,0.0,0,False
UNET_MTL_MASK_GUIDED,25,patient090,patient090_case01,IGM,IGM_patient055_0069.jpg,1,1.0,strong_75_plus,147,123,0.9318181818181818,0.8367346938775511,0.8367346938775511,0.7884615384615384,1,False
UNET_MTL_MASK_GUIDED,25,patient090,patient090_case01,IGM,IGM_patient055_0069.jpg,2,,off_target_fp,186,0,0.0,0.0,0.0,0.0,0,False
UNET_MTL_MASK_GUIDED,25,patient090,patient090_case01,IGM,IGM_patient055_0070.jpg,1,,off_target_fp,150,0,0.0,0.0,0.0,0.0,0,False
UNET_MTL_MASK_GUIDED,25,patient090,patient090_case01,IGM,IGM_patient055_0071.jpg,1,1.0,strong_75_plus,169,155,0.7908163265306123,0.9171597633136095,0.7908163265306123,0.7380952380952381,1,False
UNET_MTL_MASK_GUIDED,25,patient090,patient090_case01,IGM,IGM_patient055_0071.jpg,2,,off_target_fp,71,0,0.0,0.0,0.0,0.0,0,False
UNET_MTL_MASK_GUIDED,25,patient090,patient090_case01,IGM,IGM_patient055_0071.jpg,3,,off_target_fp,154,0,0.0,0.0,0.0,0.0,0,False
UNET_MTL_MASK_GUIDED,25,patient090,patient090_case01,IGM,IGM_patient055_0072.jpg,1,1.0,moderate_50_to_75,197,167,0.6958333333333333,0.8477157360406091,0.6958333333333333,0.6185185185185185,1,False
UNET_MTL_MASK_GUIDED,25,patient090,patient090_case01,IGM,IGM_patient055_0072.jpg,2,,off_target_fp,188,0,0.0,0.0,0.0,0.0,0,False
UNET_MTL_MASK_GUIDED,25,patient090,patient090_case01,IGM,IGM_patient055_0072.jpg,3,,off_target_fp,61,0,0.0,0.0,0.0,0.0,0,False
UNET_MTL_MASK_GUIDED,25,patient090,patient090_case01,IGM,IGM_patient055_0073.jpg,1,1.0,strong_75_plus,225,217,0.8097014925373134,0.9644444444444444,0.8097014925373134,0.7862318840579711,1,False
UNET_MTL_MASK_GUIDED,25,patient090,patient090_case01,IGM,IGM_patient055_0073.jpg,2,,off_target_fp,40,0,0.0,0.0,0.0,0.0,0,False
UNET_MTL_MASK_GUIDED,25,patient090,patient090_case01,IGM,IGM_patient055_0073.jpg,3,,off_target_fp,282,0,0.0,0.0,0.0,0.0,0,False
UNET_MTL_MASK_GUIDED,25,patient090,patient090_case01,IGM,IGM_patient055_0074.jpg,1,,off_target_fp,331,0,0.0,0.0,0.0,0.0,0,False
UNET_MTL_MASK_GUIDED,25,patient090,patient090_case01,IGM,IGM_patient055_0075.jpg,1,,off_target_fp,108,0,0.0,0.0,0.0,0.0,0,False
UNET_MTL_MASK_GUIDED,25,patient090,patient090_case01,IGM,IGM_patient055_0075.jpg,2,,off_target_fp,250,0,0.0,0.0,0.0,0.0,0,False
UNET_MTL_MASK_GUIDED,25,patient090,patient090_case01,IGM,IGM_patient055_0076.jpg,1,,off_target_fp,146,0,0.0,0.0,0.0,0.0,0,False
